category,image,anomaly_kind,area_frac,family,severity,restorer,tier,drr,acg,dremr,psnr_normal,psnr_full,ssim_full,psnr_degraded
carpet,0,texture,0.0123291015625,defocus,2,identity,classical,0.9295088648796082,1.0,0.0,21.42068524791039,21.4499360752465,0.6399627327919006,21.4499360752465
carpet,0,texture,0.0123291015625,defocus,2,wiener,classical,0.4297794699668884,0.048941930165170955,-1.1399218652618228,14.919033572339115,14.867242331335737,-0.01963943988084793,21.4499360752465
carpet,0,texture,0.0123291015625,defocus,2,classical_pipeline,classical,0.4125019609928131,0.05128964554061148,-1.081996280180293,15.168201589840717,15.106150969436678,-0.012022841721773148,21.4499360752465
carpet,0,texture,0.0123291015625,defocus,2,bilateral,classical,0.9280482530593872,1.1118005843603684,-0.09061667834852671,20.67673542193283,20.70745486250339,0.545952558517456,21.4499360752465
carpet,0,texture,0.0123291015625,defocus,2,restormer_deblur,deep,0.9345706105232239,0.7877314158697954,0.0905333746522643,22.028150208890615,22.060469575397743,0.7726662755012512,21.4499360752465
carpet,0,texture,0.0123291015625,defocus,3,identity,classical,0.896259069442749,1.0,0.0,18.964335203468163,18.99580728256529,0.2984691560268402,18.99580728256529
carpet,0,texture,0.0123291015625,defocus,3,wiener,classical,0.31008973717689514,0.012718391343645014,-0.5993924072876584,15.009208339889621,14.934563690576537,-0.21346861124038696,18.99580728256529
carpet,0,texture,0.0123291015625,defocus,3,classical_pipeline,classical,0.2978249192237854,0.01211755236305601,-0.5402790489755509,15.334402910923847,15.245192448477237,-0.20747880637645721,18.99580728256529
carpet,0,texture,0.0123291015625,defocus,3,bilateral,classical,0.896519124507904,1.1066779729390408,-0.0470884352064731,18.58728850296499,18.62013169007767,0.21546481549739838,18.99580728256529
carpet,0,texture,0.0123291015625,defocus,3,restormer_deblur,deep,0.944535493850708,0.8591774569237491,0.027895759183623192,19.108348877768353,19.143226737121886,0.42520689964294434,18.99580728256529
carpet,0,texture,0.0123291015625,defocus,4,identity,classical,0.844809889793396,1.0,0.0,17.591101960312468,17.621475132747612,0.013260760344564915,17.621475132747612
carpet,0,texture,0.0123291015625,defocus,4,wiener,classical,0.12932339310646057,0.10391834147282313,-0.07679681574735264,16.939816271276875,16.75215192231401,0.15292735397815704,17.621475132747612
carpet,0,texture,0.0123291015625,defocus,4,classical_pipeline,classical,0.1229279562830925,0.10792239523224013,-0.05628508042009561,17.11883303239445,16.91030315909465,0.12160927057266235,17.621475132747612
carpet,0,texture,0.0123291015625,defocus,4,bilateral,classical,0.8438366651535034,1.085980999820753,0.0346777026856433,17.90753953952219,17.936236772413764,0.07764064520597458,17.621475132747612
carpet,0,texture,0.0123291015625,defocus,4,restormer_deblur,deep,0.8423118591308594,1.0985162333816567,-0.06580758373975937,16.917969182840814,16.952379288519104,-0.09428223967552185,17.621475132747612
carpet,0,texture,0.0123291015625,motion,2,identity,classical,0.9095127582550049,1.0,0.0,19.88606445180497,19.916526391412525,0.4655543863773346,19.916526391412525
carpet,0,texture,0.0123291015625,motion,2,wiener,classical,0.4628094732761383,0.050235627405094505,-0.6580342591841355,15.501782524399403,15.435901870352344,0.16824543476104736,19.916526391412525
carpet,0,texture,0.0123291015625,motion,2,classical_pipeline,classical,0.43584486842155457,0.053346769860737484,-0.5628910581358431,16.019226168088085,15.934809874442577,0.170927032828331,19.916526391412525
carpet,0,texture,0.0123291015625,motion,2,bilateral,classical,0.9074086546897888,1.102118257819032,-0.051131296987641406,19.43859264726704,19.47021776385212,0.3782529830932617,19.916526391412525
carpet,0,texture,0.0123291015625,motion,2,restormer_deblur,deep,0.977820634841919,0.8311655846365691,0.2261853954084232,22.0801821122485,22.11166169413255,0.7237774729728699,19.916526391412525
carpet,0,texture,0.0123291015625,motion,3,identity,classical,0.9172256588935852,1.0,0.0,19.520933282701392,19.553132034179082,0.46031323075294495,19.553132034179082
carpet,0,texture,0.0123291015625,motion,3,wiener,classical,0.31270498037338257,0.01804720273364803,-0.8436109719077229,14.273724474233067,14.213120765327831,-0.2910499572753906,19.553132034179082
carpet,0,texture,0.0123291015625,motion,3,classical_pipeline,classical,0.30067023634910583,0.016970264047353415,-0.8002404513413746,14.509152186457525,14.438369919940017,-0.294514536857605,19.553132034179082
carpet,0,texture,0.0123291015625,motion,3,bilateral,classical,0.9153130650520325,1.0532556390426184,-0.007069524519606629,19.452371070374248,19.484600985950564,0.42594340443611145,19.553132034179082
carpet,0,texture,0.0123291015625,motion,3,restormer_deblur,deep,0.9744253754615784,0.9841960018671557,0.1822906896227373,21.235169972172297,21.269160752544416,0.6658966541290283,19.553132034179082
carpet,0,texture,0.0123291015625,motion,4,identity,classical,0.9055846333503723,1.0,0.0,19.635219530717496,19.665462362223725,0.4558984339237213,19.665462362223725
carpet,0,texture,0.0123291015625,motion,4,wiener,classical,0.79948490858078,0.5427175742089657,-0.41088727698589667,16.67519951752618,16.693149214071976,-0.05973926559090614,19.665462362223725
carpet,0,texture,0.0123291015625,motion,4,classical_pipeline,classical,0.8714704513549805,0.9959451917222155,-0.0032458930053760326,19.61540031703207,19.64111937034923,0.45564937591552734,19.665462362223725
carpet,0,texture,0.0123291015625,motion,4,bilateral,classical,0.9070823788642883,1.083260162666651,-0.03499186481376637,19.323798404796094,19.355084048897066,0.38770708441734314,19.665462362223725
carpet,0,texture,0.0123291015625,motion,4,restormer_deblur,deep,0.9055846333503723,1.0,0.0,19.635219530717496,19.665462362223725,0.4558984339237213,19.665462362223725
carpet,1,scratch,0.001251220703125,defocus,2,identity,classical,0.454721063375473,1.0,0.0,20.817082201134255,20.809162129041713,0.6299141049385071,20.809162129041713
carpet,1,scratch,0.001251220703125,defocus,2,wiener,classical,0.01563664898276329,0.5218725083826077,-1.0860807763751907,14.593557053559254,14.591055382520373,-0.004801311995834112,20.809162129041713
carpet,1,scratch,0.001251220703125,defocus,2,classical_pipeline,classical,0.012536894530057907,0.5357940019454284,-1.0273169658767558,14.844277850292798,14.841437143537018,0.005240639206022024,20.809162129041713
carpet,1,scratch,0.001251220703125,defocus,2,bilateral,classical,0.4228290617465973,0.9849980121399797,-0.08204851706502025,20.13684874839294,20.129041738105684,0.5424820780754089,20.809162129041713
carpet,1,scratch,0.001251220703125,defocus,2,restormer_deblur,deep,0.5580597519874573,1.0146796398434246,0.08836288809775039,21.449543854386334,21.441183494241404,0.7607904076576233,20.809162129041713
carpet,1,scratch,0.001251220703125,defocus,3,identity,classical,0.3213426470756531,1.0,0.0,18.37296836883603,18.366201381655767,0.27998924255371094,18.366201381655767
carpet,1,scratch,0.001251220703125,defocus,3,wiener,classical,0.019195225089788437,0.6193382490392126,-0.5231131877964925,14.84709522652335,14.838486395097359,-0.15830360352993011,18.366201381655767
carpet,1,scratch,0.001251220703125,defocus,3,classical_pipeline,classical,0.018463077023625374,0.6320524375129865,-0.4708691114416026,15.144778372139056,15.135503196290124,-0.15816302597522736,18.366201381655767
carpet,1,scratch,0.001251220703125,defocus,3,bilateral,classical,0.2773076295852661,0.8606776580599167,-0.041507619825969844,18.032624550576646,18.02555624045632,0.2024196833372116,18.366201381655767
carpet,1,scratch,0.001251220703125,defocus,3,restormer_deblur,deep,0.3916086256504059,1.0505069351303569,0.022626160963105102,18.490419676358666,18.48368327533894,0.3956734240055084,18.366201381655767
carpet,1,scratch,0.001251220703125,defocus,4,identity,classical,0.2170095145702362,1.0,0.0,17.045214829905355,17.03842737085911,-0.0034003453329205513,17.03842737085911
carpet,1,scratch,0.001251220703125,defocus,4,wiener,classical,0.011637724936008453,1.9235506429960192,-0.05203333646969699,16.668944207954862,16.66127300212082,0.16080980002880096,17.03842737085911
carpet,1,scratch,0.001251220703125,defocus,4,classical_pipeline,classical,0.012586844153702259,1.6466852550397024,-0.03394464094489846,16.816607796998117,16.807631150212366,0.12580810487270355,17.03842737085911
carpet,1,scratch,0.001251220703125,defocus,4,bilateral,classical,0.19740313291549683,1.5792442066141812,0.03479232236754781,17.35935571046263,17.351837940223863,0.061344459652900696,17.03842737085911
carpet,1,scratch,0.001251220703125,defocus,4,restormer_deblur,deep,0.21290326118469238,0.10165242007200272,-0.05952574860541926,16.43718020754035,16.428822656431098,-0.10089805722236633,17.03842737085911
carpet,1,scratch,0.001251220703125,motion,2,identity,classical,0.2808142602443695,1.0,0.0,19.750372415465193,19.73878803215801,0.524133026599884,19.73878803215801
carpet,1,scratch,0.001251220703125,motion,2,wiener,classical,0.09232134371995926,0.005574174770351633,-0.7384923995915149,14.97850372860677,14.974602794995938,0.19458551704883575,19.73878803215801
carpet,1,scratch,0.001251220703125,motion,2,classical_pipeline,classical,0.08986741304397583,0.024597194130757862,-0.6719934502397016,15.338608597964281,15.333827727060118,0.17533516883850098,19.73878803215801
carpet,1,scratch,0.001251220703125,motion,2,bilateral,classical,0.26069340109825134,0.9910876532299305,-0.04368533009344744,19.368805656220967,19.357636935742065,0.4543701112270355,19.73878803215801
carpet,1,scratch,0.001251220703125,motion,2,restormer_deblur,deep,0.350494921207428,1.011590198580363,0.12069431541827358,20.810473176717743,20.79797390374376,0.6759834885597229,19.73878803215801
carpet,1,scratch,0.001251220703125,motion,3,identity,classical,0.29806527495384216,1.0,0.0,17.87191985914575,17.86565044989372,0.20469851791858673,17.86565044989372
carpet,1,scratch,0.001251220703125,motion,3,wiener,classical,0.02062349207699299,0.6633181399978805,-0.4490523566182629,14.734049872341917,14.724557476511846,-0.059122245758771896,17.86565044989372
carpet,1,scratch,0.001251220703125,motion,3,classical_pipeline,classical,0.016329802572727203,0.7189590174465968,-0.3582564302350595,15.274173866057668,15.263837452884099,-0.06116977706551552,17.86565044989372
carpet,1,scratch,0.001251220703125,motion,3,bilateral,classical,0.26540571451187134,0.9646576720232016,-0.0036454521623490166,17.81660311558359,17.80981352385185,0.16991914808750153,17.86565044989372
carpet,1,scratch,0.001251220703125,motion,3,restormer_deblur,deep,0.430441290140152,1.1319415975925613,0.2518715691889838,20.377923726149625,20.370338344995893,0.6075810790061951,17.86565044989372
carpet,1,scratch,0.001251220703125,motion,4,identity,classical,0.7276608347892761,1.0,0.0,19.451692606991948,19.4512020972805,0.5518166422843933,19.4512020972805
carpet,1,scratch,0.001251220703125,motion,4,wiener,classical,0.07680674642324448,0.3654271558391776,-0.6681383739612232,14.988492868142583,14.98591323656118,0.18560796976089478,19.4512020972805
carpet,1,scratch,0.001251220703125,motion,4,classical_pipeline,classical,0.04173979535698891,0.41822966548085855,-0.5852289144526914,15.45533773521377,15.452420310757223,0.19951552152633667,19.4512020972805
carpet,1,scratch,0.001251220703125,motion,4,bilateral,classical,0.6873311400413513,0.9807094484262857,-0.01356541029741054,19.32360283447395,19.322875320967782,0.5228814482688904,19.4512020972805
carpet,1,scratch,0.001251220703125,motion,4,restormer_deblur,deep,0.82651287317276,0.8748639943601462,-0.07774322307198722,18.819980929511658,18.818778977738774,0.5580474138259888,19.4512020972805
carpet,2,blob,0.0081939697265625,defocus,2,identity,classical,0.9853667616844177,1.0,0.0,21.885782272125894,21.886455427142643,0.6372044086456299,21.886455427142643
carpet,2,blob,0.0081939697265625,defocus,2,wiener,classical,0.4466722309589386,0.03170936682762508,-1.2108212371891627,15.091287011766967,15.081267665906253,-0.12221122533082962,21.886455427142643
carpet,2,blob,0.0081939697265625,defocus,2,classical_pipeline,classical,0.4397185742855072,0.033586613214856925,-1.1586952836234432,15.305970755390375,15.294447718610673,-0.12270430475473404,21.886455427142643
carpet,2,blob,0.0081939697265625,defocus,2,bilateral,classical,0.9777870774269104,1.0810394400391012,-0.09688131572782854,21.09101688498098,21.09218725628363,0.536446750164032,21.886455427142643
carpet,2,blob,0.0081939697265625,defocus,2,restormer_deblur,deep,1.034317135810852,0.7186799217058277,0.19139303544416653,23.602526655561185,23.605198053272364,0.8395926356315613,21.886455427142643
carpet,2,blob,0.0081939697265625,defocus,3,identity,classical,0.9708417654037476,1.0,0.0,19.46030586753398,19.46141155137972,0.3010583221912384,19.46141155137972
carpet,2,blob,0.0081939697265625,defocus,3,wiener,classical,0.2883700132369995,0.13243899677118084,-0.5614198445131737,15.733204806395111,15.715867386309343,-0.1618715077638626,19.46141155137972
carpet,2,blob,0.0081939697265625,defocus,3,classical_pipeline,classical,0.2847446799278259,0.14085622377895413,-0.50573458093692,16.045363588715976,16.0270567235757,-0.15866805613040924,19.46141155137972
carpet,2,blob,0.0081939697265625,defocus,3,bilateral,classical,0.9612963199615479,1.1198785563583356,-0.048010901844118825,19.07352080128837,19.07485584453074,0.21525442600250244,19.46141155137972
carpet,2,blob,0.0081939697265625,defocus,3,restormer_deblur,deep,1.0033737421035767,0.562429790784065,0.14058013637568534,20.664136735023114,20.665758783716356,0.5760579705238342,19.46141155137972
carpet,2,blob,0.0081939697265625,defocus,4,identity,classical,0.9401053190231323,1.0,0.0,18.11519415752248,18.116290238620845,0.02078614942729473,18.116290238620845
carpet,2,blob,0.0081939697265625,defocus,4,wiener,classical,0.06437443196773529,0.09296019906759437,-0.12751074912104876,17.09749053422,17.07434285510348,0.05271162465214729,18.116290238620845
carpet,2,blob,0.0081939697265625,defocus,4,classical_pipeline,classical,0.06774246692657471,0.10218628448026175,-0.08903467177455293,17.411080413420684,17.386668876894745,0.05388542637228966,18.116290238620845
carpet,2,blob,0.0081939697265625,defocus,4,bilateral,classical,0.9294997453689575,1.1215379065947768,0.03324160770198947,18.421716575447288,18.422003998346515,0.08229103684425354,18.116290238620845
carpet,2,blob,0.0081939697265625,defocus,4,restormer_deblur,deep,0.9919474124908447,0.8041342552749151,-0.06444891135853537,17.48020609421939,17.482247478046435,-0.08139292150735855,18.116290238620845
carpet,2,blob,0.0081939697265625,motion,2,identity,classical,0.9766216278076172,1.0,0.0,20.643214799969442,20.648263619856813,0.543822705745697,20.648263619856813
carpet,2,blob,0.0081939697265625,motion,2,wiener,classical,0.6204339861869812,0.2260112663729784,-0.4390740576374459,17.417575249677814,17.40999754769572,0.3464704751968384,20.648263619856813
carpet,2,blob,0.0081939697265625,motion,2,classical_pipeline,classical,0.6103983521461487,0.23598927570313125,-0.40767294901614615,17.647046874966815,17.638088573641856,0.34609290957450867,20.648263619856813
carpet,2,blob,0.0081939697265625,motion,2,bilateral,classical,0.9735482931137085,1.074059737770227,-0.012721139633839584,20.520657546335688,20.525188748585542,0.5047853589057922,20.648263619856813
carpet,2,blob,0.0081939697265625,motion,2,restormer_deblur,deep,0.9923073053359985,0.9015661321477072,0.059805527219258914,21.19759846465425,21.200284836016227,0.6303732991218567,20.648263619856813
carpet,2,blob,0.0081939697265625,motion,3,identity,classical,0.9412522912025452,1.0,0.0,18.07859878893123,18.079275004900765,0.05942797288298607,18.079275004900765
carpet,2,blob,0.0081939697265625,motion,3,wiener,classical,0.2896069884300232,0.1266496901374312,-0.24998517788592922,16.210096711990047,16.189270477061854,-0.0153637221083045,18.079275004900765
carpet,2,blob,0.0081939697265625,motion,3,classical_pipeline,classical,0.28609907627105713,0.13509653191753035,-0.18879336029101434,16.630730786126733,16.60817068925785,-0.009702830575406551,18.079275004900765
carpet,2,blob,0.0081939697265625,motion,3,bilateral,classical,0.9322501420974731,1.2615312295543555,0.03364212426127744,18.342626265815465,18.342930871364448,0.08215919882059097,18.079275004900765
carpet,2,blob,0.0081939697265625,motion,3,restormer_deblur,deep,1.0045307874679565,0.7282825111944174,0.23940992659221838,20.36900612164377,20.368363277389236,0.5048103928565979,18.079275004900765
carpet,2,blob,0.0081939697265625,motion,4,identity,classical,0.93363356590271,1.0,0.0,18.52480154777039,18.524825162317956,0.13295094668865204,18.524825162317956
carpet,2,blob,0.0081939697265625,motion,4,wiener,classical,0.8757417798042297,0.7941109414645474,-0.050736645796410684,18.142529460709547,18.14108796158027,0.07127394527196884,18.524825162317956
carpet,2,blob,0.0081939697265625,motion,4,classical_pipeline,classical,0.9320360422134399,0.981958146720714,-0.002223453243709983,18.50933887008668,18.509389088026044,0.13278475403785706,18.524825162317956
carpet,2,blob,0.0081939697265625,motion,4,bilateral,classical,0.9242866635322571,1.1551698516955449,-0.0003066449143900307,18.528976405765125,18.529382004376227,0.11615687608718872,18.524825162317956
carpet,2,blob,0.0081939697265625,motion,4,restormer_deblur,deep,0.93363356590271,1.0,0.0,18.52480154777039,18.524825162317956,0.13295094668865204,18.524825162317956
carpet,3,texture,0.005035400390625,defocus,2,identity,classical,0.6926053166389465,1.0,0.0,22.109768489266767,22.127554636668112,0.6411659121513367,22.127554636668112
carpet,3,texture,0.005035400390625,defocus,2,wiener,classical,0.41049331426620483,0.37960522488127624,-1.1753846516000745,15.471967765275378,15.484508737878134,-0.06445394456386566,22.127554636668112
carpet,3,texture,0.005035400390625,defocus,2,classical_pipeline,classical,0.3889417052268982,0.39320197542209007,-1.1226583056257353,15.691436641698298,15.703838631801027,-0.062321629375219345,22.127554636668112
carpet,3,texture,0.005035400390625,defocus,2,bilateral,classical,0.676388680934906,1.1767855824680427,-0.09913230900493342,21.299338553095634,21.316515470834304,0.5398292541503906,22.127554636668112
carpet,3,texture,0.005035400390625,defocus,2,restormer_deblur,deep,0.9327478408813477,0.7493991085281746,0.1814118648570615,23.74282119676176,23.75333692807907,0.8380947113037109,22.127554636668112
carpet,3,texture,0.005035400390625,defocus,3,identity,classical,0.6154541969299316,1.0,0.0,19.69260631587888,19.710648284158804,0.3092760741710663,19.710648284158804
carpet,3,texture,0.005035400390625,defocus,3,wiener,classical,0.258216917514801,0.13048284724679432,-0.5922806861753243,15.792461063011082,15.804392716494247,-0.18464772403240204,19.710648284158804
carpet,3,texture,0.005035400390625,defocus,3,classical_pipeline,classical,0.23460738360881805,0.15124968084880597,-0.5317565176733685,16.128337911964014,16.14034818841629,-0.17784519493579865,19.710648284158804
carpet,3,texture,0.005035400390625,defocus,3,bilateral,classical,0.5833439230918884,1.0996069292713437,-0.04925509391801608,19.300366456591934,19.318331639169866,0.22398893535137177,19.710648284158804
carpet,3,texture,0.005035400390625,defocus,3,restormer_deblur,deep,0.8107905387878418,0.6045784416615375,0.13979243300647748,20.89132259235489,20.908359942369916,0.5844614505767822,19.710648284158804
carpet,3,texture,0.005035400390625,defocus,4,identity,classical,0.5590993165969849,1.0,0.0,18.34687776209212,18.36481888275226,0.031469736248254776,18.36481888275226
carpet,3,texture,0.005035400390625,defocus,4,wiener,classical,0.14242641627788544,0.13031048034899584,-0.09719940879028166,17.582042634136602,17.593134340847524,0.12830661237239838,18.36481888275226
carpet,3,texture,0.005035400390625,defocus,4,classical_pipeline,classical,0.12143965810537338,0.16185211534644206,-0.06872940556978935,17.834228660060468,17.845303656542743,0.11046610027551651,18.36481888275226
carpet,3,texture,0.005035400390625,defocus,4,bilateral,classical,0.5369848608970642,1.0780478352354006,0.03113446773534434,18.638735804314443,18.656594325727884,0.0893029272556305,18.36481888275226
carpet,3,texture,0.005035400390625,defocus,4,restormer_deblur,deep,0.5916178226470947,0.8082889491798323,-0.06810618423458803,17.67320843208077,17.69122625253412,-0.07722178846597672,18.36481888275226
carpet,3,texture,0.005035400390625,motion,2,identity,classical,0.7106373906135559,1.0,0.0,20.552847772669132,20.570963364586667,0.49114975333213806,20.570963364586667
carpet,3,texture,0.005035400390625,motion,2,wiener,classical,0.573383092880249,0.3165468688945923,-0.48269859302352813,17.081310234938524,17.092190617905242,0.28947126865386963,20.570963364586667
carpet,3,texture,0.005035400390625,motion,2,classical_pipeline,classical,0.49485617876052856,0.3428920885804791,-0.43286872230113094,17.3961317905799,17.408062430603394,0.29605984687805176,20.570963364586667
carpet,3,texture,0.005035400390625,motion,2,bilateral,classical,0.6978878378868103,1.1402437519879376,-0.022068163687832598,20.33719802554213,20.35498511524566,0.4348185956478119,20.570963364586667
carpet,3,texture,0.005035400390625,motion,2,restormer_deblur,deep,0.8221954703330994,0.7199388511526561,0.21563761848395335,22.677772253057928,22.69489886903717,0.730487585067749,20.570963364586667
carpet,3,texture,0.005035400390625,motion,3,identity,classical,0.6796948313713074,1.0,0.0,20.291502822935183,20.308602640686857,0.47164830565452576,20.308602640686857
carpet,3,texture,0.005035400390625,motion,3,wiener,classical,0.3003852069377899,0.17374921862055173,-0.7858651912194414,15.301177677819002,15.312373338790376,-0.24299311637878418,20.308602640686857
carpet,3,texture,0.005035400390625,motion,3,classical_pipeline,classical,0.2715113162994385,0.19752260219493736,-0.7462281420049035,15.518605826373603,15.529981658655378,-0.2452610284090042,20.308602640686857
carpet,3,texture,0.005035400390625,motion,3,bilateral,classical,0.6737775802612305,1.1252334490739677,-0.008885764553204334,20.208631992770542,20.225625684361283,0.43393611907958984,20.308602640686857
carpet,3,texture,0.005035400390625,motion,3,restormer_deblur,deep,0.8010677695274353,0.7749376657512161,0.20559418501719695,22.246144905281582,22.26323669768588,0.700524628162384,20.308602640686857
carpet,3,texture,0.005035400390625,motion,4,identity,classical,0.5314792394638062,1.0,0.0,18.902186150106377,18.91907176148197,0.17043791711330414,18.91907176148197
carpet,3,texture,0.005035400390625,motion,4,wiener,classical,0.45150718092918396,0.8296257659755122,-0.09118282655299392,18.142947735301295,18.16002215059504,0.03170385956764221,18.91907176148197
carpet,3,texture,0.005035400390625,motion,4,classical_pipeline,classical,0.524151623249054,0.9913287352689141,-0.0032619616421840636,18.87697207639889,18.893862897067784,0.17032010853290558,18.91907176148197
carpet,3,texture,0.005035400390625,motion,4,bilateral,classical,0.5032163858413696,1.1474929860504295,-0.01635960413391624,18.771187142302132,18.78841120023415,0.12547613680362701,18.91907176148197
carpet,3,texture,0.005035400390625,motion,4,restormer_deblur,deep,0.5314792394638062,1.0,0.0,18.902186150106377,18.91907176148197,0.17043791711330414,18.91907176148197
carpet,4,scratch,0.0060577392578125,defocus,2,identity,classical,0.842589795589447,1.0,0.0,22.018576532824838,22.01431257322146,0.6433596611022949,22.01431257322146
carpet,4,scratch,0.0060577392578125,defocus,2,wiener,classical,0.008960113860666752,0.11752150659048678,-1.207455597032176,15.228179541814363,15.205480296694532,-0.10414993017911911,22.01431257322146
carpet,4,scratch,0.0060577392578125,defocus,2,classical_pipeline,classical,0.016187593340873718,0.12396103483684369,-1.1527962341494176,15.450829091602225,15.424538479279292,-0.10315263271331787,22.01431257322146
carpet,4,scratch,0.0060577392578125,defocus,2,bilateral,classical,0.8033933639526367,1.0600477766265175,-0.097354018167787,21.213627746188916,21.210471295918097,0.5434492826461792,22.01431257322146
carpet,4,scratch,0.0060577392578125,defocus,2,restormer_deblur,deep,0.9409804940223694,0.7825390482867992,0.20273328820824554,23.845492818475908,23.846302761122892,0.8465132117271423,22.01431257322146
carpet,4,scratch,0.0060577392578125,defocus,3,identity,classical,0.7423022389411926,1.0,0.0,19.57359341840744,19.568040490336486,0.3087315261363983,19.568040490336486
carpet,4,scratch,0.0060577392578125,defocus,3,wiener,classical,0.020214153453707695,0.024714611283681246,-0.5932798353093744,15.65026305072163,15.627041554242796,-0.18228094279766083,19.568040490336486
carpet,4,scratch,0.0060577392578125,defocus,3,classical_pipeline,classical,0.019917862489819527,0.02549531677243842,-0.5324276634678213,15.985099391531513,15.957319569871366,-0.17578624188899994,19.568040490336486
carpet,4,scratch,0.0060577392578125,defocus,3,bilateral,classical,0.6900535821914673,0.9967694597274632,-0.048719488599034966,19.181547505952953,19.17558164763578,0.2236068993806839,19.568040490336486
carpet,4,scratch,0.0060577392578125,defocus,3,restormer_deblur,deep,0.8362299203872681,0.7358044725359669,0.12855445867760695,20.678101652935243,20.679693925214302,0.5735815167427063,19.568040490336486
carpet,4,scratch,0.0060577392578125,defocus,4,identity,classical,0.5854488611221313,1.0,0.0,18.210923948799273,18.20244882172925,0.02732877992093563,18.20244882172925
carpet,4,scratch,0.0060577392578125,defocus,4,wiener,classical,0.03253303840756416,0.01794673138463449,-0.1349171347062088,17.158575136328665,17.129112066193688,0.05198153853416443,18.20244882172925
carpet,4,scratch,0.0060577392578125,defocus,4,classical_pipeline,classical,0.029283985495567322,0.012608174569704153,-0.09643859269465671,17.46916204365069,17.43063173975156,0.052350033074617386,18.20244882172925
carpet,4,scratch,0.0060577392578125,defocus,4,bilateral,classical,0.5361020565032959,0.9409303005625131,0.031581826034473126,18.507024023061145,18.496885261438344,0.08595985174179077,18.20244882172925
carpet,4,scratch,0.0060577392578125,defocus,4,restormer_deblur,deep,0.6090148091316223,0.9032239173429507,-0.0695731534162245,17.531761269807234,17.52829150768644,-0.08279717713594437,18.20244882172925
carpet,4,scratch,0.0060577392578125,motion,2,identity,classical,0.9175987839698792,1.0,0.0,21.123733153309235,21.118198676983337,0.5767650604248047,21.118198676983337
carpet,4,scratch,0.0060577392578125,motion,2,wiener,classical,0.012038455344736576,0.23939612057485105,-0.6339514963503572,16.892112139917323,16.859937428442763,0.2416178435087204,21.118198676983337
carpet,4,scratch,0.0060577392578125,motion,2,classical_pipeline,classical,0.017251133918762207,0.25504851673866424,-0.6216730879847661,16.988705666840186,16.95242099348693,0.20764946937561035,21.118198676983337
carpet,4,scratch,0.0060577392578125,motion,2,bilateral,classical,0.8978984355926514,1.0731353695696986,-0.042579851396364,20.768887080273757,20.763857700927932,0.5143952369689941,21.118198676983337
carpet,4,scratch,0.0060577392578125,motion,2,restormer_deblur,deep,0.9319993853569031,0.8350605515358459,-0.04762258590371449,20.65300005089196,20.646858859791173,0.5662729144096375,21.118198676983337
carpet,4,scratch,0.0060577392578125,motion,3,identity,classical,0.4742242097854614,1.0,0.0,19.607075328342173,19.594668164792143,0.3558236062526703,19.594668164792143
carpet,4,scratch,0.0060577392578125,motion,3,wiener,classical,0.09688522666692734,0.21727038772305554,-0.6387921065406625,15.356308485460655,15.330513478248713,-0.23180828988552094,19.594668164792143
carpet,4,scratch,0.0060577392578125,motion,3,classical_pipeline,classical,0.10140620917081833,0.2965765173199132,-0.5960780404524155,15.607677753499349,15.576973938600812,-0.2358933836221695,19.594668164792143
carpet,4,scratch,0.0060577392578125,motion,3,bilateral,classical,0.4620073139667511,1.0950836709139222,-0.016080055468013166,19.458597701830264,19.44553602259554,0.30127692222595215,19.594668164792143
carpet,4,scratch,0.0060577392578125,motion,3,restormer_deblur,deep,0.7739701271057129,1.6171881602713798,0.22566966395794552,21.799279441463298,21.791750887010927,0.6652683019638062,19.594668164792143
carpet,4,scratch,0.0060577392578125,motion,4,identity,classical,0.42841628193855286,1.0,0.0,18.30436744869681,18.29132305672993,0.07043197751045227,18.29132305672993
carpet,4,scratch,0.0060577392578125,motion,4,wiener,classical,0.040819935500621796,0.2209282549495189,-0.1364715707112245,17.178170693303688,17.14506387954072,0.10282380133867264,18.29132305672993
carpet,4,scratch,0.0060577392578125,motion,4,classical_pipeline,classical,0.03913917765021324,0.13219380292138122,-0.09673615989639872,17.50295324310082,17.463602715299558,0.10059330612421036,18.29132305672993
carpet,4,scratch,0.0060577392578125,motion,4,bilateral,classical,0.416273832321167,1.1927600327237255,0.014500117314493188,18.42690379962558,18.41308756575223,0.07791955024003983,18.29132305672993
carpet,4,scratch,0.0060577392578125,motion,4,restormer_deblur,deep,0.7463477253913879,1.8654012359874537,0.28551513395262207,21.149350280249543,21.1465366909622,0.5771284699440002,18.29132305672993
carpet,5,blob,0.017852783203125,defocus,2,identity,classical,0.9939320087432861,1.0,0.0,22.06342755535081,22.067677853326874,0.6384783983230591,22.067677853326874
carpet,5,blob,0.017852783203125,defocus,2,wiener,classical,0.7419420480728149,0.049532787635866694,-1.2259479401119364,15.242222634266223,15.230524414220026,-0.13495738804340363,22.067677853326874
carpet,5,blob,0.017852783203125,defocus,2,classical_pipeline,classical,0.6666765809059143,0.05277230249208352,-1.1763825802736951,15.445334985120082,15.426654575194545,-0.1366499960422516,22.067677853326874
carpet,5,blob,0.017852783203125,defocus,2,bilateral,classical,0.9918310046195984,1.1845068498280267,-0.09969340614816158,21.24849907207264,21.252850012860478,0.5349685549736023,22.067677853326874
carpet,5,blob,0.017852783203125,defocus,2,restormer_deblur,deep,1.006345510482788,0.662601294072677,0.18722150412249017,23.73545422702702,23.748217053548704,0.8404140472412109,22.067677853326874
carpet,5,blob,0.017852783203125,defocus,3,identity,classical,0.9877833724021912,1.0,0.0,19.660456928667827,19.65888021839014,0.3046327531337738,19.65888021839014
carpet,5,blob,0.017852783203125,defocus,3,wiener,classical,0.6437738537788391,0.12119315601743418,-0.5666607495144913,15.91685762567865,15.886816970242734,-0.16645988821983337,19.65888021839014
carpet,5,blob,0.017852783203125,defocus,3,classical_pipeline,classical,0.580466091632843,0.10890044230036461,-0.5121760519478331,16.22143198099071,16.185249465845285,-0.16184908151626587,19.65888021839014
carpet,5,blob,0.017852783203125,defocus,3,bilateral,classical,0.9808304905891418,1.1482463452621852,-0.04884948028901359,19.26835137777736,19.26533879467508,0.21739529073238373,19.65888021839014
carpet,5,blob,0.017852783203125,defocus,3,restormer_deblur,deep,0.9871025085449219,0.6246000134195977,0.14755673825321636,20.943176711365112,20.942447534190354,0.5918349623680115,19.65888021839014
carpet,5,blob,0.017852783203125,defocus,4,identity,classical,0.9743698835372925,1.0,0.0,18.326276614046243,18.319203153679297,0.025256985798478127,18.319203153679297
carpet,5,blob,0.017852783203125,defocus,4,wiener,classical,0.44818389415740967,0.14438169687562588,-0.14656084262458768,17.179963760361893,17.169079869795837,0.01758444495499134,18.319203153679297
carpet,5,blob,0.017852783203125,defocus,4,classical_pipeline,classical,0.4183875620365143,0.15240476667334268,-0.10282956625586115,17.52750083562865,17.507493127193822,0.030137861147522926,18.319203153679297
carpet,5,blob,0.017852783203125,defocus,4,bilateral,classical,0.9627977609634399,1.036377228119367,0.03285029904950221,18.629419950228105,18.621820835010755,0.08591833710670471,18.319203153679297
carpet,5,blob,0.017852783203125,defocus,4,restormer_deblur,deep,1.0196805000305176,0.9352633687162026,-0.06633186174222039,17.67858066971489,17.67555243244016,-0.07868831604719162,18.319203153679297
carpet,5,blob,0.017852783203125,motion,2,identity,classical,0.9891582131385803,1.0,0.0,21.179964738927662,21.164915470678856,0.5773997902870178,21.164915470678856
carpet,5,blob,0.017852783203125,motion,2,wiener,classical,0.8349047899246216,0.3138523797551589,-0.660082381774046,16.905608313589255,16.901878443239937,0.1883639097213745,21.164915470678856
carpet,5,blob,0.017852783203125,motion,2,classical_pipeline,classical,0.7165759205818176,0.32927983638578917,-0.6477722100074363,16.994816440728062,16.985344988250823,0.17020297050476074,21.164915470678856
carpet,5,blob,0.017852783203125,motion,2,bilateral,classical,0.985511839389801,1.0996401841143366,-0.03260005742399508,20.919224754835334,20.904443000558828,0.5259544849395752,21.164915470678856
carpet,5,blob,0.017852783203125,motion,2,restormer_deblur,deep,0.9911616444587708,0.9447686966948382,0.12478367425822245,22.411844838967113,22.40288509259132,0.6967058181762695,21.164915470678856
carpet,5,blob,0.017852783203125,motion,3,identity,classical,0.9741026759147644,1.0,0.0,19.148461049599568,19.13386895310824,0.23399652540683746,19.13386895310824
carpet,5,blob,0.017852783203125,motion,3,wiener,classical,0.6436026096343994,0.08159135194164566,-0.42328131525572665,16.196258517753915,16.164598622603062,-0.04024787247180939,19.13386895310824
carpet,5,blob,0.017852783203125,motion,3,classical_pipeline,classical,0.5808604955673218,0.07196070879034536,-0.3589065288296822,16.591632288469242,16.553799351944658,-0.0162577535957098,19.13386895310824
carpet,5,blob,0.017852783203125,motion,3,bilateral,classical,0.9673541188240051,1.163422758339872,-0.0005780613397712298,19.11809611743706,19.10608552368846,0.19993071258068085,19.13386895310824
carpet,5,blob,0.017852783203125,motion,3,restormer_deblur,deep,0.9982578754425049,0.58385599495724,0.30542795389902844,22.203788033198734,22.20646881405292,0.6755525469779968,19.13386895310824
carpet,5,blob,0.017852783203125,motion,4,identity,classical,0.9669253826141357,1.0,0.0,19.704347226760245,19.7093346836602,0.334968239068985,19.7093346836602
carpet,5,blob,0.017852783203125,motion,4,wiener,classical,0.9381639361381531,0.923749790324941,-0.24010634143794607,17.82999090165835,17.818304743170984,-0.020954862236976624,19.7093346836602
carpet,5,blob,0.017852783203125,motion,4,classical_pipeline,classical,0.8616392612457275,0.9772383688553904,-0.004465639385836662,19.661803344779663,19.66484600897356,0.3349097669124603,19.7093346836602
carpet,5,blob,0.017852783203125,motion,4,bilateral,classical,0.9622710347175598,1.2281127496451913,-0.04792986342942185,19.29338475936352,19.297393864154717,0.23884457349777222,19.7093346836602
carpet,5,blob,0.017852783203125,motion,4,restormer_deblur,deep,0.9669253826141357,1.0,0.0,19.704347226760245,19.7093346836602,0.334968239068985,19.7093346836602
carpet,6,texture,0.0126495361328125,defocus,2,identity,classical,0.942513644695282,1.0,0.0,22.156303210262056,22.179772595619763,0.640195906162262,22.179772595619763
carpet,6,texture,0.0126495361328125,defocus,2,wiener,classical,0.6492313742637634,0.26690135018642125,-1.2023100959048079,15.408569291341456,15.394458072695347,-0.095753014087677,22.179772595619763
carpet,6,texture,0.0126495361328125,defocus,2,classical_pipeline,classical,0.6182076334953308,0.2717359803960636,-1.1534430664801136,15.611107143465706,15.592918553297618,-0.095851831138134,22.179772595619763
carpet,6,texture,0.0126495361328125,defocus,2,bilateral,classical,0.938305139541626,1.0919605878199123,-0.10264209047378525,21.31503011172066,21.34008100603074,0.534694254398346,22.179772595619763
carpet,6,texture,0.0126495361328125,defocus,2,restormer_deblur,deep,1.0388269424438477,0.770610817375808,0.18485734191788428,23.80872105031669,23.813946376027708,0.84442138671875,22.179772595619763
carpet,6,texture,0.0126495361328125,defocus,3,identity,classical,0.9174366593360901,1.0,0.0,19.730449155966816,19.75567073037764,0.3069615662097931,19.75567073037764
carpet,6,texture,0.0126495361328125,defocus,3,wiener,classical,0.5590695738792419,0.1818315314500136,-0.5864725281951677,15.855530818565606,15.835268229805756,-0.18637414276599884,19.75567073037764
carpet,6,texture,0.0126495361328125,defocus,3,classical_pipeline,classical,0.5320754647254944,0.18843839225373166,-0.5317454865138211,16.156857223169204,16.12896885519819,-0.18095345795154572,19.75567073037764
carpet,6,texture,0.0126495361328125,defocus,3,bilateral,classical,0.9129818677902222,1.0897432474453377,-0.050090209106582684,19.329308105639004,19.355737472929743,0.21957142651081085,19.75567073037764
carpet,6,texture,0.0126495361328125,defocus,3,restormer_deblur,deep,0.9526470303535461,0.6969170543119347,0.13154034391510094,20.841280935199187,20.863576344176767,0.5724753141403198,19.75567073037764
carpet,6,texture,0.0126495361328125,defocus,4,identity,classical,0.8787509202957153,1.0,0.0,18.384885174708742,18.408878180148353,0.02916664071381092,18.408878180148353
carpet,6,texture,0.0126495361328125,defocus,4,wiener,classical,0.38895460963249207,0.0933070854593451,-0.11943811538455518,17.45890162053067,17.394135360552184,0.08881714940071106,18.408878180148353
carpet,6,texture,0.0126495361328125,defocus,4,classical_pipeline,classical,0.3710418939590454,0.09739233868501207,-0.08989275706393651,17.69887417305863,17.621053195961192,0.07981633394956589,18.408878180148353
carpet,6,texture,0.0126495361328125,defocus,4,bilateral,classical,0.8711586594581604,1.0674336172820236,0.033745066338827456,18.69807357647227,18.719809628562174,0.09048708528280258,18.408878180148353
carpet,6,texture,0.0126495361328125,defocus,4,restormer_deblur,deep,0.8857147693634033,0.8052515434898162,-0.07597673554321638,17.64402925256312,17.67194982350771,-0.0907231792807579,18.408878180148353
carpet,6,texture,0.0126495361328125,motion,2,identity,classical,0.9279420375823975,1.0,0.0,21.138930612091524,21.159942400133755,0.5432846546173096,21.159942400133755
carpet,6,texture,0.0126495361328125,motion,2,wiener,classical,0.7454692721366882,0.3388463177691232,-0.5710285360531069,17.224715921992516,17.206134346315554,0.2970291078090668,21.159942400133755
carpet,6,texture,0.0126495361328125,motion,2,classical_pipeline,classical,0.7105956077575684,0.3556510846202893,-0.548704237216235,17.369418671455776,17.347699812618302,0.24867719411849976,21.159942400133755
carpet,6,texture,0.0126495361328125,motion,2,bilateral,classical,0.922081470489502,1.0838273857455465,-0.058956441773835966,20.642697484378097,20.66515062123871,0.45789507031440735,21.159942400133755
carpet,6,texture,0.0126495361328125,motion,2,restormer_deblur,deep,0.9791380167007446,0.8813385515046833,0.10935048359332633,22.12722259599318,22.14348541309952,0.6781578063964844,21.159942400133755
carpet,6,texture,0.0126495361328125,motion,3,identity,classical,0.9073828458786011,1.0,0.0,18.784600076635535,18.811353057370773,0.14197991788387299,18.811353057370773
carpet,6,texture,0.0126495361328125,motion,3,wiener,classical,0.5734805464744568,0.16591859858568747,-0.22168356672757272,17.063122807419397,17.025609656546084,0.100440114736557,18.811353057370773
carpet,6,texture,0.0126495361328125,motion,3,classical_pipeline,classical,0.5465402603149414,0.17629057498268233,-0.17476589721832414,17.40494151055747,17.35838517128674,0.09332414716482162,18.811353057370773
carpet,6,texture,0.0126495361328125,motion,3,bilateral,classical,0.9023164510726929,1.0943422540431902,0.009082491229798317,18.848395274136752,18.874459669230077,0.13032294809818268,18.811353057370773
carpet,6,texture,0.0126495361328125,motion,3,restormer_deblur,deep,0.9610177874565125,0.7856654953502951,0.18511429011780756,20.53691552027308,20.5586420830079,0.48181435465812683,18.811353057370773
carpet,6,texture,0.0126495361328125,motion,4,identity,classical,0.8745291829109192,1.0,0.0,18.42772970098078,18.45185589520533,0.05966566503047943,18.45185589520533
carpet,6,texture,0.0126495361328125,motion,4,wiener,classical,0.4066682457923889,0.09061044383304517,-0.12044742018749677,17.422143327821097,17.351156989633317,0.15309858322143555,18.45185589520533
carpet,6,texture,0.0126495361328125,motion,4,classical_pipeline,classical,0.38517841696739197,0.09423196544790581,-0.08473313167923768,17.719034252987214,17.6363936671301,0.14667494595050812,18.45185589520533
carpet,6,texture,0.0126495361328125,motion,4,bilateral,classical,0.8712217211723328,1.1055427050963336,0.02135439422997565,18.59198041607695,18.615204625503406,0.07642604410648346,18.45185589520533
carpet,6,texture,0.0126495361328125,motion,4,restormer_deblur,deep,0.9538614153862,0.7628766276336433,0.2658738450622192,21.088596015816297,21.115808371157534,0.5498226284980774,18.45185589520533
carpet,7,scratch,0.01239013671875,defocus,2,identity,classical,0.8805534243583679,1.0,0.0,22.01386013719609,21.973386538654363,0.6463621258735657,21.973386538654363
carpet,7,scratch,0.01239013671875,defocus,2,wiener,classical,0.014614056795835495,0.022946290629357817,-1.2115990862110602,15.19494816874717,14.992202019514512,-0.05563977360725403,21.973386538654363
carpet,7,scratch,0.01239013671875,defocus,2,classical_pipeline,classical,0.011585026048123837,0.025270276606777657,-1.1597679956988562,15.42363733549909,15.192044053296554,-0.05302963778376579,21.973386538654363
carpet,7,scratch,0.01239013671875,defocus,2,bilateral,classical,0.8750994205474854,1.0733222268025795,-0.09949541778535509,21.19735520341962,21.17148729949526,0.5452736616134644,21.973386538654363
carpet,7,scratch,0.01239013671875,defocus,2,restormer_deblur,deep,0.9195826649665833,0.8761032726820467,0.17755230610656525,23.542460800667286,23.520574842345713,0.8310161232948303,21.973386538654363
carpet,7,scratch,0.01239013671875,defocus,3,identity,classical,0.807586669921875,1.0,0.0,19.561340999196617,19.523798336314623,0.3130258619785309,19.523798336314623
carpet,7,scratch,0.01239013671875,defocus,3,wiener,classical,0.011565840803086758,0.006122206241557039,-0.6274602633653183,15.436990284321372,15.211923000714778,-0.19955889880657196,19.523798336314623
carpet,7,scratch,0.01239013671875,defocus,3,classical_pipeline,classical,0.01021668966859579,0.007165704363410041,-0.567722587856804,15.762837680981727,15.501554254627635,-0.1943790465593338,19.523798336314623
carpet,7,scratch,0.01239013671875,defocus,3,bilateral,classical,0.8031559586524963,1.048217745439703,-0.04930555530458469,19.168644903407102,19.138410658605135,0.22760014235973358,19.523798336314623
carpet,7,scratch,0.01239013671875,defocus,3,restormer_deblur,deep,0.7890531420707703,0.791148904940792,0.10948558219983806,20.46800941639228,20.40309925195666,0.5493819117546082,19.523798336314623
carpet,7,scratch,0.01239013671875,defocus,4,identity,classical,0.6919266581535339,1.0,0.0,18.182376519079835,18.129290519126315,0.030685653910040855,18.129290519126315
carpet,7,scratch,0.01239013671875,defocus,4,wiener,classical,0.022190488874912262,0.01305388682232215,-0.10306630475023004,17.29184837543653,16.927958955303183,0.14986659586429596,18.129290519126315
carpet,7,scratch,0.01239013671875,defocus,4,classical_pipeline,classical,0.017518101260066032,0.0289949588612561,-0.08321328337780476,17.493151396566205,17.085209082544207,0.12221042066812515,18.129290519126315
carpet,7,scratch,0.01239013671875,defocus,4,bilateral,classical,0.6867737174034119,1.0112946019079865,0.033798555713778766,18.49093255723475,18.430117053106013,0.09249284863471985,18.129290519126315
carpet,7,scratch,0.01239013671875,defocus,4,restormer_deblur,deep,0.6942758560180664,1.0275614915596007,-0.06916659369964306,17.504993053313708,17.474497399287078,-0.07993897795677185,18.129290519126315
carpet,7,scratch,0.01239013671875,motion,2,identity,classical,0.9623532295227051,1.0,0.0,21.09022034960645,21.077491206020774,0.6084420084953308,21.077491206020774
carpet,7,scratch,0.01239013671875,motion,2,wiener,classical,0.008310738950967789,0.14823818588246807,-0.7164485718554305,16.55927874036192,16.286450922310593,0.14293734729290009,21.077491206020774
carpet,7,scratch,0.01239013671875,motion,2,classical_pipeline,classical,0.007867516949772835,0.1516291153199658,-0.7084440505543603,16.647474736897195,16.342797924264193,0.12499793618917465,21.077491206020774
carpet,7,scratch,0.01239013671875,motion,2,bilateral,classical,0.9593566060066223,1.0539273850343127,-0.01980088444310968,20.94440467915841,20.933049049933242,0.5745430588722229,21.077491206020774
carpet,7,scratch,0.01239013671875,motion,2,restormer_deblur,deep,0.9704691767692566,0.9884245314975838,0.04959329696372383,21.59174316022298,21.574068345250026,0.6545418500900269,21.077491206020774
carpet,7,scratch,0.01239013671875,motion,3,identity,classical,0.9280546307563782,1.0,0.0,19.82360574705157,19.80634948101078,0.46449121832847595,19.80634948101078
carpet,7,scratch,0.01239013671875,motion,3,wiener,classical,0.006920496001839638,0.00020470159623658,-0.6693927492670413,15.535311668059018,15.302278641015548,-0.04480075463652611,19.80634948101078
carpet,7,scratch,0.01239013671875,motion,3,classical_pipeline,classical,0.0055928947404026985,0.001005731058429367,-0.5855964646214702,15.98227827915587,15.704453840365321,-0.003193158656358719,19.80634948101078
carpet,7,scratch,0.01239013671875,motion,3,bilateral,classical,0.9228021502494812,1.0493550941059873,0.024950863997513784,20.010277652917864,19.99113552092411,0.4612824022769928,19.80634948101078
carpet,7,scratch,0.01239013671875,motion,3,restormer_deblur,deep,0.9649930000305176,1.0029067509660794,0.3714426390203428,23.659778083568153,23.635949292608643,0.7956863045692444,19.80634948101078
carpet,7,scratch,0.01239013671875,motion,4,identity,classical,0.7671189904212952,1.0,0.0,18.070673189720495,18.034250923269507,0.03972058370709419,18.034250923269507
carpet,7,scratch,0.01239013671875,motion,4,wiener,classical,0.020086688920855522,0.014392903327196803,-0.1026865470423961,17.094833137523757,16.74961684011677,0.20974142849445343,18.034250923269507
carpet,7,scratch,0.01239013671875,motion,4,classical_pipeline,classical,0.015302476473152637,0.012061101881370393,-0.07048408425363317,17.393184537072774,16.99851151589553,0.19000311195850372,18.034250923269507
carpet,7,scratch,0.01239013671875,motion,4,bilateral,classical,0.7591789364814758,1.037960684297966,0.036410861701609454,18.369572303493143,18.326779550877017,0.07983431220054626,18.034250923269507
carpet,7,scratch,0.01239013671875,motion,4,restormer_deblur,deep,0.9326399564743042,1.307753257599569,0.324130033750735,21.406715037246503,21.375669565332846,0.6021660566329956,18.034250923269507
carpet,8,blob,0.011199951171875,defocus,2,identity,classical,0.9907336831092834,1.0,0.0,22.347548748195546,22.35283288631074,0.6419286727905273,22.35283288631074
carpet,8,blob,0.011199951171875,defocus,2,wiener,classical,0.6894676089286804,0.07556886845778683,-1.1783304372381282,15.686975283118525,15.688343093796691,-0.05296565964818001,22.35283288631074
carpet,8,blob,0.011199951171875,defocus,2,classical_pipeline,classical,0.6072050333023071,0.07583469515270393,-1.1254137617985434,15.905633638471237,15.90893389731251,-0.050126608461141586,22.35283288631074
carpet,8,blob,0.011199951171875,defocus,2,bilateral,classical,0.9852162599563599,1.1306798409792114,-0.10213782605841648,21.50508491326211,21.510825538752307,0.5359779000282288,22.35283288631074
carpet,8,blob,0.011199951171875,defocus,2,restormer_deblur,deep,1.0495260953903198,0.7380866435054184,0.18509150876445524,24.010278812901408,24.01383443436017,0.8460568785667419,22.35283288631074
carpet,8,blob,0.011199951171875,defocus,3,identity,classical,0.9814645051956177,1.0,0.0,19.928968603209473,19.934996296591393,0.311820924282074,19.934996296591393
carpet,8,blob,0.011199951171875,defocus,3,wiener,classical,0.5807874798774719,0.061885233042386904,-0.6299062461802307,15.839399220274244,15.838433822930764,-0.22708864510059357,19.934996296591393
carpet,8,blob,0.011199951171875,defocus,3,classical_pipeline,classical,0.5043847560882568,0.06788039344324642,-0.5658586981617808,16.1781294551206,16.178311650064995,-0.21404527127742767,19.934996296591393
carpet,8,blob,0.011199951171875,defocus,3,bilateral,classical,0.9720412492752075,1.1382876946773917,-0.050898878035736006,19.52354788126079,19.529792179836758,0.22375138103961945,19.934996296591393
carpet,8,blob,0.011199951171875,defocus,3,restormer_deblur,deep,0.9993432760238647,0.6074227946070322,0.16613191849473108,21.42706218119409,21.432656650562485,0.62385493516922,19.934996296591393
carpet,8,blob,0.011199951171875,defocus,4,identity,classical,0.9616327881813049,1.0,0.0,18.57928120170046,18.584271298204612,0.03453879803419113,18.584271298204612
carpet,8,blob,0.011199951171875,defocus,4,wiener,classical,0.3760802745819092,0.01659723654577833,-0.14929449336271094,17.4278068379963,17.4250740893585,0.050667956471443176,18.584271298204612
carpet,8,blob,0.011199951171875,defocus,4,classical_pipeline,classical,0.32422807812690735,0.02582563678470972,-0.11473676673610433,17.700030097443786,17.699181341735738,0.044892605394124985,18.584271298204612
carpet,8,blob,0.011199951171875,defocus,4,bilateral,classical,0.9482788443565369,1.0703824239059483,0.03175666885411066,18.877253474077115,18.88123434636668,0.09331240504980087,18.584271298204612
carpet,8,blob,0.011199951171875,defocus,4,restormer_deblur,deep,0.9914290308952332,0.8420385267428167,-0.06656971271177747,17.915626951668745,17.92092085124014,-0.07204412668943405,18.584271298204612
carpet,8,blob,0.011199951171875,motion,2,identity,classical,0.9818477034568787,1.0,0.0,21.12486075677662,21.13247449793242,0.5931121706962585,21.13247449793242
carpet,8,blob,0.011199951171875,motion,2,wiener,classical,0.7580113410949707,0.21283261175033555,-0.47277737520141905,17.78642594749381,17.787385242412363,0.35985422134399414,21.13247449793242
carpet,8,blob,0.011199951171875,motion,2,classical_pipeline,classical,0.6764951348304749,0.21833239045844416,-0.44735941486798403,17.9573693964194,17.958879850373194,0.3527646064758301,21.13247449793242
carpet,8,blob,0.011199951171875,motion,2,bilateral,classical,0.9790958166122437,1.0635210690887047,0.010001036124362206,21.21111592680414,21.219036496327597,0.5804734826087952,21.13247449793242
carpet,8,blob,0.011199951171875,motion,2,restormer_deblur,deep,0.9866435527801514,0.9672017166911208,-0.04482823992136287,20.722020879314293,20.730001191429068,0.566396176815033,21.13247449793242
carpet,8,blob,0.011199951171875,motion,3,identity,classical,0.9642074108123779,1.0,0.0,18.587721790411848,18.590939637292113,0.07761884480714798,18.590939637292113
carpet,8,blob,0.011199951171875,motion,3,wiener,classical,0.5856034159660339,0.04684896402138319,-0.33020815268667003,16.178617674244006,16.17840291817759,-0.11084163933992386,18.590939637292113
carpet,8,blob,0.011199951171875,motion,3,classical_pipeline,classical,0.5012115836143494,0.07072323400963082,-0.2600276200461713,16.63545924658215,16.637454859209384,-0.09204689413309097,18.590939637292113
carpet,8,blob,0.011199951171875,motion,3,bilateral,classical,0.9541580677032471,1.1534418651960183,0.032493488765037104,18.849797249210617,18.85279728294948,0.10198225826025009,18.590939637292113
carpet,8,blob,0.011199951171875,motion,3,restormer_deblur,deep,1.0067600011825562,0.5701466635389266,0.3165410028813308,21.83070257266921,21.829648741326324,0.6267459392547607,18.590939637292113
carpet,8,blob,0.011199951171875,motion,4,identity,classical,0.9560940861701965,1.0,0.0,18.508776181913134,18.513203617700064,0.053312886506319046,18.513203617700064
carpet,8,blob,0.011199951171875,motion,4,wiener,classical,0.4204199016094208,0.11207852394338806,-0.1942732999771586,16.96928453388683,16.972522011566546,0.03277278319001198,18.513203617700064
carpet,8,blob,0.011199951171875,motion,4,classical_pipeline,classical,0.36245909333229065,0.13134275847537463,-0.15872147725537822,17.237589005357577,17.241521045818782,0.009624131955206394,18.513203617700064
carpet,8,blob,0.011199951171875,motion,4,bilateral,classical,0.9463658332824707,1.142827856785745,0.030779336003563085,18.7678357269154,18.7718147537872,0.08332020789384842,18.513203617700064
carpet,8,blob,0.011199951171875,motion,4,restormer_deblur,deep,0.9925841093063354,0.7511502211104659,0.27312758125389813,21.198316870900786,21.20208005236375,0.5401080250740051,18.513203617700064
carpet,9,texture,0.008209228515625,defocus,2,identity,classical,0.751397430896759,1.0,0.0,22.12198591720856,22.136069287503094,0.6389040350914001,22.136069287503094
carpet,9,texture,0.008209228515625,defocus,2,wiener,classical,0.08767595887184143,0.01624827728783074,-1.1312515374364227,15.65378482781686,15.658807882941908,-0.030060788616538048,22.136069287503094
carpet,9,texture,0.008209228515625,defocus,2,classical_pipeline,classical,0.08473844826221466,0.008994921473016124,-1.0780722767540092,15.884778015721379,15.889768248278646,-0.025362396612763405,22.136069287503094
carpet,9,texture,0.008209228515625,defocus,2,bilateral,classical,0.7241061925888062,1.047867255842726,-0.10140066283164662,21.30627586237685,21.320980629514004,0.5349470973014832,22.136069287503094
carpet,9,texture,0.008209228515625,defocus,2,restormer_deblur,deep,0.9062891006469727,0.8889622659805608,0.1794445584566775,23.68944051642055,23.6938225476134,0.8322358131408691,22.136069287503094
carpet,9,texture,0.008209228515625,defocus,3,identity,classical,0.6642091274261475,1.0,0.0,19.723627804997616,19.738279235485198,0.3074159324169159,19.738279235485198
carpet,9,texture,0.008209228515625,defocus,3,wiener,classical,0.040432803332805634,0.39419968209746975,-0.5854630681911046,15.842222477602888,15.833931470634086,-0.2019471377134323,19.738279235485198
carpet,9,texture,0.008209228515625,defocus,3,classical_pipeline,classical,0.0379340834915638,0.4270309976330311,-0.5246876721811862,16.173077010940016,16.164300608303982,-0.1897512674331665,19.738279235485198
carpet,9,texture,0.008209228515625,defocus,3,bilateral,classical,0.6247401237487793,1.0581024554967036,-0.04938587726552757,19.333800146802822,19.348601511412504,0.22159750759601593,19.738279235485198
carpet,9,texture,0.008209228515625,defocus,3,restormer_deblur,deep,0.826471745967865,0.9362979326282218,0.17528076542970428,21.276443939770623,21.293074392609995,0.6300831437110901,19.738279235485198
carpet,9,texture,0.008209228515625,defocus,4,identity,classical,0.5460087656974792,1.0,0.0,18.398464419927816,18.410563408364855,0.032002050429582596,18.410563408364855
carpet,9,texture,0.008209228515625,defocus,4,wiener,classical,0.5082525610923767,0.1289661411231295,-0.15940151886105758,17.150379647573907,17.150762862432565,-0.06707889586687088,18.410563408364855
carpet,9,texture,0.008209228515625,defocus,4,classical_pipeline,classical,0.42045295238494873,0.17839075407279995,-0.13371248175423922,17.354492864547353,17.35408024867435,-0.050604041665792465,18.410563408364855
carpet,9,texture,0.008209228515625,defocus,4,bilateral,classical,0.4969913959503174,1.0576845251676148,0.03145018602561478,18.6918277535871,18.70244005301363,0.09013146162033081,18.410563408364855
carpet,9,texture,0.008209228515625,defocus,4,restormer_deblur,deep,0.533450722694397,0.7698559069791956,-0.00767777881828513,18.31830399058561,18.32754782503191,0.05176282301545143,18.410563408364855
carpet,9,texture,0.008209228515625,motion,2,identity,classical,0.8057853579521179,1.0,0.0,20.807873886338093,20.82759646492805,0.5379571914672852,20.82759646492805
carpet,9,texture,0.008209228515625,motion,2,wiener,classical,0.26310011744499207,0.2546612986591063,-0.4541512680028099,17.584304535105282,17.571215935322076,0.30463090538978577,20.82759646492805
carpet,9,texture,0.008209228515625,motion,2,classical_pipeline,classical,0.2563287615776062,0.26260228876012875,-0.42836577499580497,17.758241930672764,17.745992565238126,0.3009052276611328,20.82759646492805
carpet,9,texture,0.008209228515625,motion,2,bilateral,classical,0.7984386086463928,1.0543395136305056,-0.00717611340938662,20.7360402666818,20.75448472811235,0.5034329295158386,20.82759646492805
carpet,9,texture,0.008209228515625,motion,2,restormer_deblur,deep,0.861824631690979,0.8664285294095608,0.1627090042128042,22.31571556712919,22.334866189911956,0.6973039507865906,20.82759646492805
carpet,9,texture,0.008209228515625,motion,3,identity,classical,0.6796413660049438,1.0,0.0,19.246141320092264,19.25951292834201,0.23856933414936066,19.25951292834201
carpet,9,texture,0.008209228515625,motion,3,wiener,classical,0.05841194465756416,0.40214790644317533,-0.5435004828922096,15.605269880629184,15.59462019882413,-0.16298113763332367,19.25951292834201
carpet,9,texture,0.008209228515625,motion,3,classical_pipeline,classical,0.05224350094795227,0.4395523271054825,-0.45031442712294734,16.123146560976338,16.112781116416524,-0.1493874341249466,19.25951292834201
carpet,9,texture,0.008209228515625,motion,3,bilateral,classical,0.6360974311828613,1.117114927767878,-0.013295694872313968,19.136708454402164,19.150044813040434,0.19179828464984894,19.25951292834201
carpet,9,texture,0.008209228515625,motion,3,restormer_deblur,deep,0.8271549344062805,0.8290484345711854,0.233797718094915,21.482098989871865,21.495349309083593,0.6073034405708313,19.25951292834201
carpet,9,texture,0.008209228515625,motion,4,identity,classical,0.4525409936904907,1.0,0.0,18.329305845949325,18.338710549479245,0.0509929358959198,18.338710549479245
carpet,9,texture,0.008209228515625,motion,4,wiener,classical,0.09303762763738632,0.06387380704073138,-0.1615309487183978,16.99776463116782,16.990261983192333,0.057507146149873734,18.338710549479245
carpet,9,texture,0.008209228515625,motion,4,classical_pipeline,classical,0.08991215378046036,0.19571683112653449,-0.11995042011410928,17.331080294869743,17.323022512412344,0.04654495790600777,18.338710549479245
carpet,9,texture,0.008209228515625,motion,4,bilateral,classical,0.41756871342658997,1.2990452677694277,0.030026200103288825,18.587284997106664,18.59637467211375,0.08135908097028732,18.338710549479245
carpet,9,texture,0.008209228515625,motion,4,restormer_deblur,deep,0.7048364281654358,1.5950258918327274,0.3217339196405228,21.640084250858767,21.65158755767144,0.604705274105072,18.338710549479245
bottle,0,texture,0.0123291015625,defocus,2,identity,classical,0.9080094695091248,1.0,0.0,35.236106280302614,35.008563344205335,0.9475024342536926,35.008563344205335
bottle,0,texture,0.0123291015625,defocus,2,wiener,classical,0.40078720450401306,0.4518109231241084,-9.43748935982293,14.41343745656968,14.403101729217525,0.48575249314308167,35.008563344205335
bottle,0,texture,0.0123291015625,defocus,2,classical_pipeline,classical,0.4013744592666626,1.1782798477971037,-35.34090796394671,8.312452500594706,8.333520341006619,0.23783142864704132,35.008563344205335
bottle,0,texture,0.0123291015625,defocus,2,bilateral,classical,0.9105714559555054,1.0252079360825224,-0.1374963149316637,34.16860593294843,34.00632215032612,0.9201083183288574,35.008563344205335
bottle,0,texture,0.0123291015625,defocus,2,restormer_deblur,deep,0.9685803651809692,1.6563412467686474,-3.2392331715936002,24.040253306984102,24.039422268303067,0.9019495844841003,35.008563344205335
bottle,0,texture,0.0123291015625,defocus,3,identity,classical,0.860062301158905,1.0,0.0,32.12168240260694,31.964515468137385,0.9040997624397278,31.964515468137385
bottle,0,texture,0.0123291015625,defocus,3,wiener,classical,0.2760430574417114,0.34587331968014684,-6.486770597524095,13.590586357028007,13.579982949075244,0.5225608944892883,31.964515468137385
bottle,0,texture,0.0123291015625,defocus,3,classical_pipeline,classical,0.29064202308654785,0.9203568822591323,-22.66840411673386,8.240317857520475,8.259844241285293,0.2848202884197235,31.964515468137385
bottle,0,texture,0.0123291015625,defocus,3,bilateral,classical,0.8595960736274719,1.02921471610399,-0.059068157887167905,31.7096920539666,31.570492596524478,0.8874995112419128,31.964515468137385
bottle,0,texture,0.0123291015625,defocus,3,restormer_deblur,deep,1.1204713582992554,1.4913386422789914,-1.3968869848382917,24.644716883435898,24.640694218178496,0.8841748833656311,31.964515468137385
bottle,0,texture,0.0123291015625,defocus,4,identity,classical,0.7838484048843384,1.0,0.0,28.583152171129868,28.48978537364086,0.8310341835021973,28.48978537364086
bottle,0,texture,0.0123291015625,defocus,4,wiener,classical,0.08581023663282394,0.2387100983588078,-5.166130288211193,12.088970631967086,12.081688546771453,0.4623223841190338,28.48978537364086
bottle,0,texture,0.0123291015625,defocus,4,classical_pipeline,classical,0.13106170296669006,0.6410415839058302,-14.424666826969778,8.04145306095428,8.058445385725816,0.2422124743461609,28.48978537364086
bottle,0,texture,0.0123291015625,defocus,4,bilateral,classical,0.7798765301704407,1.0261765470024282,-0.040439025279234375,28.340763886702398,28.25170182637244,0.818736732006073,28.48978537364086
bottle,0,texture,0.0123291015625,defocus,4,restormer_deblur,deep,1.0568568706512451,1.4568082988343731,-0.40214123199487317,25.70294635821151,25.714330080590905,0.8798177242279053,28.48978537364086
bottle,0,texture,0.0123291015625,motion,2,identity,classical,0.8992623090744019,1.0,0.0,33.11538617443061,32.943428776770226,0.9274362921714783,32.943428776770226
bottle,0,texture,0.0123291015625,motion,2,wiener,classical,0.8286757469177246,0.950294571511729,-2.2822511378729073,23.215856759282243,23.18529477458398,0.7707376480102539,32.943428776770226
bottle,0,texture,0.0123291015625,motion,2,classical_pipeline,classical,0.830913782119751,2.6994146841146365,-24.73762235887094,9.160619644061011,9.187302120489068,0.6569967865943909,32.943428776770226
bottle,0,texture,0.0123291015625,motion,2,bilateral,classical,0.8996774554252625,1.0274355009109533,-0.11716582009946519,32.539855399601706,32.39485566397766,0.9074337482452393,32.943428776770226
bottle,0,texture,0.0123291015625,motion,2,restormer_deblur,deep,0.8992623090744019,1.0,0.0,33.11538617443061,32.943428776770226,0.9274362921714783,32.943428776770226
bottle,0,texture,0.0123291015625,motion,3,identity,classical,0.901548445224762,1.0,0.0,28.849970277729167,28.8198144085218,0.8523290157318115,28.8198144085218
bottle,0,texture,0.0123291015625,motion,3,wiener,classical,0.27235788106918335,0.31373281165100664,-4.368613205545972,13.571867458881604,13.560282621680262,0.5140836238861084,28.8198144085218
bottle,0,texture,0.0123291015625,motion,3,classical_pipeline,classical,0.2916017174720764,0.8266116947878241,-15.941661695515695,8.22306622975361,8.242664856428037,0.2785346508026123,28.8198144085218
bottle,0,texture,0.0123291015625,motion,3,bilateral,classical,0.9030583500862122,1.0275202520545232,-0.05632264833692591,28.596907101276617,28.572502248651645,0.8351046442985535,28.8198144085218
bottle,0,texture,0.0123291015625,motion,3,restormer_deblur,deep,0.944656491279602,1.0077030775826012,0.565684863098056,34.61610800877114,34.46184743166769,0.9420609474182129,28.8198144085218
bottle,0,texture,0.0123291015625,motion,4,identity,classical,0.8098669052124023,1.0,0.0,25.90147972677663,25.891345695817304,0.7666597366333008,25.891345695817304
bottle,0,texture,0.0123291015625,motion,4,wiener,classical,0.7266152501106262,0.9487472766235473,-0.6365032179633061,22.16154985420531,22.14093526032852,0.6614755988121033,25.891345695817304
bottle,0,texture,0.0123291015625,motion,4,classical_pipeline,classical,0.7431961297988892,2.7474120408041447,-9.664806296314257,9.064921917844815,9.091235823999014,0.5298388004302979,25.891345695817304
bottle,0,texture,0.0123291015625,motion,4,bilateral,classical,0.814405620098114,1.02182677012834,-0.01372807843552959,25.950606779286673,25.942334233964264,0.7620213627815247,25.891345695817304
bottle,0,texture,0.0123291015625,motion,4,restormer_deblur,deep,0.8098669052124023,1.0,0.0,25.90147972677663,25.891345695817304,0.7666597366333008,25.891345695817304
bottle,1,scratch,0.001251220703125,defocus,2,identity,classical,0.451081246137619,1.0,0.0,35.231419194019026,34.96561052697575,0.9493157267570496,34.96561052697575
bottle,1,scratch,0.001251220703125,defocus,2,wiener,classical,0.016037600114941597,0.0866871478517401,-9.26386772241662,14.607538603961688,14.601476318592386,0.4983230531215668,34.96561052697575
bottle,1,scratch,0.001251220703125,defocus,2,classical_pipeline,classical,0.02337319403886795,0.013945192503713831,-35.6420523040282,8.283123031184372,8.284740260092196,0.24603493511676788,34.96561052697575
bottle,1,scratch,0.001251220703125,defocus,2,bilateral,classical,0.4187160134315491,0.9430676530637635,-0.13978142894779366,34.126245475214375,33.901786495933564,0.9238114356994629,34.96561052697575
bottle,1,scratch,0.001251220703125,defocus,2,restormer_deblur,deep,0.6089622378349304,1.4458186602618082,-3.220078855433216,23.771728772724856,23.754694414256818,0.8919947743415833,34.96561052697575
bottle,1,scratch,0.001251220703125,defocus,3,identity,classical,0.3184151351451874,1.0,0.0,32.01300676278521,31.81857901907735,0.905354917049408,31.81857901907735
bottle,1,scratch,0.001251220703125,defocus,3,wiener,classical,0.019247956573963165,0.5976174204761557,-6.474549506490325,13.725504469352188,13.72301703689702,0.5197615623474121,31.81857901907735
bottle,1,scratch,0.001251220703125,defocus,3,classical_pipeline,classical,0.027738839387893677,0.7453288834924616,-22.882217963989685,8.19530981102231,8.198081330095269,0.2796476185321808,31.81857901907735
bottle,1,scratch,0.001251220703125,defocus,3,bilateral,classical,0.30950966477394104,0.9961821856604794,-0.05952192871313167,31.522549412411863,31.347092511265476,0.8882770538330078,31.81857901907735
bottle,1,scratch,0.001251220703125,defocus,3,restormer_deblur,deep,0.5214457511901855,1.8502244983265703,-1.4724838555262396,24.510579617544703,24.488024014504486,0.889083206653595,31.81857901907735
bottle,1,scratch,0.001251220703125,defocus,4,identity,classical,0.21486850082874298,1.0,0.0,28.441217856621744,28.324326221336854,0.830695629119873,28.324326221336854
bottle,1,scratch,0.001251220703125,defocus,4,wiener,classical,0.011490869335830212,0.5779945512341482,-5.124483893124787,12.180820953057632,12.177034455444355,0.4688394367694855,28.324326221336854
bottle,1,scratch,0.001251220703125,defocus,4,classical_pipeline,classical,0.02728547900915146,0.46360748114506845,-14.588222697903465,7.987360043360847,7.98896201520987,0.24426019191741943,28.324326221336854
bottle,1,scratch,0.001251220703125,defocus,4,bilateral,classical,0.21152697503566742,1.0487209944218652,-0.03861567678505162,28.191837175081744,28.081586615945827,0.8180124163627625,28.324326221336854
bottle,1,scratch,0.001251220703125,defocus,4,restormer_deblur,deep,0.557550847530365,3.229209555308067,-0.42971997085927605,25.554743671186163,25.530676782905157,0.8802714943885803,28.324326221336854
bottle,1,scratch,0.001251220703125,motion,2,identity,classical,0.2789195775985718,1.0,0.0,32.972123436115496,32.71075565785071,0.9268729090690613,32.71075565785071
bottle,1,scratch,0.001251220703125,motion,2,wiener,classical,0.2352668195962906,0.6156048398673631,-2.335083997797208,23.246751935329613,23.20980437498234,0.7607676982879639,32.71075565785071
bottle,1,scratch,0.001251220703125,motion,2,classical_pipeline,classical,0.3500317931175232,1.2051923903926283,-25.272456073876377,9.109580469246787,9.112537661803854,0.6513946652412415,32.71075565785071
bottle,1,scratch,0.001251220703125,motion,2,bilateral,classical,0.27605119347572327,1.012960677891382,-0.11473921636937834,32.36500887159486,32.13794694670068,0.9072205424308777,32.71075565785071
bottle,1,scratch,0.001251220703125,motion,2,restormer_deblur,deep,0.2789195775985718,1.0,0.0,32.972123436115496,32.71075565785071,0.9268729090690613,32.71075565785071
bottle,1,scratch,0.001251220703125,motion,3,identity,classical,0.29629841446876526,1.0,0.0,28.848327172885995,28.754001676845412,0.8520548939704895,28.754001676845412
bottle,1,scratch,0.001251220703125,motion,3,wiener,classical,0.020238567143678665,0.7566880605108842,-4.462965094054924,13.69733865521259,13.6950824722544,0.5113608837127686,28.754001676845412
bottle,1,scratch,0.001251220703125,motion,3,classical_pipeline,classical,0.020871875807642937,0.9978844438063552,-16.39739342118499,8.156116165160432,8.159036430215847,0.2728322446346283,28.754001676845412
bottle,1,scratch,0.001251220703125,motion,3,bilateral,classical,0.2893783748149872,0.9951393418212886,-0.04653334674580023,28.647893405954132,28.557860038608702,0.83860182762146,28.754001676845412
bottle,1,scratch,0.001251220703125,motion,3,restormer_deblur,deep,0.5397788286209106,1.9945984009957396,0.5166511920329946,33.3451838654966,33.2282979786801,0.9339917302131653,28.754001676845412
bottle,1,scratch,0.001251220703125,motion,4,identity,classical,0.7212936282157898,1.0,0.0,25.89566220829607,25.878382304893194,0.7663952708244324,25.878382304893194
bottle,1,scratch,0.001251220703125,motion,4,wiener,classical,0.05220268666744232,0.15460876192903603,-0.5689489590094712,22.45413574690346,22.398550737210652,0.6828444004058838,25.878382304893194
bottle,1,scratch,0.001251220703125,motion,4,classical_pipeline,classical,0.9559593200683594,1.4510821390315458,-9.774425483503983,8.99507482537397,8.999794603579334,0.5220816731452942,25.878382304893194
bottle,1,scratch,0.001251220703125,motion,4,bilateral,classical,0.669460117816925,0.9507172597423995,-0.011486142227991936,25.95865187431146,25.938116354701116,0.762726366519928,25.878382304893194
bottle,1,scratch,0.001251220703125,motion,4,restormer_deblur,deep,0.7212936282157898,1.0,0.0,25.89566220829607,25.878382304893194,0.7663952708244324,25.878382304893194
bottle,2,blob,0.0081939697265625,defocus,2,identity,classical,0.9854157567024231,1.0,0.0,33.854173918284246,33.8610354726169,0.9299927353858948,33.8610354726169
bottle,2,blob,0.0081939697265625,defocus,2,wiener,classical,0.4468359053134918,0.17385241677765242,-8.485306286608052,14.2045149831199,14.2259506195634,0.5029879212379456,33.8610354726169
bottle,2,blob,0.0081939697265625,defocus,2,classical_pipeline,classical,0.4935793876647949,0.05542411623355392,-31.779546622839447,8.287390591579431,8.312900521023131,0.2514454424381256,33.8610354726169
bottle,2,blob,0.0081939697265625,defocus,2,bilateral,classical,0.9797264337539673,0.9831776528036016,-0.12013393636546721,32.88245081561691,32.885221462297636,0.9018735885620117,33.8610354726169
bottle,2,blob,0.0081939697265625,defocus,2,restormer_deblur,deep,1.01863431930542,1.0503186053265907,-2.7641734981631525,22.91256177300759,22.930294297851756,0.8694726824760437,33.8610354726169
bottle,2,blob,0.0081939697265625,defocus,3,identity,classical,0.9709394574165344,1.0,0.0,31.176319098165102,31.175880965213967,0.8832530379295349,31.175880965213967
bottle,2,blob,0.0081939697265625,defocus,3,wiener,classical,0.2876814901828766,0.10546035138580687,-6.217819799412354,13.328290557736436,13.356290875924532,0.5143697261810303,31.175880965213967
bottle,2,blob,0.0081939697265625,defocus,3,classical_pipeline,classical,0.33119264245033264,0.13125020423030367,-21.376669588483445,8.19184693732741,8.217975990336532,0.27590954303741455,31.175880965213967
bottle,2,blob,0.0081939697265625,defocus,3,bilateral,classical,0.9677760004997253,0.9858947983712761,-0.04253830370479794,30.85599902066845,30.848019954619105,0.8695096373558044,31.175880965213967
bottle,2,blob,0.0081939697265625,defocus,3,restormer_deblur,deep,1.0568856000900269,1.0819502228766733,-1.4333373385203787,24.007078187711475,24.02431598960412,0.8719282150268555,31.175880965213967
bottle,2,blob,0.0081939697265625,defocus,4,identity,classical,0.9403043389320374,1.0,0.0,28.19040041715394,28.174084104493996,0.8172013759613037,28.174084104493996
bottle,2,blob,0.0081939697265625,defocus,4,wiener,classical,0.06401237100362778,0.5820438118652489,-5.184721306061435,11.871581502706164,11.895113139723914,0.4675496518611908,28.174084104493996
bottle,2,blob,0.0081939697265625,defocus,4,classical_pipeline,classical,0.08764966577291489,0.47068062815619516,-14.278205860242387,7.9937625090703355,8.014352240266847,0.2539360225200653,28.174084104493996
bottle,2,blob,0.0081939697265625,defocus,4,bilateral,classical,0.9372731447219849,0.9842918834433745,-0.025748651831380087,28.055791493377747,28.03021902679088,0.8083509802818298,28.174084104493996
bottle,2,blob,0.0081939697265625,defocus,4,restormer_deblur,deep,1.0328055620193481,1.0171345452546419,-0.473179592138254,25.184052855915215,25.189140275351626,0.8670689463615417,28.174084104493996
bottle,2,blob,0.0081939697265625,motion,2,identity,classical,0.9766998887062073,1.0,0.0,32.138822583071864,32.143887944154365,0.9114876389503479,32.143887944154365
bottle,2,blob,0.0081939697265625,motion,2,wiener,classical,0.9148670434951782,0.8197977980081383,-2.284272367497923,22.61303531485254,22.593751127451668,0.717339813709259,32.143887944154365
bottle,2,blob,0.0081939697265625,motion,2,classical_pipeline,classical,0.9740157127380371,1.149072687233127,-22.874000121451893,9.181757218304817,9.21713289482703,0.6474072337150574,32.143887944154365
bottle,2,blob,0.0081939697265625,motion,2,bilateral,classical,0.9725576639175415,0.9843323882130245,-0.0944379716758681,31.64779448687177,31.64611644520876,0.8908879160881042,32.143887944154365
bottle,2,blob,0.0081939697265625,motion,2,restormer_deblur,deep,0.9766998887062073,1.0,0.0,32.138822583071864,32.143887944154365,0.9114876389503479,32.143887944154365
bottle,2,blob,0.0081939697265625,motion,3,identity,classical,0.9414470791816711,1.0,0.0,28.726971763179428,28.664848118544114,0.8416730761528015,28.664848118544114
bottle,2,blob,0.0081939697265625,motion,3,wiener,classical,0.28877952694892883,0.12123572443319192,-4.549076974603494,13.352511622731974,13.380615132871931,0.5105412006378174,28.664848118544114
bottle,2,blob,0.0081939697265625,motion,3,classical_pipeline,classical,0.3397499620914459,0.13268335471367587,-16.27113613069312,8.16606038530259,8.192398779941753,0.2702331840991974,28.664848118544114
bottle,2,blob,0.0081939697265625,motion,3,bilateral,classical,0.9369287490844727,0.9800446730604407,-0.04086692811291193,28.575159186395847,28.503714406581082,0.8293744921684265,28.664848118544114
bottle,2,blob,0.0081939697265625,motion,3,restormer_deblur,deep,0.9948363900184631,0.8270875322885098,0.4933753115240356,33.185256875864376,33.16204587874229,0.9244280457496643,28.664848118544114
bottle,2,blob,0.0081939697265625,motion,4,identity,classical,0.9338482022285461,1.0,0.0,25.516777025018527,25.550766688211304,0.7626516222953796,25.550766688211304
bottle,2,blob,0.0081939697265625,motion,4,wiener,classical,0.8761147260665894,0.7596854735772446,-0.6457661131468337,21.925779170563565,21.907676683710232,0.6506059765815735,25.550766688211304
bottle,2,blob,0.0081939697265625,motion,4,classical_pipeline,classical,0.9367271661758423,1.116675508367664,-9.629844213374607,9.059038275922521,9.09449916465927,0.5278394222259521,25.550766688211304
bottle,2,blob,0.0081939697265625,motion,4,bilateral,classical,0.927253782749176,0.9846786767820118,-0.013695304556342158,25.558161024802768,25.590535039232552,0.7565814852714539,25.550766688211304
bottle,2,blob,0.0081939697265625,motion,4,restormer_deblur,deep,0.9338482022285461,1.0,0.0,25.516777025018527,25.550766688211304,0.7626516222953796,25.550766688211304
bottle,3,texture,0.005035400390625,defocus,2,identity,classical,0.9150198698043823,1.0,0.0,34.046287462063205,33.88445706339201,0.9375231862068176,33.88445706339201
bottle,3,texture,0.005035400390625,defocus,2,wiener,classical,0.46404221653938293,0.06016922093794085,-8.660008987630183,14.337659444137552,14.328755784106955,0.48596981167793274,33.88445706339201
bottle,3,texture,0.005035400390625,defocus,2,classical_pipeline,classical,0.262523353099823,0.3614821860717577,-32.161580246134925,8.295216255279682,8.306882215440503,0.24061965942382812,33.88445706339201
bottle,3,texture,0.005035400390625,defocus,2,bilateral,classical,0.9193118214607239,1.0111746758498446,-0.10869730607611094,33.229258706672255,33.10524558736213,0.9125199317932129,33.88445706339201
bottle,3,texture,0.005035400390625,defocus,2,restormer_deblur,deep,0.802282989025116,0.6940840911945532,-2.7018408874102224,24.444678307740006,24.44371862868728,0.8783525824546814,33.88445706339201
bottle,3,texture,0.005035400390625,defocus,3,identity,classical,0.8765609860420227,1.0,0.0,31.291164261866925,31.170935978942794,0.8942718505859375,31.170935978942794
bottle,3,texture,0.005035400390625,defocus,3,wiener,classical,0.36063557863235474,0.35119430914090854,-6.224171718947167,13.47743136622158,13.471909021378352,0.5008665323257446,31.170935978942794
bottle,3,texture,0.005035400390625,defocus,3,classical_pipeline,classical,0.21634580194950104,0.004080761980567073,-21.307086659618395,8.208742966115967,8.220902933048066,0.27091872692108154,31.170935978942794
bottle,3,texture,0.005035400390625,defocus,3,bilateral,classical,0.8803446888923645,1.0138481592035185,-0.04257262297963438,30.99367440726338,30.88897183569236,0.8806309103965759,31.170935978942794
bottle,3,texture,0.005035400390625,defocus,3,restormer_deblur,deep,0.8211807608604431,0.8763994597987217,-1.380901461510411,24.559112281863506,24.561476640570984,0.8877307772636414,31.170935978942794
bottle,3,texture,0.005035400390625,defocus,4,identity,classical,0.8212924003601074,1.0,0.0,28.168384895030396,28.092574917789165,0.8254629969596863,28.092574917789165
bottle,3,texture,0.005035400390625,defocus,4,wiener,classical,0.17799705266952515,0.7717179256541277,-5.021409023663282,12.021740996445768,12.02198375893009,0.4669821262359619,28.092574917789165
bottle,3,texture,0.005035400390625,defocus,4,classical_pipeline,classical,0.1283891797065735,0.20599562767179902,-13.92046293714123,8.027528927643326,8.039868288794315,0.25705090165138245,28.092574917789165
bottle,3,texture,0.005035400390625,defocus,4,bilateral,classical,0.822852611541748,1.0117985691791902,-0.032678101296873985,27.96669616766374,27.898422456482997,0.8147826194763184,28.092574917789165
bottle,3,texture,0.005035400390625,defocus,4,restormer_deblur,deep,0.7938318252563477,0.9305362227240561,-0.44027296833208474,24.837678851446658,24.833039941086064,0.8694078922271729,28.092574917789165
bottle,3,texture,0.005035400390625,motion,2,identity,classical,0.9460135102272034,1.0,0.0,32.48146720146996,32.43193093468914,0.9198763370513916,32.43193093468914
bottle,3,texture,0.005035400390625,motion,2,wiener,classical,0.5908629894256592,0.15142929621464588,-6.174721630679153,15.452436776650075,15.4391772708985,0.4610065519809723,32.43193093468914
bottle,3,texture,0.005035400390625,motion,2,classical_pipeline,classical,0.30577683448791504,0.5524130203090238,-26.223256449213878,8.412830425166815,8.423922906993969,0.20973818004131317,32.43193093468914
bottle,3,texture,0.005035400390625,motion,2,bilateral,classical,0.9491842985153198,1.0092866908516525,-0.09901746443760406,31.978334384106955,31.938633298890963,0.9015178680419922,32.43193093468914
bottle,3,texture,0.005035400390625,motion,2,restormer_deblur,deep,0.9610575437545776,0.9362569600135671,0.40903865404819195,35.570827426036956,35.460533684095395,0.9577605128288269,32.43193093468914
bottle,3,texture,0.005035400390625,motion,3,identity,classical,0.9123749136924744,1.0,0.0,28.40361790820119,28.374515157690876,0.8474476337432861,28.374515157690876
bottle,3,texture,0.005035400390625,motion,3,wiener,classical,0.34391453862190247,0.3220953637594545,-4.329973383955628,13.476041116446266,13.467649271891784,0.4928896427154541,28.374515157690876
bottle,3,texture,0.005035400390625,motion,3,classical_pipeline,classical,0.21626316010951996,0.014714435957324095,-15.41773266476319,8.204715460731562,8.216928954682817,0.2659967243671417,28.374515157690876
bottle,3,texture,0.005035400390625,motion,3,bilateral,classical,0.9157360792160034,1.0116846660977763,-0.04831886183145073,28.19292255912588,28.16826087314051,0.8311086297035217,28.374515157690876
bottle,3,texture,0.005035400390625,motion,3,restormer_deblur,deep,0.962460994720459,0.9571149461538841,0.5592638953223102,34.26615448932191,34.200673005989486,0.9386377334594727,28.374515157690876
bottle,3,texture,0.005035400390625,motion,4,identity,classical,0.7632887959480286,1.0,0.0,25.58945558529213,25.53519961301062,0.7661582827568054,25.53519961301062
bottle,3,texture,0.005035400390625,motion,4,wiener,classical,0.6731768846511841,0.42148946035656654,-0.6595794561221962,21.786514193936632,21.770745209260728,0.6545233130455017,25.53519961301062
bottle,3,texture,0.005035400390625,motion,4,classical_pipeline,classical,0.3140980303287506,2.3640339891007747,-9.391378101151279,9.060452729882025,9.069183649320097,0.5295134782791138,25.53519961301062
bottle,3,texture,0.005035400390625,motion,4,bilateral,classical,0.7609462738037109,0.9916913560608791,-0.014006220660700563,25.609921444461094,25.55583996999222,0.7611543536186218,25.53519961301062
bottle,3,texture,0.005035400390625,motion,4,restormer_deblur,deep,0.7632887959480286,1.0,0.0,25.58945558529213,25.53519961301062,0.7661582827568054,25.53519961301062
bottle,4,scratch,0.0060577392578125,defocus,2,identity,classical,0.8421359658241272,1.0,0.0,34.446795429791116,34.37074697088421,0.9417223334312439,34.37074697088421
bottle,4,scratch,0.0060577392578125,defocus,2,wiener,classical,0.009871475398540497,0.3205406051712892,-8.430264639955395,14.723754696937586,14.71796822482877,0.5030279755592346,34.37074697088421
bottle,4,scratch,0.0060577392578125,defocus,2,classical_pipeline,classical,0.061351533979177475,0.6036191100928641,-33.22284424263496,8.233392607739324,8.248242392111045,0.2457413226366043,34.37074697088421
bottle,4,scratch,0.0060577392578125,defocus,2,bilateral,classical,0.830435037612915,0.9694031626798182,-0.11795720770158824,33.504118362197744,33.43461321817895,0.9156543612480164,34.37074697088421
bottle,4,scratch,0.0060577392578125,defocus,2,restormer_deblur,deep,0.9185560345649719,1.0854169446322945,-2.866135474764112,23.777807877620937,23.764106234350546,0.8762407302856445,34.37074697088421
bottle,4,scratch,0.0060577392578125,defocus,3,identity,classical,0.7427284717559814,1.0,0.0,31.47873593420721,31.39066618525534,0.895129382610321,31.39066618525534
bottle,4,scratch,0.0060577392578125,defocus,3,wiener,classical,0.024208789691329002,0.18175658640192466,-5.912389735206811,13.883430793221097,13.881405647811981,0.5365755558013916,31.39066618525534
bottle,4,scratch,0.0060577392578125,defocus,3,classical_pipeline,classical,0.06766808032989502,0.25810974138406706,-21.638298364408307,8.177080383960964,8.191440675747684,0.2930563986301422,31.39066618525534
bottle,4,scratch,0.0060577392578125,defocus,3,bilateral,classical,0.7312284111976624,0.9605838267891974,-0.051426592852384045,31.073166911923416,30.98212023185652,0.8794646263122559,31.39066618525534
bottle,4,scratch,0.0060577392578125,defocus,3,restormer_deblur,deep,0.8851256966590881,1.1629094371867774,-1.3622516947894177,24.00142635746385,23.956140637354245,0.8558501601219177,31.39066618525534
bottle,4,scratch,0.0060577392578125,defocus,4,identity,classical,0.5868707895278931,1.0,0.0,28.259020073910897,28.163767303533838,0.8233882784843445,28.163767303533838
bottle,4,scratch,0.0060577392578125,defocus,4,wiener,classical,0.03538072854280472,0.24576694614964592,-4.936800805968561,12.244304265808656,12.250337871055683,0.46861132979393005,28.163767303533838
bottle,4,scratch,0.0060577392578125,defocus,4,classical_pipeline,classical,0.0896964967250824,0.7965332762845169,-14.2483292800346,7.9774636519105,7.992469765822109,0.2405633181333542,28.163767303533838
bottle,4,scratch,0.0060577392578125,defocus,4,bilateral,classical,0.5759947896003723,0.9414633777519891,-0.0342367584136698,28.016008270984265,27.91887188663346,0.811591625213623,28.163767303533838
bottle,4,scratch,0.0060577392578125,defocus,4,restormer_deblur,deep,0.8932178020477295,2.1002439728697593,-0.43059917309273277,25.52329478678277,25.503740969033856,0.8800749778747559,28.163767303533838
bottle,4,scratch,0.0060577392578125,motion,2,identity,classical,0.9319612383842468,1.0,0.0,32.378804833231875,32.362027430274374,0.9184281229972839,32.362027430274374
bottle,4,scratch,0.0060577392578125,motion,2,wiener,classical,0.7958989143371582,0.3438723608558095,-2.3109610451792455,22.81287755601777,22.77301951822269,0.7252373099327087,32.362027430274374
bottle,4,scratch,0.0060577392578125,motion,2,classical_pipeline,classical,1.4559367895126343,2.410855659572964,-23.54586457104567,9.035696599242018,9.054257872161909,0.641118586063385,32.362027430274374
bottle,4,scratch,0.0060577392578125,motion,2,bilateral,classical,0.9209371209144592,0.9779249211925669,-0.10004403845135079,31.840272185296513,31.82393733587423,0.8991804122924805,32.362027430274374
bottle,4,scratch,0.0060577392578125,motion,2,restormer_deblur,deep,0.9192344546318054,1.0,0.0,32.378804833231875,32.362027430274374,0.9184281229972839,32.362027430274374
bottle,4,scratch,0.0060577392578125,motion,3,identity,classical,0.4606940448284149,1.0,0.0,28.56226142703763,28.41063830387587,0.8446758389472961,28.41063830387587
bottle,4,scratch,0.0060577392578125,motion,3,wiener,classical,0.10502614080905914,1.3126711350366622,-4.199646517844307,13.862738159980319,13.857971702028482,0.5252417922019958,28.41063830387587
bottle,4,scratch,0.0060577392578125,motion,3,classical_pipeline,classical,0.1390584111213684,2.000764424490623,-15.913757639879869,8.164093210991354,8.177475946530137,0.2850233018398285,28.41063830387587
bottle,4,scratch,0.0060577392578125,motion,3,bilateral,classical,0.45638948678970337,0.9420883162030729,-0.04951453002032591,28.334995871050943,28.1846677868165,0.828753650188446,28.41063830387587
bottle,4,scratch,0.0060577392578125,motion,3,restormer_deblur,deep,0.9130129218101501,4.916220935182173,0.4934588272023007,33.339273208116275,33.301178657062316,0.9320654273033142,28.41063830387587
bottle,4,scratch,0.0060577392578125,motion,4,identity,classical,0.4429168701171875,1.0,0.0,25.628436808493294,25.50400131423131,0.763749897480011,25.50400131423131
bottle,4,scratch,0.0060577392578125,motion,4,wiener,classical,0.03275346755981445,1.1847798792052446,-3.7762724036874715,12.340368892609423,12.350092072794885,0.458005428314209,25.50400131423131
bottle,4,scratch,0.0060577392578125,motion,4,classical_pipeline,classical,0.09340500831604004,3.6365910574620046,-11.416378726023952,7.9575534738407905,7.973342168780361,0.2436138391494751,25.50400131423131
bottle,4,scratch,0.0060577392578125,motion,4,bilateral,classical,0.4299302101135254,0.9073789413383517,-0.010197577764190058,25.69103936764629,25.562554612299955,0.7598682045936584,25.50400131423131
bottle,4,scratch,0.0060577392578125,motion,4,restormer_deblur,deep,0.9013215899467468,7.656064197934131,0.3365883145118389,27.948789548453547,27.87087606298391,0.8562853932380676,25.50400131423131
bottle,5,blob,0.017852783203125,defocus,2,identity,classical,0.9939306378364563,1.0,0.0,35.72881048254835,35.764780815932234,0.9520977139472961,35.764780815932234
bottle,5,blob,0.017852783203125,defocus,2,wiener,classical,0.741966187953949,0.991253694009642,-10.074050526567017,14.37429045470651,14.432483411012171,0.4987024962902069,35.764780815932234
bottle,5,blob,0.017852783203125,defocus,2,classical_pipeline,classical,0.3621758818626404,1.7267079240852254,-37.24966561566942,8.366799157212686,8.363733624117817,0.2425721138715744,35.764780815932234
bottle,5,blob,0.017852783203125,defocus,2,bilateral,classical,0.9838524460792542,1.035340663473333,-0.17692285147777742,34.476511705466656,34.53217138815284,0.923586905002594,35.764780815932234
bottle,5,blob,0.017852783203125,defocus,2,restormer_deblur,deep,0.9183074235916138,1.0040879132354388,-3.8760340517969647,22.970140997159312,23.033242529357935,0.8893294334411621,35.764780815932234
bottle,5,blob,0.017852783203125,defocus,3,identity,classical,0.987781822681427,1.0,0.0,32.575738730362374,32.588854692169264,0.9106931686401367,32.588854692169264
bottle,5,blob,0.017852783203125,defocus,3,wiener,classical,0.6437274217605591,1.016549057977232,-7.112892884695002,13.435641458496871,13.492343893499568,0.515381932258606,32.588854692169264
bottle,5,blob,0.017852783203125,defocus,3,classical_pipeline,classical,0.32528647780418396,1.7793171199871574,-24.009053456978094,8.272454398124804,8.27356622247645,0.2706558406352997,32.588854692169264
bottle,5,blob,0.017852783203125,defocus,3,bilateral,classical,0.9781848788261414,1.034956265205634,-0.0688769788930641,32.154890814751425,32.183788918016816,0.8932080268859863,32.588854692169264
bottle,5,blob,0.017852783203125,defocus,3,restormer_deblur,deep,0.9630901217460632,1.0586410729953473,-1.9533463493650727,23.291956603671,23.361544472158663,0.8637345433235168,32.588854692169264
bottle,5,blob,0.017852783203125,defocus,4,identity,classical,0.9743726253509521,1.0,0.0,29.113995113073805,29.09625299549421,0.8437573313713074,29.09625299549421
bottle,5,blob,0.017852783203125,defocus,4,wiener,classical,0.4435952603816986,1.0956920221027395,-5.712008060931658,11.93474928878661,11.991601348143725,0.4829586446285248,29.09625299549421
bottle,5,blob,0.017852783203125,defocus,4,classical_pipeline,classical,0.247406005859375,1.9728931783232535,-15.418216028429441,8.086958668324716,8.096770664060028,0.2645246684551239,29.09625299549421
bottle,5,blob,0.017852783203125,defocus,4,bilateral,classical,0.9656702876091003,1.032631292190978,-0.040244555188013065,28.91346351011585,28.90617556825537,0.8306765556335449,29.09625299549421
bottle,5,blob,0.017852783203125,defocus,4,restormer_deblur,deep,0.9318453669548035,0.8269019208140337,-0.6384601374120356,25.50065607931817,25.55559684902844,0.888293445110321,29.09625299549421
bottle,5,blob,0.017852783203125,motion,2,identity,classical,0.9891594052314758,1.0,0.0,33.65083445841382,33.71452696166144,0.9308673739433289,33.71452696166144
bottle,5,blob,0.017852783203125,motion,2,wiener,classical,0.9603776335716248,0.9147064295610575,-2.495303333200642,23.25354685794852,23.315006907567913,0.7645403742790222,33.71452696166144
bottle,5,blob,0.017852783203125,motion,2,classical_pipeline,classical,0.4367285668849945,1.7214518666349625,-26.214900444215324,9.208440571449302,9.179608581911742,0.6552085876464844,33.71452696166144
bottle,5,blob,0.017852783203125,motion,2,bilateral,classical,0.9791332483291626,1.0339677313419897,-0.13625937815877487,33.05387255453927,33.12286222450996,0.9097213745117188,33.71452696166144
bottle,5,blob,0.017852783203125,motion,2,restormer_deblur,deep,0.9891594052314758,1.0,0.0,33.65083445841382,33.71452696166144,0.9308673739433289,33.71452696166144
bottle,5,blob,0.017852783203125,motion,3,identity,classical,0.9741045236587524,1.0,0.0,29.336245083925114,29.407740923240418,0.8624189496040344,29.407740923240418
bottle,5,blob,0.017852783203125,motion,3,wiener,classical,0.6436977982521057,0.9860266329745591,-4.898099183589204,13.417789437642709,13.473878989859694,0.5104179978370667,29.407740923240418
bottle,5,blob,0.017852783203125,motion,3,classical_pipeline,classical,0.3260083496570587,1.6557260570198655,-17.147373387000606,8.24208198128627,8.24385934722659,0.2689196765422821,29.407740923240418
bottle,5,blob,0.017852783203125,motion,3,bilateral,classical,0.9646546840667725,1.0300636697676102,-0.055025594998418415,29.16910668557749,29.242161224211564,0.8476548194885254,29.407740923240418
bottle,5,blob,0.017852783203125,motion,3,restormer_deblur,deep,1.0090020895004272,0.8830233887004193,0.6250200838058796,36.42259550144346,36.49355024425475,0.9575700759887695,29.407740923240418
bottle,5,blob,0.017852783203125,motion,4,identity,classical,0.9669287204742432,1.0,0.0,26.40728317803593,26.396400019880048,0.7818990349769592,26.396400019880048
bottle,5,blob,0.017852783203125,motion,4,wiener,classical,0.9381687045097351,0.936036030476679,-0.5430785762573134,23.041590537554736,23.066773070920167,0.7255347371101379,26.396400019880048
bottle,5,blob,0.017852783203125,motion,4,classical_pipeline,classical,0.42703649401664734,1.9570710974358718,-10.33973359731476,9.094251203338471,9.066441639214279,0.5404961109161377,26.396400019880048
bottle,5,blob,0.017852783203125,motion,4,bilateral,classical,0.9582489728927612,1.030221173154208,-0.01545411677413111,26.45940336421074,26.450722161854298,0.7766762375831604,26.396400019880048
bottle,5,blob,0.017852783203125,motion,4,restormer_deblur,deep,0.9669287204742432,1.0,0.0,26.40728317803593,26.396400019880048,0.7818990349769592,26.396400019880048
bottle,6,texture,0.0126495361328125,defocus,2,identity,classical,0.9358956217765808,1.0,0.0,34.60576577178866,34.414332919840625,0.9323363900184631,34.414332919840625
bottle,6,texture,0.0126495361328125,defocus,2,wiener,classical,0.6139175295829773,1.790707316737679,-8.89227527797324,14.299846227598263,14.340331776079008,0.49552807211875916,34.414332919840625
bottle,6,texture,0.0126495361328125,defocus,2,classical_pipeline,classical,0.3608695864677429,2.5332548249101494,-32.67279914035966,8.380435925257565,8.393409715494398,0.2581245005130768,34.414332919840625
bottle,6,texture,0.0126495361328125,defocus,2,bilateral,classical,0.9262717366218567,1.0337284530962454,-0.11018709370943447,33.73838307418831,33.56145938778622,0.907505214214325,34.414332919840625
bottle,6,texture,0.0126495361328125,defocus,2,restormer_deblur,deep,0.8437084555625916,1.4512821828763096,-2.3179524098635094,24.610096500497036,24.620976209175126,0.8722873330116272,34.414332919840625
bottle,6,texture,0.0126495361328125,defocus,3,identity,classical,0.90753173828125,1.0,0.0,31.6319000054327,31.501014210655157,0.8877463936805725,31.501014210655157
bottle,6,texture,0.0126495361328125,defocus,3,wiener,classical,0.5377506017684937,1.6944120483757623,-6.354618948985629,13.471739170091773,13.515373949766396,0.512507975101471,31.501014210655157
bottle,6,texture,0.0126495361328125,defocus,3,classical_pipeline,classical,0.32642319798469543,2.278296759272127,-21.580744689863312,8.284079782544783,8.300207115261417,0.28749096393585205,31.501014210655157
bottle,6,texture,0.0126495361328125,defocus,3,bilateral,classical,0.897465705871582,1.038432254476767,-0.04197671785238044,31.31678884595032,31.18965057012116,0.8765156865119934,31.501014210655157
bottle,6,texture,0.0126495361328125,defocus,3,restormer_deblur,deep,0.7748330235481262,1.1803801796900322,-1.3088767617624932,24.628092866400777,24.643008584661107,0.8545426726341248,31.501014210655157
bottle,6,texture,0.0126495361328125,defocus,4,identity,classical,0.8646976351737976,1.0,0.0,28.294629370960052,28.21842076978829,0.823589026927948,28.21842076978829
bottle,6,texture,0.0126495361328125,defocus,4,wiener,classical,0.3910987675189972,1.6467517879545956,-5.271560172481379,11.987876236225553,12.034162993954705,0.4631737470626831,28.21842076978829
bottle,6,texture,0.0126495361328125,defocus,4,classical_pipeline,classical,0.2595699727535248,2.0821271883561288,-14.26960227192609,8.06554467211422,8.087016156993435,0.25697091221809387,28.21842076978829
bottle,6,texture,0.0126495361328125,defocus,4,bilateral,classical,0.8542645573616028,1.0384104191297976,-0.03000868611265428,28.114913694848454,28.044163183812238,0.8158609867095947,28.21842076978829
bottle,6,texture,0.0126495361328125,defocus,4,restormer_deblur,deep,0.7373636364936829,1.1658159978704792,-0.4481255939975577,25.250054096722753,25.253082216257067,0.8684103488922119,28.21842076978829
bottle,6,texture,0.0126495361328125,motion,2,identity,classical,0.9206339716911316,1.0,0.0,32.36744947851313,32.216274232891095,0.9087819457054138,32.216274232891095
bottle,6,texture,0.0126495361328125,motion,2,wiener,classical,0.8533316850662231,1.2486947301614024,-2.3137210455363104,22.613799812758955,22.621891580412736,0.7262160181999207,32.216274232891095
bottle,6,texture,0.0126495361328125,motion,2,classical_pipeline,classical,0.5067908763885498,1.9046133187519299,-22.699802087302857,9.313455447085033,9.312924505418016,0.6492488384246826,32.216274232891095
bottle,6,texture,0.0126495361328125,motion,2,bilateral,classical,0.9120293855667114,1.0354364725083356,-0.08976229988485818,31.94840780018758,31.80817388843902,0.8921418190002441,32.216274232891095
bottle,6,texture,0.0126495361328125,motion,2,restormer_deblur,deep,0.9206339716911316,1.0,0.0,32.36744947851313,32.216274232891095,0.9087819457054138,32.216274232891095
bottle,6,texture,0.0126495361328125,motion,3,identity,classical,0.8931066393852234,1.0,0.0,28.720428201676246,28.678649464359825,0.8491020798683167,28.678649464359825
bottle,6,texture,0.0126495361328125,motion,3,wiener,classical,0.5514918565750122,1.503153884732015,-4.57409840559999,13.418947856601458,13.462569869454493,0.4991507828235626,28.678649464359825
bottle,6,texture,0.0126495361328125,motion,3,classical_pipeline,classical,0.3300469219684601,2.0394025979470443,-16.0193485238998,8.250065533788884,8.265620997679271,0.2755063474178314,28.678649464359825
bottle,6,texture,0.0126495361328125,motion,3,bilateral,classical,0.8796672821044922,1.031174937543378,-0.04945630682263413,28.51897253992453,28.47483956987743,0.8350886702537537,28.678649464359825
bottle,6,texture,0.0126495361328125,motion,3,restormer_deblur,deep,0.9827587604522705,0.7538884002254493,0.4763086530667948,33.05355747433082,32.922490544956396,0.9206056594848633,28.678649464359825
bottle,6,texture,0.0126495361328125,motion,4,identity,classical,0.8567333221435547,1.0,0.0,25.775895965085525,25.76891908827956,0.7719414234161377,25.76891908827956
bottle,6,texture,0.0126495361328125,motion,4,wiener,classical,0.415182501077652,1.3799405697441642,-4.032917819482026,12.04667531163555,12.092863670350877,0.4581146240234375,25.76891908827956
bottle,6,texture,0.0126495361328125,motion,4,classical_pipeline,classical,0.2638130784034729,1.7640520116110254,-11.332463247319211,8.04926129860312,8.06967455266676,0.2614614963531494,25.76891908827956
bottle,6,texture,0.0126495361328125,motion,4,bilateral,classical,0.8449651002883911,1.0215215626402125,-0.015058458711414424,25.801483410654843,25.790247430242598,0.7664671540260315,25.76891908827956
bottle,6,texture,0.0126495361328125,motion,4,restormer_deblur,deep,0.9687440991401672,0.7053873324171683,0.37711869169263,28.75177505023252,28.757497761076436,0.8505487442016602,25.76891908827956
bottle,7,scratch,0.01239013671875,defocus,2,identity,classical,0.8806498050689697,1.0,0.0,34.673006971036486,34.0414815077642,0.9453816413879395,34.0414815077642
bottle,7,scratch,0.01239013671875,defocus,2,wiener,classical,0.014587929472327232,0.08846355202795768,-9.479074502771937,14.129497778435722,14.013000792515871,0.4497772753238678,34.0414815077642
bottle,7,scratch,0.01239013671875,defocus,2,classical_pipeline,classical,0.05002066493034363,0.08634648240556342,-33.887433713987534,8.089712730487152,8.132041048331548,0.213714599609375,34.0414815077642
bottle,7,scratch,0.01239013671875,defocus,2,bilateral,classical,0.8823198080062866,1.0356721841090557,-0.10703956686500993,33.859422653534914,33.39320683867284,0.9210476279258728,34.0414815077642
bottle,7,scratch,0.01239013671875,defocus,2,restormer_deblur,deep,0.9260172843933105,1.074746491139955,-2.661638409482895,25.362316993489763,25.359570233716585,0.916692316532135,34.0414815077642
bottle,7,scratch,0.01239013671875,defocus,3,identity,classical,0.807654619216919,1.0,0.0,31.48198846759029,30.94880613596051,0.899094820022583,30.94880613596051
bottle,7,scratch,0.01239013671875,defocus,3,wiener,classical,0.011552980169653893,0.013864588316346474,-6.468409098572751,13.322469815603794,13.239388825245177,0.46731218695640564,30.94880613596051
bottle,7,scratch,0.01239013671875,defocus,3,classical_pipeline,classical,0.07929125428199768,0.029486430180865567,-21.5653010721686,7.99079845355198,8.03287993615945,0.24000458419322968,30.94880613596051
bottle,7,scratch,0.01239013671875,defocus,3,bilateral,classical,0.8053002953529358,1.0268998340832012,-0.041457887380603964,31.187288805431223,30.707893303826538,0.8854568600654602,30.94880613596051
bottle,7,scratch,0.01239013671875,defocus,3,restormer_deblur,deep,0.9052693843841553,1.382738778093443,-1.2716496789663143,24.661126165496356,24.660647654791262,0.8826029896736145,30.94880613596051
bottle,7,scratch,0.01239013671875,defocus,4,identity,classical,0.6919785141944885,1.0,0.0,27.942749837484993,27.484574475872073,0.8193080425262451,27.484574475872073
bottle,7,scratch,0.01239013671875,defocus,4,wiener,classical,0.022224949672818184,0.09047152908904799,-5.002079918276879,11.889609092498645,11.850071780347669,0.4198683798313141,27.484574475872073
bottle,7,scratch,0.01239013671875,defocus,4,classical_pipeline,classical,0.06393813341856003,0.13495629709864573,-13.584290681637013,7.817956728853616,7.8600920167500545,0.20854498445987701,27.484574475872073
bottle,7,scratch,0.01239013671875,defocus,4,bilateral,classical,0.6890209913253784,1.0128077038472618,-0.03332134524523034,27.745468042250607,27.30013296544125,0.8087404370307922,27.484574475872073
bottle,7,scratch,0.01239013671875,defocus,4,restormer_deblur,deep,0.8673969507217407,1.5312788000760231,-0.3293659392956292,25.233896156222354,25.21562911901792,0.8748321533203125,27.484574475872073
bottle,7,scratch,0.01239013671875,motion,2,identity,classical,0.9624230861663818,1.0,0.0,32.91323718487498,32.797417730771116,0.9277029037475586,32.797417730771116
bottle,7,scratch,0.01239013671875,motion,2,wiener,classical,0.008288316428661346,0.14174958682659056,-6.895249544455071,15.292597814757979,15.118830450892823,0.4280569553375244,32.797417730771116
bottle,7,scratch,0.01239013671875,motion,2,classical_pipeline,classical,0.04325440153479576,0.13401313949284932,-28.338712173990352,8.19796465736245,8.240685989585868,0.1875564306974411,32.797417730771116
bottle,7,scratch,0.01239013671875,motion,2,bilateral,classical,0.9679515957832336,1.049454182434097,-0.10505701220992347,32.40667764145914,32.33474605630057,0.9100883603096008,32.797417730771116
bottle,7,scratch,0.01239013671875,motion,2,restormer_deblur,deep,0.9764917492866516,1.0345906114912653,0.48493513286838474,37.32722323272482,37.1135482361419,0.9659960269927979,32.797417730771116
bottle,7,scratch,0.01239013671875,motion,3,identity,classical,0.9281759858131409,1.0,0.0,28.387814730549707,28.3208390285497,0.8495769500732422,28.3208390285497
bottle,7,scratch,0.01239013671875,motion,3,wiener,classical,0.0069206273183226585,0.016726617797594427,-4.567638588263352,13.35260089986583,13.268396201826517,0.46526670455932617,28.3208390285497
bottle,7,scratch,0.01239013671875,motion,3,classical_pipeline,classical,0.02696855738759041,0.0014085067423343935,-15.963354063093053,7.989808847590272,8.033198392060628,0.24411077797412872,28.3208390285497
bottle,7,scratch,0.01239013671875,motion,3,bilateral,classical,0.9326604008674622,1.04238671375481,-0.04481009400960412,28.226936632060774,28.17819183890412,0.8368485569953918,28.3208390285497
bottle,7,scratch,0.01239013671875,motion,3,restormer_deblur,deep,0.9711582064628601,1.1207526414750968,0.6289322833515212,35.1104325760514,34.91482612142808,0.9526577591896057,28.3208390285497
bottle,7,scratch,0.01239013671875,motion,4,identity,classical,0.7672398686408997,1.0,0.0,25.246692670791298,25.09432690864716,0.75700443983078,25.09432690864716
bottle,7,scratch,0.01239013671875,motion,4,wiener,classical,0.01719929836690426,0.06690928499297506,-3.8481488153265797,11.897940414198105,11.857811827954754,0.3993837535381317,25.09432690864716
bottle,7,scratch,0.01239013671875,motion,4,classical_pipeline,classical,0.05619301646947861,0.053422451264488933,-10.857418513966007,7.76653704599312,7.809761641732065,0.20666861534118652,25.09432690864716
bottle,7,scratch,0.01239013671875,motion,4,bilateral,classical,0.7632715702056885,1.0110979978925185,-0.009005054465307527,25.322710191147955,25.167822751156454,0.7553174495697021,25.09432690864716
bottle,7,scratch,0.01239013671875,motion,4,restormer_deblur,deep,0.9785801768302917,1.917796803652968,0.4160926307591235,28.3152853701651,28.287649695708513,0.8675561547279358,25.09432690864716
bottle,8,blob,0.011199951171875,defocus,2,identity,classical,0.9907363057136536,1.0,0.0,34.227829517320416,34.25960875143034,0.9351498484611511,34.25960875143034
bottle,8,blob,0.011199951171875,defocus,2,wiener,classical,0.6762861013412476,1.0272644357105936,-8.384296019553533,14.332453516539719,14.362102443992166,0.4918021261692047,34.25960875143034
bottle,8,blob,0.011199951171875,defocus,2,classical_pipeline,classical,0.3796370029449463,0.5821178377801198,-31.3528463314007,8.323865747322998,8.328129074006677,0.2435312718153,34.25960875143034
bottle,8,blob,0.011199951171875,defocus,2,bilateral,classical,0.9772732853889465,1.0197500716744556,-0.1340903942992948,33.1894095418361,33.22949506663489,0.9035577774047852,34.25960875143034
bottle,8,blob,0.011199951171875,defocus,2,restormer_deblur,deep,0.865594208240509,1.142153780078489,-3.0482423848721973,24.317347679978983,24.36057427967374,0.8920494914054871,34.25960875143034
bottle,8,blob,0.011199951171875,defocus,3,identity,classical,0.9814708232879639,1.0,0.0,31.383351404874848,31.40533071446044,0.885491669178009,31.40533071446044
bottle,8,blob,0.011199951171875,defocus,3,wiener,classical,0.5640504956245422,0.9566617818746024,-5.9661469099083995,13.476969821677384,13.506657339376405,0.5111925601959229,31.40533071446044
bottle,8,blob,0.011199951171875,defocus,3,classical_pipeline,classical,0.32920947670936584,0.1811755750810527,-20.63542330722315,8.243031460200767,8.249528371253694,0.276591956615448,31.40533071446044
bottle,8,blob,0.011199951171875,defocus,3,bilateral,classical,0.9684606790542603,1.0189617443770105,-0.04674346466212986,31.037677026302582,31.066677965604978,0.8698480129241943,31.40533071446044
bottle,8,blob,0.011199951171875,defocus,3,restormer_deblur,deep,0.8063629865646362,1.0926953964386403,-1.267053335404221,25.67136069175134,25.713954677342553,0.9000590443611145,31.40533071446044
bottle,8,blob,0.011199951171875,defocus,4,identity,classical,0.96164870262146,1.0,0.0,28.263640458712935,28.273745651487175,0.814487636089325,28.273745651487175
bottle,8,blob,0.011199951171875,defocus,4,wiener,classical,0.3526540696620941,0.8322835210549665,-5.036438116869076,11.953365241332222,11.986477778128368,0.46125340461730957,28.273745651487175
bottle,8,blob,0.011199951171875,defocus,4,classical_pipeline,classical,0.21791696548461914,0.6524789586700152,-13.814513544942375,8.034031672052782,8.045549356089145,0.24944297969341278,28.273745651487175
bottle,8,blob,0.011199951171875,defocus,4,bilateral,classical,0.949517548084259,1.0171590799102896,-0.02966743339899658,28.068249096852615,28.083603708172966,0.8050561547279358,28.273745651487175
bottle,8,blob,0.011199951171875,defocus,4,restormer_deblur,deep,0.8577823042869568,1.1113086096810498,-0.46521526677007063,25.27116232292267,25.315316159816085,0.8705556988716125,28.273745651487175
bottle,8,blob,0.011199951171875,motion,2,identity,classical,0.9818570613861084,1.0,0.0,32.64435434810018,32.685832283840966,0.9156973958015442,32.685832283840966
bottle,8,blob,0.011199951171875,motion,2,wiener,classical,0.7589709758758545,1.0451137555717198,-6.141120866060504,15.511591649188697,15.543085170378578,0.4583336114883423,32.685832283840966
bottle,8,blob,0.011199951171875,motion,2,classical_pipeline,classical,0.4283043146133423,0.8415600647001353,-26.261750298461916,8.441515938335417,8.444865329121681,0.2091280221939087,32.685832283840966
bottle,8,blob,0.011199951171875,motion,2,bilateral,classical,0.9689142107963562,1.0184775440652003,-0.10729367211317631,32.129040961830945,32.17364039317581,0.89646315574646,32.685832283840966
bottle,8,blob,0.011199951171875,motion,2,restormer_deblur,deep,1.0225685834884644,0.9515070333983667,0.37223280811997617,35.677678423867214,35.71572088187271,0.9569953083992004,32.685832283840966
bottle,8,blob,0.011199951171875,motion,3,identity,classical,0.9642244577407837,1.0,0.0,28.42004627121613,28.382571602601665,0.8361746668815613,28.382571602601665
bottle,8,blob,0.011199951171875,motion,3,wiener,classical,0.5539436340332031,1.0513370722840907,-4.25186855511794,13.506834366103435,13.536457514005246,0.5004006028175354,28.382571602601665
bottle,8,blob,0.011199951171875,motion,3,classical_pipeline,classical,0.35041332244873047,0.20112775301609948,-15.379781658383859,8.236232952833976,8.244276157593744,0.26742613315582275,28.382571602601665
bottle,8,blob,0.011199951171875,motion,3,bilateral,classical,0.9523082971572876,1.0204625288754792,-0.04888194787584332,28.238678540945518,28.208725828995284,0.8212553858757019,28.382571602601665
bottle,8,blob,0.011199951171875,motion,3,restormer_deblur,deep,1.0271676778793335,0.9761136823582539,0.5671198843124048,33.771604906114554,33.797602305651345,0.9339456558227539,28.382571602601665
bottle,8,blob,0.011199951171875,motion,4,identity,classical,0.9560961723327637,1.0,0.0,25.779067607992122,25.81501857363131,0.7590405941009521,25.81501857363131
bottle,8,blob,0.011199951171875,motion,4,wiener,classical,0.35667285323143005,0.7971402288738388,-3.834865547022871,12.034148004426067,12.06663178092336,0.46699491143226624,25.81501857363131
bottle,8,blob,0.011199951171875,motion,4,classical_pipeline,classical,0.23952127993106842,0.693887289566424,-11.015808848463267,8.02037946510887,8.028846948176481,0.2606232464313507,25.81501857363131
bottle,8,blob,0.011199951171875,motion,4,bilateral,classical,0.9444040060043335,1.0156864483754502,-0.011843376208243939,25.812615903137583,25.8501226134932,0.7536703944206238,25.81501857363131
bottle,8,blob,0.011199951171875,motion,4,restormer_deblur,deep,1.0100394487380981,0.9548897612114726,0.4470544396396391,29.648878963487775,29.694766558018756,0.8742954730987549,25.81501857363131
bottle,9,texture,0.008209228515625,defocus,2,identity,classical,0.8852717280387878,1.0,0.0,34.68584882292144,34.27415694656649,0.9455573558807373,34.27415694656649
bottle,9,texture,0.008209228515625,defocus,2,wiener,classical,0.07757405936717987,2.4742481886516643,-9.537403469741374,14.177203711229788,14.140075074093751,0.46164026856422424,34.27415694656649
bottle,9,texture,0.008209228515625,defocus,2,classical_pipeline,classical,0.06706377118825912,1.6874557639369838,-34.08715626922898,8.300288937401271,8.325692752132646,0.22053559124469757,34.27415694656649
bottle,9,texture,0.008209228515625,defocus,2,bilateral,classical,0.8836371302604675,1.0391568803474742,-0.1318114363635372,33.77891130277857,33.440804492228054,0.9207369685173035,34.27415694656649
bottle,9,texture,0.008209228515625,defocus,2,restormer_deblur,deep,0.8900490403175354,0.045493921477251245,-3.3048365901219627,23.584572081943925,23.582447632492794,0.8841743469238281,34.27415694656649
bottle,9,texture,0.008209228515625,defocus,3,identity,classical,0.8309420347213745,1.0,0.0,31.599406116931142,31.30026257390682,0.9008800387382507,31.30026257390682
bottle,9,texture,0.008209228515625,defocus,3,wiener,classical,0.02615833282470703,2.632913032826172,-6.518307903124324,13.353016500327676,13.321678546683069,0.5060644149780273,31.30026257390682
bottle,9,texture,0.008209228515625,defocus,3,classical_pipeline,classical,0.05398472025990486,1.7870207486560579,-21.870357551527825,8.213625943338997,8.239756440680713,0.27930209040641785,31.30026257390682
bottle,9,texture,0.008209228515625,defocus,3,bilateral,classical,0.8294853568077087,1.0509958612857337,-0.057086889052857304,31.240011433500385,30.961670386611516,0.8847009539604187,31.30026257390682
bottle,9,texture,0.008209228515625,defocus,3,restormer_deblur,deep,0.8355612754821777,0.43578346300373977,-1.6279358117690013,23.651886100962557,23.63623893061288,0.8467100262641907,31.30026257390682
bottle,9,texture,0.008209228515625,defocus,4,identity,classical,0.7501135468482971,1.0,0.0,28.320191994845775,28.124951453667578,0.8304844498634338,28.124951453667578
bottle,9,texture,0.008209228515625,defocus,4,wiener,classical,0.022467264905571938,2.8688421687723333,-5.30947081078417,11.924876599218386,11.911151216139297,0.4415476322174072,28.124951453667578
bottle,9,texture,0.008209228515625,defocus,4,classical_pipeline,classical,0.05217914283275604,1.241656810963232,-14.274389055137252,8.011285675464904,8.037878765729415,0.23439264297485352,28.124951453667578
bottle,9,texture,0.008209228515625,defocus,4,bilateral,classical,0.7470276355743408,1.0763445676074181,-0.035557812599716465,28.138520183159194,27.95206573897438,0.8186656832695007,28.124951453667578
bottle,9,texture,0.008209228515625,defocus,4,restormer_deblur,deep,0.8511629700660706,0.9390883211441217,-0.4421850366317859,25.48985041719812,25.452343660008793,0.8752791285514832,28.124951453667578
bottle,9,texture,0.008209228515625,motion,2,identity,classical,0.9346166849136353,1.0,0.0,32.62291918781622,32.46045126274297,0.9274795651435852,32.46045126274297
bottle,9,texture,0.008209228515625,motion,2,wiener,classical,0.25707578659057617,1.7182589216151976,-6.540308926553479,15.459261583952165,15.418145671360971,0.45073962211608887,32.46045126274297
bottle,9,texture,0.008209228515625,motion,2,classical_pipeline,classical,0.1773829460144043,0.9071410807514302,-27.279050002441736,8.46267984105593,8.485541165502076,0.20784978568553925,32.46045126274297
bottle,9,texture,0.008209228515625,motion,2,bilateral,classical,0.9362202286720276,1.0456556319826087,-0.10903964434635616,32.10477664593754,31.963263078131273,0.9074700474739075,32.46045126274297
bottle,9,texture,0.008209228515625,motion,2,restormer_deblur,deep,0.9379184246063232,1.0041451784979332,0.5017260065301409,37.64037796742628,37.3058062880478,0.9686878323554993,32.46045126274297
bottle,9,texture,0.008209228515625,motion,3,identity,classical,0.8286423683166504,1.0,0.0,28.44736640903725,28.30016383930171,0.8519101738929749,28.30016383930171
bottle,9,texture,0.008209228515625,motion,3,wiener,classical,0.05515933781862259,2.26043226690979,-4.579729209072551,13.344076739831232,13.315968373204548,0.49090754985809326,28.30016383930171
bottle,9,texture,0.008209228515625,motion,3,classical_pipeline,classical,0.05777788162231445,1.644219570661278,-15.893540300106366,8.2038898659915,8.229556135540243,0.2683425545692444,28.30016383930171
bottle,9,texture,0.008209228515625,motion,3,bilateral,classical,0.82533860206604,1.0448886834483428,-0.04924638638724521,28.27547842047697,28.134312249851654,0.8379817008972168,28.30016383930171
bottle,9,texture,0.008209228515625,motion,3,restormer_deblur,deep,0.9505087733268738,1.4636731590537992,0.6261537540959223,35.686135487305926,35.41168830959189,0.9533097147941589,28.30016383930171
bottle,9,texture,0.008209228515625,motion,4,identity,classical,0.6353980302810669,1.0,0.0,25.541665772155696,25.38804033720718,0.769245445728302,25.38804033720718
bottle,9,texture,0.008209228515625,motion,4,wiener,classical,0.05491624027490616,29.663577342089198,-4.0165671475938005,11.94541315899119,11.93390672405825,0.4252752363681793,25.38804033720718
bottle,9,texture,0.008209228515625,motion,4,classical_pipeline,classical,0.07321387529373169,14.690076575607314,-11.193228780561734,7.9819733004900275,8.008389825779075,0.24142833054065704,25.38804033720718
bottle,9,texture,0.008209228515625,motion,4,bilateral,classical,0.6300023198127747,1.3550662376834695,-0.016479937403858003,25.580400503467455,25.421042620586277,0.7635154128074646,25.38804033720718
bottle,9,texture,0.008209228515625,motion,4,restormer_deblur,deep,0.8981560468673706,30.99739655504034,0.417730814559905,28.754703021765557,28.703396949268466,0.870600700378418,25.38804033720718
screw,0,texture,0.0123291015625,defocus,2,identity,classical,0.9240555167198181,1.0,0.0,38.648240414952085,38.43478083962284,0.9668661952018738,38.43478083962284
screw,0,texture,0.0123291015625,defocus,2,wiener,classical,0.5065785050392151,0.5362320174025021,-6.392197044695306,22.026145689001506,21.875248945644422,0.788642168045044,38.43478083962284
screw,0,texture,0.0123291015625,defocus,2,classical_pipeline,classical,0.49312421679496765,0.5616610771228415,-8.33682111487652,21.55619285297014,21.426130516685973,0.7842006087303162,38.43478083962284
screw,0,texture,0.0123291015625,defocus,2,bilateral,classical,0.9268417358398438,1.0026507158022466,-0.09994389293275385,38.31473356728759,38.12302295420408,0.958660900592804,38.43478083962284
screw,0,texture,0.0123291015625,defocus,2,restormer_deblur,deep,0.977047324180603,0.8695319718810095,-1.9879741358888232,34.20730328134927,33.88279565819332,0.967769205570221,38.43478083962284
screw,0,texture,0.0123291015625,defocus,3,identity,classical,0.8930631279945374,1.0,0.0,36.23478768796348,36.04245697136242,0.949360191822052,36.04245697136242
screw,0,texture,0.0123291015625,defocus,3,wiener,classical,0.3772803843021393,0.5152151896943167,-5.889885266926432,20.909930202511152,20.776653203885118,0.7773690223693848,36.04245697136242
screw,0,texture,0.0123291015625,defocus,3,classical_pipeline,classical,0.37361475825309753,0.540526993355783,-7.3803256763939835,20.54177850315326,20.424360312725653,0.7723974585533142,36.04245697136242
screw,0,texture,0.0123291015625,defocus,3,bilateral,classical,0.8908973932266235,0.9948358935735323,-0.02987181092935387,36.11157760572151,35.919716036677514,0.9458006024360657,36.04245697136242
screw,0,texture,0.0123291015625,defocus,3,restormer_deblur,deep,0.9024556279182434,0.9640269382110317,-1.7535416557277723,32.700131337785315,32.48784153460244,0.9582045674324036,36.04245697136242
screw,0,texture,0.0123291015625,defocus,4,identity,classical,0.8495938777923584,1.0,0.0,34.11799068395687,33.92285677675352,0.9278003573417664,33.92285677675352
screw,0,texture,0.0123291015625,defocus,4,wiener,classical,0.15043692290782928,0.4516508123311879,-6.125306810640207,19.097983283275568,18.99327427996623,0.758478581905365,33.92285677675352
screw,0,texture,0.0123291015625,defocus,4,classical_pipeline,classical,0.16899548470973969,0.47718532069099445,-7.2295098840703,18.84910210097186,18.754719114558288,0.7518156170845032,33.92285677675352
screw,0,texture,0.0123291015625,defocus,4,bilateral,classical,0.8401874303817749,0.9882920176501683,-0.014444019098247107,33.96235753520041,33.76551985247136,0.9260122776031494,33.92285677675352
screw,0,texture,0.0123291015625,defocus,4,restormer_deblur,deep,0.9206667542457581,0.9616711293742752,-1.381745120119354,31.67184760280754,31.500229595476664,0.9463441371917725,33.92285677675352
screw,0,texture,0.0123291015625,motion,2,identity,classical,0.9052563905715942,1.0,0.0,37.26204367607225,37.06631340312323,0.960107147693634,37.06631340312323
screw,0,texture,0.0123291015625,motion,2,wiener,classical,0.5467206239700317,0.550951089067397,-5.677000503511029,21.918939579558888,21.77020192596167,0.7779555320739746,37.06631340312323
screw,0,texture,0.0123291015625,motion,2,classical_pipeline,classical,0.5157023668289185,0.5768800118585694,-7.3995697973182,21.485228919312185,21.356389159063994,0.777111828327179,37.06631340312323
screw,0,texture,0.0123291015625,motion,2,bilateral,classical,0.9038476347923279,0.9979629507439844,-0.09539323139443368,36.8643443188354,36.683649434697905,0.9518799781799316,37.06631340312323
screw,0,texture,0.0123291015625,motion,2,restormer_deblur,deep,0.9663243293762207,1.044900623251167,0.2946586144603246,41.837086003778765,41.348131035530116,0.977050244808197,37.06631340312323
screw,0,texture,0.0123291015625,motion,3,identity,classical,0.9199740290641785,1.0,0.0,34.526550270837845,34.434317554660765,0.9389141201972961,34.434317554660765
screw,0,texture,0.0123291015625,motion,3,wiener,classical,0.38264888525009155,0.4904719382198216,-4.916449910963601,20.9076934141892,20.77279136001774,0.7724226117134094,34.434317554660765
screw,0,texture,0.0123291015625,motion,3,classical_pipeline,classical,0.38251054286956787,0.5141234141057042,-6.183661537499304,20.55148822966082,20.431677955996996,0.7672142386436462,34.434317554660765
screw,0,texture,0.0123291015625,motion,3,bilateral,classical,0.9220466017723083,0.9995338353475514,-0.05235245089174634,34.29716884759384,34.21344310179902,0.932809054851532,34.434317554660765
screw,0,texture,0.0123291015625,motion,3,restormer_deblur,deep,0.9629067182540894,0.996718114917793,0.42623654992904736,41.79435509571838,41.24545085608681,0.9732254147529602,34.434317554660765
screw,0,texture,0.0123291015625,motion,4,identity,classical,0.9040501117706299,1.0,0.0,33.202753833520504,33.088000445612174,0.9233147501945496,33.088000445612174
screw,0,texture,0.0123291015625,motion,4,wiener,classical,0.8514363765716553,0.8128316609630796,-0.8693775401200778,29.640734896137772,29.449536613571766,0.8877363204956055,33.088000445612174
screw,0,texture,0.0123291015625,motion,4,classical_pipeline,classical,0.8299358487129211,1.074121445763946,-1.1179849928842245,30.626326336599785,30.586853698715018,0.9219865798950195,33.088000445612174
screw,0,texture,0.0123291015625,motion,4,bilateral,classical,0.9047279953956604,0.9958499561241264,-0.038970339998378734,33.02067663612626,32.916663816166796,0.9185243248939514,33.088000445612174
screw,0,texture,0.0123291015625,motion,4,restormer_deblur,deep,0.9040501117706299,1.0,0.0,33.202753833520504,33.088000445612174,0.9233147501945496,33.088000445612174
screw,1,scratch,0.001251220703125,defocus,2,identity,classical,0.45036888122558594,1.0,0.0,37.007533637589624,36.64870144683717,0.9602228999137878,36.64870144683717
screw,1,scratch,0.001251220703125,defocus,2,wiener,classical,0.015987016260623932,0.012110101935722522,-6.175682401236964,20.49502401932294,20.473807490470037,0.7417728304862976,36.64870144683717
screw,1,scratch,0.001251220703125,defocus,2,classical_pipeline,classical,0.012853965163230896,0.01380015201101848,-8.194885812863646,20.098769581859276,20.07945343790393,0.7590460777282715,36.64870144683717
screw,1,scratch,0.001251220703125,defocus,2,bilateral,classical,0.37404361367225647,0.899066233738895,-0.09428706500783957,36.523777403590096,36.1164975205316,0.9496782422065735,36.64870144683717
screw,1,scratch,0.001251220703125,defocus,2,restormer_deblur,deep,0.710028886795044,1.5864044579146428,-1.5727448284536432,33.93343600382393,33.85457489123851,0.9695138335227966,36.64870144683717
screw,1,scratch,0.001251220703125,defocus,3,identity,classical,0.3178916573524475,1.0,0.0,34.572180602792365,34.26446094764371,0.9397031664848328,34.26446094764371
screw,1,scratch,0.001251220703125,defocus,3,wiener,classical,0.019130373373627663,0.13371556205348065,-5.544994281881734,19.492227172276902,19.47576774075031,0.7231078743934631,34.26446094764371
screw,1,scratch,0.001251220703125,defocus,3,classical_pipeline,classical,0.017884740605950356,0.16705245008445394,-7.047058823529412,19.210189069616202,19.19524998779289,0.7464971542358398,34.26446094764371
screw,1,scratch,0.001251220703125,defocus,3,bilateral,classical,0.25758254528045654,0.8555583790364062,-0.03375108558260309,34.39056528168435,34.045318787517665,0.9345204830169678,34.26446094764371
screw,1,scratch,0.001251220703125,defocus,3,restormer_deblur,deep,0.3898859918117523,0.8133260406759137,-1.264869042193694,32.21729006041496,32.036696078862064,0.9489872455596924,34.26446094764371
screw,1,scratch,0.001251220703125,defocus,4,identity,classical,0.21454103291034698,1.0,0.0,32.471822270539654,32.22363973131512,0.9154888987541199,32.22363973131512
screw,1,scratch,0.001251220703125,defocus,4,wiener,classical,0.011477175168693066,0.37765610890760914,-5.6330757166015095,17.927787633305257,17.917492529010005,0.6976072192192078,32.22363973131512
screw,1,scratch,0.001251220703125,defocus,4,classical_pipeline,classical,0.014598222449421883,0.35839354779326615,-6.64269989538108,17.792052556757024,17.783020073045808,0.7343935370445251,32.22363973131512
screw,1,scratch,0.001251220703125,defocus,4,bilateral,classical,0.18987470865249634,0.96520680064948,-0.015141606089160486,32.28850772433952,32.03616842288685,0.9131490588188171,32.22363973131512
screw,1,scratch,0.001251220703125,defocus,4,restormer_deblur,deep,0.23404760658740997,0.5002546844553747,-0.8925633644004083,30.830943261791894,30.63731570048358,0.9255073070526123,32.22363973131512
screw,1,scratch,0.001251220703125,motion,2,identity,classical,0.27830156683921814,1.0,0.0,35.54107038834203,35.117739486312686,0.9509508013725281,35.117739486312686
screw,1,scratch,0.001251220703125,motion,2,wiener,classical,0.09160719066858292,0.9021059651708546,-4.5631635115588125,21.783638851821546,21.747504151482513,0.7501103281974792,35.117739486312686
screw,1,scratch,0.001251220703125,motion,2,classical_pipeline,classical,0.09205229580402374,0.9619628180691222,-6.5136160321186605,21.202790930582594,21.170904664288088,0.7686443328857422,35.117739486312686
screw,1,scratch,0.001251220703125,motion,2,bilateral,classical,0.2378474473953247,0.9536571761648147,-0.09016366011408095,35.210878891619764,34.77619685856374,0.9413900375366211,35.117739486312686
screw,1,scratch,0.001251220703125,motion,2,restormer_deblur,deep,0.810108482837677,4.1587600936285005,0.34147156519890776,41.33102521498057,41.185902373928585,0.9774394035339355,35.117739486312686
screw,1,scratch,0.001251220703125,motion,3,identity,classical,0.29530811309814453,1.0,0.0,32.96158230091654,32.73576973135416,0.9261166453361511,32.73576973135416
screw,1,scratch,0.001251220703125,motion,3,wiener,classical,0.02020396664738655,0.07200057830490454,-4.743188609126093,19.419384845944112,19.403687312827685,0.6934609413146973,32.73576973135416
screw,1,scratch,0.001251220703125,motion,3,classical_pipeline,classical,0.01537482813000679,0.15410806505883798,-5.960907051755372,19.190328573844205,19.17596437345978,0.7335836291313171,32.73576973135416
screw,1,scratch,0.001251220703125,motion,3,bilateral,classical,0.2477494478225708,0.938057020960759,-0.04203093691341597,32.68591486186446,32.446157253016324,0.9187837243080139,32.73576973135416
screw,1,scratch,0.001251220703125,motion,3,restormer_deblur,deep,0.7722498774528503,3.4915863769685798,0.45134652111607687,40.27099404138695,40.118330313379616,0.9732748866081238,32.73576973135416
screw,1,scratch,0.001251220703125,motion,4,identity,classical,0.7198508977890015,1.0,0.0,32.1800852087187,32.13526860382892,0.9255189299583435,32.13526860382892
screw,1,scratch,0.001251220703125,motion,4,wiener,classical,0.05187208205461502,0.09195697306002024,-1.022609531888199,27.784537256437098,27.66968977604659,0.8670522570610046,32.13526860382892
screw,1,scratch,0.001251220703125,motion,4,classical_pipeline,classical,0.7307877540588379,1.0401097587884685,-1.7813688241743475,28.324438624996013,28.301619597623123,0.9227754473686218,32.13526860382892
screw,1,scratch,0.001251220703125,motion,4,bilateral,classical,0.6779125332832336,1.061319661114202,-0.03443864324976831,32.0588430249449,32.00380448498587,0.9200253486633301,32.13526860382892
screw,1,scratch,0.001251220703125,motion,4,restormer_deblur,deep,0.7198508977890015,1.0,0.0,32.1800852087187,32.13526860382892,0.9255189299583435,32.13526860382892
screw,2,blob,0.0081939697265625,defocus,2,identity,classical,0.985415518283844,1.0,0.0,36.66568774221753,36.69738077084809,0.9653186202049255,36.69738077084809
screw,2,blob,0.0081939697265625,defocus,2,wiener,classical,0.4468354284763336,0.02756007700978066,-5.57939785925569,21.70587083111986,21.720092150986105,0.8022845387458801,36.69738077084809
screw,2,blob,0.0081939697265625,defocus,2,classical_pipeline,classical,0.4213062524795532,0.02005093292392583,-7.794007045792831,21.028874722618763,21.042437022667624,0.8015241622924805,36.69738077084809
screw,2,blob,0.0081939697265625,defocus,2,bilateral,classical,0.9559864401817322,0.9975534415184081,-0.07917199016606569,36.27773313937571,36.30654971686562,0.957832396030426,36.69738077084809
screw,2,blob,0.0081939697265625,defocus,2,restormer_deblur,deep,0.982319712638855,1.0783826480623508,-1.6218098531558116,33.62802637139311,33.634908156795575,0.9716694951057434,36.69738077084809
screw,2,blob,0.0081939697265625,defocus,3,identity,classical,0.9709395170211792,1.0,0.0,34.048980928677025,34.08138918247716,0.9461129307746887,34.08138918247716
screw,2,blob,0.0081939697265625,defocus,3,wiener,classical,0.2876804769039154,0.031260167839774325,-4.822563642063652,20.77256955816335,20.787204711804467,0.7933736443519592,34.08138918247716
screw,2,blob,0.0081939697265625,defocus,3,classical_pipeline,classical,0.2831787168979645,0.031328864924230176,-6.441504308339529,20.27547019998891,20.28815791684917,0.7947554588317871,34.08138918247716
screw,2,blob,0.0081939697265625,defocus,3,bilateral,classical,0.941925048828125,0.9877496286928673,-0.023452300534276382,33.90195969915757,33.93209644462824,0.9428964257240295,34.08138918247716
screw,2,blob,0.0081939697265625,defocus,3,restormer_deblur,deep,0.9187803864479065,1.06669323686631,-1.140347304245212,32.84553252779129,32.839449329958626,0.9641551971435547,34.08138918247716
screw,2,blob,0.0081939697265625,defocus,4,identity,classical,0.9403043389320374,1.0,0.0,31.662539827074163,31.694443202386736,0.918501079082489,31.694443202386736
screw,2,blob,0.0081939697265625,defocus,4,wiener,classical,0.06401235610246658,0.1198293561550359,-4.865698733223291,18.89695816775159,18.916774735391666,0.7524788975715637,31.694443202386736
screw,2,blob,0.0081939697265625,defocus,4,classical_pipeline,classical,0.0981961190700531,0.11304081044631151,-5.997675341535558,18.644489447806066,18.66046584822708,0.7554489970207214,31.694443202386736
screw,2,blob,0.0081939697265625,defocus,4,bilateral,classical,0.9126063585281372,0.9799366334618125,-0.011018138889065332,31.519952196161896,31.549880418456176,0.9165201187133789,31.694443202386736
screw,2,blob,0.0081939697265625,defocus,4,restormer_deblur,deep,0.9362037777900696,1.114741259599126,-0.8695618521974593,30.629539338146405,30.64202273340623,0.9336102604866028,31.694443202386736
screw,2,blob,0.0081939697265625,motion,2,identity,classical,0.9766996502876282,1.0,0.0,35.24146601278587,35.27393349581334,0.9606180191040039,35.27393349581334
screw,2,blob,0.0081939697265625,motion,2,wiener,classical,0.6205637454986572,0.11649781800103891,-4.182426730976085,22.39032171488793,22.407760301412978,0.7847914695739746,35.27393349581334
screw,2,blob,0.0081939697265625,motion,2,classical_pipeline,classical,0.574140191078186,0.09512319443637622,-6.273344171631491,21.57192267343952,21.589409982643645,0.785008430480957,35.27393349581334
screw,2,blob,0.0081939697265625,motion,2,bilateral,classical,0.9477730393409729,0.99748471316827,-0.10054985535292404,34.77035040352957,34.80018921803634,0.9504420161247253,35.27393349581334
screw,2,blob,0.0081939697265625,motion,2,restormer_deblur,deep,1.0001213550567627,1.051345380106029,0.2939369790617832,39.569306873192794,39.59938176123511,0.9777836799621582,35.27393349581334
screw,2,blob,0.0081939697265625,motion,3,identity,classical,0.9414469003677368,1.0,0.0,32.11971662292793,32.151190915659555,0.9274609088897705,32.151190915659555
screw,2,blob,0.0081939697265625,motion,3,wiener,classical,0.28877970576286316,0.03618583918507294,-3.8287418514709666,20.835595853158424,20.850111284561102,0.7910344004631042,32.151190915659555
screw,2,blob,0.0081939697265625,motion,3,classical_pipeline,classical,0.2848241627216339,0.03622148572775816,-5.16055962596776,20.34760703700391,20.360178419198295,0.7930722236633301,32.151190915659555
screw,2,blob,0.0081939697265625,motion,3,bilateral,classical,0.9138674139976501,0.9942785447798771,-0.031284804157936774,31.922532217486076,31.95196261863138,0.9221938252449036,32.151190915659555
screw,2,blob,0.0081939697265625,motion,3,restormer_deblur,deep,1.0022960901260376,1.1680841560521817,0.4794819932265686,40.08996672415903,40.117587744851654,0.9753124117851257,32.151190915659555
screw,2,blob,0.0081939697265625,motion,4,identity,classical,0.9338481426239014,1.0,0.0,31.85191183808575,31.882767468350668,0.9269728064537048,31.882767468350668
screw,2,blob,0.0081939697265625,motion,4,wiener,classical,0.8761149644851685,0.7769088909662314,-0.9161468076980059,27.86662623140839,27.89040481338541,0.8785416483879089,31.882767468350668
screw,2,blob,0.0081939697265625,motion,4,classical_pipeline,classical,0.8670116066932678,1.1571032232269938,-1.8970063522461431,27.5952177744569,27.627672137622696,0.9223954081535339,31.882767468350668
screw,2,blob,0.0081939697265625,motion,4,bilateral,classical,0.9066089391708374,0.9854996279749262,-0.023724222929744965,31.716532753074862,31.74531543758581,0.9233412742614746,31.882767468350668
screw,2,blob,0.0081939697265625,motion,4,restormer_deblur,deep,0.9338481426239014,1.0,0.0,31.85191183808575,31.882767468350668,0.9269728064537048,31.882767468350668
screw,3,texture,0.005035400390625,defocus,2,identity,classical,0.9087453484535217,1.0,0.0,38.844100083125774,38.5526812028682,0.9705232977867126,38.5526812028682
screw,3,texture,0.005035400390625,defocus,2,wiener,classical,0.49455782771110535,0.18809834196875916,-6.828294069257794,21.452022867786262,21.385854195432263,0.7862499356269836,38.5526812028682
screw,3,texture,0.005035400390625,defocus,2,classical_pipeline,classical,0.4755624532699585,0.18803468399353895,-9.134143288444236,20.923211587495445,20.877247124737274,0.7835542559623718,38.5526812028682
screw,3,texture,0.005035400390625,defocus,2,bilateral,classical,0.91056227684021,1.129647277895707,-0.11603577163113843,38.30693907491677,38.07029550315749,0.9618213176727295,38.5526812028682
screw,3,texture,0.005035400390625,defocus,2,restormer_deblur,deep,0.9188353419303894,1.0971751174590996,-2.346040921403831,33.66781807708816,33.58166022790408,0.9762701988220215,38.5526812028682
screw,3,texture,0.005035400390625,defocus,3,identity,classical,0.8683357834815979,1.0,0.0,36.16479921262468,35.93171497894973,0.9536593556404114,35.93171497894973
screw,3,texture,0.005035400390625,defocus,3,wiener,classical,0.3906826972961426,0.14565940381918818,-6.132627171640014,20.2865814812319,20.229246374965236,0.7607322335243225,35.93171497894973
screw,3,texture,0.005035400390625,defocus,3,classical_pipeline,classical,0.3755302131175995,0.1465103306595023,-7.862396395130219,19.86836448345766,19.827583305609856,0.7575510144233704,35.93171497894973
screw,3,texture,0.005035400390625,defocus,3,bilateral,classical,0.8665162920951843,1.088990857451902,-0.04264502144843729,35.85809847127922,35.65059168457617,0.9490194320678711,35.93171497894973
screw,3,texture,0.005035400390625,defocus,3,restormer_deblur,deep,0.8796115517616272,0.8528418267745114,-1.673055490934423,32.647507285269064,32.52702885306317,0.9623283743858337,35.93171497894973
screw,3,texture,0.005035400390625,defocus,4,identity,classical,0.8084670901298523,1.0,0.0,33.59962063553413,33.41104228881646,0.9291079640388489,33.41104228881646
screw,3,texture,0.005035400390625,defocus,4,wiener,classical,0.20231589674949646,0.025864491551616527,-6.03241312871277,18.617136008865295,18.57372450025367,0.7480040192604065,33.41104228881646
screw,3,texture,0.005035400390625,defocus,4,classical_pipeline,classical,0.1984451860189438,0.030867379519136533,-7.2427132368602045,18.331324304890938,18.299053237220026,0.7457823753356934,33.41104228881646
screw,3,texture,0.005035400390625,defocus,4,bilateral,classical,0.8001794219017029,1.0486894713877868,-0.020106387627649935,33.358875188986865,33.17993749347713,0.9265205264091492,33.41104228881646
screw,3,texture,0.005035400390625,defocus,4,restormer_deblur,deep,0.8549304008483887,1.1425393477871202,-0.874009616342349,32.473835693009704,32.33618346347546,0.9486568570137024,33.41104228881646
screw,3,texture,0.005035400390625,motion,2,identity,classical,0.9444281458854675,1.0,0.0,37.50123730621632,37.37018516215061,0.9650996327400208,37.37018516215061
screw,3,texture,0.005035400390625,motion,2,wiener,classical,0.5035306215286255,0.11049363631894117,-5.958577492884744,21.586914849599847,21.516299919495747,0.7838017344474792,37.37018516215061
screw,3,texture,0.005035400390625,motion,2,classical_pipeline,classical,0.4787500500679016,0.11398352839867794,-7.994942895114294,21.045755364271415,20.9975252397891,0.7830846309661865,37.37018516215061
screw,3,texture,0.005035400390625,motion,2,bilateral,classical,0.9474310278892517,1.1751023688500248,-0.10563504301332882,36.93871466444196,36.83840274891438,0.9560208916664124,37.37018516215061
screw,3,texture,0.005035400390625,motion,2,restormer_deblur,deep,0.9013853669166565,1.1734383037134433,-2.3094856333111884,32.218277477055665,32.13859176523056,0.9653245806694031,37.37018516215061
screw,3,texture,0.005035400390625,motion,3,identity,classical,0.9092733263969421,1.0,0.0,34.34672219132339,34.244463859323474,0.9403690695762634,34.244463859323474
screw,3,texture,0.005035400390625,motion,3,wiener,classical,0.3746088743209839,0.09815216808051823,-5.128964414615441,20.274401995061847,20.212675177353134,0.7509642243385315,34.244463859323474
screw,3,texture,0.005035400390625,motion,3,classical_pipeline,classical,0.35894352197647095,0.10357522401531716,-6.578760555813117,19.8863457734604,19.842756070350735,0.7534732818603516,34.244463859323474
screw,3,texture,0.005035400390625,motion,3,bilateral,classical,0.9099726676940918,1.1286926455071493,-0.055119433961446695,34.03740710883292,33.9500238331802,0.9335741400718689,34.244463859323474
screw,3,texture,0.005035400390625,motion,3,restormer_deblur,deep,0.9618054628372192,1.514206840689732,0.43097083150994164,41.7267961767849,41.47942871514645,0.9758210182189941,34.244463859323474
screw,3,texture,0.005035400390625,motion,4,identity,classical,0.7480844259262085,1.0,0.0,33.1843618779322,32.95091208352279,0.9335569739341736,32.95091208352279
screw,3,texture,0.005035400390625,motion,4,wiener,classical,0.6771038770675659,0.8541870064393696,-1.1948381131856225,28.04445806469012,27.948214231049917,0.8721215128898621,32.95091208352279
screw,3,texture,0.005035400390625,motion,4,classical_pipeline,classical,0.7154919505119324,0.9632567021843309,-1.54690274160505,30.0161595085631,29.94167353000266,0.931727945804596,32.95091208352279
screw,3,texture,0.005035400390625,motion,4,bilateral,classical,0.7359755635261536,1.0019421600593499,-0.027215981286455193,33.057447787962836,32.82451053718133,0.9303016662597656,32.95091208352279
screw,3,texture,0.005035400390625,motion,4,restormer_deblur,deep,0.7480844259262085,1.0,0.0,33.1843618779322,32.95091208352279,0.9335569739341736,32.95091208352279
screw,4,scratch,0.0060577392578125,defocus,2,identity,classical,0.8425893187522888,1.0,0.0,38.007574578209486,37.85013832379001,0.9671289920806885,37.85013832379001
screw,4,scratch,0.0060577392578125,defocus,2,wiener,classical,0.008960166946053505,0.05293348475335465,-5.399107569594029,22.449158111889705,22.357324365998842,0.7536790370941162,37.85013832379001
screw,4,scratch,0.0060577392578125,defocus,2,classical_pipeline,classical,0.008033043704926968,0.05967367914146218,-7.78285433111772,21.794176114316418,21.67502085591063,0.761605441570282,37.85013832379001
screw,4,scratch,0.0060577392578125,defocus,2,bilateral,classical,0.8097372651100159,1.1202907794062151,-0.10393067653607502,37.53693768228536,37.350915355321035,0.958035945892334,37.85013832379001
screw,4,scratch,0.0060577392578125,defocus,2,restormer_deblur,deep,0.8102483749389648,2.2296670322742482,-1.7803887682161537,34.38451797948752,34.363009958021735,0.9754672646522522,37.85013832379001
screw,4,scratch,0.0060577392578125,defocus,3,identity,classical,0.742302417755127,1.0,0.0,35.23325765658606,35.050287049313674,0.9464110732078552,35.050287049313674
screw,4,scratch,0.0060577392578125,defocus,3,wiener,classical,0.020214123651385307,0.011953183743043732,-4.247651337927823,22.207241635095883,22.12279099704634,0.7716953158378601,35.050287049313674
screw,4,scratch,0.0060577392578125,defocus,3,classical_pipeline,classical,0.0162665955722332,0.021650654688185077,-5.9707159041577125,21.63069452954261,21.51680546706561,0.7827634215354919,35.050287049313674
screw,4,scratch,0.0060577392578125,defocus,3,bilateral,classical,0.7012424468994141,1.0183106801494415,-0.03952801449144894,35.00245777492902,34.762874653026174,0.9410565495491028,35.050287049313674
screw,4,scratch,0.0060577392578125,defocus,3,restormer_deblur,deep,0.7822563648223877,2.5209856800193142,-1.6743487120361888,32.3936461070534,32.39361540088876,0.9647467732429504,35.050287049313674
screw,4,scratch,0.0060577392578125,defocus,4,identity,classical,0.5854489207267761,1.0,0.0,32.6949257628092,32.464404299400364,0.9152409434318542,32.464404299400364
screw,4,scratch,0.0060577392578125,defocus,4,wiener,classical,0.03253306448459625,0.049618958055243745,-3.8946843942088867,20.901444393537055,20.844905451939646,0.7501043677330017,32.464404299400364
screw,4,scratch,0.0060577392578125,defocus,4,classical_pipeline,classical,0.02768230438232422,0.07291768316509348,-5.086848870045702,20.551856091021875,20.466023658989748,0.767419159412384,32.464404299400364
screw,4,scratch,0.0060577392578125,defocus,4,bilateral,classical,0.5378216505050659,0.9255483292892803,-0.017783500370688543,32.52751198166934,32.25930778722123,0.9121754169464111,32.464404299400364
screw,4,scratch,0.0060577392578125,defocus,4,restormer_deblur,deep,0.6860672235488892,1.887560211533366,-1.1744260149534735,31.270357986296574,31.227063886181092,0.9465482831001282,32.464404299400364
screw,4,scratch,0.0060577392578125,motion,2,identity,classical,0.9175988435745239,1.0,0.0,36.84096511878667,36.790501669682364,0.9623448848724365,36.790501669682364
screw,4,scratch,0.0060577392578125,motion,2,wiener,classical,0.012038461863994598,0.08411426616668581,-4.509804063581053,22.958760725214077,22.85176815492836,0.7415309548377991,36.790501669682364
screw,4,scratch,0.0060577392578125,motion,2,classical_pipeline,classical,0.010258849710226059,0.08635874844626425,-6.80343607926686,22.285633606309744,22.150298680469103,0.7564191222190857,36.790501669682364
screw,4,scratch,0.0060577392578125,motion,2,bilateral,classical,0.8911653161048889,1.1865613782201936,-0.0848435431775405,36.60823323815009,36.542871032922065,0.9546332955360413,36.790501669682364
screw,4,scratch,0.0060577392578125,motion,2,restormer_deblur,deep,0.9734293818473816,1.2509239548624531,0.32720937266334527,42.6621398839427,42.55406241861321,0.9818882346153259,36.790501669682364
screw,4,scratch,0.0060577392578125,motion,3,identity,classical,0.4742242097854614,1.0,0.0,32.46864611524094,32.13837460910684,0.9124158024787903,32.13837460910684
screw,4,scratch,0.0060577392578125,motion,3,wiener,classical,0.09688529372215271,0.546765910263662,-3.0654350945370368,22.200023352993323,22.101072263780818,0.7440549731254578,32.13837460910684
screw,4,scratch,0.0060577392578125,motion,3,classical_pipeline,classical,0.09330794215202332,0.7674855397816525,-4.36055237294986,21.63649642563069,21.5059089515604,0.7608654499053955,32.13837460910684
screw,4,scratch,0.0060577392578125,motion,3,bilateral,classical,0.4473685324192047,1.04297319390188,-0.03544836230445103,32.349277919032836,32.008385523865726,0.9071071743965149,32.13837460910684
screw,4,scratch,0.0060577392578125,motion,3,restormer_deblur,deep,1.010854959487915,5.855663030893954,0.5329684206097187,42.12823074054377,42.018890430489535,0.977220356464386,32.13837460910684
screw,4,scratch,0.0060577392578125,motion,4,identity,classical,0.42841625213623047,1.0,0.0,31.45206023186524,31.1569469951117,0.8934633135795593,31.1569469951117
screw,4,scratch,0.0060577392578125,motion,4,wiener,classical,0.06403536349534988,0.22592253441031385,-3.232035710623757,20.88484912338773,20.831301654709037,0.7316097617149353,31.1569469951117
screw,4,scratch,0.0060577392578125,motion,4,classical_pipeline,classical,0.13452765345573425,0.23479400524465732,-4.239686968844851,20.545968082607917,20.462020225916365,0.7538201212882996,31.1569469951117
screw,4,scratch,0.0060577392578125,motion,4,bilateral,classical,0.4092126488685608,1.1120531341167397,-0.007758022878342263,31.505226127051216,31.193709715969952,0.89348965883255,31.1569469951117
screw,4,scratch,0.0060577392578125,motion,4,restormer_deblur,deep,0.9785115122795105,7.320018591040299,0.5841355239070194,41.81023299727731,41.72623282102454,0.9767465591430664,31.1569469951117
screw,5,blob,0.017852783203125,defocus,2,identity,classical,0.9939330816268921,1.0,0.0,38.496381565564064,38.3271981533215,0.9660932421684265,38.3271981533215
screw,5,blob,0.017852783203125,defocus,2,wiener,classical,0.7419686317443848,0.550105321219859,-6.821761688621381,20.534090631410006,20.503610319690267,0.7562601566314697,38.3271981533215
screw,5,blob,0.017852783203125,defocus,2,classical_pipeline,classical,0.7179319262504578,0.5752923452774084,-10.289397255227666,19.68154163095157,19.666072061336095,0.7546946406364441,38.3271981533215
screw,5,blob,0.017852783203125,defocus,2,bilateral,classical,0.9826067090034485,0.9568505142134339,-0.111013805655654,38.02584783888966,37.892046630175,0.9553421139717102,38.3271981533215
screw,5,blob,0.017852783203125,defocus,2,restormer_deblur,deep,0.9468445777893066,0.9938146245723654,-1.715064514234459,34.57587266215733,34.515798514151356,0.9728970527648926,38.3271981533215
screw,5,blob,0.017852783203125,defocus,3,identity,classical,0.9877846240997314,1.0,0.0,36.06318700410305,35.87748796178014,0.9491135478019714,35.87748796178014
screw,5,blob,0.017852783203125,defocus,3,wiener,classical,0.6438031196594238,0.43597857652478567,-6.100511149863871,19.649287570701684,19.614398328782638,0.7528724670410156,35.87748796178014
screw,5,blob,0.017852783203125,defocus,3,classical_pipeline,classical,0.6226500868797302,0.47594195705047404,-8.75654499670148,18.914854753686768,18.893066305754896,0.7516002655029297,35.87748796178014
screw,5,blob,0.017852783203125,defocus,3,bilateral,classical,0.9769455194473267,0.9491097011404123,-0.03661976925576882,35.898867505968944,35.72593910896921,0.9442164897918701,35.87748796178014
screw,5,blob,0.017852783203125,defocus,3,restormer_deblur,deep,1.0758949518203735,1.1147709943674622,-1.4105015430057364,32.807315998597126,32.73618836193317,0.954589307308197,35.87748796178014
screw,5,blob,0.017852783203125,defocus,4,identity,classical,0.9743725657463074,1.0,0.0,33.86264304629517,33.668286038290624,0.9287921786308289,33.668286038290624
screw,5,blob,0.017852783203125,defocus,4,wiener,classical,0.44822606444358826,0.5446946227408493,-6.144602316349905,18.13877259782776,18.101858407413648,0.7357341647148132,33.668286038290624
screw,5,blob,0.017852783203125,defocus,4,classical_pipeline,classical,0.43435949087142944,0.6291685124755595,-8.109465506120095,17.574653071110188,17.54736199770035,0.7354748845100403,33.668286038290624
screw,5,blob,0.017852783203125,defocus,4,bilateral,classical,0.9641721248626709,0.9473550806676628,-0.010803323801516607,33.74209081849342,33.55407487090982,0.9271451830863953,33.668286038290624
screw,5,blob,0.017852783203125,defocus,4,restormer_deblur,deep,1.0965373516082764,1.087523497821651,-0.8156084242613983,32.15929579017191,31.99459205343871,0.9362072348594666,33.668286038290624
screw,5,blob,0.017852783203125,motion,2,identity,classical,0.9891591668128967,1.0,0.0,37.405775989516684,37.096824490911146,0.9617330431938171,37.096824490911146
screw,5,blob,0.017852783203125,motion,2,wiener,classical,0.8349235653877258,0.35361034710858896,-5.028156354872744,21.848044090459933,21.804378354809653,0.7704142928123474,37.096824490911146
screw,5,blob,0.017852783203125,motion,2,classical_pipeline,classical,0.8084779977798462,0.3692165306638029,-8.256599855753734,20.792016090748355,20.77086607232264,0.7668268084526062,37.096824490911146
screw,5,blob,0.017852783203125,motion,2,bilateral,classical,0.9779903888702393,0.9481272044113669,-0.10260574623036711,36.94739285601302,36.666664747076545,0.950935423374176,37.096824490911146
screw,5,blob,0.017852783203125,motion,2,restormer_deblur,deep,1.0004454851150513,1.0416790528808773,0.3217235941950276,42.71779073206247,42.64910328026293,0.979415237903595,37.096824490911146
screw,5,blob,0.017852783203125,motion,3,identity,classical,0.9741054177284241,1.0,0.0,34.14437320728641,33.85871020329502,0.9386168122291565,33.85871020329502
screw,5,blob,0.017852783203125,motion,3,wiener,classical,0.6444218754768372,0.5003071015357573,-4.960982568839125,19.617426838661324,19.581866901190008,0.7404768466949463,33.85871020329502
screw,5,blob,0.017852783203125,motion,3,classical_pipeline,classical,0.6217828989028931,0.5662540353890827,-7.171274147955971,18.891499256232272,18.86851866439272,0.7412369847297668,33.85871020329502
screw,5,blob,0.017852783203125,motion,3,bilateral,classical,0.9635345935821533,0.9542534038275813,-0.042844114104505504,33.898701656098794,33.6241182798276,0.9318937659263611,33.85871020329502
screw,5,blob,0.017852783203125,motion,3,restormer_deblur,deep,0.9985508322715759,1.1130811343710107,0.4447239301938358,41.69414978996364,41.644164778405674,0.9740063548088074,33.85871020329502
screw,5,blob,0.017852783203125,motion,4,identity,classical,0.9669287204742432,1.0,0.0,32.790802075756595,32.64913997603197,0.9230718016624451,32.64913997603197
screw,5,blob,0.017852783203125,motion,4,wiener,classical,0.9381694793701172,0.5939670105740451,-0.8496229952070993,28.916652288767636,28.78704052350431,0.8930781483650208,32.64913997603197
screw,5,blob,0.017852783203125,motion,4,classical_pipeline,classical,0.9420549273490906,0.9880033920412078,-1.952142882722311,28.04453186861079,28.039281062725966,0.918893039226532,32.64913997603197
screw,5,blob,0.017852783203125,motion,4,bilateral,classical,0.9577109217643738,0.9611841439290048,-0.03006831015530742,32.63061130362878,32.491569230864656,0.9176969528198242,32.64913997603197
screw,5,blob,0.017852783203125,motion,4,restormer_deblur,deep,0.9669287204742432,1.0,0.0,32.790802075756595,32.64913997603197,0.9230718016624451,32.64913997603197
screw,6,texture,0.0126495361328125,defocus,2,identity,classical,0.6593921184539795,1.0,0.0,38.828587601869444,38.383667827478305,0.964724600315094,38.383667827478305
screw,6,texture,0.0126495361328125,defocus,2,wiener,classical,0.5404216051101685,0.02882339054053211,-5.7929604710388,22.21941311523581,22.222634225916515,0.7591955065727234,38.383667827478305
screw,6,texture,0.0126495361328125,defocus,2,classical_pipeline,classical,0.5041834712028503,0.027604151283261956,-8.228367842743905,21.645488094423413,21.649069168004914,0.773642361164093,38.383667827478305
screw,6,texture,0.0126495361328125,defocus,2,bilateral,classical,0.5146564841270447,1.0066491252519412,-0.0985153843147728,38.47032881565687,37.93298212429209,0.9545442461967468,38.383667827478305
screw,6,texture,0.0126495361328125,defocus,2,restormer_deblur,deep,0.7985552549362183,1.2151234173726566,-1.8107090983697316,34.95413137727178,34.8248772409858,0.9740174412727356,38.383667827478305
screw,6,texture,0.0126495361328125,defocus,3,identity,classical,0.5488830208778381,1.0,0.0,36.30757285718716,35.96728119724482,0.9469764828681946,35.96728119724482
screw,6,texture,0.0126495361328125,defocus,3,wiener,classical,0.50881028175354,0.01741999098397335,-3.5677172432835897,23.59122676626057,23.583578265926597,0.7747630476951599,35.96728119724482
screw,6,texture,0.0126495361328125,defocus,3,classical_pipeline,classical,0.4652706980705261,0.008866598711921875,-5.4918226185118275,22.907002688805555,22.899294356578505,0.7955837249755859,35.96728119724482
screw,6,texture,0.0126495361328125,defocus,3,bilateral,classical,0.4339759945869446,0.977846124188246,-0.03514829013350296,36.163521250002475,35.77891447989172,0.9417802691459656,35.96728119724482
screw,6,texture,0.0126495361328125,defocus,3,restormer_deblur,deep,0.67331862449646,0.6549504616670899,-0.3992413191784725,33.114044844016945,32.939570084152734,0.9385755062103271,35.96728119724482
screw,6,texture,0.0126495361328125,defocus,4,identity,classical,0.4182664155960083,1.0,0.0,34.04672165496102,33.7868880468477,0.9245462417602539,33.7868880468477
screw,6,texture,0.0126495361328125,defocus,4,wiener,classical,0.2917765974998474,0.142114682008431,-4.787130692451366,20.07418138628978,20.10673413536604,0.7446772456169128,33.7868880468477
screw,6,texture,0.0126495361328125,defocus,4,classical_pipeline,classical,0.26260823011398315,0.18559664586750327,-6.1620597778077775,19.740006568286258,19.769619516149206,0.7718363404273987,33.7868880468477
screw,6,texture,0.0126495361328125,defocus,4,bilateral,classical,0.3433730900287628,0.972350660931917,-0.017810360502772182,33.86936211107894,33.604832151806775,0.922116219997406,33.7868880468477
screw,6,texture,0.0126495361328125,defocus,4,restormer_deblur,deep,0.7451989054679871,1.49951089026656,-1.348918366818487,31.239215077087486,31.121676502684057,0.939537763595581,33.7868880468477
screw,6,texture,0.0126495361328125,motion,2,identity,classical,0.6064284443855286,1.0,0.0,37.335825967484865,36.9406013833638,0.9575493335723877,36.9406013833638
screw,6,texture,0.0126495361328125,motion,2,wiener,classical,0.6546469926834106,0.019294116445327757,-4.138567228812657,23.41528313500803,23.400318183099706,0.7673757672309875,36.9406013833638
screw,6,texture,0.0126495361328125,motion,2,classical_pipeline,classical,0.5940125584602356,0.02155193540901918,-6.303176090263665,22.72814907400256,22.716583339300932,0.7854425311088562,36.9406013833638
screw,6,texture,0.0126495361328125,motion,2,bilateral,classical,0.4767318069934845,1.0638135610911235,-0.09406303732581112,36.931836335043705,36.50405976403578,0.9471901059150696,36.9406013833638
screw,6,texture,0.0126495361328125,motion,2,restormer_deblur,deep,0.8416627645492554,1.8234041417138291,0.3033886064473821,42.07646746638646,41.64554231822099,0.9779922366142273,36.9406013833638
screw,6,texture,0.0126495361328125,motion,3,identity,classical,0.5377605557441711,1.0,0.0,34.890740264038264,34.63749353301795,0.9374394416809082,34.63749353301795
screw,6,texture,0.0126495361328125,motion,3,wiener,classical,0.480571448802948,0.19875806441850874,-4.5508588657139315,21.182583928908265,21.20423385095675,0.7278997302055359,34.63749353301795
screw,6,texture,0.0126495361328125,motion,3,classical_pipeline,classical,0.4324148893356323,0.14874402142621942,-6.122183321063877,20.787124712749474,20.806626448149967,0.7589758038520813,34.63749353301795
screw,6,texture,0.0126495361328125,motion,3,bilateral,classical,0.39626041054725647,1.1077837325101645,-0.03510378166605488,34.754166659293546,34.47669028229235,0.9320857524871826,34.63749353301795
screw,6,texture,0.0126495361328125,motion,3,restormer_deblur,deep,0.8427761197090149,2.131846377262123,0.412457684168817,41.94607211630468,41.459297634348786,0.9753003120422363,34.63749353301795
screw,6,texture,0.0126495361328125,motion,4,identity,classical,0.43821603059768677,1.0,0.0,33.304739478332834,33.10156523114668,0.9213011264801025,33.10156523114668
screw,6,texture,0.0126495361328125,motion,4,wiener,classical,0.33168089389801025,0.32073137962757736,-4.477768665519997,20.052552641847868,20.085010301129994,0.728466808795929,33.10156523114668
screw,6,texture,0.0126495361328125,motion,4,classical_pipeline,classical,0.29144373536109924,0.3436566418452782,-5.728317403974376,19.724533839929002,19.75411870097621,0.7634308338165283,33.10156523114668
screw,6,texture,0.0126495361328125,motion,4,bilateral,classical,0.31477755308151245,1.1515757351802594,-0.026235995512026156,33.123002838004886,32.90707575728948,0.9164277911186218,33.10156523114668
screw,6,texture,0.0126495361328125,motion,4,restormer_deblur,deep,0.8441128730773926,2.735403153631434,0.47300572149372233,41.378941356451136,40.93571568635057,0.972191572189331,33.10156523114668
screw,7,scratch,0.01239013671875,defocus,2,identity,classical,0.8761351108551025,1.0,0.0,37.87713527233396,36.99234200781773,0.9654856324195862,36.99234200781773
screw,7,scratch,0.01239013671875,defocus,2,wiener,classical,0.014654573053121567,0.08247481673069701,-4.172588482491921,23.420913147956675,22.579533242188926,0.7852579951286316,36.99234200781773
screw,7,scratch,0.01239013671875,defocus,2,classical_pipeline,classical,0.011587828397750854,0.07978933253930037,-6.502989150422809,22.600349032452954,21.9319835940424,0.7873761057853699,36.99234200781773
screw,7,scratch,0.01239013671875,defocus,2,bilateral,classical,0.8764532208442688,1.0179740618002349,-0.08544834799358902,37.65168945933737,36.88870422083377,0.9576101899147034,36.99234200781773
screw,7,scratch,0.01239013671875,defocus,2,restormer_deblur,deep,0.86171555519104,1.0523146943714163,-1.8931705233881,34.20355247989312,33.957975548680594,0.9748480319976807,36.99234200781773
screw,7,scratch,0.01239013671875,defocus,3,identity,classical,0.8047217130661011,1.0,0.0,35.297154834991645,34.445560451361686,0.9458070397377014,34.445560451361686
screw,7,scratch,0.01239013671875,defocus,3,wiener,classical,0.013399574905633926,0.05294571210880401,-3.435904388392223,22.812959879914835,22.079184793451205,0.7765713334083557,34.445560451361686
screw,7,scratch,0.01239013671875,defocus,3,classical_pipeline,classical,0.012295939959585667,0.0638577579974341,-5.179971527445804,22.142632104387673,21.53966235765338,0.7803122401237488,34.445560451361686
screw,7,scratch,0.01239013671875,defocus,3,bilateral,classical,0.7981577515602112,1.005169938901917,-0.026336128268361403,35.232668083131685,34.40424709415719,0.9426941871643066,34.445560451361686
screw,7,scratch,0.01239013671875,defocus,3,restormer_deblur,deep,0.7837574481964111,1.0148522367577004,-1.8116417584018523,31.589784055478418,31.155083130299097,0.9519959092140198,34.445560451361686
screw,7,scratch,0.01239013671875,defocus,4,identity,classical,0.6921198964118958,1.0,0.0,33.037334450852704,32.074870641789275,0.9208223223686218,32.074870641789275
screw,7,scratch,0.01239013671875,defocus,4,wiener,classical,0.02118314988911152,0.22622879159222595,-3.1954702421694128,21.839850109221544,21.109878699053635,0.7565717697143555,32.074870641789275
screw,7,scratch,0.01239013671875,defocus,4,classical_pipeline,classical,0.018297705799341202,0.22955831845985766,-4.471491743454159,21.352712762758163,20.71821540275875,0.7618135809898376,32.074870641789275
screw,7,scratch,0.01239013671875,defocus,4,bilateral,classical,0.6810222864151001,0.9871478062781529,-0.012272055892991851,32.92822637261863,31.943163866228666,0.9192935824394226,32.074870641789275
screw,7,scratch,0.01239013671875,defocus,4,restormer_deblur,deep,0.7705382704734802,1.2470022707519912,-1.2096168479669496,30.735600292283365,30.449233815538726,0.9332160949707031,32.074870641789275
screw,7,scratch,0.01239013671875,motion,2,identity,classical,0.9600675106048584,1.0,0.0,37.48024980667075,37.223149158887225,0.9642329216003418,37.223149158887225
screw,7,scratch,0.01239013671875,motion,2,wiener,classical,0.19296720623970032,0.0035799081950689234,-5.536274944028356,21.602896067349278,21.032793206122324,0.7014290690422058,37.223149158887225
screw,7,scratch,0.01239013671875,motion,2,classical_pipeline,classical,0.1787555068731308,0.008972985136062971,-7.365160898423827,21.293743933707955,20.786801337648214,0.7334879040718079,37.223149158887225
screw,7,scratch,0.01239013671875,motion,2,bilateral,classical,0.9648562073707581,1.022724470970061,-0.10243268787989912,37.01397624946779,36.851695920059186,0.9550383687019348,37.223149158887225
screw,7,scratch,0.01239013671875,motion,2,restormer_deblur,deep,0.956802248954773,0.9128912886656624,-2.099842630342763,32.32533654471998,32.06954310506809,0.9578419327735901,37.223149158887225
screw,7,scratch,0.01239013671875,motion,3,identity,classical,0.9279574155807495,1.0,0.0,34.26799221265394,34.00824461825333,0.9392582774162292,34.00824461825333
screw,7,scratch,0.01239013671875,motion,3,wiener,classical,0.0062200529500842094,0.03824316916217945,-2.955039528011511,22.83399619470682,22.096788190757543,0.7802632451057434,34.00824461825333
screw,7,scratch,0.01239013671875,motion,3,classical_pipeline,classical,0.004934483207762241,0.04562881466886588,-4.537110999846763,22.14595286892251,21.54328067678157,0.7762107253074646,34.00824461825333
screw,7,scratch,0.01239013671875,motion,3,bilateral,classical,0.9311193823814392,1.020501413018597,-0.04254879589067473,34.00503557401109,33.798456042893356,0.9332364201545715,34.00824461825333
screw,7,scratch,0.01239013671875,motion,3,restormer_deblur,deep,0.9794328808784485,1.0820116421607953,0.4499316834054061,41.93211726623463,41.47002191740367,0.9759953618049622,34.00824461825333
screw,7,scratch,0.01239013671875,motion,4,identity,classical,0.7619874477386475,1.0,0.0,31.531596168648175,30.982349068264064,0.9131900668144226,30.982349068264064
screw,7,scratch,0.01239013671875,motion,4,wiener,classical,0.017974797636270523,0.16432563810800307,-2.658684180136974,21.76846582079747,21.055995901524234,0.7348256707191467,30.982349068264064
screw,7,scratch,0.01239013671875,motion,4,classical_pipeline,classical,0.015494880266487598,0.16685161560173778,-3.7133248236907415,21.349595734562858,20.721944460078383,0.7471988797187805,30.982349068264064
screw,7,scratch,0.01239013671875,motion,4,bilateral,classical,0.7520447373390198,0.9987263436393972,-0.023885903006641174,31.420959649452094,30.87804960117939,0.9088816046714783,30.982349068264064
screw,7,scratch,0.01239013671875,motion,4,restormer_deblur,deep,0.9667574763298035,1.4398980097592304,0.5630675610291286,41.320981400497494,40.78330350498929,0.9757177233695984,30.982349068264064
screw,8,blob,0.011199951171875,defocus,2,identity,classical,0.9907386302947998,1.0,0.0,38.50330362202781,38.54367980330742,0.9673420786857605,38.54367980330742
screw,8,blob,0.011199951171875,defocus,2,wiener,classical,0.691241979598999,0.07936467777251273,-5.291565521565887,22.808059496080272,22.831937505204152,0.7813408970832825,38.54367980330742
screw,8,blob,0.011199951171875,defocus,2,classical_pipeline,classical,0.6162588000297546,0.12957502739824114,-8.115427934421795,21.99243041678319,22.023421477020577,0.7843776345252991,38.54367980330742
screw,8,blob,0.011199951171875,defocus,2,bilateral,classical,0.9679297804832458,1.0112590238609833,-0.10263044933465815,38.0710789418976,38.10806457552696,0.9581406712532043,38.54367980330742
screw,8,blob,0.011199951171875,defocus,2,restormer_deblur,deep,0.9281661510467529,0.9689752031665663,-1.7926990049770892,34.64460167954808,34.638606678411406,0.9740567207336426,38.54367980330742
screw,8,blob,0.011199951171875,defocus,3,identity,classical,0.981473445892334,1.0,0.0,36.17868976881027,36.2210985692493,0.9515511393547058,36.2210985692493
screw,8,blob,0.011199951171875,defocus,3,wiener,classical,0.5806604623794556,0.03786083188547791,-4.775792059248042,21.823426211156253,21.846554109752702,0.7673675417900085,36.2210985692493
screw,8,blob,0.011199951171875,defocus,3,classical_pipeline,classical,0.513587236404419,0.07957331144718215,-6.979699650052233,21.156869059642432,21.190941009712205,0.772466242313385,36.2210985692493
screw,8,blob,0.011199951171875,defocus,3,bilateral,classical,0.9592174291610718,0.9964675678862164,-0.040504506502262005,35.983546137308124,36.02387106446601,0.9470335841178894,36.2210985692493
screw,8,blob,0.011199951171875,defocus,3,restormer_deblur,deep,0.9003785848617554,0.9122496337329444,-1.7813879200463298,32.37691188614243,32.37134665612527,0.9617676138877869,36.2210985692493
screw,8,blob,0.011199951171875,defocus,4,identity,classical,0.9616484642028809,1.0,0.0,34.08366753875831,34.12691329728513,0.9326489567756653,34.12691329728513
screw,8,blob,0.011199951171875,defocus,4,wiener,classical,0.37595313787460327,0.016714974586355277,-4.683355412659323,20.46694413764426,20.488889749102373,0.7522046566009521,34.12691329728513
screw,8,blob,0.011199951171875,defocus,4,classical_pipeline,classical,0.3263114094734192,0.013507819743809565,-6.345698302405881,19.972179066264616,20.010081025482876,0.7625978589057922,34.12691329728513
screw,8,blob,0.011199951171875,defocus,4,bilateral,classical,0.9406722784042358,0.9916491178748867,-0.019998458819324494,33.89025857233682,33.93198954778785,0.9302992820739746,34.12691329728513
screw,8,blob,0.011199951171875,defocus,4,restormer_deblur,deep,0.8074684739112854,0.8480865020444045,-1.262145815366555,31.31029630221559,31.299978847436027,0.9409897327423096,34.12691329728513
screw,8,blob,0.011199951171875,motion,2,identity,classical,0.9818565249443054,1.0,0.0,37.27279954338264,37.3152861598648,0.963114321231842,37.3152861598648
screw,8,blob,0.011199951171875,motion,2,wiener,classical,0.7589702606201172,0.14427959700366919,-4.2395938950007155,24.019869859780787,24.05010766618198,0.7915544509887695,37.3152861598648
screw,8,blob,0.011199951171875,motion,2,classical_pipeline,classical,0.6929873824119568,0.21505892791264536,-7.013518111303457,23.059037918981026,23.088474109652534,0.8004860877990723,37.3152861598648
screw,8,blob,0.011199951171875,motion,2,bilateral,classical,0.9597054123878479,1.0213622397229754,-0.11661855265417609,36.99653535493612,37.035288329363986,0.9538543820381165,37.3152861598648
screw,8,blob,0.011199951171875,motion,2,restormer_deblur,deep,0.996900737285614,1.0197251290435432,0.2764344824170274,42.68455006270561,42.7165055981788,0.979490339756012,37.3152861598648
screw,8,blob,0.011199951171875,motion,3,identity,classical,0.9642243385314941,1.0,0.0,34.054298935703414,34.09813047215255,0.9376757740974426,34.09813047215255
screw,8,blob,0.011199951171875,motion,3,wiener,classical,0.585464596748352,0.04162341694387721,-3.788869204883059,21.831483787309725,21.853071711146526,0.7520904541015625,34.09813047215255
screw,8,blob,0.011199951171875,motion,3,classical_pipeline,classical,0.5188179016113281,0.0846973254352759,-5.570812325848872,21.198198549531526,21.230580024390363,0.7608275413513184,34.09813047215255
screw,8,blob,0.011199951171875,motion,3,bilateral,classical,0.9429659843444824,1.0132624718447136,-0.04497112190231567,33.80301912330805,33.845081531342025,0.9310968518257141,34.09813047215255
screw,8,blob,0.011199951171875,motion,3,restormer_deblur,deep,1.0052849054336548,1.1148731792200497,0.4638413913723738,41.89082937746144,41.923010918633636,0.9774494171142578,34.09813047215255
screw,8,blob,0.011199951171875,motion,4,identity,classical,0.9560960531234741,1.0,0.0,32.98235715283346,33.025833799717155,0.9238741993904114,33.025833799717155
screw,8,blob,0.011199951171875,motion,4,wiener,classical,0.42027968168258667,0.022863110557974207,-4.103161231405851,20.413308156296154,20.432777068880476,0.737293541431427,33.025833799717155
screw,8,blob,0.011199951171875,motion,4,classical_pipeline,classical,0.3606283664703369,0.010238199567232192,-5.574957239554038,19.9371788085476,19.972777916960574,0.7500659823417664,33.025833799717155
screw,8,blob,0.011199951171875,motion,4,bilateral,classical,0.9356814622879028,1.0103631948457723,-0.026490925176572366,32.81989266490842,32.862044705708996,0.9195831418037415,33.025833799717155
screw,8,blob,0.011199951171875,motion,4,restormer_deblur,deep,1.0005346536636353,1.2293614576708962,0.5005435595726129,41.36690368558818,41.39826214470649,0.9743390083312988,33.025833799717155
screw,9,texture,0.008209228515625,defocus,2,identity,classical,0.8796579837799072,1.0,0.0,38.06712711869595,37.3644659562651,0.9638175964355469,37.3644659562651
screw,9,texture,0.008209228515625,defocus,2,wiener,classical,0.17886982858181,0.059359394498142225,-6.068891948038177,21.693067406812677,21.4886682378186,0.6493396162986755,37.3644659562651
screw,9,texture,0.008209228515625,defocus,2,classical_pipeline,classical,0.11646043509244919,0.05967109643139637,-7.869181717693968,21.441179830574647,21.31013653972994,0.7031345367431641,37.3644659562651
screw,9,texture,0.008209228515625,defocus,2,bilateral,classical,0.870625913143158,1.1237496255506942,-0.09215113051276003,37.768250209785414,37.09304804886936,0.9552399516105652,37.3644659562651
screw,9,texture,0.008209228515625,defocus,2,restormer_deblur,deep,0.8377408385276794,0.4840461115815549,-0.42206160621218203,34.31936076493004,33.839698622603365,0.9524665474891663,37.3644659562651
screw,9,texture,0.008209228515625,defocus,3,identity,classical,0.8265154957771301,1.0,0.0,35.68753583035526,35.06377299867114,0.9452939033508301,35.06377299867114
screw,9,texture,0.008209228515625,defocus,3,wiener,classical,0.030250756070017815,0.12116951643552312,-3.356577496697869,23.455358182893864,23.153498070618927,0.7917544841766357,35.06377299867114
screw,9,texture,0.008209228515625,defocus,3,classical_pipeline,classical,0.0271876472979784,0.10969528568421892,-5.264579261392549,22.547114632845826,22.375332686891802,0.792238175868988,35.06377299867114
screw,9,texture,0.008209228515625,defocus,3,bilateral,classical,0.8131163120269775,1.0847478788105043,-0.03144172086115837,35.572186512648585,34.94146338495354,0.941373884677887,35.06377299867114
screw,9,texture,0.008209228515625,defocus,3,restormer_deblur,deep,0.8740607500076294,0.6081694590962594,-1.776439700584152,32.02408625469773,31.772633624515912,0.956371009349823,35.06377299867114
screw,9,texture,0.008209228515625,defocus,4,identity,classical,0.7452178001403809,1.0,0.0,33.55335836493527,32.983225287938325,0.9227640628814697,32.983225287938325
screw,9,texture,0.008209228515625,defocus,4,wiener,classical,0.025005925446748734,0.022374077466167284,-3.254621007183064,22.111979062616168,21.9054531964581,0.7722470164299011,32.983225287938325
screw,9,texture,0.008209228515625,defocus,4,classical_pipeline,classical,0.019624752923846245,0.015611546709788609,-4.6589370619861,21.484231468331547,21.356872007032777,0.7712985873222351,32.983225287938325
screw,9,texture,0.008209228515625,defocus,4,bilateral,classical,0.7298742532730103,1.0199273748993225,-0.015344073122520063,33.41945296214871,32.84174959218531,0.9210261702537537,32.983225287938325
screw,9,texture,0.008209228515625,defocus,4,restormer_deblur,deep,0.7962771654129028,0.6001545450268343,-1.4493330289799466,30.510102313039376,30.137474291640267,0.9300438761711121,32.983225287938325
screw,9,texture,0.008209228515625,motion,2,identity,classical,0.9412372708320618,1.0,0.0,36.75628674750923,36.33902733028688,0.9591745734214783,36.33902733028688
screw,9,texture,0.008209228515625,motion,2,wiener,classical,0.6739070415496826,0.10544704878607966,-1.2674293274381334,30.34350494147651,29.883904615000034,0.8978018760681152,36.33902733028688
screw,9,texture,0.008209228515625,motion,2,classical_pipeline,classical,0.8966748714447021,0.9749779778668517,-2.7118872273582277,29.802710845058236,29.73678698847491,0.9558336138725281,36.33902733028688
screw,9,texture,0.008209228515625,motion,2,bilateral,classical,0.9435997605323792,1.44907445021158,-0.09808786504378508,36.524258548579354,36.1243634417928,0.9498581290245056,36.33902733028688
screw,9,texture,0.008209228515625,motion,2,restormer_deblur,deep,0.9412372708320618,1.0,0.0,36.75628674750923,36.33902733028688,0.9591745734214783,36.33902733028688
screw,9,texture,0.008209228515625,motion,3,identity,classical,0.8426775336265564,1.0,0.0,33.69900473491841,33.27807920674491,0.9301519989967346,33.27807920674491
screw,9,texture,0.008209228515625,motion,3,wiener,classical,0.07565777003765106,0.10346606982077393,-2.6978783900502354,23.43055112212934,23.125343449965797,0.7750100493431091,33.27807920674491
screw,9,texture,0.008209228515625,motion,3,classical_pipeline,classical,0.05158437043428421,0.09689350476149504,-4.2614330887013825,22.56958488411277,22.394720169828517,0.7805654406547546,33.27807920674491
screw,9,texture,0.008209228515625,motion,3,bilateral,classical,0.8313456177711487,1.0799951140515576,-0.04018702101143856,33.5074337553623,33.10239710622814,0.9243963360786438,33.27807920674491
screw,9,texture,0.008209228515625,motion,3,restormer_deblur,deep,0.9655011892318726,2.660380928382883,0.4682000121009774,41.57647222774421,40.83332289791648,0.9756014347076416,33.27807920674491
screw,9,texture,0.008209228515625,motion,4,identity,classical,0.6297558546066284,1.0,0.0,31.734413634328394,31.202044778229137,0.9097493290901184,31.202044778229137
screw,9,texture,0.008209228515625,motion,4,wiener,classical,0.08622143417596817,0.013493758821368895,-2.6031446429708627,22.101224161152054,21.883138432204984,0.7437750697135925,31.202044778229137
screw,9,texture,0.008209228515625,motion,4,classical_pipeline,classical,0.06895813345909119,0.008096175567165567,-3.6919166959052507,21.54192165109723,21.40197098270074,0.7523252964019775,31.202044778229137
screw,9,texture,0.008209228515625,motion,4,bilateral,classical,0.6126172542572021,0.9965967591795846,-0.028765842812567,31.59892132905114,31.051364396079542,0.9048414826393127,31.202044778229137
screw,9,texture,0.008209228515625,motion,4,restormer_deblur,deep,0.9574620723724365,4.048592402309954,0.5591662616850416,41.31405963209609,40.7402216934683,0.9739723801612854,31.202044778229137
