category,image,anomaly_kind,area_frac,family,severity,restorer,tier,drr,acg,dremr,psnr_normal,psnr_full,ssim_full,psnr_degraded
carpet,0,texture,0.0123291015625,defocus,2,identity,classical,0.9295088648796082,1.0,0.0,21.42068524791039,21.4499360752465,0.6399627327919006,21.4499360752465
carpet,0,texture,0.0123291015625,defocus,2,gaussian,classical,0.9056781530380249,1.1719426750008701,-0.182541888702914,19.987526832910174,20.018189050908987,0.45820891857147217,21.4499360752465
carpet,0,texture,0.0123291015625,defocus,2,bilateral,classical,0.9280482530593872,1.1118005843603684,-0.09061667834852671,20.67673542193283,20.70745486250339,0.545952558517456,21.4499360752465
carpet,0,texture,0.0123291015625,defocus,2,nlm,classical,0.934073269367218,0.9958247288293683,0.0019374665432158045,21.426085300792955,21.451185827171507,0.6421449184417725,21.4499360752465
carpet,0,texture,0.0123291015625,defocus,2,clahe,classical,1.1349772214889526,0.6170846910512449,-0.4907871021997421,18.138402675698057,18.134606998264243,0.7970933318138123,21.4499360752465
carpet,0,texture,0.0123291015625,defocus,2,msrcr,classical,1.1262377500534058,0.5296371083751926,-1.9294065618762337,13.001492391674304,12.973074401994289,0.7103568911552429,21.4499360752465
carpet,0,texture,0.0123291015625,defocus,2,wiener,classical,0.4297794699668884,0.048941930165170955,-1.1399218652618228,14.919033572339115,14.867242331335737,-0.01963943988084793,21.4499360752465
carpet,0,texture,0.0123291015625,defocus,2,classical_pipeline,classical,0.4125019609928131,0.05128964554061148,-1.081996280180293,15.168201589840717,15.106150969436678,-0.012022841721773148,21.4499360752465
carpet,0,texture,0.0123291015625,defocus,2,nafnet,deep,0.9461748003959656,1.155770043610361,-0.16187554171115948,20.115696434384663,20.145631712381867,0.47676804661750793,21.4499360752465
carpet,0,texture,0.0123291015625,defocus,2,restormer,deep,0.9164857864379883,1.0806667362841187,-0.0871640107499152,20.68928543577931,20.720356199645344,0.5551548600196838,21.4499360752465
carpet,0,texture,0.0123291015625,defocus,3,identity,classical,0.896259069442749,1.0,0.0,18.964335203468163,18.99580728256529,0.2984691560268402,18.99580728256529
carpet,0,texture,0.0123291015625,defocus,3,gaussian,classical,0.8791759014129639,1.0742585698231906,-0.029245639173331117,18.726835847482242,18.75772708470519,0.24540983140468597,18.99580728256529
carpet,0,texture,0.0123291015625,defocus,3,bilateral,classical,0.896519124507904,1.1066779729390408,-0.0470884352064731,18.58728850296499,18.62013169007767,0.21546481549739838,18.99580728256529
carpet,0,texture,0.0123291015625,defocus,3,nlm,classical,0.8984652757644653,0.9969289592486111,-0.0007711444099953724,18.971654133962492,19.000761077315136,0.2994740903377533,18.99580728256529
carpet,0,texture,0.0123291015625,defocus,3,clahe,classical,1.0157873630523682,0.6270720145648624,-0.1556203457708245,17.541808741375743,17.554572561723592,0.4996466636657715,18.99580728256529
carpet,0,texture,0.0123291015625,defocus,3,msrcr,classical,1.170384168624878,0.43293903492497343,-0.9823325936282747,13.30943505111265,13.267406672768566,0.4945460259914398,18.99580728256529
carpet,0,texture,0.0123291015625,defocus,3,wiener,classical,0.31008973717689514,0.012718391343645014,-0.5993924072876584,15.009208339889621,14.934563690576537,-0.21346861124038696,18.99580728256529
carpet,0,texture,0.0123291015625,defocus,3,classical_pipeline,classical,0.2978249192237854,0.01211755236305601,-0.5402790489755509,15.334402910923847,15.245192448477237,-0.20747880637645721,18.99580728256529
carpet,0,texture,0.0123291015625,defocus,3,nafnet,deep,0.8904030323028564,1.0643947096524555,-0.034378804947497565,18.67686895710189,18.708458721171972,0.2355075627565384,18.99580728256529
carpet,0,texture,0.0123291015625,defocus,3,restormer,deep,0.8891204595565796,1.0281549704180635,-0.017565878226421416,18.820840991472597,18.85270597534799,0.26579955220222473,18.99580728256529
carpet,0,texture,0.0123291015625,defocus,4,identity,classical,0.844809889793396,1.0,0.0,17.591101960312468,17.621475132747612,0.013260760344564915,17.621475132747612
carpet,0,texture,0.0123291015625,defocus,4,gaussian,classical,0.8336861729621887,1.0214417117142613,0.021029886745579707,17.78336529889475,17.81251547485874,0.051628828048706055,17.621475132747612
carpet,0,texture,0.0123291015625,defocus,4,bilateral,classical,0.8438366651535034,1.085980999820753,0.0346777026856433,17.90753953952219,17.936236772413764,0.07764064520597458,17.621475132747612
carpet,0,texture,0.0123291015625,defocus,4,nlm,classical,0.846035897731781,1.0169293001715949,0.018507812354013553,17.772043005256858,17.800640711601304,0.05159139633178711,17.621475132747612
carpet,0,texture,0.0123291015625,defocus,4,clahe,classical,1.0455604791641235,0.6460065660996802,-0.1690637142948026,15.977187719188509,16.006012393064882,-0.0655154138803482,17.621475132747612
carpet,0,texture,0.0123291015625,defocus,4,msrcr,classical,1.1183565855026245,0.35707276064449245,-0.8792040338355371,12.006670964248096,11.980755185351393,-0.14389421045780182,17.621475132747612
carpet,0,texture,0.0123291015625,defocus,4,wiener,classical,0.12932339310646057,0.10391834147282313,-0.07679681574735264,16.939816271276875,16.75215192231401,0.15292735397815704,17.621475132747612
carpet,0,texture,0.0123291015625,defocus,4,classical_pipeline,classical,0.1229279562830925,0.10792239523224013,-0.05628508042009561,17.11883303239445,16.91030315909465,0.12160927057266235,17.621475132747612
carpet,0,texture,0.0123291015625,defocus,4,nafnet,deep,0.8378304839134216,1.0186332994755716,0.022799232978993333,17.796411720903336,17.82548760016305,0.055039551109075546,17.621475132747612
carpet,0,texture,0.0123291015625,defocus,4,restormer,deep,0.8399124145507812,1.0003746366579978,0.012768277978500553,17.707561373630533,17.737651994305775,0.03651588410139084,17.621475132747612
carpet,0,texture,0.0123291015625,noise,2,identity,classical,0.9987888336181641,1.0,0.0,25.12393398654812,25.085114266224316,0.9066166281700134,25.085114266224316
carpet,0,texture,0.0123291015625,noise,2,gaussian,classical,0.9380530714988708,1.474406684427382,-1.3085373451193618,22.640626404378295,22.666141686134715,0.7442311644554138,25.085114266224316
carpet,0,texture,0.0123291015625,noise,2,bilateral,classical,0.9974440932273865,1.0427181709068036,0.011680475963449677,27.36567948596734,27.325789938067068,0.9401674866676331,25.085114266224316
carpet,0,texture,0.0123291015625,noise,2,nlm,classical,1.0342628955841064,1.0247042708815437,-0.26624435146960246,27.593271679323333,27.507841796386057,0.9434474110603333,25.085114266224316
carpet,0,texture,0.0123291015625,noise,2,clahe,classical,1.030521273612976,0.867737555988353,-5.1970771286131034,13.875357985455853,13.898173165094395,0.7113886475563049,25.085114266224316
carpet,0,texture,0.0123291015625,noise,2,msrcr,classical,0.7942102551460266,0.6135316949522843,-11.630175643531654,9.614075387671097,9.63079206605602,0.6805768013000488,25.085114266224316
carpet,0,texture,0.0123291015625,noise,2,wiener,classical,0.8287442326545715,0.5657092353335142,-5.733536360507101,13.455524885173569,13.479038687860927,-0.22812719643115997,25.085114266224316
carpet,0,texture,0.0123291015625,noise,2,classical_pipeline,classical,0.9867039918899536,1.0238148409652863,-0.2958072687202278,27.394935531934923,27.30061739074696,0.9428697228431702,25.085114266224316
carpet,0,texture,0.0123291015625,noise,2,nafnet,deep,1.1071200370788574,1.433301066138211,-0.9162264025340419,23.748282728536687,23.632012132284423,0.8516204357147217,25.085114266224316
carpet,0,texture,0.0123291015625,noise,2,restormer,deep,1.0113188028335571,1.2944263969503373,-0.4595218933713492,26.08036507413331,26.088499920849117,0.9107120633125305,25.085114266224316
carpet,0,texture,0.0123291015625,noise,3,identity,classical,1.0008183717727661,1.0,0.0,22.45341378551936,22.42142559257795,0.8413875699043274,22.42142559257795
carpet,0,texture,0.0123291015625,noise,3,gaussian,classical,0.9399213790893555,1.4992142800201314,-0.7043788048928628,22.472215321634494,22.495978337388518,0.736491858959198,22.42142559257795
carpet,0,texture,0.0123291015625,noise,3,bilateral,classical,1.0001415014266968,1.0381951489161467,0.02209618698532423,23.88157598865829,23.847039783294846,0.8770739436149597,22.42142559257795
carpet,0,texture,0.0123291015625,noise,3,nlm,classical,1.0475441217422485,1.0391062624830485,-0.15008073258753907,25.76338994184598,25.71186793644401,0.9149904251098633,22.42142559257795
carpet,0,texture,0.0123291015625,noise,3,clahe,classical,1.0116612911224365,0.8753316315387851,-3.5195055934573496,13.715650060280005,13.737922874437412,0.6786987781524658,22.42142559257795
carpet,0,texture,0.0123291015625,noise,3,msrcr,classical,0.7886438965797424,0.6341383498979459,-7.76526282893343,9.924718413368264,9.94294222707659,0.6499031186103821,22.42142559257795
carpet,0,texture,0.0123291015625,noise,3,wiener,classical,0.833063542842865,0.6007404323096449,-3.9828250137717696,13.216311303985531,13.23788141934054,-0.21209733188152313,22.42142559257795
carpet,0,texture,0.0123291015625,noise,3,classical_pipeline,classical,1.0071080923080444,1.039229774310931,-0.17165838153452828,25.60679847219984,25.550957627987852,0.9139932990074158,22.42142559257795
carpet,0,texture,0.0123291015625,noise,3,nafnet,deep,1.0783196687698364,1.4722736474685036,-0.8408223953698604,21.55979166965985,21.484384031609167,0.7437893748283386,22.42142559257795
carpet,0,texture,0.0123291015625,noise,3,restormer,deep,1.0387792587280273,1.331874570830612,-0.19539393883215395,25.032853049400373,25.030894264193577,0.8888100981712341,22.42142559257795
carpet,0,texture,0.0123291015625,noise,4,identity,classical,0.9906100630760193,1.0,0.0,20.164167560218978,20.134850619279533,0.760204553604126,20.134850619279533
carpet,0,texture,0.0123291015625,noise,4,gaussian,classical,0.9304498434066772,1.5424279235738099,-0.31685485636710276,22.222549207275605,22.243841600319854,0.7249679565429688,20.134850619279533
carpet,0,texture,0.0123291015625,noise,4,bilateral,classical,0.9885743260383606,1.0205382603645736,0.020700923276022354,20.986705661486678,20.953788499745222,0.7886688113212585,20.134850619279533
carpet,0,texture,0.0123291015625,noise,4,nlm,classical,1.0309547185897827,1.1026328178057665,-0.03279642281568318,24.42239209446538,24.382330861627764,0.8803437352180481,20.134850619279533
carpet,0,texture,0.0123291015625,noise,4,clahe,classical,1.0402076244354248,0.8739403540200346,-2.4003843975225014,13.589285487147556,13.609173830746172,0.6395924687385559,20.134850619279533
carpet,0,texture,0.0123291015625,noise,4,msrcr,classical,0.7803329825401306,0.6574609206180156,-5.283173516312941,10.242402311116273,10.262890858669682,0.6087133884429932,20.134850619279533
carpet,0,texture,0.0123291015625,noise,4,wiener,classical,0.8218676447868347,0.5779873515350065,-2.856638009472629,12.886893171230492,12.904520354687147,-0.19203831255435944,20.134850619279533
carpet,0,texture,0.0123291015625,noise,4,classical_pipeline,classical,0.9831212759017944,1.1150463820460579,-0.03963218075927455,24.36072000099039,24.307306724151616,0.880124568939209,20.134850619279533
carpet,0,texture,0.0123291015625,noise,4,nafnet,deep,1.0755162239074707,1.8135653737960733,-0.7463128167256443,19.796995584064806,19.749611786280326,0.5557657480239868,20.134850619279533
carpet,0,texture,0.0123291015625,noise,4,restormer,deep,1.0420693159103394,1.395821636529913,-0.03562896766290424,23.82254245663187,23.82367980655794,0.8645599484443665,20.134850619279533
carpet,0,texture,0.0123291015625,mixed,2,identity,classical,0.8908765316009521,1.0,0.0,19.076408736620614,19.087062805391362,0.46898409724235535,19.087062805391362
carpet,0,texture,0.0123291015625,mixed,2,gaussian,classical,0.8731712102890015,1.395771225756544,-0.06884967998841907,19.250033179448995,19.277035256705876,0.3602043688297272,19.087062805391362
carpet,0,texture,0.0123291015625,mixed,2,bilateral,classical,0.8868089318275452,1.0981072005052177,-0.014779603040410594,19.491231974095975,19.507842679551498,0.45603272318840027,19.087062805391362
carpet,0,texture,0.0123291015625,mixed,2,nlm,classical,0.9169406294822693,1.2458404516160368,-0.0252160419571672,19.661641707906387,19.67857777354815,0.4485834836959839,19.087062805391362
carpet,0,texture,0.0123291015625,mixed,2,clahe,classical,1.027805209159851,0.6711323086762252,-0.7192567077244338,14.974109448805555,14.985882639094052,0.5180384516716003,19.087062805391362
carpet,0,texture,0.0123291015625,mixed,2,msrcr,classical,1.0561834573745728,0.6384810414874558,-1.4194473229738587,12.032712867464433,12.033096282192169,0.42009520530700684,19.087062805391362
carpet,0,texture,0.0123291015625,mixed,2,wiener,classical,0.809592604637146,0.6661306667014951,-0.6080809157958604,15.520546784522878,15.53792078537395,-0.14526987075805664,19.087062805391362
carpet,0,texture,0.0123291015625,mixed,2,classical_pipeline,classical,0.876230001449585,1.2541875904270525,-0.026941171020255394,19.64526267977678,19.655321261885312,0.448648065328598,19.087062805391362
carpet,0,texture,0.0123291015625,mixed,2,nafnet,deep,0.9795941710472107,1.5244081442970978,-0.08684780879153053,19.074488135612896,19.082208055509426,0.3497793972492218,19.087062805391362
carpet,0,texture,0.0123291015625,mixed,2,restormer,deep,0.9248412847518921,1.3024656595945232,-0.02137036601688691,19.60069095988046,19.628728702240558,0.4415193498134613,19.087062805391362
carpet,0,texture,0.0123291015625,mixed,3,identity,classical,0.8968411684036255,1.0,0.0,17.3541273148155,17.365812407779984,0.22238659858703613,17.365812407779984
carpet,0,texture,0.0123291015625,mixed,3,gaussian,classical,0.8797401785850525,1.369649611899746,0.03582119463703248,18.580138639772457,18.608847159639392,0.23821504414081573,17.365812407779984
carpet,0,texture,0.0123291015625,mixed,3,bilateral,classical,0.8921665549278259,1.0938893978427706,0.0067727505467841675,17.917373841204064,17.93265210887361,0.216108039021492,17.365812407779984
carpet,0,texture,0.0123291015625,mixed,3,nlm,classical,0.9246310591697693,1.5208647361124348,-0.029551023136911825,18.15339709257596,18.179552017835313,0.13703928887844086,17.365812407779984
carpet,0,texture,0.0123291015625,mixed,3,clahe,classical,1.0823646783828735,0.654791004446519,-0.5060028322496579,14.273438383338968,14.290372234048714,0.27593037486076355,17.365812407779984
carpet,0,texture,0.0123291015625,mixed,3,msrcr,classical,1.0051710605621338,0.6535748182866205,-1.0837230306008547,11.098319371755153,11.107692358503558,0.1884128451347351,17.365812407779984
carpet,0,texture,0.0123291015625,mixed,3,wiener,classical,0.8174790740013123,0.7039069314202387,-0.16285451152753105,16.327466228999693,16.334163534865567,0.03784229978919029,17.365812407779984
carpet,0,texture,0.0123291015625,mixed,3,classical_pipeline,classical,0.8945223689079285,1.533491248962825,-0.03061983343272967,18.14694579306163,18.169876817652106,0.13815940916538239,17.365812407779984
carpet,0,texture,0.0123291015625,mixed,3,nafnet,deep,1.1866391897201538,0.00932968984114454,-1.8193299008525177,5.615517554417105,5.611842411473687,0.0046935430727899075,17.365812407779984
carpet,0,texture,0.0123291015625,mixed,3,restormer,deep,0.9563280940055847,1.3354577541214014,0.02449274271170565,18.359178519165752,18.390281792822574,0.23106227815151215,17.365812407779984
carpet,0,texture,0.0123291015625,mixed,4,identity,classical,0.36144542694091797,1.0,0.0,12.629246510771438,12.50969605196424,0.4039388597011566,12.50969605196424
carpet,0,texture,0.0123291015625,mixed,4,gaussian,classical,0.33743467926979065,1.6194549248003691,-0.004401106383062903,12.404712786560781,12.29139951277805,0.25662365555763245,12.50969605196424
carpet,0,texture,0.0123291015625,mixed,4,bilateral,classical,0.3512582778930664,1.1741363560892455,-0.0005017969047664828,12.549557440395757,12.432298510515613,0.3497241735458374,12.50969605196424
carpet,0,texture,0.0123291015625,mixed,4,nlm,classical,0.36322763562202454,1.0128380059378106,-0.009732910403682293,12.553306909504888,12.43560816455278,0.3987215757369995,12.50969605196424
carpet,0,texture,0.0123291015625,mixed,4,clahe,classical,0.9294834136962891,1.0937769108757176,0.5644914976363133,18.576236040300603,18.49099113522765,0.7196512818336487,12.50969605196424
carpet,0,texture,0.0123291015625,mixed,4,msrcr,classical,0.7293370962142944,0.678261778321386,-0.5964903036083182,8.851349569256872,8.874163596284191,0.5534763336181641,12.50969605196424
carpet,0,texture,0.0123291015625,mixed,4,wiener,classical,0.31801849603652954,0.5620204091547563,-0.06531779552369477,11.536217979412193,11.443203998151892,-0.08779099583625793,12.50969605196424
carpet,0,texture,0.0123291015625,mixed,4,classical_pipeline,classical,0.3612554669380188,1.0005794597243793,-0.0035072100106221527,12.606608667530082,12.490806407265874,0.39863598346710205,12.50969605196424
carpet,0,texture,0.0123291015625,mixed,4,nafnet,deep,0.39119380712509155,1.5754648357438894,0.036375613631075554,12.741972003068538,12.628721925466541,0.290598601102829,12.50969605196424
carpet,0,texture,0.0123291015625,mixed,4,restormer,deep,0.35673531889915466,1.3072082841051722,0.0066169522308276996,12.600525104058109,12.482790949080758,0.3471319377422333,12.50969605196424
carpet,1,scratch,0.001251220703125,defocus,2,identity,classical,0.454721063375473,1.0,0.0,20.817082201134255,20.809162129041713,0.6299141049385071,20.809162129041713
carpet,1,scratch,0.001251220703125,defocus,2,gaussian,classical,0.37898173928260803,0.9706705831021408,-0.17976948426767048,19.397759263491828,19.390398612292074,0.4441384971141815,20.809162129041713
carpet,1,scratch,0.001251220703125,defocus,2,bilateral,classical,0.4228290617465973,0.9849980121399797,-0.08204851706502025,20.13684874839294,20.129041738105684,0.5424820780754089,20.809162129041713
carpet,1,scratch,0.001251220703125,defocus,2,nlm,classical,0.45691993832588196,0.9861941302420181,0.0016958802436078946,20.822424866576323,20.81509619288928,0.6330949664115906,20.809162129041713
carpet,1,scratch,0.001251220703125,defocus,2,clahe,classical,0.9109238386154175,0.9524675121679053,-0.3918534728165399,18.075474281909592,18.077068465962473,0.7995699048042297,20.809162129041713
carpet,1,scratch,0.001251220703125,defocus,2,msrcr,classical,1.5878853797912598,1.0631104684101307,-1.7671064930207767,12.830209534162158,12.833707329127076,0.714848518371582,20.809162129041713
carpet,1,scratch,0.001251220703125,defocus,2,wiener,classical,0.01563664898276329,0.5218725083826077,-1.0860807763751907,14.593557053559254,14.591055382520373,-0.004801311995834112,20.809162129041713
carpet,1,scratch,0.001251220703125,defocus,2,classical_pipeline,classical,0.012536894530057907,0.5357940019454284,-1.0273169658767558,14.844277850292798,14.841437143537018,0.005240639206022024,20.809162129041713
carpet,1,scratch,0.001251220703125,defocus,2,nafnet,deep,0.36357876658439636,0.9159776410872663,-0.14810052453970335,19.61001517409715,19.601333328662015,0.4755837023258209,20.809162129041713
carpet,1,scratch,0.001251220703125,defocus,2,restormer,deep,0.40849626064300537,0.9836880185292936,-0.08442526197380107,20.10738831581783,20.09924999805505,0.544772207736969,20.809162129041713
carpet,1,scratch,0.001251220703125,defocus,3,identity,classical,0.3213426470756531,1.0,0.0,18.37296836883603,18.366201381655767,0.27998924255371094,18.366201381655767
carpet,1,scratch,0.001251220703125,defocus,3,gaussian,classical,0.2973068058490753,0.9412498160874934,-0.026501827610645234,18.15291833168922,18.14587229931897,0.22830212116241455,18.366201381655767
carpet,1,scratch,0.001251220703125,defocus,3,bilateral,classical,0.2773076295852661,0.8606776580599167,-0.041507619825969844,18.032624550576646,18.02555624045632,0.2024196833372116,18.366201381655767
carpet,1,scratch,0.001251220703125,defocus,3,nlm,classical,0.3265102207660675,0.9836401977180871,-0.0006881648059724466,18.38116354476158,18.37481832194523,0.28203681111335754,18.366201381655767
carpet,1,scratch,0.001251220703125,defocus,3,clahe,classical,0.804733157157898,0.9526156090009447,-0.086721482062742,17.446701727648502,17.445284260187645,0.482987642288208,18.366201381655767
carpet,1,scratch,0.001251220703125,defocus,3,msrcr,classical,1.6176350116729736,1.0021422697397646,-1.0291633001515126,12.506886163661278,12.510052173962393,0.4786909818649292,18.366201381655767
carpet,1,scratch,0.001251220703125,defocus,3,wiener,classical,0.019195225089788437,0.6193382490392126,-0.5231131877964925,14.84709522652335,14.838486395097359,-0.15830360352993011,18.366201381655767
carpet,1,scratch,0.001251220703125,defocus,3,classical_pipeline,classical,0.018463077023625374,0.6320524375129865,-0.4708691114416026,15.144778372139056,15.135503196290124,-0.15816302597522736,18.366201381655767
carpet,1,scratch,0.001251220703125,defocus,3,nafnet,deep,0.2832491099834442,0.8754919437437407,-0.031095124148807995,18.109202055230153,18.101864938878848,0.2196345329284668,18.366201381655767
carpet,1,scratch,0.001251220703125,defocus,3,restormer,deep,0.3044058084487915,0.9630548501133801,-0.015555238504352253,18.244394405124346,18.237370743274255,0.249268040060997,18.366201381655767
carpet,1,scratch,0.001251220703125,defocus,4,identity,classical,0.2170095145702362,1.0,0.0,17.045214829905355,17.03842737085911,-0.0034003453329205513,17.03842737085911
carpet,1,scratch,0.001251220703125,defocus,4,gaussian,classical,0.21053047478199005,1.3790670379754384,0.022193038029527767,17.244381272712012,17.23720190603354,0.036708083003759384,17.03842737085911
carpet,1,scratch,0.001251220703125,defocus,4,bilateral,classical,0.19740313291549683,1.5792442066141812,0.03479232236754781,17.35935571046263,17.351837940223863,0.061344459652900696,17.03842737085911
carpet,1,scratch,0.001251220703125,defocus,4,nlm,classical,0.20549651980400085,1.2213769730078705,0.01810005017960603,17.219855581291004,17.213068320010777,0.03453710302710533,17.03842737085911
carpet,1,scratch,0.001251220703125,defocus,4,clahe,classical,0.42767900228500366,1.040329086446255,-0.14964299570853812,15.598196648168763,15.594208657405106,-0.08562783151865005,17.03842737085911
carpet,1,scratch,0.001251220703125,defocus,4,msrcr,classical,1.4065032005310059,0.98804346766615,-1.042923118429116,10.797244013704804,10.799354799698694,-0.164338156580925,17.03842737085911
carpet,1,scratch,0.001251220703125,defocus,4,wiener,classical,0.011637724936008453,1.9235506429960192,-0.05203333646969699,16.668944207954862,16.66127300212082,0.16080980002880096,17.03842737085911
carpet,1,scratch,0.001251220703125,defocus,4,classical_pipeline,classical,0.012586844153702259,1.6466852550397024,-0.03394464094489846,16.816607796998117,16.807631150212366,0.12580810487270355,17.03842737085911
carpet,1,scratch,0.001251220703125,defocus,4,nafnet,deep,0.2064685821533203,1.4339043438424723,0.021596686246916685,17.23671979295577,17.229595813625227,0.036175381392240524,17.03842737085911
carpet,1,scratch,0.001251220703125,defocus,4,restormer,deep,0.21093010902404785,1.2301886186637128,0.013765427307201095,17.168990507603095,17.16193249019428,0.02146061509847641,17.03842737085911
carpet,1,scratch,0.001251220703125,noise,2,identity,classical,1.0110257863998413,1.0,0.0,24.860249739258663,24.86327437370983,0.9136033654212952,24.86327437370983
carpet,1,scratch,0.001251220703125,noise,2,gaussian,classical,0.5375468730926514,0.8172585585669726,-1.3908593885346945,22.04922405463982,22.04091146644553,0.7379545569419861,24.86327437370983
carpet,1,scratch,0.001251220703125,noise,2,bilateral,classical,0.9856393933296204,1.0092926476460882,0.008967396152830043,26.96013397105744,26.963354983492845,0.9437182545661926,24.86327437370983
carpet,1,scratch,0.001251220703125,noise,2,nlm,classical,1.0001046657562256,0.9808047278899147,-0.2605461620678322,27.317728815540136,27.320819586008966,0.9499970078468323,24.86327437370983
carpet,1,scratch,0.001251220703125,noise,2,clahe,classical,1.6080892086029053,0.8790408399326302,-4.403649522024734,14.71785267946599,14.722499930927206,0.7463994026184082,24.86327437370983
carpet,1,scratch,0.001251220703125,noise,2,msrcr,classical,1.7767632007598877,1.2178451438600006,-10.417393361355517,10.171687673238488,10.174611550799836,0.7173240780830383,24.86327437370983
carpet,1,scratch,0.001251220703125,noise,2,wiener,classical,0.02681691199541092,0.10039655214866651,-5.876715245997975,12.973364105738598,12.970315966125277,-0.22996453940868378,24.86327437370983
carpet,1,scratch,0.001251220703125,noise,2,classical_pipeline,classical,1.009095549583435,0.9815879123693761,-0.2737435055049604,27.220082315331577,27.22318597096215,0.9499983787536621,24.86327437370983
carpet,1,scratch,0.001251220703125,noise,2,nafnet,deep,0.5269633531570435,0.7896879743222472,-0.9311069836937598,23.429250271698187,23.409989888635057,0.8566897511482239,24.86327437370983
carpet,1,scratch,0.001251220703125,noise,2,restormer,deep,0.6553086638450623,0.850468155969537,-0.4902976114762412,25.60694850007615,25.59150043822801,0.9126082062721252,24.86327437370983
carpet,1,scratch,0.001251220703125,noise,3,identity,classical,0.9957361221313477,1.0,0.0,22.189171671677684,22.192134898388254,0.8517977595329285,22.192134898388254
carpet,1,scratch,0.001251220703125,noise,3,gaussian,classical,0.5303637981414795,0.8396809693008009,-0.7688806273347979,21.885659267131796,21.878400028582693,0.7309178709983826,22.192134898388254
carpet,1,scratch,0.001251220703125,noise,3,bilateral,classical,0.9775168895721436,1.005446008941154,0.01930356903789676,23.490541626197547,23.493573095863933,0.8835508823394775,22.192134898388254
carpet,1,scratch,0.001251220703125,noise,3,nlm,classical,0.9461588859558105,0.9779913887196358,-0.1294869942914767,25.651903793584644,25.65386340778435,0.9253436923027039,22.192134898388254
carpet,1,scratch,0.001251220703125,noise,3,clahe,classical,1.5163975954055786,0.8685627714908654,-2.8931151922097933,14.635371676172763,14.640037881060481,0.7170994877815247,22.192134898388254
carpet,1,scratch,0.001251220703125,noise,3,msrcr,classical,1.7001529932022095,1.2333369814268953,-6.968199267669488,10.4547425813864,10.457493840139215,0.6881018280982971,22.192134898388254
carpet,1,scratch,0.001251220703125,noise,3,wiener,classical,0.026984605938196182,0.09928620003475758,-4.09134377551847,12.760017046987729,12.756691618496102,-0.2135642021894455,22.192134898388254
carpet,1,scratch,0.001251220703125,noise,3,classical_pipeline,classical,0.9488317966461182,0.9785479454325752,-0.13379381933013312,25.61369186570232,25.615636888995418,0.9254862666130066,22.192134898388254
carpet,1,scratch,0.001251220703125,noise,3,nafnet,deep,0.4025574326515198,0.652739870464112,-0.9544377735849616,20.835779221685836,20.81869402942695,0.711942732334137,22.192134898388254
carpet,1,scratch,0.001251220703125,noise,3,restormer,deep,0.5936407446861267,0.8337062911912028,-0.22339496293827255,24.573469078962667,24.55945549924975,0.8915421962738037,22.192134898388254
carpet,1,scratch,0.001251220703125,noise,4,identity,classical,0.9866374135017395,1.0,0.0,19.97177599380338,19.974811410180788,0.7759659886360168,19.974811410180788
carpet,1,scratch,0.001251220703125,noise,4,gaussian,classical,0.526046872138977,0.8752256655786189,-0.38535863212135135,21.66650067092322,21.659649949485292,0.7204058766365051,19.974811410180788
carpet,1,scratch,0.001251220703125,noise,4,bilateral,classical,0.9611614942550659,0.9953960626282246,0.01693368279744678,20.72353139040468,20.72664100890213,0.8014593124389648,19.974811410180788
carpet,1,scratch,0.001251220703125,noise,4,nlm,classical,0.8577070236206055,0.9747807846300992,-0.04563525559093251,24.15992086533844,24.16079795442645,0.888344943523407,19.974811410180788
carpet,1,scratch,0.001251220703125,noise,4,clahe,classical,1.532516360282898,0.8924955674077631,-2.075148203442949,14.207585301574834,14.212045283009216,0.6737923622131348,19.974811410180788
carpet,1,scratch,0.001251220703125,noise,4,msrcr,classical,1.5775489807128906,1.1831527592877502,-4.827951591999691,10.713163584259897,10.715484542957782,0.6471807360649109,19.974811410180788
carpet,1,scratch,0.001251220703125,noise,4,wiener,classical,0.02673393301665783,0.09241888770810362,-2.9966938270149357,12.45273477454618,12.45029767022732,-0.19520826637744904,19.974811410180788
carpet,1,scratch,0.001251220703125,noise,4,classical_pipeline,classical,0.8722870349884033,0.969400840919361,-0.053017899527400214,24.09420960224114,24.09493332855859,0.8887587189674377,19.974811410180788
carpet,1,scratch,0.001251220703125,noise,4,nafnet,deep,0.29784420132637024,0.5133263220029314,-0.8511853200803274,19.178935995065622,19.165305500652302,0.517037570476532,19.974811410180788
carpet,1,scratch,0.001251220703125,noise,4,restormer,deep,0.5491907000541687,0.8212159912928787,-0.05104537920018393,23.62513813435097,23.611315856659054,0.8707097172737122,19.974811410180788
carpet,1,scratch,0.001251220703125,mixed,2,identity,classical,0.30099526047706604,1.0,0.0,19.243333700708078,19.233291785483676,0.499904066324234,19.233291785483676
carpet,1,scratch,0.001251220703125,mixed,2,gaussian,classical,0.2756423354148865,1.3432912216679942,-0.06297723142608547,18.745062626286405,18.736012536627147,0.35172438621520996,19.233291785483676
carpet,1,scratch,0.001251220703125,mixed,2,bilateral,classical,0.282842218875885,1.0455052307556625,-0.013559563856011314,19.140455312968623,19.13034395298172,0.45926904678344727,19.233291785483676
carpet,1,scratch,0.001251220703125,mixed,2,nlm,classical,0.30059030652046204,0.9856031548680937,-0.00032554753705693606,19.26472000141577,19.254860581231025,0.5015377998352051,19.233291785483676
carpet,1,scratch,0.001251220703125,mixed,2,clahe,classical,0.6468645334243774,0.9749663370223227,-0.597815605354955,15.272494907251373,15.268561445125906,0.5568594932556152,19.233291785483676
carpet,1,scratch,0.001251220703125,mixed,2,msrcr,classical,0.8638420701026917,1.01660576140282,-1.4664143888905996,11.992133694786498,11.989622000595595,0.5068967938423157,19.233291785483676
carpet,1,scratch,0.001251220703125,mixed,2,wiener,classical,0.1878545880317688,0.07683682446034573,-0.9277146450759814,13.577545013164237,13.574296682158991,0.11870002746582031,19.233291785483676
carpet,1,scratch,0.001251220703125,mixed,2,classical_pipeline,classical,0.14646239578723907,0.09322363025041171,-0.7197803425357012,14.598414063630067,14.594164640049108,0.12288367003202438,19.233291785483676
carpet,1,scratch,0.001251220703125,mixed,2,nafnet,deep,0.2701753079891205,1.1775188865384678,-0.04433156956266826,18.87661855932008,18.86631021061918,0.3803105354309082,19.233291785483676
carpet,1,scratch,0.001251220703125,mixed,2,restormer,deep,0.2690330445766449,1.1514099831788254,-0.006266660697432647,19.209912564370196,19.199103887542663,0.4428543746471405,19.233291785483676
carpet,1,scratch,0.001251220703125,mixed,3,identity,classical,0.16089370846748352,1.0,0.0,12.822671359787757,12.827090200082775,0.13924364745616913,12.827090200082775
carpet,1,scratch,0.001251220703125,mixed,3,gaussian,classical,0.1488596796989441,0.9246985910744429,-0.0030629236598143095,12.780286873164307,12.78469503174604,0.11555645614862442,12.827090200082775
carpet,1,scratch,0.001251220703125,mixed,3,bilateral,classical,0.12464110553264618,0.7061687424613345,-0.007866305984338906,12.713569387321897,12.717953871727634,0.08124831318855286,12.827090200082775
carpet,1,scratch,0.001251220703125,mixed,3,nlm,classical,0.1628096103668213,1.0036235101592017,-0.014753924517070915,12.707738634947752,12.7121861140218,0.1343761533498764,12.827090200082775
carpet,1,scratch,0.001251220703125,mixed,3,clahe,classical,0.36377015709877014,1.0000653497980994,0.27510145510369366,15.420975893010006,15.424631847900852,0.33340421319007874,12.827090200082775
carpet,1,scratch,0.001251220703125,mixed,3,msrcr,classical,1.52101731300354,1.0667077248226442,-0.05742374707868292,12.000051859904188,12.003018611166244,0.4754474461078644,12.827090200082775
carpet,1,scratch,0.001251220703125,mixed,3,wiener,classical,0.009511955082416534,0.6379727007406868,-0.059060348420576725,12.173418041657072,12.17741560104254,-0.06865572184324265,12.827090200082775
carpet,1,scratch,0.001251220703125,mixed,3,classical_pipeline,classical,0.009297068230807781,0.6598436567964749,-0.061323487729525006,12.177958397289233,12.181918962639893,-0.06011424586176872,12.827090200082775
carpet,1,scratch,0.001251220703125,mixed,3,nafnet,deep,0.13048088550567627,0.8276498089972686,-0.0005581294036598461,12.791051241656445,12.795432466697207,0.105679452419281,12.827090200082775
carpet,1,scratch,0.001251220703125,mixed,3,restormer,deep,0.14988982677459717,0.9422351722638624,-0.0017107420451099031,12.793411826223613,12.79782347378022,0.12180665135383606,12.827090200082775
carpet,1,scratch,0.001251220703125,mixed,4,identity,classical,0.23117345571517944,1.0,0.0,16.34198566272589,16.336097738917395,-0.00876286718994379,16.336097738917395
carpet,1,scratch,0.001251220703125,mixed,4,gaussian,classical,0.22316525876522064,9.456490284182953,0.08343706066595069,17.104627247051127,17.097962411802932,0.03227768838405609,16.336097738917395
carpet,1,scratch,0.001251220703125,mixed,4,bilateral,classical,0.22475817799568176,3.8031054080133497,0.03540734980897364,16.666622048750018,16.660392195211035,0.010391718707978725,16.336097738917395
carpet,1,scratch,0.001251220703125,mixed,4,nlm,classical,0.23287443816661835,0.20791282337929531,-0.001458927568793733,16.354569931964146,16.348777650882813,-0.00855340901762247,16.336097738917395
carpet,1,scratch,0.001251220703125,mixed,4,clahe,classical,0.4667209982872009,0.05574146653812483,-0.3979489776361025,13.364611561230305,13.361135158512734,-0.045182082802057266,16.336097738917395
carpet,1,scratch,0.001251220703125,mixed,4,msrcr,classical,0.7114883661270142,0.5393552393306495,-1.0958156223096474,10.074847552709155,10.072099935318077,-0.0441126711666584,16.336097738917395
carpet,1,scratch,0.001251220703125,mixed,4,wiener,classical,0.2185390442609787,15.094550320600026,0.05593218913012066,16.849449071888557,16.84506324086653,0.1152525544166565,16.336097738917395
carpet,1,scratch,0.001251220703125,mixed,4,classical_pipeline,classical,0.22810761630535126,0.9340439038269103,-0.0009006453560604921,16.33520949833215,16.328872185421318,-0.008761150762438774,16.336097738917395
carpet,1,scratch,0.001251220703125,mixed,4,nafnet,deep,1.1072357892990112,4.160036513401047,-1.4115826456337586,5.6236624054905615,5.622676884934218,0.0035170961637049913,16.336097738917395
carpet,1,scratch,0.001251220703125,mixed,4,restormer,deep,0.20968562364578247,6.857148761897439,0.07564438424038888,17.032457973428055,17.025389028033892,0.02384822629392147,16.336097738917395
carpet,2,blob,0.0081939697265625,defocus,2,identity,classical,0.9853667616844177,1.0,0.0,21.885782272125894,21.886455427142643,0.6372044086456299,21.886455427142643
carpet,2,blob,0.0081939697265625,defocus,2,gaussian,classical,0.9735600352287292,1.2884133650813805,-0.1784259720197503,20.478569121172754,20.479585310618788,0.4589170217514038,21.886455427142643
carpet,2,blob,0.0081939697265625,defocus,2,bilateral,classical,0.9777870774269104,1.0810394400391012,-0.09688131572782854,21.09101688498098,21.09218725628363,0.536446750164032,21.886455427142643
carpet,2,blob,0.0081939697265625,defocus,2,nlm,classical,0.9833458065986633,0.9884003619460952,0.004089197451327187,21.889384053793627,21.890256839098356,0.6416023969650269,21.886455427142643
carpet,2,blob,0.0081939697265625,defocus,2,clahe,classical,1.434462547302246,0.8554193625863084,-0.47421653026238264,18.62570479690689,18.647273006673228,0.7953715324401855,21.886455427142643
carpet,2,blob,0.0081939697265625,defocus,2,msrcr,classical,3.0332260131835938,0.9662966382305945,-2.5648924144085883,11.835737922355706,11.860896515571559,0.6682767868041992,21.886455427142643
carpet,2,blob,0.0081939697265625,defocus,2,wiener,classical,0.4466722309589386,0.03170936682762508,-1.2108212371891627,15.091287011766967,15.081267665906253,-0.12221122533082962,21.886455427142643
carpet,2,blob,0.0081939697265625,defocus,2,classical_pipeline,classical,0.4397185742855072,0.033586613214856925,-1.1586952836234432,15.305970755390375,15.294447718610673,-0.12270430475473404,21.886455427142643
carpet,2,blob,0.0081939697265625,defocus,2,nafnet,deep,0.8873355388641357,1.180623492688031,-0.15031593441057667,20.671562295646332,20.669932887118243,0.48625072836875916,21.886455427142643
carpet,2,blob,0.0081939697265625,defocus,2,restormer,deep,0.9569392800331116,1.1252819959353728,-0.09218761394543185,21.115540364397948,21.115629785302605,0.5468073487281799,21.886455427142643
carpet,2,blob,0.0081939697265625,defocus,3,identity,classical,0.9708417654037476,1.0,0.0,19.46030586753398,19.46141155137972,0.3010583221912384,19.46141155137972
carpet,2,blob,0.0081939697265625,defocus,3,gaussian,classical,0.9596919417381287,1.1471021311618743,-0.02763276314890728,19.233248731316962,19.234379807634078,0.24938756227493286,19.46141155137972
carpet,2,blob,0.0081939697265625,defocus,3,bilateral,classical,0.9612963199615479,1.1198785563583356,-0.048010901844118825,19.07352080128837,19.07485584453074,0.21525442600250244,19.46141155137972
carpet,2,blob,0.0081939697265625,defocus,3,nlm,classical,0.9697126150131226,0.9873727771105443,-0.0006918056028910602,19.461237910017715,19.46251251341099,0.3020518124103546,19.46141155137972
carpet,2,blob,0.0081939697265625,defocus,3,clahe,classical,1.5468600988388062,0.8051077834126295,-0.2085678429573854,17.628330094814,17.642728770063542,0.5002729296684265,19.46141155137972
carpet,2,blob,0.0081939697265625,defocus,3,msrcr,classical,3.586225748062134,0.8743742825913543,-1.7161986737576078,11.369319140841778,11.386446302540527,0.46447548270225525,19.46141155137972
carpet,2,blob,0.0081939697265625,defocus,3,wiener,classical,0.2883700132369995,0.13243899677118084,-0.5614198445131737,15.733204806395111,15.715867386309343,-0.1618715077638626,19.46141155137972
carpet,2,blob,0.0081939697265625,defocus,3,classical_pipeline,classical,0.2847446799278259,0.14085622377895413,-0.50573458093692,16.045363588715976,16.0270567235757,-0.15866805613040924,19.46141155137972
carpet,2,blob,0.0081939697265625,defocus,3,nafnet,deep,0.9000915288925171,1.1230311565369828,-0.032536717279338045,19.189292137180704,19.189913700983755,0.24047207832336426,19.46141155137972
carpet,2,blob,0.0081939697265625,defocus,3,restormer,deep,0.9524271488189697,1.094964188497246,-0.017763716932860163,19.315818330646703,19.316896469691514,0.2674611806869507,19.46141155137972
carpet,2,blob,0.0081939697265625,defocus,4,identity,classical,0.9401053190231323,1.0,0.0,18.11519415752248,18.116290238620845,0.02078614942729473,18.116290238620845
carpet,2,blob,0.0081939697265625,defocus,4,gaussian,classical,0.930210530757904,1.0700068292700262,0.02055880913831032,18.30381071911511,18.304670203785093,0.05760358273983002,18.116290238620845
carpet,2,blob,0.0081939697265625,defocus,4,bilateral,classical,0.9294997453689575,1.1215379065947768,0.03324160770198947,18.421716575447288,18.422003998346515,0.08229103684425354,18.116290238620845
carpet,2,blob,0.0081939697265625,defocus,4,nlm,classical,0.9432092905044556,1.0344008189200988,0.0202839195326453,18.30760714735094,18.308147103856363,0.06124386191368103,18.116290238620845
carpet,2,blob,0.0081939697265625,defocus,4,clahe,classical,1.3143833875656128,0.7678859648135633,-0.17283177421432683,16.481123051914608,16.489998683576264,-0.04901709780097008,18.116290238620845
carpet,2,blob,0.0081939697265625,defocus,4,msrcr,classical,3.8329920768737793,0.7723420931209172,-1.596072556340273,10.082522044628853,10.097256928330118,-0.113878034055233,18.116290238620845
carpet,2,blob,0.0081939697265625,defocus,4,wiener,classical,0.06437443196773529,0.09296019906759437,-0.12751074912104876,17.09749053422,17.07434285510348,0.05271162465214729,18.116290238620845
carpet,2,blob,0.0081939697265625,defocus,4,classical_pipeline,classical,0.06774246692657471,0.10218628448026175,-0.08903467177455293,17.411080413420684,17.386668876894745,0.05388542637228966,18.116290238620845
carpet,2,blob,0.0081939697265625,defocus,4,nafnet,deep,0.894670307636261,1.0291696602719507,0.02256037743038397,18.31965555199112,18.320422841563683,0.06162025034427643,18.116290238620845
carpet,2,blob,0.0081939697265625,defocus,4,restormer,deep,0.9313395023345947,1.0501444926646057,0.014100566653622804,18.245182534259797,18.24618173875264,0.046131253242492676,18.116290238620845
carpet,2,blob,0.0081939697265625,noise,2,identity,classical,0.9950170516967773,1.0,0.0,25.060877644521145,25.072955147682286,0.8969953656196594,25.072955147682286
carpet,2,blob,0.0081939697265625,noise,2,gaussian,classical,0.9824825525283813,1.647267835038059,-1.17765266923954,23.06997695273766,23.071490354289757,0.7402018904685974,25.072955147682286
carpet,2,blob,0.0081939697265625,noise,2,bilateral,classical,0.9947654604911804,1.0272852621405364,0.012754071740249118,27.35459008572071,27.368607905753144,0.9348291754722595,25.072955147682286
carpet,2,blob,0.0081939697265625,noise,2,nlm,classical,0.9952239990234375,0.978519304599169,-0.2474717456659028,27.57711341497947,27.586365696687647,0.9409686923027039,25.072955147682286
carpet,2,blob,0.0081939697265625,noise,2,clahe,classical,1.3558173179626465,0.9070083950913569,-5.073123612507057,14.038319349784953,14.05503161652559,0.696233332157135,25.072955147682286
carpet,2,blob,0.0081939697265625,noise,2,msrcr,classical,1.6113425493240356,1.075143963171427,-10.596887670476175,10.14686785022824,10.156571047181725,0.6627067923545837,25.072955147682286
carpet,2,blob,0.0081939697265625,noise,2,wiener,classical,0.9287658929824829,0.809868339824054,-5.352289201521343,13.849857704629509,13.851325030806072,-0.24344603717327118,25.072955147682286
carpet,2,blob,0.0081939697265625,noise,2,classical_pipeline,classical,0.9952239990234375,0.9753138038123245,-0.27274982462416597,27.412475780946252,27.422237439472383,0.9404885768890381,25.072955147682286
carpet,2,blob,0.0081939697265625,noise,2,nafnet,deep,0.8901981115341187,1.228344346101033,-0.8433797817631157,24.112863239924675,24.09537987697857,0.8421137928962708,25.072955147682286
carpet,2,blob,0.0081939697265625,noise,2,restormer,deep,0.9084433913230896,1.2020655032950807,-0.39152636351920744,26.333138686334557,26.3277276406234,0.906684935092926,25.072955147682286
carpet,2,blob,0.0081939697265625,noise,3,identity,classical,0.9886446595191956,1.0,0.0,22.366720247656687,22.3780620667413,0.825202465057373,22.3780620667413
carpet,2,blob,0.0081939697265625,noise,3,gaussian,classical,0.9767002463340759,1.680333647781722,-0.5936792653865244,22.892344367001133,22.89366126108789,0.7330095171928406,22.3780620667413
carpet,2,blob,0.0081939697265625,noise,3,bilateral,classical,0.9919127821922302,1.03512820171321,0.02763852831290281,23.826342428486782,23.840013985235316,0.8650918006896973,22.3780620667413
carpet,2,blob,0.0081939697265625,noise,3,nlm,classical,0.968644380569458,0.9778779324390304,-0.10219578864573298,25.961485446368727,25.963742777427683,0.912172257900238,22.3780620667413
carpet,2,blob,0.0081939697265625,noise,3,clahe,classical,1.3686364889144897,0.906319718350968,-3.5813905542518514,13.569207738157802,13.58633205884554,0.654454231262207,22.3780620667413
carpet,2,blob,0.0081939697265625,noise,3,msrcr,classical,1.5366171598434448,1.0844997394395073,-7.035233796169969,10.385004810771004,10.393984856269576,0.6279234886169434,22.3780620667413
carpet,2,blob,0.0081939697265625,noise,3,wiener,classical,2.925924062728882,0.799724194097306,-3.67684075665084,13.57638295721415,13.577756664692618,-0.22570019960403442,22.3780620667413
carpet,2,blob,0.0081939697265625,noise,3,classical_pipeline,classical,2.823931932449341,0.9754815976849647,-0.11701546167153065,25.84759356268914,25.850406518967493,0.9119112491607666,22.3780620667413
carpet,2,blob,0.0081939697265625,noise,3,nafnet,deep,0.9378596544265747,1.4010434037956536,-0.7530933738044687,21.916044405975153,21.90216271799129,0.7258504033088684,22.3780620667413
carpet,2,blob,0.0081939697265625,noise,3,restormer,deep,0.8873766660690308,1.2191999503532374,-0.1558229665030324,25.059812859035354,25.05257929751805,0.8805244565010071,22.3780620667413
carpet,2,blob,0.0081939697265625,noise,4,identity,classical,0.9889402389526367,1.0,0.0,20.126517472673736,20.135786554030485,0.7397885322570801,20.135786554030485
carpet,2,blob,0.0081939697265625,noise,4,gaussian,classical,0.9766233563423157,1.731676681782906,-0.23788087986170958,22.63806776918009,22.64000684611434,0.7220237851142883,20.135786554030485
carpet,2,blob,0.0081939697265625,noise,4,bilateral,classical,0.9929692149162292,1.0182084744620903,0.02563824100834644,20.980547798955396,20.991838894016578,0.7712324261665344,20.135786554030485
carpet,2,blob,0.0081939697265625,noise,4,nlm,classical,0.9359093904495239,1.0262544437568866,0.0026687825781234187,24.595850508613818,24.59181374292799,0.8724923729896545,20.135786554030485
carpet,2,blob,0.0081939697265625,noise,4,clahe,classical,1.4447637796401978,0.9221085012467483,-2.4994872651157003,13.377359345011875,13.39080933604843,0.6128086447715759,20.135786554030485
carpet,2,blob,0.0081939697265625,noise,4,msrcr,classical,1.3915510177612305,1.09629150165473,-4.847004434167203,10.591510092376977,10.596829333258285,0.5817386507987976,20.135786554030485
carpet,2,blob,0.0081939697265625,noise,4,wiener,classical,0.9249150156974792,0.7940399467208317,-2.646703545437824,13.214320785850948,13.215537444420647,-0.20289333164691925,20.135786554030485
carpet,2,blob,0.0081939697265625,noise,4,classical_pipeline,classical,0.9349428415298462,1.0261845304748216,-0.008270864384866128,24.506217449783158,24.501391535904276,0.8706417679786682,20.135786554030485
carpet,2,blob,0.0081939697265625,noise,4,nafnet,deep,0.9294605851173401,1.8166281101861106,-0.6251157935981815,20.363428874828728,20.351780444070805,0.5787620544433594,20.135786554030485
carpet,2,blob,0.0081939697265625,noise,4,restormer,deep,0.8838473558425903,1.2960166174457097,0.006411264933424254,23.985918225053457,23.97628457029935,0.8591217398643494,20.135786554030485
carpet,2,blob,0.0081939697265625,mixed,2,identity,classical,0.6379627585411072,1.0,0.0,15.776905147599841,15.791073880758965,0.43451187014579773,15.791073880758965
carpet,2,blob,0.0081939697265625,mixed,2,gaussian,classical,0.6305508017539978,1.303617059049092,-0.0293890915866728,15.458886553408629,15.472353623980869,0.30357709527015686,15.791073880758965
carpet,2,blob,0.0081939697265625,mixed,2,bilateral,classical,0.6284698843955994,1.1781304030309772,-0.027508889554848093,15.475716865671282,15.489397217991613,0.30094990134239197,15.791073880758965
carpet,2,blob,0.0081939697265625,mixed,2,nlm,classical,0.6343764066696167,1.0022048543338526,-0.006741764549803353,15.731973572029483,15.746052734780351,0.43696698546409607,15.791073880758965
carpet,2,blob,0.0081939697265625,mixed,2,clahe,classical,1.0583031177520752,0.8878269966713604,0.5604730161974086,22.166854803341366,22.16553003950253,0.7835922837257385,15.791073880758965
carpet,2,blob,0.0081939697265625,mixed,2,msrcr,classical,2.990745782852173,0.9804195206768983,-0.6219607854923153,11.852393982352131,11.877601666778046,0.6612696647644043,15.791073880758965
carpet,2,blob,0.0081939697265625,mixed,2,wiener,classical,0.3224557042121887,0.028778561501477076,-0.17071111716008236,14.137687146665968,14.15099922913258,-0.04865559935569763,15.791073880758965
carpet,2,blob,0.0081939697265625,mixed,2,classical_pipeline,classical,0.3050888776779175,0.028421504152795277,-0.17541360795281347,14.112375270939257,14.125936174043384,-0.04509411379694939,15.791073880758965
carpet,2,blob,0.0081939697265625,mixed,2,nafnet,deep,0.5658254027366638,1.2728025962779121,-0.018167558126654493,15.54384994943054,15.558120736562495,0.29575076699256897,15.791073880758965
carpet,2,blob,0.0081939697265625,mixed,2,restormer,deep,0.6212495565414429,1.1357518335994647,-0.011702934733794246,15.633514006878322,15.647318638448226,0.36927589774131775,15.791073880758965
carpet,2,blob,0.0081939697265625,mixed,3,identity,classical,0.9664823412895203,1.0,0.0,18.76846894624552,18.773055917517066,0.2723775804042816,18.773055917517066
carpet,2,blob,0.0081939697265625,mixed,3,gaussian,classical,0.9542697072029114,1.5366883617924918,0.03858631939286172,19.13637326546002,19.138132384013396,0.250294953584671,18.773055917517066
carpet,2,blob,0.0081939697265625,mixed,3,bilateral,classical,0.9583399891853333,1.131423460137309,0.00876993198126863,18.871733165373314,18.874649758326093,0.2445312738418579,18.773055917517066
carpet,2,blob,0.0081939697265625,mixed,3,nlm,classical,0.973273515701294,0.9994994445179887,-0.0017808400065844054,18.78441419403738,18.78917994758693,0.2744767367839813,18.773055917517066
carpet,2,blob,0.0081939697265625,mixed,3,clahe,classical,1.4583204984664917,0.8762370719698438,-0.42010179376525936,15.667943823447928,15.684977986568555,0.323380708694458,18.773055917517066
carpet,2,blob,0.0081939697265625,mixed,3,msrcr,classical,3.075908660888672,1.0424437990435031,-1.6924610421207018,10.694469192666144,10.716662851669028,0.263822466135025,18.773055917517066
carpet,2,blob,0.0081939697265625,mixed,3,wiener,classical,0.9118101596832275,0.7515669419819335,-0.1787882296005061,17.413680393294808,17.413472587333136,0.026771822944283485,18.773055917517066
carpet,2,blob,0.0081939697265625,mixed,3,classical_pipeline,classical,0.9678587317466736,0.9967385636164037,-0.002351212005553549,18.752999041408803,18.7577210077387,0.2722281515598297,18.773055917517066
carpet,2,blob,0.0081939697265625,mixed,3,nafnet,deep,0.8833127021789551,1.429393957789218,0.03363015918616297,19.09795436555905,19.099246320948414,0.24495358765125275,18.773055917517066
carpet,2,blob,0.0081939697265625,mixed,3,restormer,deep,0.9149590730667114,1.3581274076067757,0.040995251038501324,19.171606840019543,19.173066666733092,0.2621729373931885,18.773055917517066
carpet,2,blob,0.0081939697265625,mixed,4,identity,classical,0.9156121015548706,1.0,0.0,17.396686122538874,17.399725989828745,0.06619893014431,17.399725989828745
carpet,2,blob,0.0081939697265625,mixed,4,gaussian,classical,0.9028050899505615,1.7831296176967422,0.08993110151045991,18.220908088612525,18.222742998961902,0.0842413678765297,17.399725989828745
carpet,2,blob,0.0081939697265625,mixed,4,bilateral,classical,0.9113521575927734,1.1383384193090529,0.0352145194727741,17.723868601206462,17.72653436521361,0.07351597398519516,17.399725989828745
carpet,2,blob,0.0081939697265625,mixed,4,nlm,classical,0.9201142191886902,1.012265331348492,-0.00272865028274194,17.4007235974724,17.40362703246165,0.06677781790494919,17.399725989828745
carpet,2,blob,0.0081939697265625,mixed,4,clahe,classical,1.4756165742874146,0.8898709768897786,-0.5317992329637955,13.66855676701608,13.681715334994616,0.04589138925075531,17.399725989828745
carpet,2,blob,0.0081939697265625,mixed,4,msrcr,classical,2.632166862487793,1.0356019503015146,-1.5132851492670123,9.813803964188025,9.830685897014016,0.03398607298731804,17.399725989828745
carpet,2,blob,0.0081939697265625,mixed,4,wiener,classical,0.8522516489028931,0.790639429456711,-0.0013922854885657365,17.402720834963926,17.40032790570127,0.07761386781930923,17.399725989828745
carpet,2,blob,0.0081939697265625,mixed,4,classical_pipeline,classical,0.9158110618591309,0.9934723564170966,-0.0014076636795230524,17.38554998851995,17.388460584826284,0.06615643948316574,17.399725989828745
carpet,2,blob,0.0081939697265625,mixed,4,nafnet,deep,3.2441048622131348,0.013526994144603587,-1.475889023704363,5.628505854957199,5.6224402232227275,0.0036485514137893915,17.399725989828745
carpet,2,blob,0.0081939697265625,mixed,4,restormer,deep,0.8488416075706482,1.6356169592816472,0.08298309503428425,18.170626587658905,18.171506836848163,0.08385413140058517,17.399725989828745
carpet,3,texture,0.005035400390625,defocus,2,identity,classical,0.6926053166389465,1.0,0.0,22.109768489266767,22.127554636668112,0.6411659121513367,22.127554636668112
carpet,3,texture,0.005035400390625,defocus,2,gaussian,classical,0.6351810693740845,1.3034820430494012,-0.17846563561253848,20.709081745229845,20.727103866121766,0.46530047059059143,22.127554636668112
carpet,3,texture,0.005035400390625,defocus,2,bilateral,classical,0.676388680934906,1.1767855824680427,-0.09913230900493342,21.299338553095634,21.316515470834304,0.5398292541503906,22.127554636668112
carpet,3,texture,0.005035400390625,defocus,2,nlm,classical,0.7100361585617065,1.0256520638310935,0.004188807523591742,22.10964291854833,22.127052294721153,0.645223081111908,22.127554636668112
carpet,3,texture,0.005035400390625,defocus,2,clahe,classical,1.6651087999343872,0.9840975325275915,-0.47751589073382017,18.830961198083514,18.80780422296999,0.7941474914550781,22.127554636668112
carpet,3,texture,0.005035400390625,defocus,2,msrcr,classical,2.1079323291778564,0.9464436791299331,-2.5383092672367202,12.036457518706063,12.012821802710832,0.6615265011787415,22.127554636668112
carpet,3,texture,0.005035400390625,defocus,2,wiener,classical,0.41049331426620483,0.37960522488127624,-1.1753846516000745,15.471967765275378,15.484508737878134,-0.06445394456386566,22.127554636668112
carpet,3,texture,0.005035400390625,defocus,2,classical_pipeline,classical,0.3889417052268982,0.39320197542209007,-1.1226583056257353,15.691436641698298,15.703838631801027,-0.062321629375219345,22.127554636668112
carpet,3,texture,0.005035400390625,defocus,2,nafnet,deep,0.6236391663551331,1.2142243636310954,-0.1530297723965548,20.87801593478313,20.895888850973463,0.489605188369751,22.127554636668112
carpet,3,texture,0.005035400390625,defocus,2,restormer,deep,0.6469385623931885,1.1189575395322429,-0.09097508165754609,21.34964816340197,21.367565345696804,0.5532383918762207,22.127554636668112
carpet,3,texture,0.005035400390625,defocus,3,identity,classical,0.6154541969299316,1.0,0.0,19.69260631587888,19.710648284158804,0.3092760741710663,19.710648284158804
carpet,3,texture,0.005035400390625,defocus,3,gaussian,classical,0.5914442539215088,1.1039238649383825,-0.02806508362892024,19.465514150588877,19.483559052044022,0.258175790309906,19.710648284158804
carpet,3,texture,0.005035400390625,defocus,3,bilateral,classical,0.5833439230918884,1.0996069292713437,-0.04925509391801608,19.300366456591934,19.318331639169866,0.22398893535137177,19.710648284158804
carpet,3,texture,0.005035400390625,defocus,3,nlm,classical,0.6307961940765381,1.0435921726071025,-0.00036263286684290463,19.694387955056794,19.71211066168553,0.3106369972229004,19.710648284158804
carpet,3,texture,0.005035400390625,defocus,3,clahe,classical,1.4947770833969116,0.9008270529974712,-0.21453322345007741,17.827245196241407,17.819547249624062,0.5062398314476013,19.710648284158804
carpet,3,texture,0.005035400390625,defocus,3,msrcr,classical,2.6209542751312256,0.9073154046916334,-1.617524627456346,11.766991891983881,11.729268756234836,0.4633820056915283,19.710648284158804
carpet,3,texture,0.005035400390625,defocus,3,wiener,classical,0.258216917514801,0.13048284724679432,-0.5922806861753243,15.792461063011082,15.804392716494247,-0.18464772403240204,19.710648284158804
carpet,3,texture,0.005035400390625,defocus,3,classical_pipeline,classical,0.23460738360881805,0.15124968084880597,-0.5317565176733685,16.128337911964014,16.14034818841629,-0.17784519493579865,19.710648284158804
carpet,3,texture,0.005035400390625,defocus,3,nafnet,deep,0.5872601270675659,1.1002822151848812,-0.031683619587068,19.430342624924258,19.448413376382632,0.25147318840026855,19.710648284158804
carpet,3,texture,0.005035400390625,defocus,3,restormer,deep,0.5929113626480103,1.0590074128606368,-0.017251338919015202,19.55369441228164,19.571727238247757,0.27740058302879333,19.710648284158804
carpet,3,texture,0.005035400390625,defocus,4,identity,classical,0.5590993165969849,1.0,0.0,18.34687776209212,18.36481888275226,0.031469736248254776,18.36481888275226
carpet,3,texture,0.005035400390625,defocus,4,gaussian,classical,0.5497888326644897,1.0551919919762183,0.019786504165183016,18.530240026466373,18.548130406900622,0.06680753082036972,18.36481888275226
carpet,3,texture,0.005035400390625,defocus,4,bilateral,classical,0.5369848608970642,1.0780478352354006,0.03113446773534434,18.638735804314443,18.656594325727884,0.0893029272556305,18.36481888275226
carpet,3,texture,0.005035400390625,defocus,4,nlm,classical,0.5715373754501343,1.062709090447875,0.020056128581541266,18.53751522750691,18.55539216179124,0.07103345543146133,18.36481888275226
carpet,3,texture,0.005035400390625,defocus,4,clahe,classical,1.5641762018203735,0.9819758555341322,-0.17372356576937475,16.667350523989843,16.66267538732075,-0.02778095006942749,18.36481888275226
carpet,3,texture,0.005035400390625,defocus,4,msrcr,classical,2.8543200492858887,0.836069236590137,-1.388523448702737,10.839807044611373,10.800944788417919,-0.097761370241642,18.36481888275226
carpet,3,texture,0.005035400390625,defocus,4,wiener,classical,0.14242641627788544,0.13031048034899584,-0.09719940879028166,17.582042634136602,17.593134340847524,0.12830661237239838,18.36481888275226
carpet,3,texture,0.005035400390625,defocus,4,classical_pipeline,classical,0.12143965810537338,0.16185211534644206,-0.06872940556978935,17.834228660060468,17.845303656542743,0.11046610027551651,18.36481888275226
carpet,3,texture,0.005035400390625,defocus,4,nafnet,deep,0.5449597239494324,1.0603216243288227,0.022446870574480915,18.552588021543585,18.570491731081283,0.07197503000497818,18.36481888275226
carpet,3,texture,0.005035400390625,defocus,4,restormer,deep,0.552280068397522,1.031013291732631,0.013777521581745056,18.475404141884447,18.493277722944804,0.05619532987475395,18.36481888275226
carpet,3,texture,0.005035400390625,noise,2,identity,classical,1.0026440620422363,1.0,0.0,25.066265880804863,25.063128365366218,0.8922249674797058,25.063128365366218
carpet,3,texture,0.005035400390625,noise,2,gaussian,classical,0.7249586582183838,1.8211558639659664,-1.1110259254582884,23.281758960906444,23.29850282412281,0.7425417304039001,25.063128365366218
carpet,3,texture,0.005035400390625,noise,2,bilateral,classical,1.01083505153656,1.0559008722835341,0.01755739176866944,27.402903660764437,27.403868238755468,0.9319667220115662,25.063128365366218
carpet,3,texture,0.005035400390625,noise,2,nlm,classical,1.164724588394165,1.0603732985413594,-0.22312985008089425,27.72724689812946,27.72918923826493,0.9396107792854309,25.063128365366218
carpet,3,texture,0.005035400390625,noise,2,clahe,classical,1.7440491914749146,0.9394545908038547,-5.0024869279472135,14.104476969857773,14.104732577174413,0.6898581981658936,25.063128365366218
carpet,3,texture,0.005035400390625,noise,2,msrcr,classical,1.419455647468567,0.9941558128340632,-10.426744986183282,10.216877232215602,10.212742376196534,0.6558895111083984,25.063128365366218
carpet,3,texture,0.005035400390625,noise,2,wiener,classical,0.8315024971961975,1.0418802593312102,-5.145959785024451,14.094718949705838,14.110437282526107,-0.2267223447561264,25.063128365366218
carpet,3,texture,0.005035400390625,noise,2,classical_pipeline,classical,1.1362719535827637,1.0523474835027202,-0.2699566869788219,27.412590303119387,27.41483761063934,0.9384167790412903,25.063128365366218
carpet,3,texture,0.005035400390625,noise,2,nafnet,deep,0.6865555047988892,1.1004041202733763,-0.8594472232719412,24.053886357991946,24.06878170927861,0.8319147229194641,25.063128365366218
carpet,3,texture,0.005035400390625,noise,2,restormer,deep,0.7938649654388428,1.280227560363217,-0.3641717724432081,26.451000388438644,26.46294654124624,0.9062606692314148,25.063128365366218
carpet,3,texture,0.005035400390625,noise,3,identity,classical,0.9986963868141174,1.0,0.0,22.350226668127213,22.346553024871145,0.8176023960113525,22.346553024871145
carpet,3,texture,0.005035400390625,noise,3,gaussian,classical,0.7208822965621948,1.82183094149067,-0.5547960935221188,23.090659748391687,23.10652020827687,0.7346495985984802,22.346553024871145
carpet,3,texture,0.005035400390625,noise,3,bilateral,classical,0.9995735883712769,1.0232461771423595,0.029620532320131288,23.823559327002695,23.822409817716007,0.8588047027587891,22.346553024871145
carpet,3,texture,0.005035400390625,noise,3,nlm,classical,1.1740092039108276,1.1314985642814472,-0.093124627892603,26.07094485410923,26.07640926373653,0.9083709716796875,22.346553024871145
carpet,3,texture,0.005035400390625,noise,3,clahe,classical,1.7421238422393799,0.9863175753761818,-3.5978830094884477,13.544287857853057,13.541351698209048,0.6442078351974487,22.346553024871145
carpet,3,texture,0.005035400390625,noise,3,msrcr,classical,1.3453372716903687,1.0576748178566968,-7.007418966370084,10.407558430095307,10.404722469520213,0.6203688383102417,22.346553024871145
carpet,3,texture,0.005035400390625,noise,3,wiener,classical,0.8301329016685486,1.0900255423307754,-3.542232548196858,13.805539906599675,13.819731281174183,-0.20824289321899414,22.346553024871145
carpet,3,texture,0.005035400390625,noise,3,classical_pipeline,classical,1.145513653755188,1.1192793134703678,-0.1256752239615062,25.825109250261637,25.829803197989175,0.9069840312004089,22.346553024871145
carpet,3,texture,0.005035400390625,noise,3,nafnet,deep,0.5501957535743713,1.190514731215558,-0.7849804188698613,21.803557886464873,21.81903684760206,0.7044666409492493,22.346553024871145
carpet,3,texture,0.005035400390625,noise,3,restormer,deep,0.7807303667068481,1.2799814632300002,-0.13860794521498399,25.190614440403717,25.200316718812907,0.879826009273529,22.346553024871145
carpet,3,texture,0.005035400390625,noise,4,identity,classical,0.9978224635124207,1.0,0.0,20.135738980479477,20.13185306357996,0.7307868003845215,20.13185306357996
carpet,3,texture,0.005035400390625,noise,4,gaussian,classical,0.7219573259353638,1.8297341636217133,-0.21098676810407646,22.823508693534645,22.83759794727502,0.7229137420654297,20.13185306357996
carpet,3,texture,0.005035400390625,noise,4,bilateral,classical,0.9973958134651184,1.0330871658050895,0.027314870613486253,21.005840055355442,21.00299432477758,0.7632001042366028,20.13185306357996
carpet,3,texture,0.005035400390625,noise,4,nlm,classical,1.1159484386444092,1.2376061539825864,-0.0015402096871095505,24.614036200423598,24.62337625703317,0.8652593493461609,20.13185306357996
carpet,3,texture,0.005035400390625,noise,4,clahe,classical,1.8037786483764648,0.9737254025113009,-2.578887357579263,13.240302390482041,13.23365017875892,0.59955894947052,20.13185306357996
carpet,3,texture,0.005035400390625,noise,4,msrcr,classical,1.2668242454528809,1.0326972619453405,-4.794347862142874,10.656342198576512,10.653811508450753,0.5736222863197327,20.13185306357996
carpet,3,texture,0.005035400390625,noise,4,wiener,classical,0.8304461240768433,1.1467238639667943,-2.5504707092741716,13.426164449201929,13.438820181292071,-0.18708790838718414,20.13185306357996
carpet,3,texture,0.005035400390625,noise,4,classical_pipeline,classical,1.051598072052002,1.2780468308493351,-0.019929483233324108,24.478974516440246,24.487094489838903,0.8613402843475342,20.13185306357996
carpet,3,texture,0.005035400390625,noise,4,nafnet,deep,0.4622580111026764,1.2349513386668647,-0.5979655956898418,20.53966164180677,20.555842105018858,0.5855038166046143,20.13185306357996
carpet,3,texture,0.005035400390625,noise,4,restormer,deep,0.7464844584465027,1.2648519076858638,-0.006693178868193428,23.99427842243125,24.003164598893125,0.8536105751991272,20.13185306357996
carpet,3,texture,0.005035400390625,mixed,2,identity,classical,0.7151277661323547,1.0,0.0,22.145472257925206,22.163047112768815,0.6487454771995544,22.163047112768815
carpet,3,texture,0.005035400390625,mixed,2,gaussian,classical,0.6459786295890808,1.2849470370390017,-0.18601331039467484,20.710438661060234,20.728290880431537,0.4691225588321686,22.163047112768815
carpet,3,texture,0.005035400390625,mixed,2,bilateral,classical,0.69673752784729,1.1592888681410594,-0.09768623837882928,21.365574401561602,21.38262849355212,0.5516390800476074,22.163047112768815
carpet,3,texture,0.005035400390625,mixed,2,nlm,classical,0.7104212641716003,0.9887014511102741,0.005966674374766168,22.194886266210403,22.212106269146975,0.654508650302887,22.163047112768815
carpet,3,texture,0.005035400390625,mixed,2,clahe,classical,1.677730679512024,0.9855391753798709,-0.34501986147213404,19.645770014048527,19.617510171046,0.8003214001655579,22.163047112768815
carpet,3,texture,0.005035400390625,mixed,2,msrcr,classical,2.1202640533447266,0.9492884142822872,-2.560146542675227,12.053230411169958,12.030688874757786,0.660047173500061,22.163047112768815
carpet,3,texture,0.005035400390625,mixed,2,wiener,classical,0.4200141727924347,0.4693019652084833,-0.9839367241707033,16.334243877633092,16.347426985284585,-0.034119367599487305,22.163047112768815
carpet,3,texture,0.005035400390625,mixed,2,classical_pipeline,classical,0.37570807337760925,0.4760269438859624,-0.9644986325185751,16.436637825573367,16.44938763661195,-0.03241826221346855,22.163047112768815
carpet,3,texture,0.005035400390625,mixed,2,nafnet,deep,0.634498655796051,1.2007611859978085,-0.16226199224912263,20.874329063709453,20.892167907249558,0.4901902675628662,22.163047112768815
carpet,3,texture,0.005035400390625,mixed,2,restormer,deep,0.6736446022987366,1.1129757044094444,-0.08737437512939317,21.436119875883435,21.45387832259134,0.5676448941230774,22.163047112768815
carpet,3,texture,0.005035400390625,mixed,3,identity,classical,0.5938289761543274,1.0,0.0,18.944968024674086,18.95910447979922,0.27535954117774963,18.95910447979922
carpet,3,texture,0.005035400390625,mixed,3,gaussian,classical,0.5643946528434753,1.6011300306277543,0.042328372637633116,19.35168880327288,19.369191104289502,0.25663992762565613,18.95910447979922
carpet,3,texture,0.005035400390625,mixed,3,bilateral,classical,0.5721853971481323,1.1742313358342054,0.010714439932557163,19.068017633118554,19.083707243147575,0.24956655502319336,18.95910447979922
carpet,3,texture,0.005035400390625,mixed,3,nlm,classical,0.5996478796005249,1.010654222516561,-0.0015012132554645952,18.966186653124343,18.98044970861225,0.2784300148487091,18.95910447979922
carpet,3,texture,0.005035400390625,mixed,3,clahe,classical,1.3952136039733887,1.0054053299906576,-0.4365051815665506,15.753857371099771,15.745904809883378,0.32024049758911133,18.95910447979922
carpet,3,texture,0.005035400390625,mixed,3,msrcr,classical,1.6598138809204102,0.9347792320805448,-1.6662451207849456,10.885133366367652,10.872453573489665,0.2585242986679077,18.95910447979922
carpet,3,texture,0.005035400390625,mixed,3,wiener,classical,0.49199843406677246,1.0065658466290954,-0.16855104258963505,17.644962774544602,17.659855215270795,0.046276599168777466,18.95910447979922
carpet,3,texture,0.005035400390625,mixed,3,classical_pipeline,classical,0.5717069506645203,1.010545428719915,-0.0032185831439,18.92188937359007,18.93607710073637,0.27523553371429443,18.95910447979922
carpet,3,texture,0.005035400390625,mixed,3,nafnet,deep,0.6129187345504761,1.5336308267297007,0.03968963823932181,19.324273002318083,19.341760180480023,0.2540605664253235,18.95910447979922
carpet,3,texture,0.005035400390625,mixed,3,restormer,deep,0.5941465497016907,1.4920641752788286,0.04291031349155472,19.369985193166592,19.387391874965715,0.2664661109447479,18.95910447979922
carpet,3,texture,0.005035400390625,mixed,4,identity,classical,0.5651757121086121,1.0,0.0,17.212265306585476,17.219697359610226,0.27998313307762146,17.219697359610226
carpet,3,texture,0.005035400390625,mixed,4,gaussian,classical,0.5156828165054321,2.0473706169270565,0.04661817109219857,19.26399818736243,19.280492221924497,0.2810400426387787,17.219697359610226
carpet,3,texture,0.005035400390625,mixed,4,bilateral,classical,0.5546661615371704,1.1084702622464868,0.014207682583217474,17.79929443323583,17.808406282191108,0.28651610016822815,17.219697359610226
carpet,3,texture,0.005035400390625,mixed,4,nlm,classical,0.4562714993953705,2.4766207479044398,0.004156967495781316,19.114172892543678,19.130409836260938,0.22469663619995117,17.219697359610226
carpet,3,texture,0.005035400390625,mixed,4,clahe,classical,1.085955262184143,0.8767083514252969,-0.6971295381453315,13.796187538289287,13.795110086467988,0.3008173704147339,17.219697359610226
carpet,3,texture,0.005035400390625,mixed,4,msrcr,classical,0.8996442556381226,0.9676010646601313,-1.461115241435866,10.66621415987518,10.665928990173503,0.2086315155029297,17.219697359610226
carpet,3,texture,0.005035400390625,mixed,4,wiener,classical,0.30262550711631775,0.23331696077000147,-1.0731910157429763,9.378900631549772,9.380821056784555,-0.013459193520247936,17.219697359610226
carpet,3,texture,0.005035400390625,mixed,4,classical_pipeline,classical,0.23454061150550842,1.3983559597660966,-0.20651574314434207,17.457129267084674,17.470092603668782,-0.011551118455827236,17.219697359610226
carpet,3,texture,0.005035400390625,mixed,4,nafnet,deep,2.193430185317993,0.1400430265467278,-2.3819962111502644,5.384413073029699,5.38644281906561,0.0009546403889544308,17.219697359610226
carpet,3,texture,0.005035400390625,mixed,4,restormer,deep,0.5651997327804565,1.8841007418001787,0.043247915679112126,19.16477187490792,19.179855102638086,0.3398923873901367,17.219697359610226
carpet,4,scratch,0.0060577392578125,defocus,2,identity,classical,0.842589795589447,1.0,0.0,22.018576532824838,22.01431257322146,0.6433596611022949,22.01431257322146
carpet,4,scratch,0.0060577392578125,defocus,2,gaussian,classical,0.769144594669342,1.1251774905890248,-0.1798655967832372,20.596191493154304,20.590638365052854,0.4657121002674103,22.01431257322146
carpet,4,scratch,0.0060577392578125,defocus,2,bilateral,classical,0.8033933639526367,1.0600477766265175,-0.097354018167787,21.213627746188916,21.210471295918097,0.5434492826461792,22.01431257322146
carpet,4,scratch,0.0060577392578125,defocus,2,nlm,classical,0.8492149114608765,0.9842074366047374,0.004353227490898948,22.018208946096003,22.013314832746023,0.6474807858467102,22.01431257322146
carpet,4,scratch,0.0060577392578125,defocus,2,clahe,classical,1.9048148393630981,0.9218221245488658,-0.48783222950730276,18.670367638523164,18.612548207844807,0.7964622378349304,22.01431257322146
carpet,4,scratch,0.0060577392578125,defocus,2,msrcr,classical,2.1820271015167236,0.8199511174396689,-2.4413714865555294,12.16196104980784,12.121780286426953,0.6687857508659363,22.01431257322146
carpet,4,scratch,0.0060577392578125,defocus,2,wiener,classical,0.008960113860666752,0.11752150659048678,-1.207455597032176,15.228179541814363,15.205480296694532,-0.10414993017911911,22.01431257322146
carpet,4,scratch,0.0060577392578125,defocus,2,classical_pipeline,classical,0.016187593340873718,0.12396103483684369,-1.1527962341494176,15.450829091602225,15.424538479279292,-0.10315263271331787,22.01431257322146
carpet,4,scratch,0.0060577392578125,defocus,2,nafnet,deep,0.7887203693389893,1.0923986982844667,-0.15409889506757501,20.770580129988403,20.76605827259169,0.4907442629337311,22.01431257322146
carpet,4,scratch,0.0060577392578125,defocus,2,restormer,deep,0.8100603818893433,1.07872519838045,-0.09394829897780999,21.230563915601365,21.2262553495949,0.5524942874908447,22.01431257322146
carpet,4,scratch,0.0060577392578125,defocus,3,identity,classical,0.7423022389411926,1.0,0.0,19.57359341840744,19.568040490336486,0.3087315261363983,19.568040490336486
carpet,4,scratch,0.0060577392578125,defocus,3,gaussian,classical,0.6907185912132263,1.0031660102073023,-0.028468884697097296,19.34098027079061,19.33421164668947,0.2567026615142822,19.568040490336486
carpet,4,scratch,0.0060577392578125,defocus,3,bilateral,classical,0.6900535821914673,0.9967694597274632,-0.048719488599034966,19.181547505952953,19.17558164763578,0.2236068993806839,19.568040490336486
carpet,4,scratch,0.0060577392578125,defocus,3,nlm,classical,0.7427241802215576,0.9860395197273812,3.232239247130675e-05,19.577814433742773,19.571705615638724,0.31059011816978455,19.568040490336486
carpet,4,scratch,0.0060577392578125,defocus,3,clahe,classical,1.5384678840637207,0.9471692542249802,-0.19225680480114327,17.861217312383882,17.83985560105805,0.5084801912307739,19.568040490336486
carpet,4,scratch,0.0060577392578125,defocus,3,msrcr,classical,2.720010757446289,0.8142737150474051,-1.4631222038228642,12.137913513051084,12.074611943592819,0.47290071845054626,19.568040490336486
carpet,4,scratch,0.0060577392578125,defocus,3,wiener,classical,0.020214153453707695,0.024714611283681246,-0.5932798353093744,15.65026305072163,15.627041554242796,-0.18228094279766083,19.568040490336486
carpet,4,scratch,0.0060577392578125,defocus,3,classical_pipeline,classical,0.019917862489819527,0.02549531677243842,-0.5324276634678213,15.985099391531513,15.957319569871366,-0.17578624188899994,19.568040490336486
carpet,4,scratch,0.0060577392578125,defocus,3,nafnet,deep,0.6955583691596985,0.9837033326207492,-0.032795799446162066,19.29952303444714,19.292624829235425,0.2486635446548462,19.568040490336486
carpet,4,scratch,0.0060577392578125,defocus,3,restormer,deep,0.7065371870994568,0.9953473139779574,-0.01798500062412578,19.426934134875793,19.42064545339568,0.27515509724617004,19.568040490336486
carpet,4,scratch,0.0060577392578125,defocus,4,identity,classical,0.5854488611221313,1.0,0.0,18.210923948799273,18.20244882172925,0.02732877992093563,18.20244882172925
carpet,4,scratch,0.0060577392578125,defocus,4,gaussian,classical,0.5612406730651855,1.0026841216588007,0.020008290942692963,18.396366152146136,18.3871949579583,0.06324321776628494,18.20244882172925
carpet,4,scratch,0.0060577392578125,defocus,4,bilateral,classical,0.5361020565032959,0.9409303005625131,0.031581826034473126,18.507024023061145,18.496885261438344,0.08595985174179077,18.20244882172925
carpet,4,scratch,0.0060577392578125,defocus,4,nlm,classical,0.5781988501548767,1.0228355505805928,0.019190914782562074,18.397323013256578,18.38803957256572,0.06598875671625137,18.20244882172925
carpet,4,scratch,0.0060577392578125,defocus,4,clahe,classical,1.5359152555465698,0.9567858456720445,-0.17221382170759947,16.549695439153606,16.536354107756324,-0.03494781628251076,18.20244882172925
carpet,4,scratch,0.0060577392578125,defocus,4,msrcr,classical,2.739945650100708,0.8210043171077579,-1.269557904655985,11.096445533412137,11.045431391509432,-0.10299414396286011,18.20244882172925
carpet,4,scratch,0.0060577392578125,defocus,4,wiener,classical,0.03253303840756416,0.01794673138463449,-0.1349171347062088,17.158575136328665,17.129112066193688,0.05198153853416443,18.20244882172925
carpet,4,scratch,0.0060577392578125,defocus,4,classical_pipeline,classical,0.029283985495567322,0.012608174569704153,-0.09643859269465671,17.46916204365069,17.43063173975156,0.052350033074617386,18.20244882172925
carpet,4,scratch,0.0060577392578125,defocus,4,nafnet,deep,0.5643479228019714,0.98759554705899,0.02209791895512203,18.413950986935404,18.404615725422445,0.06760992854833603,18.20244882172925
carpet,4,scratch,0.0060577392578125,defocus,4,restormer,deep,0.5689753890037537,1.0016535811870946,0.01376329967344525,18.338350511756595,18.329328421066183,0.05190056562423706,18.20244882172925
carpet,4,scratch,0.0060577392578125,noise,2,identity,classical,0.9942226409912109,1.0,0.0,25.10543008497831,25.096844834453652,0.8963358998298645,25.096844834453652
carpet,4,scratch,0.0060577392578125,noise,2,gaussian,classical,0.8601400852203369,1.4748120746405207,-1.1558734512247075,23.198303026775562,23.190975319892722,0.7439925074577332,25.096844834453652
carpet,4,scratch,0.0060577392578125,noise,2,bilateral,classical,0.9841881990432739,1.0196921303178599,0.015134706141546217,27.420653451862705,27.40628882957118,0.934363603591919,25.096844834453652
carpet,4,scratch,0.0060577392578125,noise,2,nlm,classical,0.9984465837478638,0.9531200556964591,-0.2471127799135342,27.601381124033352,27.58834641888606,0.9402850270271301,25.096844834453652
carpet,4,scratch,0.0060577392578125,noise,2,clahe,classical,1.6969388723373413,0.9357481929242745,-5.155124218673981,13.955121208365437,13.937931288073525,0.6916216015815735,25.096844834453652
carpet,4,scratch,0.0060577392578125,noise,2,msrcr,classical,1.1764779090881348,0.8066261673933847,-10.601946514511463,10.155801586428941,10.154537337124916,0.6589739918708801,25.096844834453652
carpet,4,scratch,0.0060577392578125,noise,2,wiener,classical,0.5323274731636047,0.2579867979029222,-5.304670916589466,13.963691576193453,13.954070351854517,-0.23689937591552734,25.096844834453652
carpet,4,scratch,0.0060577392578125,noise,2,classical_pipeline,classical,0.962663471698761,0.950389485644252,-0.2656746140252817,27.482043896732286,27.467429689140843,0.9399479031562805,25.096844834453652
carpet,4,scratch,0.0060577392578125,noise,2,nafnet,deep,0.7679206132888794,1.1206058734621573,-0.8270847865111914,24.25018473011072,24.248357416164726,0.8463985323905945,25.096844834453652
carpet,4,scratch,0.0060577392578125,noise,2,restormer,deep,0.9431759119033813,1.204620076728421,-0.38837440825455194,26.392835785521697,26.391309592020068,0.9070627093315125,25.096844834453652
carpet,4,scratch,0.0060577392578125,noise,3,identity,classical,1.000712513923645,1.0,0.0,22.422752695341316,22.41560342753814,0.82505863904953,22.41560342753814
carpet,4,scratch,0.0060577392578125,noise,3,gaussian,classical,0.8658812642097473,1.493939873473604,-0.5791811085040668,23.02630722686002,23.021812308957816,0.7375736236572266,22.41560342753814
carpet,4,scratch,0.0060577392578125,noise,3,bilateral,classical,0.9914794564247131,1.0144114633657562,0.027353178057416216,23.900377226121034,23.890312561861048,0.8651077747344971,22.41560342753814
carpet,4,scratch,0.0060577392578125,noise,3,nlm,classical,0.9794932007789612,1.0020253018613479,-0.10540981341424449,25.972919468408552,25.969433614848477,0.9118177890777588,22.41560342753814
carpet,4,scratch,0.0060577392578125,noise,3,clahe,classical,1.597609281539917,0.9286894826143837,-3.5430771476645386,13.647679465253582,13.631083180420948,0.6539477705955505,22.41560342753814
carpet,4,scratch,0.0060577392578125,noise,3,msrcr,classical,1.1016008853912354,0.79409776658547,-7.1223454548964575,10.327781670966745,10.326821141307631,0.6243637204170227,22.41560342753814
carpet,4,scratch,0.0060577392578125,noise,3,wiener,classical,0.5397209525108337,0.2919824614350147,-3.644720496624954,13.685751891225681,13.675454254884112,-0.2189037799835205,22.41560342753814
carpet,4,scratch,0.0060577392578125,noise,3,classical_pipeline,classical,0.9442974925041199,1.0004720045908513,-0.11150895229427005,25.924272590793397,25.919950484132638,0.9118191599845886,22.41560342753814
carpet,4,scratch,0.0060577392578125,noise,3,nafnet,deep,0.6209368705749512,1.1576454319286327,-0.7697168362305942,21.891142928407163,21.89353736762474,0.7248446345329285,22.41560342753814
carpet,4,scratch,0.0060577392578125,noise,3,restormer,deep,0.9536352157592773,1.27284645199629,-0.16547444459073968,25.109701044001632,25.110963140963033,0.8799044489860535,22.41560342753814
carpet,4,scratch,0.0060577392578125,noise,4,identity,classical,1.0029512643814087,1.0,0.0,20.128111421395825,20.120609099626098,0.7380034327507019,20.120609099626098
carpet,4,scratch,0.0060577392578125,noise,4,gaussian,classical,0.8681762218475342,1.5634331744964711,-0.22622709714754907,22.75165649377545,22.747459363932915,0.7265610098838806,20.120609099626098
carpet,4,scratch,0.0060577392578125,noise,4,bilateral,classical,0.9914224743843079,1.0094753720385818,0.025375803720094292,20.983170886875836,20.973583239585093,0.7694368958473206,20.120609099626098
carpet,4,scratch,0.0060577392578125,noise,4,nlm,classical,0.8595386743545532,0.9298458695179186,0.0014871481828432342,24.635540205786675,24.6274231115178,0.8704090714454651,20.120609099626098
carpet,4,scratch,0.0060577392578125,noise,4,clahe,classical,1.3363070487976074,0.8902309084392348,-2.547317590301878,13.288252560778526,13.282996126474773,0.6080661416053772,20.120609099626098
carpet,4,scratch,0.0060577392578125,noise,4,msrcr,classical,1.0506612062454224,0.8035769877398181,-4.853752406777131,10.591715142871678,10.592234301332283,0.5780186057090759,20.120609099626098
carpet,4,scratch,0.0060577392578125,noise,4,wiener,classical,0.536773681640625,0.20780001924742567,-2.6218164263616774,13.304112077337338,13.293682531527821,-0.1965177208185196,20.120609099626098
carpet,4,scratch,0.0060577392578125,noise,4,classical_pipeline,classical,0.8186502456665039,0.9221544530965337,-0.006411270309401029,24.566248576822606,24.55385589440096,0.8697118759155273,20.120609099626098
carpet,4,scratch,0.0060577392578125,noise,4,nafnet,deep,0.5225018262863159,1.1595558055791126,-0.6435985038064913,20.325611361177994,20.328275887453305,0.5744375586509705,20.120609099626098
carpet,4,scratch,0.0060577392578125,noise,4,restormer,deep,0.961250364780426,1.3028357596232072,-0.013436306788467078,23.928188918718178,23.927351571688938,0.8574226498603821,20.120609099626098
carpet,4,scratch,0.0060577392578125,mixed,2,identity,classical,0.6189292669296265,1.0,0.0,17.040429634441917,17.01372270813667,0.7969455718994141,17.01372270813667
carpet,4,scratch,0.0060577392578125,mixed,2,gaussian,classical,0.543599545955658,1.4688554376525589,-0.036062043442186775,16.123914264460357,16.097198172618413,0.5190513730049133,17.01372270813667
carpet,4,scratch,0.0060577392578125,mixed,2,bilateral,classical,0.5975777506828308,1.0451109391633369,0.0024108989839995987,16.89367496660804,16.86646199556845,0.7517085075378418,17.01372270813667
carpet,4,scratch,0.0060577392578125,mixed,2,nlm,classical,0.6189970374107361,0.9953201942458504,-0.00884172647142245,16.983178943431167,16.956553374560244,0.7972287535667419,17.01372270813667
carpet,4,scratch,0.0060577392578125,mixed,2,clahe,classical,1.3199970722198486,0.9645590942428128,0.4693994558972945,21.04136043105933,21.031151740980537,0.8747372627258301,17.01372270813667
carpet,4,scratch,0.0060577392578125,mixed,2,msrcr,classical,1.2070603370666504,0.795213659537378,-1.4096584555938905,9.690718884867575,9.688263114845485,0.681087076663971,17.01372270813667
carpet,4,scratch,0.0060577392578125,mixed,2,wiener,classical,0.375983327627182,0.29580389590785683,-0.3233953812226831,13.590714320367471,13.56495704077621,-0.20200471580028534,17.01372270813667
carpet,4,scratch,0.0060577392578125,mixed,2,classical_pipeline,classical,0.612055778503418,1.001548805278575,-0.0028557686181047703,17.036769472044956,17.01213844819669,0.7959270477294922,17.01372270813667
carpet,4,scratch,0.0060577392578125,mixed,2,nafnet,deep,0.582956850528717,1.242629233476454,0.035051540700395956,16.928828336603267,16.902125786020175,0.6744208335876465,17.01372270813667
carpet,4,scratch,0.0060577392578125,mixed,2,restormer,deep,0.5852643847465515,1.169710752875417,0.002177077896580948,16.769629917575465,16.742391061320944,0.7120671272277832,17.01372270813667
carpet,4,scratch,0.0060577392578125,mixed,3,identity,classical,0.7349756956100464,1.0,0.0,19.675835152245394,19.66987225079836,0.32823970913887024,19.66987225079836
carpet,4,scratch,0.0060577392578125,mixed,3,gaussian,classical,0.6848812103271484,1.0020152613244624,-0.037851372496201297,19.366569543226564,19.359442997939766,0.2632640302181244,19.66987225079836
carpet,4,scratch,0.0060577392578125,mixed,3,bilateral,classical,0.6854742765426636,1.0017097805354602,-0.053906509176339545,19.242635816524206,19.23644166042093,0.2366551160812378,19.66987225079836
carpet,4,scratch,0.0060577392578125,mixed,3,nlm,classical,0.7310223579406738,1.0023986374670615,-0.001751472743066973,19.66162674183353,19.655456510211952,0.3248883783817291,19.66987225079836
carpet,4,scratch,0.0060577392578125,mixed,3,clahe,classical,1.5049889087677002,0.9700516446836518,-0.1757852746483901,18.084524846387165,18.06270558433368,0.5315494537353516,19.66987225079836
carpet,4,scratch,0.0060577392578125,mixed,3,msrcr,classical,2.6543312072753906,0.8214675099314971,-1.501756263621235,12.139160376898527,12.078455573552485,0.49760937690734863,19.66987225079836
carpet,4,scratch,0.0060577392578125,mixed,3,wiener,classical,0.06861831992864609,0.02896946783088861,-0.6129266932364552,15.653304903833266,15.628955016362703,-0.1682431548833847,19.66987225079836
carpet,4,scratch,0.0060577392578125,mixed,3,classical_pipeline,classical,0.04708150774240494,0.03133331367219503,-0.5532305433850175,15.979997832143521,15.951200797920944,-0.16618035733699799,19.66987225079836
carpet,4,scratch,0.0060577392578125,mixed,3,nafnet,deep,0.6991263628005981,1.0233294978594512,-0.042731559864734425,19.3240182155813,19.317213396713846,0.25430309772491455,19.66987225079836
carpet,4,scratch,0.0060577392578125,mixed,3,restormer,deep,0.7092752456665039,0.9983786464240638,-0.021656306015987115,19.498279906960157,19.491829209559867,0.29084283113479614,19.66987225079836
carpet,4,scratch,0.0060577392578125,mixed,4,identity,classical,0.25540098547935486,1.0,0.0,11.856360355140785,11.835882113398142,0.027308747172355652,11.835882113398142
carpet,4,scratch,0.0060577392578125,mixed,4,gaussian,classical,0.24482037127017975,2.2697514609274863,0.008000880818297307,12.173565351809906,12.151773543364769,0.044288817793130875,11.835882113398142
carpet,4,scratch,0.0060577392578125,mixed,4,bilateral,classical,0.24295131862163544,1.284457514121733,0.003818438096244159,12.05369248415629,12.03198695251034,0.03879858925938606,11.835882113398142
carpet,4,scratch,0.0060577392578125,mixed,4,nlm,classical,0.25041356682777405,0.9774577268499659,-0.014799783013905943,11.75878699916099,11.738615869975124,0.027031032368540764,11.835882113398142
carpet,4,scratch,0.0060577392578125,mixed,4,clahe,classical,0.6152244210243225,0.8607857181717204,0.32480972454209556,14.363213973225458,14.353912587528747,0.01784985512495041,11.835882113398142
carpet,4,scratch,0.0060577392578125,mixed,4,msrcr,classical,0.6339197754859924,0.898781354798888,0.0038013141302840614,10.079538544722793,10.084597527324465,0.007090267259627581,11.835882113398142
carpet,4,scratch,0.0060577392578125,mixed,4,wiener,classical,0.20393070578575134,0.3580093322371259,-0.0011563147134616703,11.862485142676956,11.839019947737071,0.048719871789216995,11.835882113398142
carpet,4,scratch,0.0060577392578125,mixed,4,classical_pipeline,classical,0.21589557826519012,0.9624927939977501,-0.01662798988571912,11.745595176533026,11.720707225006983,0.02701549045741558,11.835882113398142
carpet,4,scratch,0.0060577392578125,mixed,4,nafnet,deep,1.4881125688552856,0.08088116592084821,-0.3133944349448843,5.651329626529813,5.652474825961039,0.003548966720700264,11.835882113398142
carpet,4,scratch,0.0060577392578125,mixed,4,restormer,deep,0.2321440875530243,2.304692723875516,0.08417646515128507,12.738524795712053,12.715830770152115,0.052515044808387756,11.835882113398142
carpet,5,blob,0.017852783203125,defocus,2,identity,classical,0.9939320087432861,1.0,0.0,22.06342755535081,22.067677853326874,0.6384783983230591,22.067677853326874
carpet,5,blob,0.017852783203125,defocus,2,gaussian,classical,0.9888795614242554,1.3193020705385283,-0.17654409213130706,20.673581967908085,20.673081330299475,0.46145787835121155,22.067677853326874
carpet,5,blob,0.017852783203125,defocus,2,bilateral,classical,0.9918310046195984,1.1845068498280267,-0.09969340614816158,21.24849907207264,21.252850012860478,0.5349685549736023,22.067677853326874
carpet,5,blob,0.017852783203125,defocus,2,nlm,classical,0.9948511123657227,0.9824539776310506,0.0031941302253266635,22.061417418194985,22.065748076046987,0.6423881649971008,22.067677853326874
carpet,5,blob,0.017852783203125,defocus,2,clahe,classical,1.28131902217865,0.8452183747642481,-0.4669859100593414,18.85717298030206,18.86060590094252,0.7950164675712585,22.067677853326874
carpet,5,blob,0.017852783203125,defocus,2,msrcr,classical,2.7924301624298096,0.9428450616393688,-2.6157338478449255,11.859385425070407,11.890159083421697,0.6588358283042908,22.067677853326874
carpet,5,blob,0.017852783203125,defocus,2,wiener,classical,0.7419420480728149,0.049532787635866694,-1.2259479401119364,15.242222634266223,15.230524414220026,-0.13495738804340363,22.067677853326874
carpet,5,blob,0.017852783203125,defocus,2,classical_pipeline,classical,0.6666765809059143,0.05277230249208352,-1.1763825802736951,15.445334985120082,15.426654575194545,-0.1366499960422516,22.067677853326874
carpet,5,blob,0.017852783203125,defocus,2,nafnet,deep,0.862483561038971,1.0406970730244203,-0.14917964577408416,20.861344555458743,20.854645721256016,0.4876531660556793,22.067677853326874
carpet,5,blob,0.017852783203125,defocus,2,restormer,deep,0.9668391346931458,1.126819418950097,-0.09245408846730219,21.291206597239096,21.290988526840216,0.5471811294555664,22.067677853326874
carpet,5,blob,0.017852783203125,defocus,3,identity,classical,0.9877833724021912,1.0,0.0,19.660456928667827,19.65888021839014,0.3046327531337738,19.65888021839014
carpet,5,blob,0.017852783203125,defocus,3,gaussian,classical,0.9828742742538452,1.113693275265232,-0.027215602522721927,19.436928882494577,19.433397360973185,0.2530606985092163,19.65888021839014
carpet,5,blob,0.017852783203125,defocus,3,bilateral,classical,0.9808304905891418,1.1482463452621852,-0.04884948028901359,19.26835137777736,19.26533879467508,0.21739529073238373,19.65888021839014
carpet,5,blob,0.017852783203125,defocus,3,nlm,classical,0.990606963634491,0.9930061550280305,-0.000913586312656145,19.65997517846127,19.65856763700488,0.30530792474746704,19.65888021839014
carpet,5,blob,0.017852783203125,defocus,3,clahe,classical,1.6443126201629639,0.9686936009329629,-0.21504561428191704,17.799707241070276,17.810498504104913,0.5039493441581726,19.65888021839014
carpet,5,blob,0.017852783203125,defocus,3,msrcr,classical,3.916729211807251,0.9427783687134541,-1.6703942893436121,11.605345026692218,11.640594914914697,0.4634804427623749,19.65888021839014
carpet,5,blob,0.017852783203125,defocus,3,wiener,classical,0.6437738537788391,0.12119315601743418,-0.5666607495144913,15.91685762567865,15.886816970242734,-0.16645988821983337,19.65888021839014
carpet,5,blob,0.017852783203125,defocus,3,classical_pipeline,classical,0.580466091632843,0.10890044230036461,-0.5121760519478331,16.22143198099071,16.185249465845285,-0.16184908151626587,19.65888021839014
carpet,5,blob,0.017852783203125,defocus,3,nafnet,deep,0.9271531105041504,0.9774307044447783,-0.03226166929274643,19.391481716280293,19.386822526472017,0.24366356432437897,19.65888021839014
carpet,5,blob,0.017852783203125,defocus,3,restormer,deep,0.9790905714035034,1.0614262134837,-0.016994225921999506,19.52093944052152,19.517957541822874,0.27169904112815857,19.65888021839014
carpet,5,blob,0.017852783203125,defocus,4,identity,classical,0.9743698835372925,1.0,0.0,18.326276614046243,18.319203153679297,0.025256985798478127,18.319203153679297
carpet,5,blob,0.017852783203125,defocus,4,gaussian,classical,0.9697583317756653,1.0315858201482075,0.02023277895787856,18.511578867847437,18.504395103101178,0.06128649786114693,18.319203153679297
carpet,5,blob,0.017852783203125,defocus,4,bilateral,classical,0.9627977609634399,1.036377228119367,0.03285029904950221,18.629419950228105,18.621820835010755,0.08591833710670471,18.319203153679297
carpet,5,blob,0.017852783203125,defocus,4,nlm,classical,0.9742746353149414,0.9999994992990187,0.020673512338850952,18.520529428195445,18.512877642646153,0.06594366580247879,18.319203153679297
carpet,5,blob,0.017852783203125,defocus,4,clahe,classical,1.2714766263961792,0.7902010314440217,-0.167315250056286,16.72864308754844,16.720321780667856,-0.04343947768211365,18.319203153679297
carpet,5,blob,0.017852783203125,defocus,4,msrcr,classical,4.977262020111084,0.9483049268976568,-1.5292429495776108,10.396912018076922,10.421861641250796,-0.11434155702590942,18.319203153679297
carpet,5,blob,0.017852783203125,defocus,4,wiener,classical,0.44818389415740967,0.14438169687562588,-0.14656084262458768,17.179963760361893,17.169079869795837,0.01758444495499134,18.319203153679297
carpet,5,blob,0.017852783203125,defocus,4,classical_pipeline,classical,0.4183875620365143,0.15240476667334268,-0.10282956625586115,17.52750083562865,17.507493127193822,0.030137861147522926,18.319203153679297
carpet,5,blob,0.017852783203125,defocus,4,nafnet,deep,0.9254428744316101,0.9457185059082716,0.022641150386170317,18.530971324250707,18.523703613089463,0.06602827459573746,18.319203153679297
carpet,5,blob,0.017852783203125,defocus,4,restormer,deep,0.972558319568634,1.0156161626276787,0.013919672660708482,18.454582405158643,18.447435930369316,0.050187308341264725,18.319203153679297
carpet,5,blob,0.017852783203125,noise,2,identity,classical,0.9989526271820068,1.0,0.0,25.14240075588775,25.152954584103107,0.8947610855102539,25.152954584103107
carpet,5,blob,0.017852783203125,noise,2,gaussian,classical,0.9938380122184753,1.699092284521638,-1.1477926150637532,23.241856285049703,23.24664473453595,0.741063117980957,25.152954584103107
carpet,5,blob,0.017852783203125,noise,2,bilateral,classical,0.9984593987464905,1.0398149823623994,0.014224505853912883,27.477772306421873,27.48863327767141,0.9337233901023865,25.152954584103107
carpet,5,blob,0.017852783203125,noise,2,nlm,classical,0.9838694334030151,1.0133712241877657,-0.25387184907806803,27.620807455384814,27.62904321394069,0.9387328624725342,25.152954584103107
carpet,5,blob,0.017852783203125,noise,2,clahe,classical,1.1234123706817627,0.8741735922428959,-5.188689273356402,13.978658047941042,13.979181371974219,0.6876420378684998,25.152954584103107
carpet,5,blob,0.017852783203125,noise,2,msrcr,classical,1.3253633975982666,0.9583435964192265,-10.936676797648955,9.986848118133643,9.990957356325383,0.6506310105323792,25.152954584103107
carpet,5,blob,0.017852783203125,noise,2,wiener,classical,0.9693944454193115,0.6796767764369639,-5.246535905578992,14.059405965983105,14.05422089205149,-0.23870356380939484,25.152954584103107
carpet,5,blob,0.017852783203125,noise,2,classical_pipeline,classical,0.8944297432899475,0.999236288803925,-0.28650390102858236,27.422677305832607,27.4149889966046,0.9383475184440613,25.152954584103107
carpet,5,blob,0.017852783203125,noise,2,nafnet,deep,0.7688022255897522,1.1373587048283749,-0.8544422429729346,24.14211383402163,24.10428980115858,0.8339384198188782,25.152954584103107
carpet,5,blob,0.017852783203125,noise,2,restormer,deep,0.9053577780723572,1.154252202893984,-0.37750148362326397,26.465950320868444,26.460749565266163,0.9058025479316711,25.152954584103107
carpet,5,blob,0.017852783203125,noise,3,identity,classical,0.9937462210655212,1.0,0.0,22.429212788285508,22.43978453339464,0.8203907608985901,22.43978453339464
carpet,5,blob,0.017852783203125,noise,3,gaussian,classical,0.9885205030441284,1.7813133033123338,-0.5815299641483329,23.026205737596115,23.0320118934403,0.7308250069618225,22.43978453339464
carpet,5,blob,0.017852783203125,noise,3,bilateral,classical,0.9944145679473877,1.0421543023722408,0.02610709029001157,23.916637199638675,23.929776624167133,0.8616724610328674,22.43978453339464
carpet,5,blob,0.017852783203125,noise,3,nlm,classical,0.9540286064147949,0.9488391131820774,-0.125016786142774,25.876353174384008,25.874743458910427,0.9074875712394714,22.43978453339464
carpet,5,blob,0.017852783203125,noise,3,clahe,classical,1.1403392553329468,0.7689404079681185,-3.691793608190224,13.479155836573417,13.479760734669286,0.6446449160575867,22.43978453339464
carpet,5,blob,0.017852783203125,noise,3,msrcr,classical,1.238699197769165,0.9365019812152149,-7.221016957538126,10.270959328918138,10.273107574244447,0.61458420753479,22.43978453339464
carpet,5,blob,0.017852783203125,noise,3,wiener,classical,0.9640126824378967,0.7288876546149461,-3.5881157643084194,13.792341885131027,13.78774567887439,-0.2205139845609665,22.43978453339464
carpet,5,blob,0.017852783203125,noise,3,classical_pipeline,classical,0.8690477013587952,0.9323809397325431,-0.139716808936589,25.767927558121354,25.753396611154216,0.9072746634483337,22.43978453339464
carpet,5,blob,0.017852783203125,noise,3,nafnet,deep,0.7713219523429871,1.1421735595754308,-0.7609231406696435,21.954730301091413,21.928697869341157,0.7142288684844971,22.43978453339464
carpet,5,blob,0.017852783203125,noise,3,restormer,deep,0.9015002250671387,1.2062357290369217,-0.1625234343387938,25.10709601323358,25.1040281072104,0.8753776550292969,22.43978453339464
carpet,5,blob,0.017852783203125,noise,4,identity,classical,0.9928464293479919,1.0,0.0,20.185440511853514,20.196359510042832,0.7336764335632324,20.196359510042832
carpet,5,blob,0.017852783203125,noise,4,gaussian,classical,0.9879578351974487,1.8254046653076863,-0.23250147371658514,22.78638016880994,22.79021291362487,0.7208974361419678,20.196359510042832
carpet,5,blob,0.017852783203125,noise,4,bilateral,classical,0.9926202893257141,1.0266485600516677,0.02622873790057323,21.063962563215284,21.077212335958233,0.7662684917449951,20.196359510042832
carpet,5,blob,0.017852783203125,noise,4,nlm,classical,0.890532374382019,1.0229732822740392,-0.015615415502644225,24.613503465241372,24.613757976368746,0.8642480373382568,20.196359510042832
carpet,5,blob,0.017852783203125,noise,4,clahe,classical,1.0515601634979248,0.8247641871985624,-2.6917453076009603,13.124649163983577,13.124634546881,0.5987871289253235,20.196359510042832
carpet,5,blob,0.017852783203125,noise,4,msrcr,classical,1.1644434928894043,0.9689199899857069,-5.049775226183458,10.460675324640778,10.460831473745223,0.5686424374580383,20.196359510042832
carpet,5,blob,0.017852783203125,noise,4,wiener,classical,0.963713526725769,0.7928665341329736,-2.6140820667913984,13.397727040942858,13.395179959137643,-0.20058168470859528,20.196359510042832
carpet,5,blob,0.017852783203125,noise,4,classical_pipeline,classical,0.8076983094215393,0.9980052838101844,-0.03303517270249712,24.474473969458646,24.46789100290282,0.8617858290672302,20.196359510042832
carpet,5,blob,0.017852783203125,noise,4,nafnet,deep,0.9282370209693909,1.6649805574897554,-0.6564591502849186,20.316866986955418,20.306698850384915,0.5619919896125793,20.196359510042832
carpet,5,blob,0.017852783203125,noise,4,restormer,deep,0.9164278507232666,1.2855685911969066,-0.0067796088884333194,24.04259296313061,24.040432249751888,0.8550829887390137,20.196359510042832
carpet,5,blob,0.017852783203125,mixed,2,identity,classical,0.9962217807769775,1.0,0.0,19.873570336774396,19.88431743470087,0.43837758898735046,19.88431743470087
carpet,5,blob,0.017852783203125,mixed,2,gaussian,classical,0.9917539954185486,1.4488631406369097,0.0019219422601230995,19.89340053030193,19.89652421325699,0.3602834641933441,19.88431743470087
carpet,5,blob,0.017852783203125,mixed,2,bilateral,classical,0.9947008490562439,1.175952272520266,-0.0010657966694087584,19.874230397297723,19.882277839596554,0.3998272120952606,19.88431743470087
carpet,5,blob,0.017852783203125,mixed,2,nlm,classical,0.9953466057777405,1.0096488511560346,-0.0009873768475794353,19.89372219113774,19.904391930295418,0.4419957101345062,19.88431743470087
carpet,5,blob,0.017852783203125,mixed,2,clahe,classical,1.3690576553344727,0.8586941577461278,-0.6100551846664859,15.710035009118034,15.719265277360375,0.478813499212265,19.88431743470087
carpet,5,blob,0.017852783203125,mixed,2,msrcr,classical,2.4770267009735107,0.9867547135440387,-1.9455903389781222,11.078803327824332,11.102753898027682,0.39794304966926575,19.88431743470087
carpet,5,blob,0.017852783203125,mixed,2,wiener,classical,0.9751416444778442,0.19041968878385052,-0.7842126640507965,14.809760946579951,14.815238635175675,0.20264779031276703,19.88431743470087
carpet,5,blob,0.017852783203125,mixed,2,classical_pipeline,classical,0.856109619140625,0.22095066658357343,-0.5318984819761046,16.12916691464268,16.123249598315287,0.24994903802871704,19.88431743470087
carpet,5,blob,0.017852783203125,mixed,2,nafnet,deep,0.8658968806266785,1.1362110440506037,-0.0016389367547888778,19.86759232332429,19.86882949366958,0.3638268709182739,19.88431743470087
carpet,5,blob,0.017852783203125,mixed,2,restormer,deep,0.9252157211303711,1.1549266782038436,0.02660983418335039,20.12366756638061,20.129113405340064,0.4181978702545166,19.88431743470087
carpet,5,blob,0.017852783203125,mixed,3,identity,classical,0.9729040861129761,1.0,0.0,19.913191246835733,19.89119848418544,0.4656825065612793,19.89119848418544
carpet,5,blob,0.017852783203125,mixed,3,gaussian,classical,0.9689602255821228,1.527358618653874,-0.05327847907433858,19.545628831156467,19.530164596959843,0.3054945766925812,19.89119848418544
carpet,5,blob,0.017852783203125,mixed,3,bilateral,classical,0.9689694046974182,1.0715438708124523,0.028018479194251822,20.133092792241612,20.112565951781868,0.46732887625694275,19.89119848418544
carpet,5,blob,0.017852783203125,mixed,3,nlm,classical,0.9770987033843994,0.9768538376617485,0.0019510638060962204,19.921170667343183,19.89900280672505,0.47092297673225403,19.89119848418544
carpet,5,blob,0.017852783203125,mixed,3,clahe,classical,1.1988977193832397,0.8656323030113484,-0.7761970596333074,15.458289812661652,15.446008186828086,0.45636507868766785,19.89119848418544
carpet,5,blob,0.017852783203125,mixed,3,msrcr,classical,2.5022997856140137,0.9964811573722883,-1.8494865764316706,11.610301826332739,11.619279124829077,0.3658047616481781,19.89119848418544
carpet,5,blob,0.017852783203125,mixed,3,wiener,classical,0.9488993287086487,0.8230586528560875,-0.561571856411373,16.26521854360632,16.26297519474732,-0.1616567224264145,19.89119848418544
carpet,5,blob,0.017852783203125,mixed,3,classical_pipeline,classical,0.8509374260902405,0.9918228789167333,-0.0026250520932418198,19.8916979007767,19.86788500607988,0.46530818939208984,19.89119848418544
carpet,5,blob,0.017852783203125,mixed,3,nafnet,deep,0.8812415599822998,0.942529191780751,0.024364552860353217,20.15762265156202,20.137521675463695,0.46651962399482727,19.89119848418544
carpet,5,blob,0.017852783203125,mixed,3,restormer,deep,0.9401901364326477,1.1164664182221469,0.0028696369418671486,19.97437069896737,19.954369905265253,0.42415961623191833,19.89119848418544
carpet,5,blob,0.017852783203125,mixed,4,identity,classical,0.9733890891075134,1.0,0.0,16.13538366968895,16.134725218583398,0.01347386371344328,16.134725218583398
carpet,5,blob,0.017852783203125,mixed,4,gaussian,classical,0.9689995646476746,1.7371944375845056,0.10438860847410492,18.28336988119189,18.277315999143386,0.05885356292128563,16.134725218583398
carpet,5,blob,0.017852783203125,mixed,4,bilateral,classical,0.970859944820404,1.1548542000490434,0.03811192488886672,16.80837474586869,16.80820212102778,0.026634803041815758,16.134725218583398
carpet,5,blob,0.017852783203125,mixed,4,nlm,classical,0.8899213075637817,1.962712157024087,0.10424332650430002,18.463842362087984,18.457537466430626,0.07297444343566895,16.134725218583398
carpet,5,blob,0.017852783203125,mixed,4,clahe,classical,1.597891926765442,0.8768384563588675,-0.6808008209034566,12.399164546016312,12.409362732115426,-0.010753489099442959,16.134725218583398
carpet,5,blob,0.017852783203125,mixed,4,msrcr,classical,1.6825543642044067,1.0138548720039833,-1.1863983996413872,9.86703196542689,9.873007400132186,-0.004096541553735733,16.134725218583398
carpet,5,blob,0.017852783203125,mixed,4,wiener,classical,0.9454432129859924,0.9131355095205799,0.04207421204581285,16.449290492328878,16.44902014265612,0.0839192271232605,16.134725218583398
carpet,5,blob,0.017852783203125,mixed,4,classical_pipeline,classical,0.7848429679870605,1.8766906123491778,0.10191285324562194,18.43690062912852,18.42935521140444,0.0727723240852356,16.134725218583398
carpet,5,blob,0.017852783203125,mixed,4,nafnet,deep,2.893801212310791,0.02577504818200598,-1.776163707158675,5.493794136467388,5.487915470035007,0.005084023345261812,16.134725218583398
carpet,5,blob,0.017852783203125,mixed,4,restormer,deep,1.0313555002212524,1.605174696971991,0.09383298975247556,18.044403018739665,18.039446844994746,0.08420702069997787,16.134725218583398
carpet,6,texture,0.0126495361328125,defocus,2,identity,classical,0.942513644695282,1.0,0.0,22.156303210262056,22.179772595619763,0.640195906162262,22.179772595619763
carpet,6,texture,0.0126495361328125,defocus,2,gaussian,classical,0.9246082305908203,1.2041681280318823,-0.1784975720972144,20.748572781655184,20.77317168716506,0.46344390511512756,22.179772595619763
carpet,6,texture,0.0126495361328125,defocus,2,bilateral,classical,0.938305139541626,1.0919605878199123,-0.10264209047378525,21.31503011172066,21.34008100603074,0.534694254398346,22.179772595619763
carpet,6,texture,0.0126495361328125,defocus,2,nlm,classical,0.9428737759590149,0.9721880610687613,0.0028130851463625817,22.15000537381659,22.172013842315895,0.6436390280723572,22.179772595619763
carpet,6,texture,0.0126495361328125,defocus,2,clahe,classical,1.4189939498901367,0.8250665080308902,-0.41088743995069077,19.253303867122163,19.159011957838963,0.7981136441230774,22.179772595619763
carpet,6,texture,0.0126495361328125,defocus,2,msrcr,classical,1.7581768035888672,0.7013860506474289,-2.0627324987634355,13.234203430943934,13.124741850847233,0.687803328037262,22.179772595619763
carpet,6,texture,0.0126495361328125,defocus,2,wiener,classical,0.6492313742637634,0.26690135018642125,-1.2023100959048079,15.408569291341456,15.394458072695347,-0.095753014087677,22.179772595619763
carpet,6,texture,0.0126495361328125,defocus,2,classical_pipeline,classical,0.6182076334953308,0.2717359803960636,-1.1534430664801136,15.611107143465706,15.592918553297618,-0.095851831138134,22.179772595619763
carpet,6,texture,0.0126495361328125,defocus,2,nafnet,deep,0.9070801734924316,1.1373736987023997,-0.15626643857637856,20.89567757423076,20.920478964916278,0.48459959030151367,22.179772595619763
carpet,6,texture,0.0126495361328125,defocus,2,restormer,deep,0.9325565695762634,1.0926164881017186,-0.09333988776389823,21.37265835843437,21.39810568817022,0.5492661595344543,22.179772595619763
carpet,6,texture,0.0126495361328125,defocus,3,identity,classical,0.9174366593360901,1.0,0.0,19.730449155966816,19.75567073037764,0.3069615662097931,19.75567073037764
carpet,6,texture,0.0126495361328125,defocus,3,gaussian,classical,0.9045592546463013,1.0839676480999012,-0.02787536705426019,19.503128825062674,19.527797061614937,0.2558039724826813,19.75567073037764
carpet,6,texture,0.0126495361328125,defocus,3,bilateral,classical,0.9129818677902222,1.0897432474453377,-0.050090209106582684,19.329308105639004,19.355737472929743,0.21957142651081085,19.75567073037764
carpet,6,texture,0.0126495361328125,defocus,3,nlm,classical,0.9159149527549744,0.9688586372008229,-0.0009082446090369345,19.73203609830328,19.756121916861286,0.3076060712337494,19.75567073037764
carpet,6,texture,0.0126495361328125,defocus,3,clahe,classical,1.3741265535354614,0.7750962289009069,-0.2035588420170542,17.950414341053698,17.927086412900678,0.5032990574836731,19.75567073037764
carpet,6,texture,0.0126495361328125,defocus,3,msrcr,classical,1.9786921739578247,0.6192864215810806,-0.9224605796674441,14.204480904326154,14.025383677090769,0.4931834638118744,19.75567073037764
carpet,6,texture,0.0126495361328125,defocus,3,wiener,classical,0.5590695738792419,0.1818315314500136,-0.5864725281951677,15.855530818565606,15.835268229805756,-0.18637414276599884,19.75567073037764
carpet,6,texture,0.0126495361328125,defocus,3,classical_pipeline,classical,0.5320754647254944,0.18843839225373166,-0.5317454865138211,16.156857223169204,16.12896885519819,-0.18095345795154572,19.75567073037764
carpet,6,texture,0.0126495361328125,defocus,3,nafnet,deep,0.8978975415229797,1.0677204512482783,-0.0327846087209851,19.458571279287455,19.483636981918536,0.2471812516450882,19.75567073037764
carpet,6,texture,0.0126495361328125,defocus,3,restormer,deep,0.9123932719230652,1.0465711232906894,-0.017412506718383458,19.58896277179544,19.614382044218594,0.27455654740333557,19.75567073037764
carpet,6,texture,0.0126495361328125,defocus,4,identity,classical,0.8787509202957153,1.0,0.0,18.384885174708742,18.408878180148353,0.02916664071381092,18.408878180148353
carpet,6,texture,0.0126495361328125,defocus,4,gaussian,classical,0.8699085116386414,1.0543684664028619,0.020709459300529587,18.5751492080067,18.598203386088827,0.06567440181970596,18.408878180148353
carpet,6,texture,0.0126495361328125,defocus,4,bilateral,classical,0.8711586594581604,1.0674336172820236,0.033745066338827456,18.69807357647227,18.719809628562174,0.09048708528280258,18.408878180148353
carpet,6,texture,0.0126495361328125,defocus,4,nlm,classical,0.8737866878509521,0.9927513457417189,0.02091652801974564,18.58733583232944,18.610122783850787,0.07086129486560822,18.408878180148353
carpet,6,texture,0.0126495361328125,defocus,4,clahe,classical,1.314892292022705,0.8197955205573649,-0.16426641535115438,16.789937282280643,16.779581741176884,-0.038206860423088074,18.408878180148353
carpet,6,texture,0.0126495361328125,defocus,4,msrcr,classical,1.8999360799789429,0.6012007528138236,-0.6552640616203891,13.866809452229152,13.699519786081476,-0.10882756114006042,18.408878180148353
carpet,6,texture,0.0126495361328125,defocus,4,wiener,classical,0.38895460963249207,0.0933070854593451,-0.11943811538455518,17.45890162053067,17.394135360552184,0.08881714940071106,18.408878180148353
carpet,6,texture,0.0126495361328125,defocus,4,classical_pipeline,classical,0.3710418939590454,0.09739233868501207,-0.08989275706393651,17.69887417305863,17.621053195961192,0.07981633394956589,18.408878180148353
carpet,6,texture,0.0126495361328125,defocus,4,nafnet,deep,0.8673187494277954,1.0506027493840806,0.02267641611952753,18.593427802655896,18.616388881915892,0.07007020711898804,18.408878180148353
carpet,6,texture,0.0126495361328125,defocus,4,restormer,deep,0.8753073215484619,1.0296124480054336,0.013765796732375657,18.512427061910238,18.535874429382087,0.053691715002059937,18.408878180148353
carpet,6,texture,0.0126495361328125,noise,2,identity,classical,0.999292254447937,1.0,0.0,25.116762413308127,25.08363863905511,0.8907470703125,25.08363863905511
carpet,6,texture,0.0126495361328125,noise,2,gaussian,classical,0.9493330121040344,1.5470653105972316,-1.1056958855931711,23.328724381384255,23.348131857643164,0.7415540814399719,25.08363863905511
carpet,6,texture,0.0126495361328125,noise,2,bilateral,classical,0.996130108833313,1.0295277115140318,0.01772474828234183,27.459350849510706,27.421351139358727,0.9309172034263611,25.08363863905511
carpet,6,texture,0.0126495361328125,noise,2,nlm,classical,0.9945527911186218,0.9635321831983528,-0.22780003887854217,27.710062031986183,27.68717627594091,0.9372925758361816,25.08363863905511
carpet,6,texture,0.0126495361328125,noise,2,clahe,classical,1.328986406326294,0.8861716895974713,-5.000456270448933,14.106931254725465,14.091932416437945,0.6875494122505188,25.08363863905511
carpet,6,texture,0.0126495361328125,noise,2,msrcr,classical,1.0191911458969116,0.7557036191576435,-10.53921581801259,10.155709689593772,10.160408981715161,0.6521226763725281,25.08363863905511
carpet,6,texture,0.0126495361328125,noise,2,wiener,classical,0.9044939279556274,0.7671358510162652,-5.127770656017171,14.131001141323907,14.151868205288125,-0.23221343755722046,25.08363863905511
carpet,6,texture,0.0126495361328125,noise,2,classical_pipeline,classical,0.9456278085708618,0.9586209519330963,-0.25752271423584694,27.502072789632397,27.470101695681635,0.9367375373840332,25.08363863905511
carpet,6,texture,0.0126495361328125,noise,2,nafnet,deep,0.8506855368614197,1.1205194830841538,-0.8470424985465337,24.06716610534627,24.087235772773482,0.8308127522468567,25.08363863905511
carpet,6,texture,0.0126495361328125,noise,2,restormer,deep,0.9681394100189209,1.20585654261538,-0.3694434963693951,26.466320057020734,26.478921538666995,0.9040454030036926,25.08363863905511
carpet,6,texture,0.0126495361328125,noise,3,identity,classical,0.9978993535041809,1.0,0.0,22.448588018354915,22.416755876083577,0.8170290589332581,22.416755876083577
carpet,6,texture,0.0126495361328125,noise,3,gaussian,classical,0.9483267068862915,1.577617295429054,-0.5658574441730064,23.14952236476786,23.166488855934343,0.7345249056816101,22.416755876083577
carpet,6,texture,0.0126495361328125,noise,3,bilateral,classical,0.9956051111221313,1.0269704859068884,0.030739058191799562,23.965346642075186,23.92640650276966,0.8593730330467224,22.416755876083577
carpet,6,texture,0.0126495361328125,noise,3,nlm,classical,0.9881315231323242,0.9914191831064151,-0.09618463675042,26.148206055825085,26.108622654600993,0.9071370959281921,22.416755876083577
carpet,6,texture,0.0126495361328125,noise,3,clahe,classical,1.2461512088775635,0.8777136011336697,-3.624760848663887,13.587534845967308,13.580827878540893,0.6431070566177368,22.416755876083577
carpet,6,texture,0.0126495361328125,noise,3,msrcr,classical,0.9748851656913757,0.7460913235954171,-7.14085185992861,10.373965207588963,10.381885679465121,0.6159014105796814,22.416755876083577
carpet,6,texture,0.0126495361328125,noise,3,wiener,classical,0.9037123918533325,0.7635566625551382,-3.5880032772672257,13.837006334929043,13.85510773289058,-0.21545152366161346,22.416755876083577
carpet,6,texture,0.0126495361328125,noise,3,classical_pipeline,classical,0.9406131505966187,0.9897504851185993,-0.11688684334362476,25.989563478588494,25.944423050453178,0.9061822891235352,22.416755876083577
carpet,6,texture,0.0126495361328125,noise,3,nafnet,deep,0.8100438714027405,1.1930619256068986,-0.7719872449677792,21.908652328247975,21.932244236933652,0.7145962715148926,22.416755876083577
carpet,6,texture,0.0126495361328125,noise,3,restormer,deep,0.9726887345314026,1.2791912154042686,-0.15351915550332795,25.19862235082314,25.207434858275704,0.8779951930046082,22.416755876083577
carpet,6,texture,0.0126495361328125,noise,4,identity,classical,1.0027060508728027,1.0,0.0,20.182626353740933,20.152264542337,0.7281589508056641,20.152264542337
carpet,6,texture,0.0126495361328125,noise,4,gaussian,classical,0.9529851675033569,1.6069672945088813,-0.21155831529316993,22.877746730602183,22.891644941700022,0.721761167049408,20.152264542337
carpet,6,texture,0.0126495361328125,noise,4,bilateral,classical,1.0010219812393188,1.0212022987539315,0.026615183205379367,21.06495173584012,21.029343257076377,0.761101245880127,20.152264542337
carpet,6,texture,0.0126495361328125,noise,4,nlm,classical,1.0035587549209595,1.1032226141101895,-0.006188119648357082,24.63669056859834,24.611189853416164,0.8557659983634949,20.152264542337
carpet,6,texture,0.0126495361328125,noise,4,clahe,classical,1.21653413772583,0.8712467626558632,-2.6693702693149155,13.10499380844406,13.106349920179003,0.5933005809783936,20.152264542337
carpet,6,texture,0.0126495361328125,noise,4,msrcr,classical,0.9169083833694458,0.7613497310984927,-4.958156733481169,10.52990992985328,10.54167000094812,0.5687490701675415,20.152264542337
carpet,6,texture,0.0126495361328125,noise,4,wiener,classical,0.9077016115188599,0.7702570884930707,-2.564280543861084,13.466228007224114,13.48026151560893,-0.1884845495223999,20.152264542337
carpet,6,texture,0.0126495361328125,noise,4,classical_pipeline,classical,0.9600462317466736,1.123700894609519,-0.01988974491895945,24.530025445545277,24.49917818476945,0.8522524237632751,20.152264542337
carpet,6,texture,0.0126495361328125,noise,4,nafnet,deep,0.8076702952384949,1.32292800713613,-0.6178630398447116,20.387868784678403,20.408976127447342,0.5745428204536438,20.152264542337
carpet,6,texture,0.0126495361328125,noise,4,restormer,deep,1.0169957876205444,1.3197771183493607,0.0020504281990227913,24.06200134152831,24.052793541164096,0.8544017672538757,20.152264542337
carpet,6,texture,0.0126495361328125,mixed,2,identity,classical,1.3661853075027466,1.0,0.0,14.416620674133778,14.362321988229965,0.5578747391700745,14.362321988229965
carpet,6,texture,0.0126495361328125,mixed,2,gaussian,classical,1.3424227237701416,1.229316078194083,-0.0002267475369435168,14.329497972363116,14.280286797007617,0.45288753509521484,14.362321988229965
carpet,6,texture,0.0126495361328125,mixed,2,bilateral,classical,1.3646295070648193,1.0348770170366353,0.0005728311281909537,14.410087292353897,14.356051016318096,0.5323222875595093,14.362321988229965
carpet,6,texture,0.0126495361328125,mixed,2,nlm,classical,1.3759452104568481,0.9846912480713826,0.014866327358400211,14.515462547642828,14.459234287091597,0.5600219368934631,14.362321988229965
carpet,6,texture,0.0126495361328125,mixed,2,clahe,classical,1.5154520273208618,0.776876203772162,-0.04446058477376735,13.432576323680852,13.39652687586167,0.5523030757904053,14.362321988229965
carpet,6,texture,0.0126495361328125,mixed,2,msrcr,classical,1.8073310852050781,0.7454228053857711,-0.08635576056182792,13.249973464377264,13.144363845762864,0.5368425846099854,14.362321988229965
carpet,6,texture,0.0126495361328125,mixed,2,wiener,classical,1.074421763420105,0.35445158008417366,-0.12253897618518494,12.80704187084358,12.783131077185626,0.29312917590141296,14.362321988229965
carpet,6,texture,0.0126495361328125,mixed,2,classical_pipeline,classical,1.0124502182006836,0.37273053951876045,-0.0740671281114551,13.239916882087217,13.22820590456777,0.3129507005214691,14.362321988229965
carpet,6,texture,0.0126495361328125,mixed,2,nafnet,deep,1.340162992477417,1.1534399811426326,-0.02680833419154105,14.136271206875408,14.0870301177115,0.45946064591407776,14.362321988229965
carpet,6,texture,0.0126495361328125,mixed,2,restormer,deep,1.3484667539596558,1.093762954061695,-0.009808140868939885,14.316251924177802,14.26493783995803,0.5116642117500305,14.362321988229965
carpet,6,texture,0.0126495361328125,mixed,3,identity,classical,0.8771423101425171,1.0,0.0,18.676258793274055,18.699944728685402,0.12557461857795715,18.699944728685402
carpet,6,texture,0.0126495361328125,mixed,3,gaussian,classical,0.8660638928413391,1.1288818779358871,0.013633613717857429,18.772046130294743,18.794568669815717,0.11762896180152893,18.699944728685402
carpet,6,texture,0.0126495361328125,mixed,3,bilateral,classical,0.8705013990402222,1.0862163392539856,0.017480534279989413,18.81330875368286,18.83565521043199,0.12564651668071747,18.699944728685402
carpet,6,texture,0.0126495361328125,mixed,3,nlm,classical,0.875414252281189,0.9738497589775907,0.0010702038377000678,18.691413280566348,18.71430975508059,0.1293080598115921,18.699944728685402
carpet,6,texture,0.0126495361328125,mixed,3,clahe,classical,1.240451693534851,0.8307942652028661,-0.30790026814439564,16.23439347929135,16.235680879154113,0.15600450336933136,18.699944728685402
carpet,6,texture,0.0126495361328125,mixed,3,msrcr,classical,1.9362857341766357,0.6413852203018076,-0.9589752235095079,12.874839041135122,12.754505874702215,0.13100041449069977,18.699944728685402
carpet,6,texture,0.0126495361328125,mixed,3,wiener,classical,0.5539267659187317,0.18376453918840327,-0.15860291691302342,17.418318033476705,17.377946086695108,0.17393679916858673,18.699944728685402
carpet,6,texture,0.0126495361328125,mixed,3,classical_pipeline,classical,0.5294008255004883,0.19148007156177,-0.1258227873242974,17.671419319698632,17.621334794455123,0.1649281233549118,18.699944728685402
carpet,6,texture,0.0126495361328125,mixed,3,nafnet,deep,0.8652406930923462,1.0974978680790288,0.013183974700720413,18.764229751446923,18.787108741156374,0.11713624745607376,18.699944728685402
carpet,6,texture,0.0126495361328125,mixed,3,restormer,deep,0.8701916337013245,1.072917236818759,0.009759483899346444,18.739724354164046,18.763025788095472,0.11942819505929947,18.699944728685402
carpet,6,texture,0.0126495361328125,mixed,4,identity,classical,0.8595085144042969,1.0,0.0,16.804963089547815,16.801681928652805,0.16277654469013214,16.801681928652805
carpet,6,texture,0.0126495361328125,mixed,4,gaussian,classical,0.8498400449752808,1.5957234277943384,0.07318673533698161,18.91250863175343,18.928231268236978,0.18983769416809082,16.801681928652805
carpet,6,texture,0.0126495361328125,mixed,4,bilateral,classical,0.8559127449989319,1.0925647725003083,0.021800422736317993,17.43021137897557,17.425812790590786,0.16735176742076874,16.801681928652805
carpet,6,texture,0.0126495361328125,mixed,4,nlm,classical,0.8273507356643677,1.712254510642907,0.025960977751232406,18.670119282419382,18.68527891905338,0.10957282781600952,16.801681928652805
carpet,6,texture,0.0126495361328125,mixed,4,clahe,classical,1.055863618850708,0.7800311426419404,-0.7280050406799705,13.039272438659053,13.04005786987531,0.17409388720989227,16.801681928652805
carpet,6,texture,0.0126495361328125,mixed,4,msrcr,classical,1.0398350954055786,0.7681657584961372,-1.3027527790155475,10.372399978788586,10.378047893414715,0.11558666080236435,16.801681928652805
carpet,6,texture,0.0126495361328125,mixed,4,wiener,classical,0.8333892822265625,0.9273796666222129,-0.12783283105526122,16.090165381269827,16.09172219648421,0.018211813643574715,16.801681928652805
carpet,6,texture,0.0126495361328125,mixed,4,classical_pipeline,classical,0.7913050651550293,1.7304658811508127,0.02411233066760121,18.65318213477449,18.664735769829296,0.10895303636789322,16.801681928652805
carpet,6,texture,0.0126495361328125,mixed,4,nafnet,deep,1.3131190538406372,0.07195849745205103,-1.9971533912326964,5.6888752897543355,5.696258056232962,0.0037503845524042845,16.801681928652805
carpet,6,texture,0.0126495361328125,mixed,4,restormer,deep,0.9453995227813721,1.7457845046886142,0.039496971415526105,18.43151401613286,18.448466362747197,0.1717609316110611,16.801681928652805
carpet,7,scratch,0.01239013671875,defocus,2,identity,classical,0.8805534243583679,1.0,0.0,22.01386013719609,21.973386538654363,0.6463621258735657,21.973386538654363
carpet,7,scratch,0.01239013671875,defocus,2,gaussian,classical,0.8272243738174438,1.0286375977797637,-0.1811712787436952,20.582620289860863,20.542665683684667,0.46888914704322815,21.973386538654363
carpet,7,scratch,0.01239013671875,defocus,2,bilateral,classical,0.8750994205474854,1.0733222268025795,-0.09949541778535509,21.19735520341962,21.17148729949526,0.5452736616134644,21.973386538654363
carpet,7,scratch,0.01239013671875,defocus,2,nlm,classical,0.8879067301750183,0.9897128517137724,0.0034406990103501567,22.01535557440377,21.973509186510572,0.6503536701202393,21.973386538654363
carpet,7,scratch,0.01239013671875,defocus,2,clahe,classical,1.1097508668899536,0.6432151701435591,-0.429330088661257,19.025494297621076,18.985648899882698,0.8014416694641113,21.973386538654363
carpet,7,scratch,0.01239013671875,defocus,2,msrcr,classical,1.1090832948684692,0.602017095765911,-1.1580728050517548,15.902781151802447,15.790752856791084,0.7515854835510254,21.973386538654363
carpet,7,scratch,0.01239013671875,defocus,2,wiener,classical,0.014614056795835495,0.022946290629357817,-1.2115990862110602,15.19494816874717,14.992202019514512,-0.05563977360725403,21.973386538654363
carpet,7,scratch,0.01239013671875,defocus,2,classical_pipeline,classical,0.011585026048123837,0.025270276606777657,-1.1597679956988562,15.42363733549909,15.192044053296554,-0.05302963778376579,21.973386538654363
carpet,7,scratch,0.01239013671875,defocus,2,nafnet,deep,0.8538550734519958,1.0269775024214043,-0.1518367707698982,20.779964708215758,20.749473912898342,0.4977860748767853,21.973386538654363
carpet,7,scratch,0.01239013671875,defocus,2,restormer,deep,0.8707360625267029,1.030075094457333,-0.09224966666014178,21.238085429683547,21.20616765697436,0.5580112934112549,21.973386538654363
carpet,7,scratch,0.01239013671875,defocus,3,identity,classical,0.807586669921875,1.0,0.0,19.561340999196617,19.523798336314623,0.3130258619785309,19.523798336314623
carpet,7,scratch,0.01239013671875,defocus,3,gaussian,classical,0.7687200903892517,0.9671811339905919,-0.02937137314327165,19.32099099778654,19.277001697446728,0.26018503308296204,19.523798336314623
carpet,7,scratch,0.01239013671875,defocus,3,bilateral,classical,0.8031559586524963,1.048217745439703,-0.04930555530458469,19.168644903407102,19.138410658605135,0.22760014235973358,19.523798336314623
carpet,7,scratch,0.01239013671875,defocus,3,nlm,classical,0.814139723777771,0.9950662360629903,-0.0007077983586016856,19.564673719580245,19.52604183980941,0.314059853553772,19.523798336314623
carpet,7,scratch,0.01239013671875,defocus,3,clahe,classical,1.0424481630325317,0.6905455732360758,-0.1971676500913795,17.839504379918417,17.825767080994563,0.5086371302604675,19.523798336314623
carpet,7,scratch,0.01239013671875,defocus,3,msrcr,classical,1.127907156944275,0.6466815742578472,-0.2703495190332166,17.35253350805462,17.168379353218356,0.527495801448822,19.523798336314623
carpet,7,scratch,0.01239013671875,defocus,3,wiener,classical,0.011565840803086758,0.006122206241557039,-0.6274602633653183,15.436990284321372,15.211923000714778,-0.19955889880657196,19.523798336314623
carpet,7,scratch,0.01239013671875,defocus,3,classical_pipeline,classical,0.01021668966859579,0.007165704363410041,-0.567722587856804,15.762837680981727,15.501554254627635,-0.1943790465593338,19.523798336314623
carpet,7,scratch,0.01239013671875,defocus,3,nafnet,deep,0.7862706780433655,0.9864589605367814,-0.03330257232390954,19.28431552415761,19.246623488678722,0.25363150238990784,19.523798336314623
carpet,7,scratch,0.01239013671875,defocus,3,restormer,deep,0.798065721988678,0.9810835777948523,-0.018887572997917212,19.405662894791107,19.368546494857075,0.2787754237651825,19.523798336314623
carpet,7,scratch,0.01239013671875,defocus,4,identity,classical,0.6919266581535339,1.0,0.0,18.182376519079835,18.129290519126315,0.030685653910040855,18.129290519126315
carpet,7,scratch,0.01239013671875,defocus,4,gaussian,classical,0.6660546064376831,0.9701157582124726,0.0208999061413655,18.37197237406339,18.3085210856861,0.06723806262016296,18.129290519126315
carpet,7,scratch,0.01239013671875,defocus,4,bilateral,classical,0.6867737174034119,1.0112946019079865,0.033798555713778766,18.49093255723475,18.430117053106013,0.09249284863471985,18.129290519126315
carpet,7,scratch,0.01239013671875,defocus,4,nlm,classical,0.6933250427246094,0.998605099999514,0.020753204020406146,18.37871773611033,18.320674513495497,0.07141455262899399,18.129290519126315
carpet,7,scratch,0.01239013671875,defocus,4,clahe,classical,0.9719222187995911,0.8425171700029928,-0.17408387981793583,16.563088146358695,16.565896676134646,-0.038053687661886215,18.129290519126315
carpet,7,scratch,0.01239013671875,defocus,4,msrcr,classical,1.0788624286651611,0.7219446820728573,-0.42046102869677826,15.18723772875094,15.088728638020923,-0.08414182811975479,18.129290519126315
carpet,7,scratch,0.01239013671875,defocus,4,wiener,classical,0.022190488874912262,0.01305388682232215,-0.10306630475023004,17.29184837543653,16.927958955303183,0.14986659586429596,18.129290519126315
carpet,7,scratch,0.01239013671875,defocus,4,classical_pipeline,classical,0.017518101260066032,0.0289949588612561,-0.08321328337780476,17.493151396566205,17.085209082544207,0.12221042066812515,18.129290519126315
carpet,7,scratch,0.01239013671875,defocus,4,nafnet,deep,0.6724855303764343,0.9825902662001434,0.022502569207301648,18.385386578618622,18.32349088174572,0.07093220949172974,18.129290519126315
carpet,7,scratch,0.01239013671875,defocus,4,restormer,deep,0.6815496683120728,0.9806673855697677,0.014193391799121047,18.311581274884155,18.253207232179964,0.05588952824473381,18.129290519126315
carpet,7,scratch,0.01239013671875,noise,2,identity,classical,0.9947436451911926,1.0,0.0,25.06851354933985,25.023317408676785,0.8960244655609131,25.023317408676785
carpet,7,scratch,0.01239013671875,noise,2,gaussian,classical,0.8938141465187073,1.3182319745178968,-1.119521881613415,23.194329574701303,23.15031888571351,0.7468671202659607,25.023317408676785
carpet,7,scratch,0.01239013671875,noise,2,bilateral,classical,0.992283046245575,1.0328606314953588,0.01645571986597205,27.365585765027735,27.293578444420735,0.9340157508850098,25.023317408676785
carpet,7,scratch,0.01239013671875,noise,2,nlm,classical,0.9995180368423462,0.9790926430139638,-0.2366177563260301,27.60220800909118,27.57056073648115,0.9403913021087646,25.023317408676785
carpet,7,scratch,0.01239013671875,noise,2,clahe,classical,1.0303643941879272,0.7025207977779652,-4.777504982130797,14.350949898585341,14.360031234845827,0.7035067677497864,25.023317408676785
carpet,7,scratch,0.01239013671875,noise,2,msrcr,classical,0.7760216593742371,0.5971184097380172,-9.675965061583765,10.758833850141459,10.779421456123854,0.6807706356048584,25.023317408676785
carpet,7,scratch,0.01239013671875,noise,2,wiener,classical,0.5875434875488281,0.2647648391518726,-5.224941870195167,13.923203290327402,13.849745820247099,-0.22643084824085236,25.023317408676785
carpet,7,scratch,0.01239013671875,noise,2,classical_pipeline,classical,0.9512014389038086,0.9815276631882444,-0.30665875579072566,27.15265262082014,27.09807971534073,0.9391317963600159,25.023317408676785
carpet,7,scratch,0.01239013671875,noise,2,nafnet,deep,0.8594449758529663,1.0853314605282491,-0.8363715725966783,24.031123685879564,24.018332031703075,0.8466241955757141,25.023317408676785
carpet,7,scratch,0.01239013671875,noise,2,restormer,deep,0.9923913478851318,1.2295755200467346,-0.35898463046773266,26.416728999640142,26.392581529569355,0.9091262817382812,25.023317408676785
carpet,7,scratch,0.01239013671875,noise,3,identity,classical,0.9847240447998047,1.0,0.0,22.407721925823907,22.366783024881713,0.8245607018470764,22.366783024881713
carpet,7,scratch,0.01239013671875,noise,3,gaussian,classical,0.8846137523651123,1.3544099048513392,-0.5706669294491291,23.005331173409633,22.955597479041213,0.7383227944374084,22.366783024881713
carpet,7,scratch,0.01239013671875,noise,3,bilateral,classical,0.9825058579444885,1.0250206373319204,0.026745863713463214,23.8825311284156,23.822836519850608,0.8645010590553284,22.366783024881713
carpet,7,scratch,0.01239013671875,noise,3,nlm,classical,0.985393762588501,0.9985263748296354,-0.11285710123225123,25.91074452502127,25.863087612949464,0.9115674495697021,22.366783024881713
carpet,7,scratch,0.01239013671875,noise,3,clahe,classical,1.0442466735839844,0.7157076294859677,-3.393326853257493,13.889687810385372,13.902735200410525,0.6617051959037781,22.366783024881713
carpet,7,scratch,0.01239013671875,noise,3,msrcr,classical,0.7708036303520203,0.6194670519286477,-6.647799038639607,10.80659011658569,10.830578874964248,0.6412912607192993,22.366783024881713
carpet,7,scratch,0.01239013671875,noise,3,wiener,classical,0.5831760764122009,0.2780285338230542,-3.625247217948915,13.658519905654334,13.589664466714911,-0.20876525342464447,22.366783024881713
carpet,7,scratch,0.01239013671875,noise,3,classical_pipeline,classical,0.9386246204376221,1.0015782302442542,-0.14708549913335256,25.667205051812637,25.596216207308625,0.9110661149024963,22.366783024881713
carpet,7,scratch,0.01239013671875,noise,3,nafnet,deep,0.7705624103546143,1.0621315043115502,-0.7902894459338725,21.720575102670324,21.694650236710547,0.7227007746696472,22.366783024881713
carpet,7,scratch,0.01239013671875,noise,3,restormer,deep,0.9892773032188416,1.2755477868303071,-0.14796344137206496,25.15712502176147,25.130041208100323,0.8829004168510437,22.366783024881713
carpet,7,scratch,0.01239013671875,noise,4,identity,classical,0.978737473487854,1.0,0.0,20.146560351594513,20.115681480437637,0.7383686900138855,20.115681480437637
carpet,7,scratch,0.01239013671875,noise,4,gaussian,classical,0.8791651129722595,1.3912099118290429,-0.22217981566761424,22.736703019580652,22.687471657562043,0.7271140217781067,20.115681480437637
carpet,7,scratch,0.01239013671875,noise,4,bilateral,classical,0.977949857711792,1.0227555686958878,0.0252683124891393,21.008827963217872,20.968314315313524,0.7697283625602722,20.115681480437637
carpet,7,scratch,0.01239013671875,noise,4,nlm,classical,0.9719724655151367,1.0596883430400053,-0.002415829151217963,24.626706805293715,24.589327795572533,0.8712479472160339,20.115681480437637
carpet,7,scratch,0.01239013671875,noise,4,clahe,classical,1.011825442314148,0.7124193520512117,-2.496561035692426,13.395352853141764,13.410148915929817,0.6124626994132996,20.115681480437637
carpet,7,scratch,0.01239013671875,noise,4,msrcr,classical,0.7541930079460144,0.6447468413324076,-4.643086493573978,10.913632458689674,10.940005406098631,0.5920334458351135,20.115681480437637
carpet,7,scratch,0.01239013671875,noise,4,wiener,classical,0.5777835249900818,0.27782260863825614,-2.6240425333821373,13.29235401046448,13.228127993956818,-0.18822485208511353,20.115681480437637
carpet,7,scratch,0.01239013671875,noise,4,classical_pipeline,classical,0.9249522089958191,1.0675409392358466,-0.029105741556193943,24.397736030217363,24.33219023625481,0.8705832958221436,20.115681480437637
carpet,7,scratch,0.01239013671875,noise,4,nafnet,deep,0.7528821229934692,1.136345941119833,-0.5818879532557646,20.584791055845074,20.566262984607544,0.6080153584480286,20.115681480437637
carpet,7,scratch,0.01239013671875,noise,4,restormer,deep,0.9960662722587585,1.305093813152481,0.017745378497826536,24.144949149227273,24.113721228598965,0.8635336756706238,20.115681480437637
carpet,7,scratch,0.01239013671875,mixed,2,identity,classical,0.5734432339668274,1.0,0.0,15.974605454543616,15.83924125404802,0.4368709623813629,15.83924125404802
carpet,7,scratch,0.01239013671875,mixed,2,gaussian,classical,0.5387247800827026,1.0267979515125216,-0.028699150549725383,15.658661709185148,15.518962122667643,0.3084605634212494,15.83924125404802
carpet,7,scratch,0.01239013671875,mixed,2,bilateral,classical,0.5656120181083679,1.1279850825163045,-0.028463797867618768,15.654727286415424,15.529186087488283,0.2981952428817749,15.83924125404802
carpet,7,scratch,0.01239013671875,mixed,2,nlm,classical,0.5747107267379761,0.990754077130857,-0.021555640479780314,15.8212039069357,15.688675221508246,0.4372706711292267,15.83924125404802
carpet,7,scratch,0.01239013671875,mixed,2,clahe,classical,0.9809246063232422,0.7334715215286596,0.557939105659808,22.35601536426499,22.30071208783061,0.8020989298820496,15.83924125404802
carpet,7,scratch,0.01239013671875,mixed,2,msrcr,classical,1.0646402835845947,0.6050686153343512,0.02468989503292407,16.010302655320146,15.893631824974324,0.7570152878761292,15.83924125404802
carpet,7,scratch,0.01239013671875,mixed,2,wiener,classical,0.009474237449467182,0.023026663547634794,-0.18911474572108555,14.133726527884141,13.8492884982685,-0.02877204120159149,15.83924125404802
carpet,7,scratch,0.01239013671875,mixed,2,classical_pipeline,classical,0.007373811677098274,0.025419724674733864,-0.1903270818580196,14.135313947560578,13.834162803439309,-0.025391628965735435,15.83924125404802
carpet,7,scratch,0.01239013671875,mixed,2,nafnet,deep,0.5537908673286438,1.0441043361950046,-0.01965266481571004,15.730798986113104,15.597008084504937,0.30354246497154236,15.83924125404802
carpet,7,scratch,0.01239013671875,mixed,2,restormer,deep,0.5685012936592102,1.0403081000153394,-0.011974682791500824,15.823591389624312,15.691348755368729,0.3676704466342926,15.83924125404802
carpet,7,scratch,0.01239013671875,mixed,3,identity,classical,0.8732848167419434,1.0,0.0,10.675104166231208,10.67918047540628,0.6573410630226135,10.67918047540628
carpet,7,scratch,0.01239013671875,mixed,3,gaussian,classical,0.7828338146209717,1.4548876115125837,-0.0018782018080663043,11.262658044141078,11.27075157354019,0.7517104148864746,10.67918047540628
carpet,7,scratch,0.01239013671875,mixed,3,bilateral,classical,0.8764453530311584,0.994265961780056,-0.0016905200526478037,10.739474964299319,10.741752838342721,0.6735745072364807,10.67918047540628
carpet,7,scratch,0.01239013671875,mixed,3,nlm,classical,0.8119118809700012,1.0739046570626667,0.05442678623544084,11.643027855009043,11.645367633981083,0.7829091548919678,10.67918047540628
carpet,7,scratch,0.01239013671875,mixed,3,clahe,classical,1.2241699695587158,1.065939423492339,0.3103140756702384,12.359542079131941,12.345228039246614,0.6207461357116699,10.67918047540628
carpet,7,scratch,0.01239013671875,mixed,3,msrcr,classical,0.6283823251724243,0.7956622089657541,-0.2665620785956282,9.069942099969134,9.096870484396089,0.6159837245941162,10.67918047540628
carpet,7,scratch,0.01239013671875,mixed,3,wiener,classical,1.0862541198730469,0.3446785244530706,-0.16380522163634947,8.455413757541288,8.477701166306385,-0.17651979625225067,10.67918047540628
carpet,7,scratch,0.01239013671875,mixed,3,classical_pipeline,classical,0.9238720536231995,1.1204296440828199,0.06481065137219932,11.817314980480125,11.84222137268259,0.7879562973976135,10.67918047540628
carpet,7,scratch,0.01239013671875,mixed,3,nafnet,deep,0.6668553948402405,0.9969432589384218,-0.17435888858255866,9.965860799781241,9.983378047168477,0.7363808751106262,10.67918047540628
carpet,7,scratch,0.01239013671875,mixed,3,restormer,deep,0.780461847782135,1.1190961428321906,-0.12030746585795482,10.379117626262683,10.385802183399832,0.7693154811859131,10.67918047540628
carpet,7,scratch,0.01239013671875,mixed,4,identity,classical,0.600243091583252,1.0,0.0,8.509084460580596,8.533007206760422,0.645049512386322,8.533007206760422
carpet,7,scratch,0.01239013671875,mixed,4,gaussian,classical,0.542949914932251,1.540690676296742,-0.0009135929232648721,8.756606392830324,8.782740080557428,0.6997992396354675,8.533007206760422
carpet,7,scratch,0.01239013671875,mixed,4,bilateral,classical,0.5943187475204468,0.9878887041021622,-0.002771477687246504,8.495324839929488,8.519122005743279,0.6462680697441101,8.533007206760422
carpet,7,scratch,0.01239013671875,mixed,4,nlm,classical,0.5949293971061707,0.9856321345010974,0.01035899811424612,8.589031323338517,8.61326669419676,0.6450746655464172,8.533007206760422
carpet,7,scratch,0.01239013671875,mixed,4,clahe,classical,0.9003510475158691,1.1550931145744363,0.3220102491508705,10.684192706062596,10.695288626249651,0.6102884411811829,8.533007206760422
carpet,7,scratch,0.01239013671875,mixed,4,msrcr,classical,0.45880892872810364,0.8250159102814744,-0.13687112345775465,7.607629987270083,7.6394691200480045,0.5922043323516846,8.533007206760422
carpet,7,scratch,0.01239013671875,mixed,4,wiener,classical,0.35894575715065,0.3748413455799723,-0.07394503127302143,7.09577752708983,7.129177890326764,-0.16991956532001495,8.533007206760422
carpet,7,scratch,0.01239013671875,mixed,4,classical_pipeline,classical,0.545087993144989,0.9951364325963786,0.030881481684108314,8.848825313985941,8.884267569770167,0.6527354717254639,8.533007206760422
carpet,7,scratch,0.01239013671875,mixed,4,nafnet,deep,0.5209532380104065,1.025724002847461,-0.029397128999509414,8.474997289616194,8.502566377772066,0.687633752822876,8.533007206760422
carpet,7,scratch,0.01239013671875,mixed,4,restormer,deep,0.5584427118301392,1.1662590707158669,-0.02366989436914113,8.542351650086044,8.567108809821258,0.7116560935974121,8.533007206760422
carpet,8,blob,0.011199951171875,defocus,2,identity,classical,0.9907336831092834,1.0,0.0,22.347548748195546,22.35283288631074,0.6419286727905273,22.35283288631074
carpet,8,blob,0.011199951171875,defocus,2,gaussian,classical,0.9831697344779968,1.271013043011181,-0.17607792333253647,20.945789386767693,20.951467582204867,0.466959148645401,22.35283288631074
carpet,8,blob,0.011199951171875,defocus,2,bilateral,classical,0.9852162599563599,1.1306798409792114,-0.10213782605841648,21.50508491326211,21.510825538752307,0.5359779000282288,22.35283288631074
carpet,8,blob,0.011199951171875,defocus,2,nlm,classical,0.9848043918609619,0.965229480090106,0.003532472390077368,22.346264210610283,22.351485270328816,0.646049976348877,22.35283288631074
carpet,8,blob,0.011199951171875,defocus,2,clahe,classical,1.3375180959701538,0.8627500931213369,-0.5534600184045508,18.62754354654119,18.644821604378876,0.791481077671051,22.35283288631074
carpet,8,blob,0.011199951171875,defocus,2,msrcr,classical,3.081604480743408,0.997216232596852,-2.8031602322986244,11.68915698429418,11.71548550273501,0.6485276818275452,22.35283288631074
carpet,8,blob,0.011199951171875,defocus,2,wiener,classical,0.6894676089286804,0.07556886845778683,-1.1783304372381282,15.686975283118525,15.688343093796691,-0.05296565964818001,22.35283288631074
carpet,8,blob,0.011199951171875,defocus,2,classical_pipeline,classical,0.6072050333023071,0.07583469515270393,-1.1254137617985434,15.905633638471237,15.90893389731251,-0.050126608461141586,22.35283288631074
carpet,8,blob,0.011199951171875,defocus,2,nafnet,deep,0.8965721726417542,1.1263801619591725,-0.14964373694125288,21.12711369648884,21.13034759061703,0.4921893775463104,22.35283288631074
carpet,8,blob,0.011199951171875,defocus,2,restormer,deep,0.9619020223617554,1.1123795321142276,-0.09154554878630283,21.573579912729898,21.57867730767603,0.5527065396308899,22.35283288631074
carpet,8,blob,0.011199951171875,defocus,3,identity,classical,0.9814645051956177,1.0,0.0,19.928968603209473,19.934996296591393,0.311820924282074,19.934996296591393
carpet,8,blob,0.011199951171875,defocus,3,gaussian,classical,0.9742473363876343,1.1270413790480538,-0.02801524676235778,19.70089429716614,19.706452738143966,0.26067662239074707,19.934996296591393
carpet,8,blob,0.011199951171875,defocus,3,bilateral,classical,0.9720412492752075,1.1382876946773917,-0.050898878035736006,19.52354788126079,19.529792179836758,0.22375138103961945,19.934996296591393
carpet,8,blob,0.011199951171875,defocus,3,nlm,classical,0.9774448275566101,0.9698579496833818,-0.00028839403673441844,19.93245526762652,19.938743829773156,0.31341251730918884,19.934996296591393
carpet,8,blob,0.011199951171875,defocus,3,clahe,classical,1.3252521753311157,0.8673449711905984,-0.2676289167708297,17.728802798577675,17.748008208614962,0.5070884823799133,19.934996296591393
carpet,8,blob,0.011199951171875,defocus,3,msrcr,classical,4.1754608154296875,0.9804274820773194,-1.8479333555943431,11.385140535110875,11.411083130353104,0.4594597816467285,19.934996296591393
carpet,8,blob,0.011199951171875,defocus,3,wiener,classical,0.5807874798774719,0.061885233042386904,-0.6299062461802307,15.839399220274244,15.838433822930764,-0.22708864510059357,19.934996296591393
carpet,8,blob,0.011199951171875,defocus,3,classical_pipeline,classical,0.5043847560882568,0.06788039344324642,-0.5658586981617808,16.1781294551206,16.178311650064995,-0.21404527127742767,19.934996296591393
carpet,8,blob,0.011199951171875,defocus,3,nafnet,deep,0.9072375297546387,1.0287674710479777,-0.03309188099132987,19.655589147330115,19.66038772989341,0.2519308626651764,19.934996296591393
carpet,8,blob,0.011199951171875,defocus,3,restormer,deep,0.9660293459892273,1.0654211116815944,-0.01739740070707585,19.788139425433595,19.793901761865115,0.2796579897403717,19.934996296591393
carpet,8,blob,0.011199951171875,defocus,4,identity,classical,0.9616327881813049,1.0,0.0,18.57928120170046,18.584271298204612,0.03453879803419113,18.584271298204612
carpet,8,blob,0.011199951171875,defocus,4,gaussian,classical,0.9550957679748535,1.043793187645806,0.0196191513974443,18.76197270794054,18.76663807096571,0.0696488693356514,18.584271298204612
carpet,8,blob,0.011199951171875,defocus,4,bilateral,classical,0.9482788443565369,1.0703824239059483,0.03175666885411066,18.877253474077115,18.88123434636668,0.09331240504980087,18.584271298204612
carpet,8,blob,0.011199951171875,defocus,4,nlm,classical,0.956554114818573,1.002773208295895,0.020065137458961435,18.77211197882683,18.776666790500435,0.07444343715906143,18.584271298204612
carpet,8,blob,0.011199951171875,defocus,4,clahe,classical,1.3574274778366089,0.836955834624373,-0.19820240687034296,16.73886895433465,16.750789638937583,-0.02732636220753193,18.584271298204612
carpet,8,blob,0.011199951171875,defocus,4,msrcr,classical,5.171090126037598,0.925706958910764,-1.6579188617022873,10.270551916056554,10.294243535709636,-0.09402298927307129,18.584271298204612
carpet,8,blob,0.011199951171875,defocus,4,wiener,classical,0.3760802745819092,0.01659723654577833,-0.14929449336271094,17.4278068379963,17.4250740893585,0.050667956471443176,18.584271298204612
carpet,8,blob,0.011199951171875,defocus,4,classical_pipeline,classical,0.32422807812690735,0.02582563678470972,-0.11473676673610433,17.700030097443786,17.699181341735738,0.044892605394124985,18.584271298204612
carpet,8,blob,0.011199951171875,defocus,4,nafnet,deep,0.9159263968467712,0.9811496756836405,0.022567486057841202,18.78737672759727,18.79195462911425,0.07550087571144104,18.584271298204612
carpet,8,blob,0.011199951171875,defocus,4,restormer,deep,0.9555193185806274,1.02309884105889,0.013300069906577061,18.70446976084338,18.70924709747612,0.05860495567321777,18.584271298204612
carpet,8,blob,0.011199951171875,noise,2,identity,classical,0.996810257434845,1.0,0.0,25.195582114125585,25.203461806119847,0.8905625939369202,25.203461806119847
carpet,8,blob,0.011199951171875,noise,2,gaussian,classical,0.9889663457870483,1.5970048355308273,-1.0800368624870922,23.53598353672719,23.541474288060428,0.7439419627189636,25.203461806119847
carpet,8,blob,0.011199951171875,noise,2,bilateral,classical,0.9952695965766907,1.0469493216541828,0.019413074445189138,27.595304087612927,27.604717569232584,0.9317367672920227,25.203461806119847
carpet,8,blob,0.011199951171875,noise,2,nlm,classical,0.9845978021621704,0.9605826235332006,-0.24615882832187497,27.701572761718374,27.704194355968387,0.9369300007820129,25.203461806119847
carpet,8,blob,0.011199951171875,noise,2,clahe,classical,1.1675523519515991,0.9211201791040964,-5.24350850940177,13.901838778988955,13.915108090103798,0.6785300374031067,25.203461806119847
carpet,8,blob,0.011199951171875,noise,2,msrcr,classical,1.4338279962539673,0.9646550400244255,-11.083369173534493,9.863765409070657,9.869319044292782,0.635319173336029,25.203461806119847
carpet,8,blob,0.011199951171875,noise,2,wiener,classical,0.9435065388679504,0.5588258244897848,-5.024779849871442,14.348088296778318,14.355368668620919,-0.21356810629367828,25.203461806119847
carpet,8,blob,0.011199951171875,noise,2,classical_pipeline,classical,0.8831915855407715,0.9659860350137317,-0.2668617737995238,27.554512792712362,27.55909458905743,0.936870813369751,25.203461806119847
carpet,8,blob,0.011199951171875,noise,2,nafnet,deep,0.9107089042663574,1.2348084018602548,-0.7989105883039855,24.458162378493775,24.448201480845295,0.8420946598052979,25.203461806119847
carpet,8,blob,0.011199951171875,noise,2,restormer,deep,0.9179070591926575,1.1658793559234721,-0.3465347667006058,26.687835141771934,26.68385964619491,0.9052332043647766,25.203461806119847
carpet,8,blob,0.011199951171875,noise,3,identity,classical,0.9954419136047363,1.0,0.0,22.52158055033801,22.529684643694385,0.8152108192443848,22.529684643694385
carpet,8,blob,0.011199951171875,noise,3,gaussian,classical,0.9874540567398071,1.6829245399274664,-0.5528676684114882,23.310093557755884,23.315190436560307,0.7335419654846191,22.529684643694385
carpet,8,blob,0.011199951171875,noise,3,bilateral,classical,0.9956079721450806,1.028295252606569,0.028301079798531248,24.065406188777647,24.076040504624867,0.858618974685669,22.529684643694385
carpet,8,blob,0.011199951171875,noise,3,nlm,classical,0.9529131650924683,0.9537109849623454,-0.12336085543133168,26.03836088653916,26.037567795346863,0.9054772257804871,22.529684643694385
carpet,8,blob,0.011199951171875,noise,3,clahe,classical,1.1219751834869385,0.9127692802034351,-3.7698517601633688,13.43660404031285,13.44711243956472,0.6348376870155334,22.529684643694385
carpet,8,blob,0.011199951171875,noise,3,msrcr,classical,1.357138752937317,0.9363876229864089,-7.5385363807385755,10.063394016430014,10.068299117465763,0.5973765254020691,22.529684643694385
carpet,8,blob,0.011199951171875,noise,3,wiener,classical,0.9415495991706848,0.6239352886775916,-3.4886993203572647,14.080005964375182,14.087340677190925,-0.19588029384613037,22.529684643694385
carpet,8,blob,0.011199951171875,noise,3,classical_pipeline,classical,0.8507323861122131,0.9558277965695674,-0.1452537767619464,25.87935161286701,25.87998867093002,0.9046180844306946,22.529684643694385
carpet,8,blob,0.011199951171875,noise,3,nafnet,deep,1.0049127340316772,1.438310028826874,-0.7196223204725793,22.328893309577804,22.326107230836676,0.7349783778190613,22.529684643694385
carpet,8,blob,0.011199951171875,noise,3,restormer,deep,0.8902705907821655,1.1842671835464542,-0.13421260959569592,25.49463870550163,25.49178085535686,0.8789324164390564,22.529684643694385
carpet,8,blob,0.011199951171875,noise,4,identity,classical,0.9903578162193298,1.0,0.0,20.240830252176533,20.24914213294032,0.7250933647155762,20.24914213294032
carpet,8,blob,0.011199951171875,noise,4,gaussian,classical,0.9827327728271484,1.7268591346521645,-0.20125670295796083,23.03343038751915,23.038416070048882,0.7218243479728699,20.24914213294032
carpet,8,blob,0.011199951171875,noise,4,bilateral,classical,0.9895420670509338,1.0333354833967603,0.027599033647780824,21.145326573222448,21.15542226117199,0.7591632008552551,20.24914213294032
carpet,8,blob,0.011199951171875,noise,4,nlm,classical,0.894192099571228,1.0055797030627789,-0.0028296966019942804,24.727770920474256,24.727467295482267,0.8609919548034668,20.24914213294032
carpet,8,blob,0.011199951171875,noise,4,clahe,classical,1.290236473083496,0.9057515850563745,-2.816871447006531,12.891064941034735,12.905906572126023,0.5824642777442932,20.24914213294032
carpet,8,blob,0.011199951171875,noise,4,msrcr,classical,1.283143162727356,1.0064513441608065,-5.163436786497502,10.295403998532173,10.299826711088231,0.5493031740188599,20.24914213294032
carpet,8,blob,0.011199951171875,noise,4,wiener,classical,0.9386286735534668,0.5471343904645187,-2.485179872809321,13.681187002571274,13.688229412433387,-0.1740521937608719,20.24914213294032
carpet,8,blob,0.011199951171875,noise,4,classical_pipeline,classical,0.8007910251617432,1.0087617584718749,-0.0179988749163682,24.60201131491871,24.602184915520876,0.8608911633491516,20.24914213294032
carpet,8,blob,0.011199951171875,noise,4,nafnet,deep,1.0453635454177856,1.5018107264933547,-0.6245049092666681,20.6054002084665,20.608746487859307,0.5943219661712646,20.24914213294032
carpet,8,blob,0.011199951171875,noise,4,restormer,deep,0.8639219403266907,1.139052371275722,0.01112657258806693,24.280868950903947,24.274999777247498,0.8515669703483582,20.24914213294032
carpet,8,blob,0.011199951171875,mixed,2,identity,classical,0.5824366211891174,1.0,0.0,16.24047756692414,16.24612812153837,0.43441125750541687,16.24612812153837
carpet,8,blob,0.011199951171875,mixed,2,gaussian,classical,0.5779833793640137,1.2694970479388588,-0.028474936355141534,15.929227405691586,15.935265462827777,0.3081617057323456,16.24612812153837
carpet,8,blob,0.011199951171875,mixed,2,bilateral,classical,0.5751530528068542,1.2942691393177852,-0.02909879609652455,15.91257342508576,15.918375335237872,0.29024985432624817,16.24612812153837
carpet,8,blob,0.011199951171875,mixed,2,nlm,classical,0.5763391852378845,0.9640632765063806,-0.02053154763925602,16.100444296076983,16.105943167670215,0.43776974081993103,16.24612812153837
carpet,8,blob,0.011199951171875,mixed,2,clahe,classical,1.1031243801116943,0.8776703945753096,0.5760742042199622,22.916845214115167,22.903402922548523,0.7999197840690613,16.24612812153837
carpet,8,blob,0.011199951171875,mixed,2,msrcr,classical,2.9634172916412354,0.9739750657096226,-0.7712608460567987,11.591698695918279,11.623346108023911,0.6494860649108887,16.24612812153837
carpet,8,blob,0.011199951171875,mixed,2,wiener,classical,0.40441107749938965,0.05120791585572635,-0.19196025252420523,14.413940785316422,14.425057485139227,-0.024045703932642937,16.24612812153837
carpet,8,blob,0.011199951171875,mixed,2,classical_pipeline,classical,0.38679826259613037,0.07424766599446818,-0.19505756347909586,14.411859456589056,14.425328641073596,-0.019649911671876907,16.24612812153837
carpet,8,blob,0.011199951171875,mixed,2,nafnet,deep,0.5120168924331665,1.1584022821241613,-0.021451159734296787,15.978279950998322,15.985771171721893,0.2924300730228424,16.24612812153837
carpet,8,blob,0.011199951171875,mixed,2,restormer,deep,0.5638317465782166,1.1211358811611507,-0.016084211495287937,16.05900369352663,16.06508675105792,0.36078062653541565,16.24612812153837
carpet,8,blob,0.011199951171875,mixed,3,identity,classical,1.6677659749984741,1.0,0.0,11.199653593295498,11.220648113884069,0.7325658798217773,11.220648113884069
carpet,8,blob,0.011199951171875,mixed,3,gaussian,classical,1.6508997678756714,1.5815927904960407,9.993727992885226e-05,11.514871914991788,11.536250702645683,0.767136812210083,11.220648113884069
carpet,8,blob,0.011199951171875,mixed,3,bilateral,classical,1.6659353971481323,1.011321986279814,-0.0008717406363600855,11.220244403465994,11.2413423875924,0.7381251454353333,11.220648113884069
carpet,8,blob,0.011199951171875,mixed,3,nlm,classical,1.652194857597351,0.9896887700538388,0.005344523166003645,11.22685420344142,11.247407799589734,0.7319841384887695,11.220648113884069
carpet,8,blob,0.011199951171875,mixed,3,clahe,classical,1.4946757555007935,0.9146263158745852,0.24756255566966112,12.250918655478396,12.27263965544715,0.641429603099823,11.220648113884069
carpet,8,blob,0.011199951171875,mixed,3,msrcr,classical,1.6159775257110596,0.9433243660466841,-0.3348311354595619,8.970762088344939,8.98162898171553,0.645632803440094,11.220648113884069
carpet,8,blob,0.011199951171875,mixed,3,wiener,classical,1.573606014251709,0.58924374550698,-0.14774630827209623,8.901631628526038,8.915584832827056,-0.1936691254377365,11.220648113884069
carpet,8,blob,0.011199951171875,mixed,3,classical_pipeline,classical,1.5730888843536377,0.9847381221712421,0.007439316975831889,11.32689215214225,11.344288576329802,0.7369334101676941,11.220648113884069
carpet,8,blob,0.011199951171875,mixed,3,nafnet,deep,1.5112348794937134,1.0224408713764503,-0.03469544231792265,11.052679831149085,11.071039122550623,0.7535381317138672,11.220648113884069
carpet,8,blob,0.011199951171875,mixed,3,restormer,deep,1.5202780961990356,1.0988351875740072,-0.01453557095417235,11.379361676223327,11.398268147754875,0.7964518070220947,11.220648113884069
carpet,8,blob,0.011199951171875,mixed,4,identity,classical,0.9639394283294678,1.0,0.0,18.61795887966548,18.62021293771766,0.07477908581495285,18.62021293771766
carpet,8,blob,0.011199951171875,mixed,4,gaussian,classical,0.958114504814148,1.1258397733645225,0.02030003800994673,18.796880740006607,18.79922410467706,0.09119241684675217,18.62021293771766
carpet,8,blob,0.011199951171875,mixed,4,bilateral,classical,0.9512227773666382,1.1376963407600753,0.023515246479268503,18.82813030094677,18.83079155177132,0.09645771980285645,18.62021293771766
carpet,8,blob,0.011199951171875,mixed,4,nlm,classical,0.9754048585891724,1.021170954222557,0.0029938045390612844,18.642229858851096,18.64445510864677,0.0786050334572792,18.62021293771766
carpet,8,blob,0.011199951171875,mixed,4,clahe,classical,1.4024107456207275,0.8658821015487034,-0.24055901886223552,16.517627351189226,16.52745387455988,0.05876115337014198,18.62021293771766
carpet,8,blob,0.011199951171875,mixed,4,msrcr,classical,4.557492733001709,0.9444651638278185,-1.5874855858904513,10.549493136104878,10.573777450688604,0.023994335904717445,18.62021293771766
carpet,8,blob,0.011199951171875,mixed,4,wiener,classical,0.706000804901123,0.016898789505932873,-0.08703924968044374,17.956501679061397,17.950537972268616,0.09803714603185654,18.62021293771766
carpet,8,blob,0.011199951171875,mixed,4,classical_pipeline,classical,0.603600263595581,0.011180388058358125,-0.07518030667772213,18.05382073503154,18.04894310804578,0.10013514012098312,18.62021293771766
carpet,8,blob,0.011199951171875,mixed,4,nafnet,deep,0.9310791492462158,1.0424474735704183,0.016830948757138864,18.761689861629883,18.764176194303314,0.08669451624155045,18.62021293771766
carpet,8,blob,0.011199951171875,mixed,4,restormer,deep,0.9568741917610168,1.0586275033616468,0.01431772145605359,18.740543546898003,18.74292483420511,0.08621877431869507,18.62021293771766
carpet,9,texture,0.008209228515625,defocus,2,identity,classical,0.751397430896759,1.0,0.0,22.12198591720856,22.136069287503094,0.6389040350914001,22.136069287503094
carpet,9,texture,0.008209228515625,defocus,2,gaussian,classical,0.686190128326416,1.1409298017159042,-0.17775876749896535,20.73716358344535,20.751389738383573,0.46341434121131897,22.136069287503094
carpet,9,texture,0.008209228515625,defocus,2,bilateral,classical,0.7241061925888062,1.047867255842726,-0.10140066283164662,21.30627586237685,21.320980629514004,0.5349470973014832,22.136069287503094
carpet,9,texture,0.008209228515625,defocus,2,nlm,classical,0.7818016409873962,1.0177809487877885,0.004192169345867303,22.124955100270896,22.13870526981879,0.6431692242622375,22.136069287503094
carpet,9,texture,0.008209228515625,defocus,2,clahe,classical,1.7982033491134644,0.9761465470480116,-0.4739113988054311,18.83446592296876,18.765332079799173,0.7928231358528137,22.136069287503094
carpet,9,texture,0.008209228515625,defocus,2,msrcr,classical,2.2339258193969727,0.8809522667023355,-2.52652027095079,12.051983838129157,12.011450768788754,0.6546381115913391,22.136069287503094
carpet,9,texture,0.008209228515625,defocus,2,wiener,classical,0.08767595887184143,0.01624827728783074,-1.1312515374364227,15.65378482781686,15.658807882941908,-0.030060788616538048,22.136069287503094
carpet,9,texture,0.008209228515625,defocus,2,classical_pipeline,classical,0.08473844826221466,0.008994921473016124,-1.0780722767540092,15.884778015721379,15.889768248278646,-0.025362396612763405,22.136069287503094
carpet,9,texture,0.008209228515625,defocus,2,nafnet,deep,0.6977612972259521,1.046616446345451,-0.1515083878562682,20.91228640826483,20.92675595485849,0.4888784885406494,22.136069287503094
carpet,9,texture,0.008209228515625,defocus,2,restormer,deep,0.7180057764053345,1.0384710893259124,-0.08919533426265502,21.387854460356976,21.40232680958942,0.553342878818512,22.136069287503094
carpet,9,texture,0.008209228515625,defocus,3,identity,classical,0.6642091274261475,1.0,0.0,19.723627804997616,19.738279235485198,0.3074159324169159,19.738279235485198
carpet,9,texture,0.008209228515625,defocus,3,gaussian,classical,0.6217005848884583,1.0316131471537855,-0.027493601261333378,19.504298870624307,19.51792858381148,0.2570248544216156,19.738279235485198
carpet,9,texture,0.008209228515625,defocus,3,bilateral,classical,0.6247401237487793,1.0581024554967036,-0.04938587726552757,19.333800146802822,19.348601511412504,0.22159750759601593,19.738279235485198
carpet,9,texture,0.008209228515625,defocus,3,nlm,classical,0.6903911828994751,1.013077434055918,0.00021047646132221765,19.730967300737912,19.745160272025664,0.3093981444835663,19.738279235485198
carpet,9,texture,0.008209228515625,defocus,3,clahe,classical,1.4470996856689453,0.9126595764555753,-0.22127777190598685,17.806449308776727,17.79673706905134,0.5029978156089783,19.738279235485198
carpet,9,texture,0.008209228515625,defocus,3,msrcr,classical,2.7274487018585205,0.7979565467303567,-1.5397150377531936,12.005310599206247,11.94991863262478,0.461802214384079,19.738279235485198
carpet,9,texture,0.008209228515625,defocus,3,wiener,classical,0.040432803332805634,0.39419968209746975,-0.5854630681911046,15.842222477602888,15.833931470634086,-0.2019471377134323,19.738279235485198
carpet,9,texture,0.008209228515625,defocus,3,classical_pipeline,classical,0.0379340834915638,0.4270309976330311,-0.5246876721811862,16.173077010940016,16.164300608303982,-0.1897512674331665,19.738279235485198
carpet,9,texture,0.008209228515625,defocus,3,nafnet,deep,0.6242205500602722,0.9866702277737365,-0.032334923075302724,19.458781592898273,19.47230909895656,0.2484322041273117,19.738279235485198
carpet,9,texture,0.008209228515625,defocus,3,restormer,deep,0.6438579559326172,1.02636942257872,-0.016337804005917222,19.59473816645537,19.60894826126442,0.2769680321216583,19.738279235485198
carpet,9,texture,0.008209228515625,defocus,4,identity,classical,0.5460087656974792,1.0,0.0,18.398464419927816,18.410563408364855,0.032002050429582596,18.410563408364855
carpet,9,texture,0.008209228515625,defocus,4,gaussian,classical,0.5226660966873169,1.043669138277947,0.019498950718314978,18.579438386007915,18.590970631876708,0.06687731295824051,18.410563408364855
carpet,9,texture,0.008209228515625,defocus,4,bilateral,classical,0.4969913959503174,1.0576845251676148,0.03145018602561478,18.6918277535871,18.70244005301363,0.09013146162033081,18.410563408364855
carpet,9,texture,0.008209228515625,defocus,4,nlm,classical,0.5519588589668274,1.0913940061997804,0.019536067320509054,18.585791174692613,18.596864498685427,0.07068229466676712,18.410563408364855
carpet,9,texture,0.008209228515625,defocus,4,clahe,classical,1.2368847131729126,0.9087870321669322,-0.16469638075856707,16.80755939628234,16.808390650974538,-0.03023005835711956,18.410563408364855
carpet,9,texture,0.008209228515625,defocus,4,msrcr,classical,2.8866894245147705,0.6682097705661985,-1.4071762698498111,10.780535525247982,10.734277092051258,-0.10301242023706436,18.410563408364855
carpet,9,texture,0.008209228515625,defocus,4,wiener,classical,0.5082525610923767,0.1289661411231295,-0.15940151886105758,17.150379647573907,17.150762862432565,-0.06707889586687088,18.410563408364855
carpet,9,texture,0.008209228515625,defocus,4,classical_pipeline,classical,0.42045295238494873,0.17839075407279995,-0.13371248175423922,17.354492864547353,17.35408024867435,-0.050604041665792465,18.410563408364855
carpet,9,texture,0.008209228515625,defocus,4,nafnet,deep,0.5226627588272095,1.034125242302906,0.021911762810313817,18.59968419827052,18.610939626772655,0.07178663462400436,18.410563408364855
carpet,9,texture,0.008209228515625,defocus,4,restormer,deep,0.534482479095459,1.0392888522980657,0.013789128314267929,18.52662629389298,18.53828588307676,0.056657303124666214,18.410563408364855
carpet,9,texture,0.008209228515625,noise,2,identity,classical,1.0042755603790283,1.0,0.0,25.1891897067236,25.180622105359145,0.8937775492668152,25.180622105359145
carpet,9,texture,0.008209228515625,noise,2,gaussian,classical,0.7818897366523743,1.383471296368029,-1.1423543951878865,23.315679451194455,23.328367065621652,0.7420732378959656,25.180622105359145
carpet,9,texture,0.008209228515625,noise,2,bilateral,classical,0.9889709949493408,1.007957432452958,0.015738163593854937,27.543975105096248,27.537525538990522,0.9333327412605286,25.180622105359145
carpet,9,texture,0.008209228515625,noise,2,nlm,classical,1.0175526142120361,1.0159093416364546,-0.2504430470556547,27.659115784809174,27.65590233257873,0.9383203387260437,25.180622105359145
carpet,9,texture,0.008209228515625,noise,2,clahe,classical,1.8793023824691772,1.0090127402931084,-5.261672300702597,13.891641906482912,13.872340071755783,0.6824769973754883,25.180622105359145
carpet,9,texture,0.008209228515625,noise,2,msrcr,classical,1.2885851860046387,0.9268525082111395,-10.871964632717717,10.023276087539914,10.017112195204717,0.6443078517913818,25.180622105359145
carpet,9,texture,0.008209228515625,noise,2,wiener,classical,0.7432971596717834,0.19974691434557323,-5.203055643337748,14.15854597357374,14.168938713845707,-0.218522310256958,25.180622105359145
carpet,9,texture,0.008209228515625,noise,2,classical_pipeline,classical,1.0217347145080566,1.0090112868011447,-0.275767151540536,27.501839264721966,27.498235016886316,0.9380455017089844,25.180622105359145
carpet,9,texture,0.008209228515625,noise,2,nafnet,deep,0.7347003817558289,0.9866991677159668,-0.8199996657668971,24.390632393883315,24.406078524487512,0.8470532298088074,25.180622105359145
carpet,9,texture,0.008209228515625,noise,2,restormer,deep,0.8644373416900635,1.1842408622230607,-0.37807891544670325,26.532449933862516,26.54353615648421,0.9056718945503235,25.180622105359145
carpet,9,texture,0.008209228515625,noise,3,identity,classical,0.9973832964897156,1.0,0.0,22.485117478999804,22.477399419682598,0.8199507594108582,22.477399419682598
carpet,9,texture,0.008209228515625,noise,3,gaussian,classical,0.7757320404052734,1.428716048710879,-0.5817454080266145,23.117217733476977,23.129578929345016,0.7332914471626282,22.477399419682598
carpet,9,texture,0.008209228515625,noise,3,bilateral,classical,0.9787006974220276,0.9981811269530305,0.02854157709440508,23.99802710798065,23.98985785412664,0.8618666529655457,22.477399419682598
carpet,9,texture,0.008209228515625,noise,3,nlm,classical,0.9382681846618652,0.9732609412035022,-0.12832911462665098,25.933173513399268,25.932717272396854,0.90775066614151,22.477399419682598
carpet,9,texture,0.008209228515625,noise,3,clahe,classical,1.830089807510376,1.0386997835340783,-3.740760107275265,13.440757329767498,13.424904782291222,0.6405826807022095,22.477399419682598
carpet,9,texture,0.008209228515625,noise,3,msrcr,classical,1.2311509847640991,0.9482256445605379,-7.284059191699912,10.252344200448615,10.24773660175206,0.6087770462036133,22.477399419682598
carpet,9,texture,0.008209228515625,noise,3,wiener,classical,0.7368611693382263,0.15514184980106902,-3.58654750912756,13.887905677446701,13.897005028570392,-0.20069412887096405,22.477399419682598
carpet,9,texture,0.008209228515625,noise,3,classical_pipeline,classical,0.9415431618690491,0.9512283534078266,-0.14617708524225037,25.805554813750973,25.805261893132737,0.9070493578910828,22.477399419682598
carpet,9,texture,0.008209228515625,noise,3,nafnet,deep,0.6427314877510071,1.0421265055869975,-0.724600757340814,22.257178832736066,22.272751803458718,0.7430127263069153,22.477399419682598
carpet,9,texture,0.008209228515625,noise,3,restormer,deep,0.8277927041053772,1.1663051595075702,-0.1383976241912066,25.41098798060943,25.42003829225944,0.8815038800239563,22.477399419682598
carpet,9,texture,0.008209228515625,noise,4,identity,classical,1.0039008855819702,1.0,0.0,20.22624859468347,20.221252915649334,0.7319542765617371,20.221252915649334
carpet,9,texture,0.008209228515625,noise,4,gaussian,classical,0.7827919721603394,1.4507451421437167,-0.2291055301040199,22.8524970701304,22.864724719384707,0.7211793065071106,20.221252915649334
carpet,9,texture,0.008209228515625,noise,4,bilateral,classical,0.990887463092804,1.0042766229687872,0.026102784722310313,21.11594512634508,21.111531650345494,0.765034019947052,20.221252915649334
carpet,9,texture,0.008209228515625,noise,4,nlm,classical,0.8254157304763794,1.0689370485364635,-0.0032548636404015063,24.727509038906064,24.728432602173193,0.8629688620567322,20.221252915649334
carpet,9,texture,0.008209228515625,noise,4,clahe,classical,1.7567578554153442,1.0320486486753198,-2.787812535692077,12.938403676290768,12.926183392772632,0.5913613438606262,20.221252915649334
carpet,9,texture,0.008209228515625,noise,4,msrcr,classical,1.1733551025390625,0.9368816512358181,-5.040524710550472,10.454221637865098,10.451841900490495,0.5625913143157959,20.221252915649334
carpet,9,texture,0.008209228515625,noise,4,wiener,classical,0.7425194978713989,0.1723178312846852,-2.5764778740846963,13.496610935528857,13.503399594934534,-0.18202535808086395,20.221252915649334
carpet,9,texture,0.008209228515625,noise,4,classical_pipeline,classical,0.8310804963111877,1.0387578009095046,-0.01769700969132426,24.601232677585593,24.602215259868018,0.8631210327148438,20.221252915649334
carpet,9,texture,0.008209228515625,noise,4,nafnet,deep,0.5190420746803284,1.097365314389645,-0.671801926420386,20.33063171308989,20.34674304672626,0.5705852508544922,20.221252915649334
carpet,9,texture,0.008209228515625,noise,4,restormer,deep,0.8020564317703247,1.2370745918872292,0.007068110001395955,24.213764261554257,24.21955147295517,0.8566300868988037,20.221252915649334
carpet,9,texture,0.008209228515625,mixed,2,identity,classical,0.46418890357017517,1.0,0.0,15.520939002625676,15.51286011882077,0.2853095829486847,15.51286011882077
carpet,9,texture,0.008209228515625,mixed,2,gaussian,classical,0.4256233274936676,1.4757178100855435,-0.014885671633217079,15.614436397283267,15.606564542014192,0.23219318687915802,15.51286011882077
carpet,9,texture,0.008209228515625,mixed,2,bilateral,classical,0.4247054159641266,1.1977970762581145,-0.0170424170489043,15.55234694944848,15.54445160454861,0.22552241384983063,15.51286011882077
carpet,9,texture,0.008209228515625,mixed,2,nlm,classical,0.4578709602355957,1.0260322162255402,-0.031048811927933517,15.496991950630395,15.489844761759466,0.2811647653579712,15.51286011882077
carpet,9,texture,0.008209228515625,mixed,2,clahe,classical,1.105046272277832,0.9219241589424664,0.3266049531097903,18.217560408458716,18.21941645245097,0.4615205228328705,15.51286011882077
carpet,9,texture,0.008209228515625,mixed,2,msrcr,classical,1.4114478826522827,0.901987293480611,-0.598691689485888,10.866821982365904,10.85672902441262,0.2899073660373688,15.51286011882077
carpet,9,texture,0.008209228515625,mixed,2,wiener,classical,0.40173274278640747,0.6150287778418759,-0.11279173482035332,14.577863842933587,14.570425864537766,-0.02339988201856613,15.51286011882077
carpet,9,texture,0.008209228515625,mixed,2,classical_pipeline,classical,0.43111833930015564,1.030388019877609,-0.032554973363407846,15.488881869634042,15.477523100726208,0.27561330795288086,15.51286011882077
carpet,9,texture,0.008209228515625,mixed,2,nafnet,deep,0.4160780906677246,1.3657765328053224,0.029533367356935125,15.92309300510594,15.916691130182475,0.1804780811071396,15.51286011882077
carpet,9,texture,0.008209228515625,mixed,2,restormer,deep,0.41650840640068054,1.4118720433956466,0.04521181876392544,16.06134365443995,16.053845931596996,0.20904164016246796,15.51286011882077
carpet,9,texture,0.008209228515625,mixed,3,identity,classical,0.27394095063209534,1.0,0.0,13.558262431445364,13.544602917021793,0.21898581087589264,13.544602917021793
carpet,9,texture,0.008209228515625,mixed,3,gaussian,classical,0.24827788770198822,2.2060905243107345,-0.004936150239670534,13.706309417349615,13.6937783314185,0.1603347808122635,13.544602917021793
carpet,9,texture,0.008209228515625,mixed,3,bilateral,classical,0.2619574964046478,1.4321078004023677,-0.004866134524655896,13.682516831106613,13.668998459700196,0.19792144000530243,13.544602917021793
carpet,9,texture,0.008209228515625,mixed,3,nlm,classical,0.27029258012771606,1.0114999733516679,-0.02116006980913898,13.54905314418199,13.535734014090718,0.23447923362255096,13.544602917021793
carpet,9,texture,0.008209228515625,mixed,3,clahe,classical,0.6479055881500244,0.8525440742007678,0.36573204012247584,16.470037900935587,16.46695643544382,0.3519006669521332,13.544602917021793
carpet,9,texture,0.008209228515625,mixed,3,msrcr,classical,0.7653711438179016,1.0282817052038953,-0.2994656793463122,10.41436454064642,10.416892292514838,0.20627932250499725,13.544602917021793
carpet,9,texture,0.008209228515625,mixed,3,wiener,classical,0.26078951358795166,1.2973902203130567,-0.0600257339501038,12.905041752987463,12.895766364970793,-0.045264553278684616,13.544602917021793
carpet,9,texture,0.008209228515625,mixed,3,classical_pipeline,classical,0.24241137504577637,1.00454210119073,-0.022319181241138963,13.540765216270447,13.521867666666942,0.2325630933046341,13.544602917021793
carpet,9,texture,0.008209228515625,mixed,3,nafnet,deep,0.21958927810192108,2.978708351646372,0.05093825291234044,14.115344805688693,14.102316148976886,0.13118839263916016,13.544602917021793
carpet,9,texture,0.008209228515625,mixed,3,restormer,deep,0.23684237897396088,1.6671212877064674,0.0749502566706689,14.330645040778924,14.31629388490018,0.22720928490161896,13.544602917021793
carpet,9,texture,0.008209228515625,mixed,4,identity,classical,0.9253323078155518,1.0,0.0,7.373724516302599,7.389451439202283,0.0019263355061411858,7.389451439202283
carpet,9,texture,0.008209228515625,mixed,4,gaussian,classical,0.8855298757553101,1.5065223153051956,0.0009974448949162662,7.757708408061582,7.774875755700731,0.045224372297525406,7.389451439202283
carpet,9,texture,0.008209228515625,mixed,4,bilateral,classical,0.9180217981338501,1.0422856159763008,-0.0012979708629368147,7.432630061819381,7.448642993361166,0.007622303441166878,7.389451439202283
carpet,9,texture,0.008209228515625,mixed,4,nlm,classical,0.5934266448020935,1.2307467460813935,0.012456761727232979,7.902273194767818,7.922455580261415,0.0707881972193718,7.389451439202283
carpet,9,texture,0.008209228515625,mixed,4,clahe,classical,1.4577211141586304,1.0969086534122123,0.3609301017038554,9.867386907904788,9.871717281623457,-0.014150571078062057,7.389451439202283
carpet,9,texture,0.008209228515625,mixed,4,msrcr,classical,1.3812257051467896,1.0602596456702156,0.3137615598423722,9.360621460605755,9.368123755770114,-0.0062320358119904995,7.389451439202283
carpet,9,texture,0.008209228515625,mixed,4,wiener,classical,0.8620335459709167,0.9273210207811492,0.01892766466820861,7.58319504557429,7.598656585312106,0.07760902494192123,7.389451439202283
carpet,9,texture,0.008209228515625,mixed,4,classical_pipeline,classical,0.6251137852668762,2.240288852286417,0.027425333768184124,8.124250756476266,8.127028997141414,0.07055584341287613,7.389451439202283
carpet,9,texture,0.008209228515625,mixed,4,nafnet,deep,0.8720232844352722,0.01689741621978057,0.2503616025186455,5.613263827038938,5.615422761149747,0.0043199071660637856,7.389451439202283
carpet,9,texture,0.008209228515625,mixed,4,restormer,deep,0.7674745917320251,1.7116934463546252,-0.10582534302977598,6.96299416353991,6.978286980432841,0.06971582770347595,7.389451439202283
bottle,0,texture,0.0123291015625,defocus,2,identity,classical,0.9080094695091248,1.0,0.0,35.236106280302614,35.008563344205335,0.9475024342536926,35.008563344205335
bottle,0,texture,0.0123291015625,defocus,2,gaussian,classical,0.8728328347206116,0.9791168840627954,-0.3886233734838054,33.04643724491635,32.881133880542514,0.9230268597602844,35.008563344205335
bottle,0,texture,0.0123291015625,defocus,2,bilateral,classical,0.9105714559555054,1.0252079360825224,-0.1374963149316637,34.16860593294843,34.00632215032612,0.9201083183288574,35.008563344205335
bottle,0,texture,0.0123291015625,defocus,2,nlm,classical,0.8986906409263611,1.03542046135436,-0.18321069302938597,34.509845406237524,34.2577344794799,0.9400627017021179,35.008563344205335
bottle,0,texture,0.0123291015625,defocus,2,clahe,classical,0.9588062763214111,0.7136250270998316,-3.2072991316313466,24.45951995196242,24.47413428627609,0.87699955701828,35.008563344205335
bottle,0,texture,0.0123291015625,defocus,2,msrcr,classical,1.128498911857605,1.7074361937667828,-6.494196715864929,22.256691875303627,22.274109686289925,0.8409555554389954,35.008563344205335
bottle,0,texture,0.0123291015625,defocus,2,wiener,classical,0.40078720450401306,0.4518109231241084,-9.43748935982293,14.41343745656968,14.403101729217525,0.48575249314308167,35.008563344205335
bottle,0,texture,0.0123291015625,defocus,2,classical_pipeline,classical,0.4013744592666626,1.1782798477971037,-35.34090796394671,8.312452500594706,8.333520341006619,0.23783142864704132,35.008563344205335
bottle,0,texture,0.0123291015625,defocus,2,nafnet,deep,0.8820899724960327,1.0017367791231433,-0.38404189905066555,33.0306846855312,32.85274943043989,0.9217391610145569,35.008563344205335
bottle,0,texture,0.0123291015625,defocus,2,restormer,deep,0.8980739712715149,0.9803533761126579,-0.2859340683903111,33.57597333242217,33.411127676194454,0.9272964596748352,35.008563344205335
bottle,0,texture,0.0123291015625,defocus,3,identity,classical,0.860062301158905,1.0,0.0,32.12168240260694,31.964515468137385,0.9040997624397278,31.964515468137385
bottle,0,texture,0.0123291015625,defocus,3,gaussian,classical,0.8339660167694092,0.985362611049678,-0.18964853710875973,30.90325709080947,30.77702129287131,0.8871803879737854,31.964515468137385
bottle,0,texture,0.0123291015625,defocus,3,bilateral,classical,0.8595960736274719,1.02921471610399,-0.059068157887167905,31.7096920539666,31.570492596524478,0.8874995112419128,31.964515468137385
bottle,0,texture,0.0123291015625,defocus,3,nlm,classical,0.8555745482444763,1.0100432491951015,-0.09758898462924215,31.792495714918083,31.61290031142519,0.8992321491241455,31.964515468137385
bottle,0,texture,0.0123291015625,defocus,3,clahe,classical,0.9030689597129822,0.6469978387156226,-1.6317302221888617,24.91783826657642,24.904288657255353,0.8598823547363281,31.964515468137385
bottle,0,texture,0.0123291015625,defocus,3,msrcr,classical,1.073373556137085,1.69056150610068,-3.6630570768551927,22.58601712572935,22.60064163028733,0.8259088397026062,31.964515468137385
bottle,0,texture,0.0123291015625,defocus,3,wiener,classical,0.2760430574417114,0.34587331968014684,-6.486770597524095,13.590586357028007,13.579982949075244,0.5225608944892883,31.964515468137385
bottle,0,texture,0.0123291015625,defocus,3,classical_pipeline,classical,0.29064202308654785,0.9203568822591323,-22.66840411673386,8.240317857520475,8.259844241285293,0.2848202884197235,31.964515468137385
bottle,0,texture,0.0123291015625,defocus,3,nafnet,deep,0.8387774229049683,1.0030211906481314,-0.19808558266263243,30.83366684664007,30.70510441029093,0.8867597579956055,31.964515468137385
bottle,0,texture,0.0123291015625,defocus,3,restormer,deep,0.8555195927619934,0.9913927096497562,-0.12947417009762896,31.292821570994697,31.16311235210018,0.8919405341148376,31.964515468137385
bottle,0,texture,0.0123291015625,defocus,4,identity,classical,0.7838484048843384,1.0,0.0,28.583152171129868,28.48978537364086,0.8310341835021973,28.48978537364086
bottle,0,texture,0.0123291015625,defocus,4,gaussian,classical,0.7657148241996765,0.989297556096706,-0.0822643362911557,27.980296215738385,27.898744068655578,0.8178586363792419,28.48978537364086
bottle,0,texture,0.0123291015625,defocus,4,bilateral,classical,0.7798765301704407,1.0261765470024282,-0.040439025279234375,28.340763886702398,28.25170182637244,0.818736732006073,28.48978537364086
bottle,0,texture,0.0123291015625,defocus,4,nlm,classical,0.7782160043716431,0.9914356593876683,-0.05659425247881522,28.435265592621327,28.333385243503347,0.8287353515625,28.48978537364086
bottle,0,texture,0.0123291015625,defocus,4,clahe,classical,0.8303589224815369,0.609326003988341,-0.6704652842027301,24.764631373301924,24.71032488692179,0.8263943791389465,28.48978537364086
bottle,0,texture,0.0123291015625,defocus,4,msrcr,classical,0.976473331451416,1.660183408313518,-1.8455235356284279,22.80815408302752,22.818035668333575,0.7953268885612488,28.48978537364086
bottle,0,texture,0.0123291015625,defocus,4,wiener,classical,0.08581023663282394,0.2387100983588078,-5.166130288211193,12.088970631967086,12.081688546771453,0.4623223841190338,28.48978537364086
bottle,0,texture,0.0123291015625,defocus,4,classical_pipeline,classical,0.13106170296669006,0.6410415839058302,-14.424666826969778,8.04145306095428,8.058445385725816,0.2422124743461609,28.48978537364086
bottle,0,texture,0.0123291015625,defocus,4,nafnet,deep,0.7652759552001953,1.0082770930447278,-0.09638852661447439,27.862268369809513,27.78218558712371,0.81801837682724,28.48978537364086
bottle,0,texture,0.0123291015625,defocus,4,restormer,deep,0.7799569368362427,0.9951803220089729,-0.06634478651288189,28.132699351770558,28.049973285373927,0.8223540782928467,28.48978537364086
bottle,0,texture,0.0123291015625,noise,2,identity,classical,0.9568686485290527,1.0,0.0,25.125500388152034,25.090931018708964,0.5308105945587158,25.090931018708964
bottle,0,texture,0.0123291015625,noise,2,gaussian,classical,0.8798041939735413,0.9359734318500985,0.2164861742959071,30.403424796756088,30.34307732685177,0.8821611404418945,25.090931018708964
bottle,0,texture,0.0123291015625,noise,2,bilateral,classical,0.966066300868988,1.008003915995723,0.2268575409447835,29.015562948599097,28.95972920800087,0.7760129570960999,25.090931018708964
bottle,0,texture,0.0123291015625,noise,2,nlm,classical,0.9106273055076599,1.2523729586101642,0.08831838647070156,29.74671177357553,29.64489703326532,0.8848817944526672,25.090931018708964
bottle,0,texture,0.0123291015625,noise,2,clahe,classical,0.909996747970581,0.6903173350209737,-2.3819799454967123,17.94815780676196,17.95753922045041,0.3761986494064331,25.090931018708964
bottle,0,texture,0.0123291015625,noise,2,msrcr,classical,1.0157129764556885,1.6206335353018408,-2.8853039279788835,17.121703623566454,17.140304381419355,0.42575395107269287,25.090931018708964
bottle,0,texture,0.0123291015625,noise,2,wiener,classical,0.8014072775840759,0.8187859080510191,-1.0522593594241183,20.39703974310473,20.353436890103602,0.3427222669124603,25.090931018708964
bottle,0,texture,0.0123291015625,noise,2,classical_pipeline,classical,0.8775920867919922,2.630189151275326,-9.277641431336145,8.912001275175067,8.93776768413037,0.44445034861564636,25.090931018708964
bottle,0,texture,0.0123291015625,noise,2,nafnet,deep,0.9042035341262817,1.1057717717786328,0.23522794512111345,30.031167448144114,29.88052614722651,0.90462726354599,25.090931018708964
bottle,0,texture,0.0123291015625,noise,2,restormer,deep,0.9413851499557495,1.0381632517843598,0.28607356079629753,31.25690514389067,31.204852268273594,0.8864180445671082,25.090931018708964
bottle,0,texture,0.0123291015625,noise,3,identity,classical,0.9484079480171204,1.0,0.0,22.51034480699073,22.48276164788262,0.41510918736457825,22.48276164788262
bottle,0,texture,0.0123291015625,noise,3,gaussian,classical,0.8715333938598633,0.9412037589628416,0.2817708586837452,28.376327920623652,28.347627689947895,0.829282283782959,22.48276164788262
bottle,0,texture,0.0123291015625,noise,3,bilateral,classical,0.9579724073410034,1.0004567682230536,0.194670899638131,25.152979757090563,25.107806947012573,0.5779393315315247,22.48276164788262
bottle,0,texture,0.0123291015625,noise,3,nlm,classical,0.8969249129295349,1.3550269885629591,0.1367386704915199,27.54877292862648,27.48218150419707,0.8302475810050964,22.48276164788262
bottle,0,texture,0.0123291015625,noise,3,clahe,classical,0.8958529233932495,0.6949551532080559,-1.9067549483834219,16.521689074440015,16.53029657393522,0.3089736998081207,22.48276164788262
bottle,0,texture,0.0123291015625,noise,3,msrcr,classical,0.9504773616790771,1.569369272962001,-2.443441911671715,15.455650239890346,15.479012732095462,0.34020912647247314,22.48276164788262
bottle,0,texture,0.0123291015625,noise,3,wiener,classical,0.4071000814437866,0.3260420082253036,-3.2938089228426293,11.248405794811019,11.235944727246368,0.027757981792092323,22.48276164788262
bottle,0,texture,0.0123291015625,noise,3,classical_pipeline,classical,0.41844820976257324,0.7807326858639199,-8.154932417117264,7.2349215466264845,7.256667478670037,0.0937771126627922,22.48276164788262
bottle,0,texture,0.0123291015625,noise,3,nafnet,deep,0.8383587598800659,1.2420030118897847,0.2736198463609757,28.058002246456066,27.866793286297362,0.8743851780891418,22.48276164788262
bottle,0,texture,0.0123291015625,noise,3,restormer,deep,0.9423258304595947,1.0837694079619804,0.31436620185848596,29.138196146789394,29.092962456057172,0.8355599045753479,22.48276164788262
bottle,0,texture,0.0123291015625,noise,4,identity,classical,0.9246102571487427,1.0,0.0,20.305284030407186,20.277337496435713,0.3231448233127594,20.277337496435713
bottle,0,texture,0.0123291015625,noise,4,gaussian,classical,0.8499616384506226,0.942029353533014,0.32186747180536823,26.52552897073806,26.492539382206118,0.7661020755767822,20.277337496435713
bottle,0,texture,0.0123291015625,noise,4,bilateral,classical,0.9314074516296387,0.9941315258172402,0.146320425948274,21.9725430700804,21.929234228083693,0.4057697057723999,20.277337496435713
bottle,0,texture,0.0123291015625,noise,4,nlm,classical,0.8762767314910889,1.3797145571925085,0.12674052529189928,25.203099581293202,25.155081553693,0.7384651303291321,20.277337496435713
bottle,0,texture,0.0123291015625,noise,4,clahe,classical,0.8715471625328064,0.6614032248237667,-1.6591706708112075,14.942594241323132,14.94636645915188,0.2501203119754791,20.277337496435713
bottle,0,texture,0.0123291015625,noise,4,msrcr,classical,0.8858237266540527,1.5497440390896748,-2.0849513825381556,14.068605929678855,14.094674922614809,0.2730911374092102,20.277337496435713
bottle,0,texture,0.0123291015625,noise,4,wiener,classical,0.7740923166275024,0.7963885954961856,-0.4868210874569421,18.158126468349536,18.12609282361896,0.2059800773859024,20.277337496435713
bottle,0,texture,0.0123291015625,noise,4,classical_pipeline,classical,0.8456469178199768,2.6413162348561694,-4.956982172416199,8.556895348699573,8.582132166717635,0.3400364816188812,20.277337496435713
bottle,0,texture,0.0123291015625,noise,4,nafnet,deep,0.7813836932182312,1.509977661846965,0.2725743277942777,25.13220675857676,24.81895043700238,0.7110636234283447,20.277337496435713
bottle,0,texture,0.0123291015625,noise,4,restormer,deep,0.9376782774925232,1.093557747357954,0.33201939753497667,27.36791064141937,27.31165758984726,0.8018563389778137,20.277337496435713
bottle,0,texture,0.0123291015625,mixed,2,identity,classical,0.8107060194015503,1.0,0.0,24.393149502715023,24.333133808861263,0.4668149948120117,24.333133808861263
bottle,0,texture,0.0123291015625,mixed,2,gaussian,classical,0.7844905853271484,0.994749996195244,0.14725617587539863,28.563347580814437,28.474004448224388,0.8259769082069397,24.333133808861263
bottle,0,texture,0.0123291015625,mixed,2,bilateral,classical,0.8134057521820068,1.0084959083205987,0.17603947472477355,27.518632983159943,27.408290966950467,0.7095534205436707,24.333133808861263
bottle,0,texture,0.0123291015625,mixed,2,nlm,classical,0.7747835516929626,1.1987497124052056,0.08362963767669651,28.19590033819724,28.064192197458873,0.821700394153595,24.333133808861263
bottle,0,texture,0.0123291015625,mixed,2,clahe,classical,0.8004767298698425,0.6665583989765654,-1.8639781906448487,18.083079837397314,18.086179365775603,0.33933505415916443,24.333133808861263
bottle,0,texture,0.0123291015625,mixed,2,msrcr,classical,0.8729829788208008,1.6148034776365392,-2.1833501999943494,17.417897077301134,17.437501156223775,0.3857618570327759,24.333133808861263
bottle,0,texture,0.0123291015625,mixed,2,wiener,classical,0.7477062344551086,0.9167307320440135,-0.7124275473376702,20.666972534570252,20.640814469550598,0.3457060754299164,24.333133808861263
bottle,0,texture,0.0123291015625,mixed,2,classical_pipeline,classical,0.7413250207901001,2.7328998597164067,-7.812952177135049,8.910323145044787,8.934436670301842,0.40360307693481445,24.333133808861263
bottle,0,texture,0.0123291015625,mixed,2,nafnet,deep,0.7832878232002258,1.200292317168044,0.2053268229322126,28.511405674582623,28.346534736243292,0.8606722950935364,24.333133808861263
bottle,0,texture,0.0123291015625,mixed,2,restormer,deep,0.81427401304245,1.0686256012633581,0.2245080051525571,29.210232485910943,29.120396377528543,0.8317625522613525,24.333133808861263
bottle,0,texture,0.0123291015625,mixed,3,identity,classical,0.8141812086105347,1.0,0.0,21.97481106010594,21.93798392154695,0.347506046295166,21.93798392154695
bottle,0,texture,0.0123291015625,mixed,3,gaussian,classical,0.7878670692443848,0.9976753774681821,0.19090484024277632,26.842644025090276,26.799258878908844,0.7614247798919678,21.93798392154695
bottle,0,texture,0.0123291015625,mixed,3,bilateral,classical,0.8206036686897278,0.9916809326662288,0.16362623438897572,24.32173691637026,24.260971661572164,0.5068838596343994,21.93798392154695
bottle,0,texture,0.0123291015625,mixed,3,nlm,classical,0.7799186110496521,1.2864179159853328,0.11443716203811305,26.34807452660144,26.27758793196798,0.7505548000335693,21.93798392154695
bottle,0,texture,0.0123291015625,mixed,3,clahe,classical,0.7775943875312805,0.6855185553718169,-1.620342603704953,16.43463661982932,16.441305666391354,0.2615087330341339,21.93798392154695
bottle,0,texture,0.0123291015625,mixed,3,msrcr,classical,0.8315611481666565,1.5564537411644954,-2.0210652169784273,15.525764163747677,15.550778812274515,0.295338898897171,21.93798392154695
bottle,0,texture,0.0123291015625,mixed,3,wiener,classical,0.7519628405570984,0.9754740794106987,-0.4507052036295265,19.677534817637593,19.65655322331557,0.27123311161994934,21.93798392154695
bottle,0,texture,0.0123291015625,mixed,3,classical_pipeline,classical,0.7505680918693542,2.6894553738502394,-5.791172722660302,8.753175874552362,8.777976744640894,0.3424076735973358,21.93798392154695
bottle,0,texture,0.0123291015625,mixed,3,nafnet,deep,0.7292422652244568,1.4029275151671663,0.23543364483783713,26.804545735376433,26.554878081591898,0.8169564604759216,21.93798392154695
bottle,0,texture,0.0123291015625,mixed,3,restormer,deep,0.8275166749954224,1.1140356264648108,0.24746719073463275,27.473563125734234,27.427338436382996,0.7744643092155457,21.93798392154695
bottle,0,texture,0.0123291015625,mixed,4,identity,classical,0.38190093636512756,1.0,0.0,7.819823704248126,7.788586166188537,0.34403195977211,7.788586166188537
bottle,0,texture,0.0123291015625,mixed,4,gaussian,classical,0.347101092338562,0.9948196399333026,4.806959818581813e-05,7.848026405068297,7.816653807304906,0.48031044006347656,7.788586166188537
bottle,0,texture,0.0123291015625,mixed,4,bilateral,classical,0.37110739946365356,1.0202062130943859,-0.0005416757006990736,7.831219573227266,7.799927551273669,0.4032529294490814,7.788586166188537
bottle,0,texture,0.0123291015625,mixed,4,nlm,classical,0.37866681814193726,0.9942121560705842,-0.004981841594833947,7.795362979983706,7.764070921448179,0.33975911140441895,7.788586166188537
bottle,0,texture,0.0123291015625,mixed,4,clahe,classical,0.6363004446029663,1.104866945873411,0.30318397452988843,9.942193732197968,9.914073547754828,0.33471789956092834,7.788586166188537
bottle,0,texture,0.0123291015625,mixed,4,msrcr,classical,0.8307343125343323,1.7343775928830956,0.45931480770695743,13.617399589093303,13.645354171340614,0.26733872294425964,7.788586166188537
bottle,0,texture,0.0123291015625,mixed,4,wiener,classical,0.34215590357780457,0.6991022190025747,-0.0060798427785362374,7.700182624328708,7.667848505594907,0.2694953978061676,7.788586166188537
bottle,0,texture,0.0123291015625,mixed,4,classical_pipeline,classical,0.3706180155277252,2.276036013251116,-0.11837829839848579,6.041476826211685,6.024058361028529,0.31633034348487854,7.788586166188537
bottle,0,texture,0.0123291015625,mixed,4,nafnet,deep,0.35223108530044556,1.3057721661682846,0.014873191484374493,7.955086817561923,7.9260155762027305,0.4720492362976074,7.788586166188537
bottle,0,texture,0.0123291015625,mixed,4,restormer,deep,0.35820499062538147,1.0382315250395235,0.00846079864753213,7.889463394150036,7.858127427418779,0.46024343371391296,7.788586166188537
bottle,1,scratch,0.001251220703125,defocus,2,identity,classical,0.451081246137619,1.0,0.0,35.231419194019026,34.96561052697575,0.9493157267570496,34.96561052697575
bottle,1,scratch,0.001251220703125,defocus,2,gaussian,classical,0.37593233585357666,0.8406581044465137,-0.3918620485194162,32.96184828008259,32.758216653016376,0.924311101436615,34.96561052697575
bottle,1,scratch,0.001251220703125,defocus,2,bilateral,classical,0.4187160134315491,0.9430676530637635,-0.13978142894779366,34.126245475214375,33.901786495933564,0.9238114356994629,34.96561052697575
bottle,1,scratch,0.001251220703125,defocus,2,nlm,classical,0.4567319452762604,0.9999832370116306,-0.19029682880154453,34.494316180394584,34.2830185647997,0.9429343342781067,34.96561052697575
bottle,1,scratch,0.001251220703125,defocus,2,clahe,classical,0.8430704474449158,1.2458509639373117,-3.1593628042550774,24.555186857100754,24.531692737801286,0.8821727633476257,34.96561052697575
bottle,1,scratch,0.001251220703125,defocus,2,msrcr,classical,1.0068309307098389,1.2548261472934104,-6.639480537190502,22.197776576443783,22.19700610849914,0.8327667713165283,34.96561052697575
bottle,1,scratch,0.001251220703125,defocus,2,wiener,classical,0.016037600114941597,0.0866871478517401,-9.26386772241662,14.607538603961688,14.601476318592386,0.4983230531215668,34.96561052697575
bottle,1,scratch,0.001251220703125,defocus,2,classical_pipeline,classical,0.02337319403886795,0.013945192503713831,-35.6420523040282,8.283123031184372,8.284740260092196,0.24603493511676788,34.96561052697575
bottle,1,scratch,0.001251220703125,defocus,2,nafnet,deep,0.338247150182724,0.748414435202974,-0.3712175726827829,33.01790687254422,32.77873679505573,0.9236857891082764,34.96561052697575
bottle,1,scratch,0.001251220703125,defocus,2,restormer,deep,0.37233608961105347,0.8252261148151204,-0.2833917028099988,33.52789487942863,33.287978713693704,0.9291744828224182,34.96561052697575
bottle,1,scratch,0.001251220703125,defocus,3,identity,classical,0.3184151351451874,1.0,0.0,32.01300676278521,31.81857901907735,0.905354917049408,31.81857901907735
bottle,1,scratch,0.001251220703125,defocus,3,gaussian,classical,0.2946341335773468,0.9352619557878421,-0.18686630713899954,30.783697107483196,30.624858068671358,0.8878427147865295,31.81857901907735
bottle,1,scratch,0.001251220703125,defocus,3,bilateral,classical,0.30950966477394104,0.9961821856604794,-0.05952192871313167,31.522549412411863,31.347092511265476,0.8882770538330078,31.81857901907735
bottle,1,scratch,0.001251220703125,defocus,3,nlm,classical,0.32184386253356934,0.9998593390261218,-0.10513666873173899,31.669204500200898,31.498114661972863,0.9006338119506836,31.81857901907735
bottle,1,scratch,0.001251220703125,defocus,3,clahe,classical,0.6340134143829346,1.2428932559508408,-1.5398841471549054,25.111826944171227,25.066771431751576,0.8656938672065735,31.81857901907735
bottle,1,scratch,0.001251220703125,defocus,3,msrcr,classical,0.7425557971000671,1.2164880442911454,-3.707830285922344,22.52285510520265,22.514648262586125,0.8198442459106445,31.81857901907735
bottle,1,scratch,0.001251220703125,defocus,3,wiener,classical,0.019247956573963165,0.5976174204761557,-6.474549506490325,13.725504469352188,13.72301703689702,0.5197615623474121,31.81857901907735
bottle,1,scratch,0.001251220703125,defocus,3,classical_pipeline,classical,0.027738839387893677,0.7453288834924616,-22.882217963989685,8.19530981102231,8.198081330095269,0.2796476185321808,31.81857901907735
bottle,1,scratch,0.001251220703125,defocus,3,nafnet,deep,0.27532127499580383,0.8546226497658652,-0.18627796641055006,30.753552246960933,30.5816117872403,0.8875923156738281,31.81857901907735
bottle,1,scratch,0.001251220703125,defocus,3,restormer,deep,0.2972041666507721,0.9345822839841431,-0.11981713103477198,31.21193708778946,31.035724700213375,0.8932085633277893,31.81857901907735
bottle,1,scratch,0.001251220703125,defocus,4,identity,classical,0.21486850082874298,1.0,0.0,28.441217856621744,28.324326221336854,0.830695629119873,28.324326221336854
bottle,1,scratch,0.001251220703125,defocus,4,gaussian,classical,0.2084999531507492,0.9875712333126021,-0.08097675024693252,27.851107974872683,27.7459048896123,0.8174194693565369,28.324326221336854
bottle,1,scratch,0.001251220703125,defocus,4,bilateral,classical,0.21152697503566742,1.0487209944218652,-0.03861567678505162,28.191837175081744,28.081586615945827,0.8180124163627625,28.324326221336854
bottle,1,scratch,0.001251220703125,defocus,4,nlm,classical,0.21660752594470978,1.0069468550472398,-0.059960879166957026,28.29579470905923,28.18711033239939,0.8290192484855652,28.324326221336854
bottle,1,scratch,0.001251220703125,defocus,4,clahe,classical,0.47419264912605286,1.1647263322999883,-0.6138418262527836,24.837341880228024,24.77628318601633,0.8298415541648865,28.324326221336854
bottle,1,scratch,0.001251220703125,defocus,4,msrcr,classical,0.50849449634552,1.1289209458883955,-1.8975397422833185,22.653306630050736,22.633372567288063,0.7897984385490417,28.324326221336854
bottle,1,scratch,0.001251220703125,defocus,4,wiener,classical,0.011490869335830212,0.5779945512341482,-5.124483893124787,12.180820953057632,12.177034455444355,0.4688394367694855,28.324326221336854
bottle,1,scratch,0.001251220703125,defocus,4,classical_pipeline,classical,0.02728547900915146,0.46360748114506845,-14.588222697903465,7.987360043360847,7.98896201520987,0.24426019191741943,28.324326221336854
bottle,1,scratch,0.001251220703125,defocus,4,nafnet,deep,0.20144309103488922,0.9456898221135844,-0.09343914580528323,27.733737747741056,27.62721276866594,0.8170064091682434,28.324326221336854
bottle,1,scratch,0.001251220703125,defocus,4,restormer,deep,0.20867440104484558,0.9849343351798551,-0.05835912348315819,28.045641334564053,27.93433799018954,0.8231415152549744,28.324326221336854
bottle,1,scratch,0.001251220703125,noise,2,identity,classical,1.0093753337860107,1.0,0.0,25.070207620045586,25.073844923392556,0.5304261445999146,25.073844923392556
bottle,1,scratch,0.001251220703125,noise,2,gaussian,classical,0.5340667366981506,0.5291800251081173,0.2137768393360442,30.315266017076382,30.25044702916358,0.8823547959327698,25.073844923392556
bottle,1,scratch,0.001251220703125,noise,2,bilateral,classical,0.9774805307388306,0.9904394216609363,0.22225016239663675,28.89056548524885,28.893511372558383,0.7764754295349121,25.073844923392556
bottle,1,scratch,0.001251220703125,noise,2,nlm,classical,1.010205864906311,0.989997033866975,0.07206116107180427,29.612062487840973,29.614618361435433,0.8835780024528503,25.073844923392556
bottle,1,scratch,0.001251220703125,noise,2,clahe,classical,1.5866460800170898,1.1011544856665343,-2.3573728073077813,17.920101475106843,17.924834940801723,0.37452995777130127,25.073844923392556
bottle,1,scratch,0.001251220703125,noise,2,msrcr,classical,1.7495511770248413,1.1523563928425427,-2.8037751647262352,17.190197216804005,17.193444738197638,0.4284398555755615,25.073844923392556
bottle,1,scratch,0.001251220703125,noise,2,wiener,classical,0.026093842461705208,0.13237215923810194,-1.0262557210208096,20.464552829264896,20.428796562855645,0.3439241647720337,25.073844923392556
bottle,1,scratch,0.001251220703125,noise,2,classical_pipeline,classical,1.2880834341049194,1.3027244559031383,-9.258471702470455,8.861464773103368,8.866769259655706,0.44237852096557617,25.073844923392556
bottle,1,scratch,0.001251220703125,noise,2,nafnet,deep,0.22266331315040588,0.28251988544041623,0.24251807295626704,30.071362831166006,29.8941841022451,0.9052861332893372,25.073844923392556
bottle,1,scratch,0.001251220703125,noise,2,restormer,deep,0.49286335706710815,0.5110443071087543,0.29414041873348185,31.308980504806435,31.18279815014572,0.8850523829460144,25.073844923392556
bottle,1,scratch,0.001251220703125,noise,3,identity,classical,0.9859926104545593,1.0,0.0,22.475150036165687,22.47881746255156,0.4139736592769623,22.47881746255156
bottle,1,scratch,0.001251220703125,noise,3,gaussian,classical,0.5231353640556335,0.5438189063850727,0.27999242866384855,28.34563134796532,28.307720762758724,0.8301002979278564,22.47881746255156
bottle,1,scratch,0.001251220703125,noise,3,bilateral,classical,0.9535990357398987,0.9847303281995046,0.19276082892406687,25.091461002479598,25.094836390512203,0.5790820121765137,22.47881746255156
bottle,1,scratch,0.001251220703125,noise,3,nlm,classical,1.002104640007019,1.0080663053188939,0.11361852767464609,27.345355272817233,27.34723783019531,0.8183194994926453,22.47881746255156
bottle,1,scratch,0.001251220703125,noise,3,clahe,classical,1.4985558986663818,1.0769559424861668,-1.8862330108252676,16.536737083891843,16.54147442251764,0.3080759346485138,22.47881746255156
bottle,1,scratch,0.001251220703125,noise,3,msrcr,classical,1.687265157699585,1.2075012462530077,-2.425894370343924,15.461332369673162,15.464124843357174,0.343152791261673,22.47881746255156
bottle,1,scratch,0.001251220703125,noise,3,wiener,classical,0.026186902076005936,0.1282665243188422,-0.6933703024507367,19.37637396874289,19.348584452952572,0.26449015736579895,22.47881746255156
bottle,1,scratch,0.001251220703125,noise,3,classical_pipeline,classical,1.2552852630615234,1.2843738910035072,-6.67696700969087,8.70000991279135,8.705278727524473,0.3854338228702545,22.47881746255156
bottle,1,scratch,0.001251220703125,noise,3,nafnet,deep,0.19705286622047424,0.2606626122009254,0.26771555417712756,27.934673585810884,27.80487187242144,0.8696381449699402,22.47881746255156
bottle,1,scratch,0.001251220703125,noise,3,restormer,deep,0.4426244795322418,0.48511701604859,0.3325079795551885,29.19327838482279,29.104399148433387,0.8331649899482727,22.47881746255156
bottle,1,scratch,0.001251220703125,noise,4,identity,classical,0.9757172465324402,1.0,0.0,20.288409905735527,20.292036620481284,0.3242925703525543,20.292036620481284
bottle,1,scratch,0.001251220703125,noise,4,gaussian,classical,0.5180777907371521,0.5590003501164263,0.3124398618806813,26.446361291574192,26.423507444747592,0.7685549855232239,20.292036620481284
bottle,1,scratch,0.001251220703125,noise,4,bilateral,classical,0.9440351724624634,0.9839915646821803,0.14350581359114112,21.945774318841128,21.949344484795308,0.4084385335445404,20.292036620481284
bottle,1,scratch,0.001251220703125,noise,4,nlm,classical,0.9881045818328857,0.9793116642759119,0.12384858474635407,25.127969275539137,25.129427101488613,0.7411996722221375,20.292036620481284
bottle,1,scratch,0.001251220703125,noise,4,clahe,classical,1.509095311164856,1.1038151307212447,-1.6458009119157522,14.982219640544576,14.986689464409455,0.2510979175567627,20.292036620481284
bottle,1,scratch,0.001251220703125,noise,4,msrcr,classical,1.6878827810287476,1.2694319901687698,-2.0616928708653997,14.1166032359401,14.119286182539781,0.27558955550193787,20.292036620481284
bottle,1,scratch,0.001251220703125,noise,4,wiener,classical,0.026147739961743355,0.12272533073643323,-0.48271480275473966,18.211675212505064,18.190877594749498,0.2054959386587143,20.292036620481284
bottle,1,scratch,0.001251220703125,noise,4,classical_pipeline,classical,1.2423864603042603,1.2508680139129404,-5.023454546500103,8.484924767121862,8.490140888867684,0.3395133316516876,20.292036620481284
bottle,1,scratch,0.001251220703125,noise,4,nafnet,deep,0.16899524629116058,0.21108514057426575,0.2634880738658908,25.08583367768952,25.00503854776508,0.7209296226501465,20.292036620481284
bottle,1,scratch,0.001251220703125,noise,4,restormer,deep,0.3948720097541809,0.47581371171709425,0.329543449970913,27.355146344858618,27.284377634129257,0.7962924838066101,20.292036620481284
bottle,1,scratch,0.001251220703125,mixed,2,identity,classical,0.27685487270355225,1.0,0.0,26.786807761019308,26.722872526584585,0.6638901829719543,26.722872526584585
bottle,1,scratch,0.001251220703125,mixed,2,gaussian,classical,0.272135853767395,1.0357619289343054,0.1318684945325167,28.294445704234327,28.20238003870486,0.8551815152168274,26.722872526584585
bottle,1,scratch,0.001251220703125,mixed,2,bilateral,classical,0.2662401497364044,1.0101251445995032,0.1092025194760029,27.870258029940267,27.788097378913697,0.7993019223213196,26.722872526584585
bottle,1,scratch,0.001251220703125,mixed,2,nlm,classical,0.2775627374649048,0.9755408750804092,0.003581563415249178,27.39177466531776,27.318461696170772,0.7634286284446716,26.722872526584585
bottle,1,scratch,0.001251220703125,mixed,2,clahe,classical,0.5419906973838806,1.0591226919458918,-1.7461787704512823,18.798134302758566,18.78114176233417,0.40371885895729065,26.722872526584585
bottle,1,scratch,0.001251220703125,mixed,2,msrcr,classical,0.6075031161308289,1.1134362477550037,-1.6687820863562828,19.371670751869264,19.354362049483708,0.5380082726478577,26.722872526584585
bottle,1,scratch,0.001251220703125,mixed,2,wiener,classical,0.22754566371440887,0.6065498327894859,-0.6374923411534745,21.915066156640375,21.888850406839673,0.5338302254676819,26.722872526584585
bottle,1,scratch,0.001251220703125,mixed,2,classical_pipeline,classical,0.34709805250167847,1.1199494490859716,-7.6392171179430495,8.968331802852381,8.971217567242688,0.4769500195980072,26.722872526584585
bottle,1,scratch,0.001251220703125,mixed,2,nafnet,deep,0.2511027753353119,0.9270876045444952,0.1562363722604545,27.442337139622577,27.36094359752442,0.8037288188934326,26.722872526584585
bottle,1,scratch,0.001251220703125,mixed,2,restormer,deep,0.23538070917129517,0.9561247890075368,0.17192528607441893,28.702702340277078,28.592346531807088,0.8638563752174377,26.722872526584585
bottle,1,scratch,0.001251220703125,mixed,3,identity,classical,0.15935637056827545,1.0,0.0,9.379894680809572,9.38512840987209,0.6539178490638733,9.38512840987209
bottle,1,scratch,0.001251220703125,mixed,3,gaussian,classical,0.14745457470417023,0.933959138775791,1.8340377117009865e-06,9.367809316055743,9.373024571344615,0.6414152979850769,9.38512840987209
bottle,1,scratch,0.001251220703125,mixed,3,bilateral,classical,0.14031162858009338,0.906933283124213,7.875573703186589e-06,9.373343590352757,9.378552319361562,0.627582848072052,9.38512840987209
bottle,1,scratch,0.001251220703125,mixed,3,nlm,classical,0.1589556187391281,0.982225260893113,-0.012787126695109396,9.312380923760422,9.317624295749738,0.6407510638237,9.38512840987209
bottle,1,scratch,0.001251220703125,mixed,3,clahe,classical,0.3365517556667328,1.222476160087431,0.26865022160569785,11.613863962228619,11.618721991457509,0.7895966172218323,9.38512840987209
bottle,1,scratch,0.001251220703125,mixed,3,msrcr,classical,0.7298612594604492,1.2372225270581836,0.7307151474037685,20.829019318670095,20.825505368564933,0.8218646049499512,9.38512840987209
bottle,1,scratch,0.001251220703125,mixed,3,wiener,classical,0.009538016282022,0.5988038301463352,-0.034981680120951486,8.74968546515123,8.754611688705465,0.3873562812805176,9.38512840987209
bottle,1,scratch,0.001251220703125,mixed,3,classical_pipeline,classical,0.013827642425894737,0.770224613686356,-0.2626825326032569,6.255581003443449,6.26067575872729,0.35066378116607666,9.38512840987209
bottle,1,scratch,0.001251220703125,mixed,3,nafnet,deep,0.11797160655260086,0.7642732827302049,-0.0006818304904669947,9.37467061357115,9.379842784911723,0.6319258809089661,9.38512840987209
bottle,1,scratch,0.001251220703125,mixed,3,restormer,deep,0.13985715806484222,0.9043813378383746,0.0016930325770408983,9.37682799661571,9.382037821604044,0.6444603204727173,9.38512840987209
bottle,1,scratch,0.001251220703125,mixed,4,identity,classical,0.21283221244812012,1.0,0.0,22.618609896086795,22.591229501032913,0.4365551173686981,22.591229501032913
bottle,1,scratch,0.001251220703125,mixed,4,gaussian,classical,0.21057350933551788,1.1125797563852666,0.1431068055114293,24.329749306141384,24.287032330458945,0.7072818279266357,22.591229501032913
bottle,1,scratch,0.001251220703125,mixed,4,bilateral,classical,0.2059272676706314,1.0901373798276104,0.08094809359130395,23.384802316862935,23.35202544467032,0.5515629649162292,22.591229501032913
bottle,1,scratch,0.001251220703125,mixed,4,nlm,classical,0.21361874043941498,0.9697094943530001,-0.007694184226117118,22.666531797513862,22.63889238376383,0.44698333740234375,22.591229501032913
bottle,1,scratch,0.001251220703125,mixed,4,clahe,classical,0.38673171401023865,0.9127725724800136,-1.299481480654407,16.021972668968374,16.013929629516937,0.24354290962219238,22.591229501032913
bottle,1,scratch,0.001251220703125,mixed,4,msrcr,classical,0.40966397523880005,0.9109637363935519,-1.2735447538868652,16.254508828678077,16.239301377915186,0.3679819107055664,22.591229501032913
bottle,1,scratch,0.001251220703125,mixed,4,wiener,classical,0.1860392540693283,0.8461799377161198,-0.23931665748050013,20.499829402806846,20.479051894421524,0.3768531084060669,22.591229501032913
bottle,1,scratch,0.001251220703125,mixed,4,classical_pipeline,classical,0.2604196071624756,1.0471284302245043,-4.268068851248726,8.761426131644823,8.764159579550947,0.32691994309425354,22.591229501032913
bottle,1,scratch,0.001251220703125,mixed,4,nafnet,deep,0.2932371199131012,0.6688727951064523,-1.0075386791747407,12.67849697145385,12.66600179265927,0.22566211223602295,22.591229501032913
bottle,1,scratch,0.001251220703125,mixed,4,restormer,deep,0.19049040973186493,1.0543798753761848,0.16313501702401367,24.412075442470282,24.36514861746495,0.6925881505012512,22.591229501032913
bottle,2,blob,0.0081939697265625,defocus,2,identity,classical,0.9854157567024231,1.0,0.0,33.854173918284246,33.8610354726169,0.9299927353858948,33.8610354726169
bottle,2,blob,0.0081939697265625,defocus,2,gaussian,classical,0.9736482501029968,1.0186533342495487,-0.3314499745694133,32.08517721096,32.08443160775201,0.9051091074943542,33.8610354726169
bottle,2,blob,0.0081939697265625,defocus,2,bilateral,classical,0.9797264337539673,0.9831776528036016,-0.12013393636546721,32.88245081561691,32.885221462297636,0.9018735885620117,33.8610354726169
bottle,2,blob,0.0081939697265625,defocus,2,nlm,classical,0.9853770732879639,0.9961964963657114,-0.1646229951929492,33.298312219342975,33.30371025029263,0.922210693359375,33.8610354726169
bottle,2,blob,0.0081939697265625,defocus,2,clahe,classical,1.0541008710861206,1.227316790962526,-2.953935973181655,24.087456831727835,24.095307179920802,0.8741567134857178,33.8610354726169
bottle,2,blob,0.0081939697265625,defocus,2,msrcr,classical,1.9185999631881714,1.3153028538744498,-6.305597195430612,21.582390303411994,21.56002163670946,0.8442710041999817,33.8610354726169
bottle,2,blob,0.0081939697265625,defocus,2,wiener,classical,0.4468359053134918,0.17385241677765242,-8.485306286608052,14.2045149831199,14.2259506195634,0.5029879212379456,33.8610354726169
bottle,2,blob,0.0081939697265625,defocus,2,classical_pipeline,classical,0.4935793876647949,0.05542411623355392,-31.779546622839447,8.287390591579431,8.312900521023131,0.2514454424381256,33.8610354726169
bottle,2,blob,0.0081939697265625,defocus,2,nafnet,deep,0.936989963054657,0.9858242198579859,-0.33312010092224,32.04649561828379,32.03953706851284,0.903407633304596,33.8610354726169
bottle,2,blob,0.0081939697265625,defocus,2,restormer,deep,0.9614458084106445,0.9976556903825593,-0.2414004514390371,32.548380703602746,32.542894760394155,0.9097331166267395,33.8610354726169
bottle,2,blob,0.0081939697265625,defocus,3,identity,classical,0.9709394574165344,1.0,0.0,31.176319098165102,31.175880965213967,0.8832530379295349,31.175880965213967
bottle,2,blob,0.0081939697265625,defocus,3,gaussian,classical,0.9598261117935181,1.0119294490843285,-0.16273495182285247,30.233185038050735,30.225089923007303,0.8690875172615051,31.175880965213967
bottle,2,blob,0.0081939697265625,defocus,3,bilateral,classical,0.9677760004997253,0.9858947983712761,-0.04253830370479794,30.85599902066845,30.848019954619105,0.8695096373558044,31.175880965213967
bottle,2,blob,0.0081939697265625,defocus,3,nlm,classical,0.9712825417518616,0.9977600363055783,-0.0890173831683656,30.927426980161307,30.927249215019277,0.879543125629425,31.175880965213967
bottle,2,blob,0.0081939697265625,defocus,3,clahe,classical,1.1091861724853516,1.2615056212177405,-1.6782415259106056,24.12336654989328,24.139749336918428,0.8437687754631042,31.175880965213967
bottle,2,blob,0.0081939697265625,defocus,3,msrcr,classical,1.9552297592163086,1.3556183727980546,-3.8092521133927546,21.807971797359137,21.793018033794613,0.815927267074585,31.175880965213967
bottle,2,blob,0.0081939697265625,defocus,3,wiener,classical,0.2876814901828766,0.10546035138580687,-6.217819799412354,13.328290557736436,13.356290875924532,0.5143697261810303,31.175880965213967
bottle,2,blob,0.0081939697265625,defocus,3,classical_pipeline,classical,0.33119264245033264,0.13125020423030367,-21.376669588483445,8.19184693732741,8.217975990336532,0.27590954303741455,31.175880965213967
bottle,2,blob,0.0081939697265625,defocus,3,nafnet,deep,0.9275400042533875,0.9870494565245955,-0.17312677073587102,30.126611325341294,30.114022327528804,0.8677405714988708,31.175880965213967
bottle,2,blob,0.0081939697265625,defocus,3,restormer,deep,0.9488877058029175,0.9972129847284862,-0.10924640107680439,30.562916748214498,30.552043191018182,0.8736804127693176,31.175880965213967
bottle,2,blob,0.0081939697265625,defocus,4,identity,classical,0.9403043389320374,1.0,0.0,28.19040041715394,28.174084104493996,0.8172013759613037,28.174084104493996
bottle,2,blob,0.0081939697265625,defocus,4,gaussian,classical,0.9304393529891968,1.002148953071161,-0.0753404859056086,27.665388863831012,27.644330920467475,0.8054158687591553,28.174084104493996
bottle,2,blob,0.0081939697265625,defocus,4,bilateral,classical,0.9372731447219849,0.9842918834433745,-0.025748651831380087,28.055791493377747,28.03021902679088,0.8083509802818298,28.174084104493996
bottle,2,blob,0.0081939697265625,defocus,4,nlm,classical,0.941293478012085,0.9982502696304907,-0.054165221812303654,28.07340463779279,28.058528274057828,0.8161202073097229,28.174084104493996
bottle,2,blob,0.0081939697265625,defocus,4,clahe,classical,1.3327471017837524,1.3908250598806344,-0.7678068197125936,24.113853943898317,24.139843766182697,0.805598795413971,28.174084104493996
bottle,2,blob,0.0081939697265625,defocus,4,msrcr,classical,1.952979326248169,1.4483715382365463,-2.0900829541948576,21.962454540739405,21.96158428194974,0.7807531952857971,28.174084104493996
bottle,2,blob,0.0081939697265625,defocus,4,wiener,classical,0.06401237100362778,0.5820438118652489,-5.184721306061435,11.871581502706164,11.895113139723914,0.4675496518611908,28.174084104493996
bottle,2,blob,0.0081939697265625,defocus,4,classical_pipeline,classical,0.08764966577291489,0.47068062815619516,-14.278205860242387,7.9937625090703355,8.014352240266847,0.2539360225200653,28.174084104493996
bottle,2,blob,0.0081939697265625,defocus,4,nafnet,deep,0.9027121067047119,0.9837715195943312,-0.08917119677395524,27.522545417905096,27.498399001072325,0.8048380017280579,28.174084104493996
bottle,2,blob,0.0081939697265625,defocus,4,restormer,deep,0.9198905229568481,0.998381939971846,-0.0640124800653552,27.768120395260453,27.745443373118114,0.8090416789054871,28.174084104493996
bottle,2,blob,0.0081939697265625,noise,2,identity,classical,0.9976853132247925,1.0,0.0,25.098404110982653,25.10931343607446,0.5314241051673889,25.10931343607446
bottle,2,blob,0.0081939697265625,noise,2,gaussian,classical,0.9851040244102478,1.0611260511375764,0.18825575299521857,30.003644570350232,30.022913601809336,0.869886577129364,25.10931343607446
bottle,2,blob,0.0081939697265625,noise,2,bilateral,classical,0.9960986375808716,0.9946476154270579,0.22666719697761095,28.965875446671724,28.976867646703454,0.7764630913734436,25.10931343607446
bottle,2,blob,0.0081939697265625,noise,2,nlm,classical,0.9957959651947021,0.9921911151048471,0.06878491204208825,29.533641395229672,29.540351927070475,0.8778753280639648,25.10931343607446
bottle,2,blob,0.0081939697265625,noise,2,clahe,classical,1.007761001586914,1.118653118610433,-2.4354494063506698,17.783477466785993,17.803986767713045,0.37545403838157654,25.10931343607446
bottle,2,blob,0.0081939697265625,noise,2,msrcr,classical,1.8110995292663574,1.3276736353954948,-3.1085793859738597,16.742730361019518,16.751664851185964,0.42916250228881836,25.10931343607446
bottle,2,blob,0.0081939697265625,noise,2,wiener,classical,0.9312717914581299,0.7392998217047391,-1.0501212299033487,20.334657769179152,20.32161807000508,0.3381476104259491,25.10931343607446
bottle,2,blob,0.0081939697265625,noise,2,classical_pipeline,classical,0.9974437355995178,1.0813731009231926,-9.244762962645527,8.923273423628329,8.95820724373386,0.44551360607147217,25.10931343607446
bottle,2,blob,0.0081939697265625,noise,2,nafnet,deep,0.7886974811553955,0.9000979219317035,0.21065121316843305,29.680544278308183,29.64850685751877,0.8899362683296204,25.10931343607446
bottle,2,blob,0.0081939697265625,noise,2,restormer,deep,0.9423525333404541,0.9768219201138483,0.2756172018448797,31.129130040965673,31.134710382290493,0.8818147778511047,25.10931343607446
bottle,2,blob,0.0081939697265625,noise,3,identity,classical,0.9947253465652466,1.0,0.0,22.454503356400156,22.46521112527105,0.4133591651916504,22.46521112527105
bottle,2,blob,0.0081939697265625,noise,3,gaussian,classical,0.9825889468193054,1.0762555453455513,0.2596578431924581,28.07006580771698,28.092801733182977,0.817234992980957,22.46521112527105
bottle,2,blob,0.0081939697265625,noise,3,bilateral,classical,0.9973999857902527,0.9973781044281455,0.19260193616370924,25.06634250516701,25.07966352701551,0.5764096975326538,22.46521112527105
bottle,2,blob,0.0081939697265625,noise,3,nlm,classical,0.9916384816169739,1.0011881975142913,0.10663037532778841,27.190805783254266,27.192768200527407,0.8061332702636719,22.46521112527105
bottle,2,blob,0.0081939697265625,noise,3,clahe,classical,1.0138450860977173,1.0841887918014121,-1.9605525748483728,16.31806102350579,16.338068660362197,0.3055165708065033,22.46521112527105
bottle,2,blob,0.0081939697265625,noise,3,msrcr,classical,1.702171802520752,1.303607382471324,-2.565058157306263,15.175252861179294,15.183253950605643,0.3414928615093231,22.46521112527105
bottle,2,blob,0.0081939697265625,noise,3,wiener,classical,0.9301869869232178,0.7147627136788696,-0.6998648626908412,19.27391603885286,19.26605946528163,0.2603895962238312,22.46521112527105
bottle,2,blob,0.0081939697265625,noise,3,classical_pipeline,classical,0.9911062121391296,1.0671997774798145,-6.570700944352387,8.77583550817972,8.810263467980494,0.3887726962566376,22.46521112527105
bottle,2,blob,0.0081939697265625,noise,3,nafnet,deep,0.727268397808075,0.8797157844605691,0.26109483341109097,27.84691038512518,27.807803178665406,0.8597205281257629,22.46521112527105
bottle,2,blob,0.0081939697265625,noise,3,restormer,deep,0.9496227502822876,0.9906886227450916,0.31788598593928474,28.935322266246082,28.944983648531245,0.8224811553955078,22.46521112527105
bottle,2,blob,0.0081939697265625,noise,4,identity,classical,1.000465989112854,1.0,0.0,20.27956921859923,20.287177762943816,0.324878066778183,20.287177762943816
bottle,2,blob,0.0081939697265625,noise,4,gaussian,classical,0.9879830479621887,1.1041216882580203,0.30426637810304735,26.32504004511,26.347590867610254,0.7549097537994385,20.287177762943816
bottle,2,blob,0.0081939697265625,noise,4,bilateral,classical,1.0019439458847046,1.0058387985856985,0.14531828814133863,21.930222613386782,21.93943354116228,0.40809187293052673,20.287177762943816
bottle,2,blob,0.0081939697265625,noise,4,nlm,classical,0.9892048835754395,1.0245764386478189,0.10957783036228763,25.0179792730667,25.021637670446623,0.7288534641265869,20.287177762943816
bottle,2,blob,0.0081939697265625,noise,4,clahe,classical,0.9364770650863647,1.0861909544061923,-1.6974303240917648,14.816565609242534,14.835262785637484,0.24964416027069092,20.287177762943816
bottle,2,blob,0.0081939697265625,noise,4,msrcr,classical,1.5855700969696045,1.2239396603161876,-2.1340672138810604,13.95180622423428,13.957251048360558,0.27419230341911316,20.287177762943816
bottle,2,blob,0.0081939697265625,noise,4,wiener,classical,0.9361281991004944,0.6559829313057969,-0.49194392701265865,18.118974734912435,18.1135065448693,0.20305855572223663,20.287177762943816
bottle,2,blob,0.0081939697265625,noise,4,classical_pipeline,classical,0.9955676794052124,1.0583255098812518,-4.955069781790955,8.555611594298835,8.589202948991213,0.3420167863368988,20.287177762943816
bottle,2,blob,0.0081939697265625,noise,4,nafnet,deep,0.665134847164154,0.8139076417006657,0.2662894897609457,25.298663304788853,25.264125942582716,0.7318375706672668,20.287177762943816
bottle,2,blob,0.0081939697265625,noise,4,restormer,deep,0.957465648651123,1.038706250070849,0.3377574337092131,27.346881838051598,27.349353799632794,0.7933209538459778,20.287177762943816
bottle,2,blob,0.0081939697265625,mixed,2,identity,classical,0.6213520169258118,1.0,0.0,12.159465731263175,12.189788531352313,0.7774049639701843,12.189788531352313
bottle,2,blob,0.0081939697265625,mixed,2,gaussian,classical,0.6149055361747742,1.0251878216599477,-9.98547248287629e-05,12.13358483067195,12.163894057673602,0.7616305351257324,12.189788531352313
bottle,2,blob,0.0081939697265625,mixed,2,bilateral,classical,0.6173741221427917,0.9681841143038806,-0.0004043518423084702,12.150701445340545,12.180880030509574,0.7518744468688965,12.189788531352313
bottle,2,blob,0.0081939697265625,mixed,2,nlm,classical,0.6268530488014221,1.0015974518069046,-0.006032017640204224,12.138427039941535,12.168584664650881,0.7754311561584473,12.189788531352313
bottle,2,blob,0.0081939697265625,mixed,2,clahe,classical,0.9170336127281189,1.1842179962602402,0.3325243057686209,14.735201118400337,14.768447608890416,0.8343833088874817,12.189788531352313
bottle,2,blob,0.0081939697265625,mixed,2,msrcr,classical,1.8853857517242432,1.3051162409250021,0.6119012332133258,20.609144361436357,20.60120634933231,0.796120822429657,12.189788531352313
bottle,2,blob,0.0081939697265625,mixed,2,wiener,classical,0.712382972240448,0.7906886835439368,-0.025150086659102344,11.809834212551923,11.838940881248366,0.6423428654670715,12.189788531352313
bottle,2,blob,0.0081939697265625,mixed,2,classical_pipeline,classical,1.309374213218689,1.1177530662602553,-0.5148963293447997,7.417988139653561,7.4519961379607995,0.6332345604896545,12.189788531352313
bottle,2,blob,0.0081939697265625,mixed,2,nafnet,deep,0.5840750336647034,0.9730636066731231,0.003349991483199144,12.149453121863454,12.180192269053089,0.7628081440925598,12.189788531352313
bottle,2,blob,0.0081939697265625,mixed,2,restormer,deep,0.6069850325584412,1.0095453548700835,0.0037654050764617253,12.146863656639677,12.177347222074983,0.766254723072052,12.189788531352313
bottle,2,blob,0.0081939697265625,mixed,3,identity,classical,0.9617002010345459,1.0,0.0,24.775393116181213,24.78922938722304,0.553016722202301,24.78922938722304
bottle,2,blob,0.0081939697265625,mixed,3,gaussian,classical,0.9478263258934021,1.0588837659770562,0.15129411374639234,26.493338898095175,26.50670261558741,0.789888322353363,24.78922938722304
bottle,2,blob,0.0081939697265625,mixed,3,bilateral,classical,0.9585853219032288,0.9963491142249122,0.10443553281956308,25.76195949908398,25.773070095002623,0.6885356903076172,24.78922938722304
bottle,2,blob,0.0081939697265625,mixed,3,nlm,classical,0.9651985168457031,0.9995806942727128,-0.005809015168003917,25.042449389893548,25.054898905260956,0.6021857857704163,24.78922938722304
bottle,2,blob,0.0081939697265625,mixed,3,clahe,classical,1.2845568656921387,1.1767134217486233,-1.5461554490890301,17.40433450508317,17.430748588471946,0.32349035143852234,24.78922938722304
bottle,2,blob,0.0081939697265625,mixed,3,msrcr,classical,1.7883130311965942,1.3418974079828505,-1.6678704312250785,17.243959259000327,17.257472464172086,0.4513307511806488,24.78922938722304
bottle,2,blob,0.0081939697265625,mixed,3,wiener,classical,0.9122963547706604,0.784197599401112,-0.44277911499686007,21.090140548141108,21.08612845110423,0.45584580302238464,24.78922938722304
bottle,2,blob,0.0081939697265625,mixed,3,classical_pipeline,classical,0.960538387298584,1.1220174259110391,-5.70435360624011,8.95493632396157,8.989934477184676,0.4065326154232025,24.78922938722304
bottle,2,blob,0.0081939697265625,mixed,3,nafnet,deep,0.9032989144325256,1.0001994691237417,0.20748744050919976,26.65465988012723,26.665420050158414,0.790043830871582,24.78922938722304
bottle,2,blob,0.0081939697265625,mixed,3,restormer,deep,0.9198207259178162,1.0200670744969111,0.18337159604064313,26.74563421506665,26.757507561973238,0.7827785015106201,24.78922938722304
bottle,2,blob,0.0081939697265625,mixed,4,identity,classical,0.9626381397247314,1.0,0.0,21.616300337171282,21.639340549575472,0.39358648657798767,21.639340549575472
bottle,2,blob,0.0081939697265625,mixed,4,gaussian,classical,0.9479175806045532,1.065695970724707,0.13931670489782488,23.084498211849652,23.11181371555959,0.6472883224487305,21.639340549575472
bottle,2,blob,0.0081939697265625,mixed,4,bilateral,classical,0.9617137312889099,0.998510177003184,0.07651398300634416,22.25820563491385,22.282964419666985,0.501885712146759,21.639340549575472
bottle,2,blob,0.0081939697265625,mixed,4,nlm,classical,0.9606608748435974,0.9974336525708452,-0.006596285292934878,21.65899030244544,21.68237252328352,0.40195393562316895,21.639340549575472
bottle,2,blob,0.0081939697265625,mixed,4,clahe,classical,1.0447213649749756,1.1181608959151823,-1.190507355721139,15.651597054458044,15.676787210929056,0.2020471841096878,21.639340549575472
bottle,2,blob,0.0081939697265625,mixed,4,msrcr,classical,1.6900098323822021,1.2427856453995072,-1.2545829340027992,15.4762985928962,15.488751324424586,0.3238651752471924,21.639340549575472
bottle,2,blob,0.0081939697265625,mixed,4,wiener,classical,0.8984920382499695,0.6236402071905843,-0.2303448467420146,19.695866362013383,19.69317008963428,0.31726929545402527,21.639340549575472
bottle,2,blob,0.0081939697265625,mixed,4,classical_pipeline,classical,0.9648195505142212,1.0872244327571996,-3.841602973213968,8.75481184664276,8.789714907104882,0.28719061613082886,21.639340549575472
bottle,2,blob,0.0081939697265625,mixed,4,nafnet,deep,0.4527687430381775,0.028718546292577207,-4.870184024158108,4.591173842867503,4.590729074499917,0.0026601895224303007,21.639340549575472
bottle,2,blob,0.0081939697265625,mixed,4,restormer,deep,0.8297185897827148,1.0061484208621505,0.15779221850126834,23.09708132444073,23.124977978740574,0.6271474361419678,21.639340549575472
bottle,3,texture,0.005035400390625,defocus,2,identity,classical,0.9150198698043823,1.0,0.0,34.046287462063205,33.88445706339201,0.9375231862068176,33.88445706339201
bottle,3,texture,0.005035400390625,defocus,2,gaussian,classical,0.887652575969696,0.9280723144500612,-0.3526089750159649,32.19733086570785,32.07171032005692,0.9138118624687195,33.88445706339201
bottle,3,texture,0.005035400390625,defocus,2,bilateral,classical,0.9193118214607239,1.0111746758498446,-0.10869730607611094,33.229258706672255,33.10524558736213,0.9125199317932129,33.88445706339201
bottle,3,texture,0.005035400390625,defocus,2,nlm,classical,0.9060416221618652,0.974073468032817,-0.1677627896342666,33.446268653975714,33.30488448248915,0.9299913048744202,33.88445706339201
bottle,3,texture,0.005035400390625,defocus,2,clahe,classical,1.061643362045288,1.1132749145186678,-2.9728936227245133,24.22698314532761,24.217287305376995,0.871467113494873,33.88445706339201
bottle,3,texture,0.005035400390625,defocus,2,msrcr,classical,0.6845049858093262,0.604367922435932,-6.135134538516725,21.903078196276784,21.902740941838402,0.8287713527679443,33.88445706339201
bottle,3,texture,0.005035400390625,defocus,2,wiener,classical,0.46404221653938293,0.06016922093794085,-8.660008987630183,14.337659444137552,14.328755784106955,0.48596981167793274,33.88445706339201
bottle,3,texture,0.005035400390625,defocus,2,classical_pipeline,classical,0.262523353099823,0.3614821860717577,-32.161580246134925,8.295216255279682,8.306882215440503,0.24061965942382812,33.88445706339201
bottle,3,texture,0.005035400390625,defocus,2,nafnet,deep,0.8916983008384705,0.9757931049215617,-0.34920510718143194,32.228848549506125,32.09875320799259,0.9126967787742615,33.88445706339201
bottle,3,texture,0.005035400390625,defocus,2,restormer,deep,0.9076360464096069,1.00014808450346,-0.25432776073982377,32.695097849278675,32.57458246481123,0.918285071849823,33.88445706339201
bottle,3,texture,0.005035400390625,defocus,3,identity,classical,0.8765609860420227,1.0,0.0,31.291164261866925,31.170935978942794,0.8942718505859375,31.170935978942794
bottle,3,texture,0.005035400390625,defocus,3,gaussian,classical,0.857905924320221,0.9452549351421796,-0.17396263192551564,30.280131750402752,30.18067283335439,0.8787166476249695,31.170935978942794
bottle,3,texture,0.005035400390625,defocus,3,bilateral,classical,0.8803446888923645,1.0138481592035185,-0.04257262297963438,30.99367440726338,30.88897183569236,0.8806309103965759,31.170935978942794
bottle,3,texture,0.005035400390625,defocus,3,nlm,classical,0.8670610785484314,0.974845443840076,-0.08942195439961598,31.018355818321766,30.90736236916897,0.8898910880088806,31.170935978942794
bottle,3,texture,0.005035400390625,defocus,3,clahe,classical,1.1664612293243408,1.3859006613710256,-1.6383867506512653,24.343664388338254,24.297836752553014,0.848844587802887,31.170935978942794
bottle,3,texture,0.005035400390625,defocus,3,msrcr,classical,0.6517634391784668,0.603311927116839,-3.592378948583481,22.16665995978409,22.157523459233595,0.8110780119895935,31.170935978942794
bottle,3,texture,0.005035400390625,defocus,3,wiener,classical,0.36063557863235474,0.35119430914090854,-6.224171718947167,13.47743136622158,13.471909021378352,0.5008665323257446,31.170935978942794
bottle,3,texture,0.005035400390625,defocus,3,classical_pipeline,classical,0.21634580194950104,0.004080761980567073,-21.307086659618395,8.208742966115967,8.220902933048066,0.27091872692108154,31.170935978942794
bottle,3,texture,0.005035400390625,defocus,3,nafnet,deep,0.8576104044914246,0.9765524909138363,-0.18372925198265389,30.21500289342765,30.113517854760016,0.8777180314064026,31.170935978942794
bottle,3,texture,0.005035400390625,defocus,3,restormer,deep,0.8749442100524902,1.0107148739234642,-0.12000125924429605,30.61243694231927,30.517037625524086,0.8831884860992432,31.170935978942794
bottle,3,texture,0.005035400390625,defocus,4,identity,classical,0.8212924003601074,1.0,0.0,28.168384895030396,28.092574917789165,0.8254629969596863,28.092574917789165
bottle,3,texture,0.005035400390625,defocus,4,gaussian,classical,0.8089590072631836,0.9547488777906139,-0.07834181247093985,27.618397268718084,27.552096521860076,0.8131929039955139,28.092574917789165
bottle,3,texture,0.005035400390625,defocus,4,bilateral,classical,0.822852611541748,1.0117985691791902,-0.032678101296873985,27.96669616766374,27.898422456482997,0.8147826194763184,28.092574917789165
bottle,3,texture,0.005035400390625,defocus,4,nlm,classical,0.8122440576553345,0.9716501104533166,-0.05290133228497562,28.032463399511087,27.961746000497826,0.8234279751777649,28.092574917789165
bottle,3,texture,0.005035400390625,defocus,4,clahe,classical,1.2672934532165527,1.8276656200295238,-0.7708128682490356,24.017200183052367,23.93102090730979,0.8143973350524902,28.092574917789165
bottle,3,texture,0.005035400390625,defocus,4,msrcr,classical,0.6061809062957764,0.6108261695970252,-1.8947198953550957,22.353294585268443,22.332667959250195,0.7821244597434998,28.092574917789165
bottle,3,texture,0.005035400390625,defocus,4,wiener,classical,0.17799705266952515,0.7717179256541277,-5.021409023663282,12.021740996445768,12.02198375893009,0.4669821262359619,28.092574917789165
bottle,3,texture,0.005035400390625,defocus,4,classical_pipeline,classical,0.1283891797065735,0.20599562767179902,-13.92046293714123,8.027528927643326,8.039868288794315,0.25705090165138245,28.092574917789165
bottle,3,texture,0.005035400390625,defocus,4,nafnet,deep,0.804478645324707,0.9642176443716765,-0.09347117054871679,27.48989363836038,27.422918343564746,0.8126364350318909,28.092574917789165
bottle,3,texture,0.005035400390625,defocus,4,restormer,deep,0.820196807384491,1.0062928110353715,-0.06534853417808595,27.73829162671067,27.67475053540606,0.8169336318969727,28.092574917789165
bottle,3,texture,0.005035400390625,noise,2,identity,classical,0.9003216028213501,1.0,0.0,25.14256398575823,25.12842475241313,0.5360516905784607,25.12842475241313
bottle,3,texture,0.005035400390625,noise,2,gaussian,classical,0.8327776789665222,0.8207400328295227,0.19396558120668594,30.07775659296985,30.03756856021798,0.8756024837493896,25.12842475241313
bottle,3,texture,0.005035400390625,noise,2,bilateral,classical,0.9172446727752686,1.0170481526540556,0.22518169321643844,28.997528426866637,28.976147067501728,0.7807163596153259,25.12842475241313
bottle,3,texture,0.005035400390625,noise,2,nlm,classical,0.8998967409133911,0.9648699114038249,0.04983736512820347,29.40273960287665,29.392238133342765,0.8642362952232361,25.12842475241313
bottle,3,texture,0.005035400390625,noise,2,clahe,classical,1.1753344535827637,1.4125748681618935,-2.4396907134333987,17.87099522095009,17.858122783818796,0.37980225682258606,25.12842475241313
bottle,3,texture,0.005035400390625,noise,2,msrcr,classical,0.5908129215240479,0.5892200932480991,-3.0016422879247315,16.93331679270325,16.942254435335673,0.42890772223472595,25.12842475241313
bottle,3,texture,0.005035400390625,noise,2,wiener,classical,0.7523465156555176,0.5284481882892449,-1.0769366273627812,20.30806723742638,20.288703406935515,0.34279870986938477,25.12842475241313
bottle,3,texture,0.005035400390625,noise,2,classical_pipeline,classical,0.40113383531570435,1.3854228897236016,-9.270512522445426,8.918991726613871,8.926003050017373,0.4455581605434418,25.12842475241313
bottle,3,texture,0.005035400390625,noise,2,nafnet,deep,0.8113439083099365,0.8264742144738528,0.20868358366132378,29.649968419401993,29.553244887149773,0.8980214595794678,25.12842475241313
bottle,3,texture,0.005035400390625,noise,2,restormer,deep,0.8632463216781616,0.9421879522423967,0.27512376244426084,31.201178351395775,31.15107737432161,0.8855028748512268,25.12842475241313
bottle,3,texture,0.005035400390625,noise,3,identity,classical,0.8730078935623169,1.0,0.0,22.459791407104476,22.44503017930848,0.4174986779689789,22.44503017930848
bottle,3,texture,0.005035400390625,noise,3,gaussian,classical,0.8071558475494385,0.82591129766263,0.26355422942007656,28.070275564398514,28.05526999728479,0.8220528960227966,22.44503017930848
bottle,3,texture,0.005035400390625,noise,3,bilateral,classical,0.8926910161972046,1.0242000966314377,0.1933732579868973,25.053173568836034,25.028467060334503,0.5799916386604309,22.44503017930848
bottle,3,texture,0.005035400390625,noise,3,nlm,classical,0.8668239116668701,0.9545073182739766,0.08895851624573425,27.01919245859965,27.0169115835245,0.795717716217041,22.44503017930848
bottle,3,texture,0.005035400390625,noise,3,clahe,classical,1.1347169876098633,1.454620774025276,-1.9324473937826037,16.396270624702222,16.385524973392272,0.3107239305973053,22.44503017930848
bottle,3,texture,0.005035400390625,noise,3,msrcr,classical,0.5449722409248352,0.5997463046741048,-2.509835770731559,15.272391679141279,15.281519002786002,0.34239187836647034,22.44503017930848
bottle,3,texture,0.005035400390625,noise,3,wiener,classical,0.7278938293457031,0.5257880739306102,-0.7170282938768082,19.231117236258555,19.21580796136,0.26241105794906616,22.44503017930848
bottle,3,texture,0.005035400390625,noise,3,classical_pipeline,classical,0.39533302187919617,1.3924554899126194,-6.570365846224944,8.750966250640197,8.758070568674345,0.38799819350242615,22.44503017930848
bottle,3,texture,0.005035400390625,noise,3,nafnet,deep,0.7668272852897644,0.7390566610420973,0.25515061069435896,27.67442141270471,27.60089397296124,0.8644382953643799,22.44503017930848
bottle,3,texture,0.005035400390625,noise,3,restormer,deep,0.8385578393936157,0.9360163997239159,0.32326416780083655,28.991499988559184,28.948550054837625,0.8270301222801208,22.44503017930848
bottle,3,texture,0.005035400390625,noise,4,identity,classical,0.833820641040802,1.0,0.0,20.326451099255532,20.311264135681405,0.32889044284820557,20.311264135681405
bottle,3,texture,0.005035400390625,noise,4,gaussian,classical,0.7696258425712585,0.8176068058960775,0.30945985124635245,26.365601043885455,26.357315381189167,0.7620249390602112,20.311264135681405
bottle,3,texture,0.005035400390625,noise,4,bilateral,classical,0.8529888987541199,1.0224585190072084,0.14564450511046823,21.98983758442058,21.965466683492085,0.4136489927768707,20.311264135681405
bottle,3,texture,0.005035400390625,noise,4,nlm,classical,0.7985071539878845,0.8925256337247917,0.10409338945811175,24.923075696663663,24.931437206368226,0.7187759280204773,20.311264135681405
bottle,3,texture,0.005035400390625,noise,4,clahe,classical,1.0640277862548828,1.5213328607692618,-1.6652381594165195,14.960358003125975,14.954893289793995,0.25442758202552795,20.311264135681405
bottle,3,texture,0.005035400390625,noise,4,msrcr,classical,0.49852991104125977,0.5712879273596456,-2.1394914919558317,13.966215542112135,13.975438202572475,0.27672362327575684,20.311264135681405
bottle,3,texture,0.005035400390625,noise,4,wiener,classical,0.6941419243812561,0.47296158071796995,-0.5089463753443806,18.09371582803131,18.079538554933386,0.2053304761648178,20.311264135681405
bottle,3,texture,0.005035400390625,noise,4,classical_pipeline,classical,0.3790101110935211,1.3947718617298765,-4.97208596744721,8.543036868314974,8.551050514049463,0.34136685729026794,20.311264135681405
bottle,3,texture,0.005035400390625,noise,4,nafnet,deep,0.6454901099205017,0.5358394826396863,0.259732456566505,25.18924782270483,25.097344801542377,0.7435933947563171,20.311264135681405
bottle,3,texture,0.005035400390625,noise,4,restormer,deep,0.7621291875839233,0.8389303193657022,0.332616493914766,27.37765186193487,27.329341020000967,0.7977442741394043,20.311264135681405
bottle,3,texture,0.005035400390625,mixed,2,identity,classical,0.9058636426925659,1.0,0.0,33.056752231189044,32.93437020642158,0.921774685382843,32.93437020642158
bottle,3,texture,0.005035400390625,mixed,2,gaussian,classical,0.8777955174446106,0.9226300738415619,-0.2668605088018343,31.70521618095291,31.595540643925084,0.9047994613647461,32.93437020642158
bottle,3,texture,0.005035400390625,mixed,2,bilateral,classical,0.910017192363739,1.014316387489207,-0.07705900281054201,32.685426454443785,32.583801806842075,0.9070979952812195,32.93437020642158
bottle,3,texture,0.005035400390625,mixed,2,nlm,classical,0.905828058719635,0.9927398883078893,0.017618696648033838,32.97570620620921,32.852113682143084,0.9226427674293518,32.93437020642158
bottle,3,texture,0.005035400390625,mixed,2,clahe,classical,1.0590096712112427,1.1664300276417772,-2.78195258803734,23.70126049101517,23.693477919384396,0.8513984084129333,32.93437020642158
bottle,3,texture,0.005035400390625,mixed,2,msrcr,classical,0.6712440848350525,0.5974672286546412,-5.186196852766936,21.683721391850213,21.68280750029238,0.8042581677436829,32.93437020642158
bottle,3,texture,0.005035400390625,mixed,2,wiener,classical,0.7959804534912109,0.632457170977345,-2.551690419926566,22.638774678181303,22.620358389488704,0.7324464917182922,32.93437020642158
bottle,3,texture,0.005035400390625,mixed,2,classical_pipeline,classical,0.39437735080718994,1.5176898658927316,-23.80187290676244,9.184799923476008,9.191674162413982,0.6452446579933167,32.93437020642158
bottle,3,texture,0.005035400390625,mixed,2,nafnet,deep,0.8790422081947327,0.9640212102510102,-0.2679311995501781,31.816632422607427,31.697062107024436,0.9074506163597107,32.93437020642158
bottle,3,texture,0.005035400390625,mixed,2,restormer,deep,0.8970800042152405,1.0018159616521414,-0.18333227800812013,32.23386912282824,32.12614413403843,0.9128310680389404,32.93437020642158
bottle,3,texture,0.005035400390625,mixed,3,identity,classical,0.7396568059921265,1.0,0.0,24.78998976600256,24.75411589622582,0.5634174942970276,24.75411589622582
bottle,3,texture,0.005035400390625,mixed,3,gaussian,classical,0.7230548858642578,0.9475080588500726,0.15096732205758445,26.49452739589735,26.46541392328528,0.7988367080688477,24.75411589622582
bottle,3,texture,0.005035400390625,mixed,3,bilateral,classical,0.7423611283302307,1.0040001811425048,0.10381958091764665,25.769752026424577,25.726823191453192,0.6990485191345215,24.75411589622582
bottle,3,texture,0.005035400390625,mixed,3,nlm,classical,0.73899245262146,0.9922619845754502,-0.0060424564359786714,25.055985483974716,25.01745625425402,0.6115301251411438,24.75411589622582
bottle,3,texture,0.005035400390625,mixed,3,clahe,classical,1.0124017000198364,1.7086051392842776,-1.574094962980479,17.31526388527484,17.304466092395884,0.3319699466228485,24.75411589622582
bottle,3,texture,0.005035400390625,mixed,3,msrcr,classical,0.4952394664287567,0.5538276089794169,-1.5757541220676679,17.51166007706932,17.50826011103507,0.4568377733230591,24.75411589622582
bottle,3,texture,0.005035400390625,mixed,3,wiener,classical,0.6539580821990967,0.5918109279378829,-0.4509845953487448,21.04741008111736,21.03558306795638,0.460071325302124,24.75411589622582
bottle,3,texture,0.005035400390625,mixed,3,classical_pipeline,classical,0.3229767382144928,1.693000922086154,-5.688593982503736,8.928212560194835,8.935919506923165,0.41110023856163025,24.75411589622582
bottle,3,texture,0.005035400390625,mixed,3,nafnet,deep,0.7278053164482117,1.0032135093365833,0.2101898570808245,26.860582062971446,26.813236369934422,0.8020197749137878,24.75411589622582
bottle,3,texture,0.005035400390625,mixed,3,restormer,deep,0.730798065662384,0.9912164323983695,0.1828308634124709,26.739892981095824,26.69887272994223,0.7911731600761414,24.75411589622582
bottle,3,texture,0.005035400390625,mixed,4,identity,classical,0.5791501998901367,1.0,0.0,19.0765342999485,19.05268725292143,0.21380774676799774,19.05268725292143
bottle,3,texture,0.005035400390625,mixed,4,gaussian,classical,0.5679396986961365,0.8794915894408293,0.17630260814558252,23.07913801694732,23.04940157682553,0.5964537858963013,19.05268725292143
bottle,3,texture,0.005035400390625,mixed,4,bilateral,classical,0.5947660207748413,1.074549589135541,0.1065205902271259,20.33958843794196,20.305796089938596,0.28566017746925354,19.05268725292143
bottle,3,texture,0.005035400390625,mixed,4,nlm,classical,0.5197123885154724,0.44017561221711105,0.09533773016493685,22.715539000421437,22.684579448809504,0.5730828642845154,19.05268725292143
bottle,3,texture,0.005035400390625,mixed,4,clahe,classical,0.9060297608375549,4.101334531822575,-1.216673868605568,14.533458945929725,14.531678728617097,0.15277256071567535,19.05268725292143
bottle,3,texture,0.005035400390625,mixed,4,msrcr,classical,0.3291948139667511,0.1388247280876538,-1.504170540282403,13.719461133345856,13.721146870847749,0.18648791313171387,19.05268725292143
bottle,3,texture,0.005035400390625,mixed,4,wiener,classical,0.5184081792831421,0.1292445710171169,-0.18749140017556187,18.082659225634224,18.066676545935984,0.1810600757598877,19.05268725292143
bottle,3,texture,0.005035400390625,mixed,4,classical_pipeline,classical,0.2375011146068573,3.243744494695019,-3.8110528826978447,8.406716077943537,8.417837440215358,0.2544115483760834,19.05268725292143
bottle,3,texture,0.005035400390625,mixed,4,nafnet,deep,0.40736380219459534,0.45382703474882213,0.2005192245291394,22.18032450699284,22.056782562680382,0.54091876745224,19.05268725292143
bottle,3,texture,0.005035400390625,mixed,4,restormer,deep,0.5185095071792603,0.42139537872248706,0.21458447054863605,23.4604508669941,23.3777968657474,0.6386538147926331,19.05268725292143
bottle,4,scratch,0.0060577392578125,defocus,2,identity,classical,0.8421359658241272,1.0,0.0,34.446795429791116,34.37074697088421,0.9417223334312439,34.37074697088421
bottle,4,scratch,0.0060577392578125,defocus,2,gaussian,classical,0.7692884206771851,0.8617634434653388,-0.3662169881002546,32.4254652978533,32.338095549690884,0.9160711169242859,34.37074697088421
bottle,4,scratch,0.0060577392578125,defocus,2,bilateral,classical,0.830435037612915,0.9694031626798182,-0.11795720770158824,33.504118362197744,33.43461321817895,0.9156543612480164,34.37074697088421
bottle,4,scratch,0.0060577392578125,defocus,2,nlm,classical,0.8453017473220825,0.9973854326868913,-0.16921237288325686,33.774125105966505,33.69790051486984,0.9346449971199036,34.37074697088421
bottle,4,scratch,0.0060577392578125,defocus,2,clahe,classical,1.3008179664611816,1.6802523408872367,-2.809968580314069,24.699373275904172,24.63385108917231,0.8835177421569824,34.37074697088421
bottle,4,scratch,0.0060577392578125,defocus,2,msrcr,classical,1.2891685962677002,1.7397620795171689,-5.979279189785478,22.306060913941824,22.28274856101831,0.8358654379844666,34.37074697088421
bottle,4,scratch,0.0060577392578125,defocus,2,wiener,classical,0.009871475398540497,0.3205406051712892,-8.430264639955395,14.723754696937586,14.71796822482877,0.5030279755592346,34.37074697088421
bottle,4,scratch,0.0060577392578125,defocus,2,classical_pipeline,classical,0.061351533979177475,0.6036191100928641,-33.22284424263496,8.233392607739324,8.248242392111045,0.2457413226366043,34.37074697088421
bottle,4,scratch,0.0060577392578125,defocus,2,nafnet,deep,0.799705982208252,0.9138446072382583,-0.34320819667665914,32.53503590599192,32.466419191787494,0.9162926077842712,34.37074697088421
bottle,4,scratch,0.0060577392578125,defocus,2,restormer,deep,0.7988094091415405,0.9030347322992203,-0.26943281939208275,32.93259442816674,32.849330453929134,0.9206447005271912,34.37074697088421
bottle,4,scratch,0.0060577392578125,defocus,3,identity,classical,0.7427284717559814,1.0,0.0,31.47873593420721,31.39066618525534,0.895129382610321,31.39066618525534
bottle,4,scratch,0.0060577392578125,defocus,3,gaussian,classical,0.6914708018302917,0.8754221155053203,-0.16985475861652088,30.425718605875076,30.33335997371914,0.8791623115539551,31.39066618525534
bottle,4,scratch,0.0060577392578125,defocus,3,bilateral,classical,0.7312284111976624,0.9605838267891974,-0.051426592852384045,31.073166911923416,30.98212023185652,0.8794646263122559,31.39066618525534
bottle,4,scratch,0.0060577392578125,defocus,3,nlm,classical,0.7413103580474854,0.9901458243404186,-0.09450157619686506,31.183380723373745,31.088824685269284,0.8909597992897034,31.39066618525534
bottle,4,scratch,0.0060577392578125,defocus,3,clahe,classical,1.246383547782898,1.791832509838234,-1.3852001750307816,25.035904277565514,24.98218601195515,0.8599588871002197,31.39066618525534
bottle,4,scratch,0.0060577392578125,defocus,3,msrcr,classical,1.154104471206665,1.8282370051720362,-3.394808997002664,22.552514546586757,22.538084320364852,0.8170579075813293,31.39066618525534
bottle,4,scratch,0.0060577392578125,defocus,3,wiener,classical,0.024208789691329002,0.18175658640192466,-5.912389735206811,13.883430793221097,13.881405647811981,0.5365755558013916,31.39066618525534
bottle,4,scratch,0.0060577392578125,defocus,3,classical_pipeline,classical,0.06766808032989502,0.25810974138406706,-21.638298364408307,8.177080383960964,8.191440675747684,0.2930563986301422,31.39066618525534
bottle,4,scratch,0.0060577392578125,defocus,3,nafnet,deep,0.7020773887634277,0.9023612702825154,-0.17038182202838592,30.417271646784258,30.332165115242184,0.8789628148078918,31.39066618525534
bottle,4,scratch,0.0060577392578125,defocus,3,restormer,deep,0.7082566022872925,0.9069800548181023,-0.11264991609823283,30.795692129333823,30.700041329650297,0.8835585713386536,31.39066618525534
bottle,4,scratch,0.0060577392578125,defocus,4,identity,classical,0.5868707895278931,1.0,0.0,28.259020073910897,28.163767303533838,0.8233882784843445,28.163767303533838
bottle,4,scratch,0.0060577392578125,defocus,4,gaussian,classical,0.5629096627235413,0.9036834000060681,-0.07477297808472616,27.7101246967036,27.618650002284177,0.8111856579780579,28.163767303533838
bottle,4,scratch,0.0060577392578125,defocus,4,bilateral,classical,0.5759947896003723,0.9414633777519891,-0.0342367584136698,28.016008270984265,27.91887188663346,0.811591625213623,28.163767303533838
bottle,4,scratch,0.0060577392578125,defocus,4,nlm,classical,0.581791341304779,0.9692762267442305,-0.05521717042562213,28.126456706555793,28.02359517446556,0.8219938278198242,28.163767303533838
bottle,4,scratch,0.0060577392578125,defocus,4,clahe,classical,1.0150517225265503,2.041934369756786,-0.5474318333553589,24.842626466453808,24.80117838648509,0.8247050642967224,28.163767303533838
bottle,4,scratch,0.0060577392578125,defocus,4,msrcr,classical,0.9223313927650452,2.034010219350696,-1.8160105586000586,22.585346258898387,22.581579738763743,0.7885589599609375,28.163767303533838
bottle,4,scratch,0.0060577392578125,defocus,4,wiener,classical,0.03538072854280472,0.24576694614964592,-4.936800805968561,12.244304265808656,12.250337871055683,0.46861132979393005,28.163767303533838
bottle,4,scratch,0.0060577392578125,defocus,4,classical_pipeline,classical,0.0896964967250824,0.7965332762845169,-14.2483292800346,7.9774636519105,7.992469765822109,0.2405633181333542,28.163767303533838
bottle,4,scratch,0.0060577392578125,defocus,4,nafnet,deep,0.5565963387489319,0.8875834588546235,-0.08718473945899197,27.59896074898736,27.50826278865205,0.8104460835456848,28.163767303533838
bottle,4,scratch,0.0060577392578125,defocus,4,restormer,deep,0.5654951930046082,0.908425114365009,-0.05698606203005907,27.879941461018866,27.783168708588875,0.8160554766654968,28.163767303533838
bottle,4,scratch,0.0060577392578125,noise,2,identity,classical,0.979699432849884,1.0,0.0,25.055787256198393,25.044850176478274,0.5325419306755066,25.044850176478274
bottle,4,scratch,0.0060577392578125,noise,2,gaussian,classical,0.8469728827476501,0.8101777849228683,0.1944553230384205,30.14354498566997,30.113494241472463,0.8772934079170227,25.044850176478274
bottle,4,scratch,0.0060577392578125,noise,2,bilateral,classical,0.9598349928855896,0.9621384705893163,0.2228262952479828,28.881357205251604,28.85410483823219,0.7762629389762878,25.044850176478274
bottle,4,scratch,0.0060577392578125,noise,2,nlm,classical,0.9787247776985168,0.9671056923176345,0.07307989450445196,29.59417975037767,29.555833920947446,0.8817121386528015,25.044850176478274
bottle,4,scratch,0.0060577392578125,noise,2,clahe,classical,1.2765158414840698,1.469639992992276,-2.3243495245613843,18.021985354922,18.01931962618086,0.3790135383605957,25.044850176478274
bottle,4,scratch,0.0060577392578125,noise,2,msrcr,classical,1.2588750123977661,1.5931296359818525,-2.7908569753563484,17.248057184778627,17.234345974045265,0.4313932955265045,25.044850176478274
bottle,4,scratch,0.0060577392578125,noise,2,wiener,classical,0.48936498165130615,0.28884808222031544,-1.0554622904743658,20.420977494646376,20.39115198892865,0.3387461006641388,25.044850176478274
bottle,4,scratch,0.0060577392578125,noise,2,classical_pipeline,classical,1.0657860040664673,2.182839171597121,-9.455967834790535,8.76560633580896,8.78340561392368,0.44212624430656433,25.044850176478274
bottle,4,scratch,0.0060577392578125,noise,2,nafnet,deep,0.7073793411254883,0.610972373331859,0.21109953778474733,29.80946399333824,29.76477770740277,0.899979829788208,25.044850176478274
bottle,4,scratch,0.0060577392578125,noise,2,restormer,deep,0.8991945385932922,0.8842228021828438,0.2761599135842162,31.182986025623777,31.163426599666618,0.8843894004821777,25.044850176478274
bottle,4,scratch,0.0060577392578125,noise,3,identity,classical,0.988962709903717,1.0,0.0,22.45165653003484,22.444004755538725,0.4176669418811798,22.444004755538725
bottle,4,scratch,0.0060577392578125,noise,3,gaussian,classical,0.8555780053138733,0.8252135839296119,0.2649140344764488,28.197250452437913,28.185313915579528,0.8265409469604492,22.444004755538725
bottle,4,scratch,0.0060577392578125,noise,3,bilateral,classical,0.9739211797714233,0.9748699324637876,0.19146836985102988,25.046393478583617,25.028744837051384,0.5813594460487366,22.444004755538725
bottle,4,scratch,0.0060577392578125,noise,3,nlm,classical,0.9906095266342163,0.9619126320726776,0.10424641361210607,27.234726988140594,27.212745191440966,0.8141420483589172,22.444004755538725
bottle,4,scratch,0.0060577392578125,noise,3,clahe,classical,1.25479257106781,1.476896891538954,-1.8712836799610968,16.537839558630154,16.53897913738549,0.3128124475479126,22.444004755538725
bottle,4,scratch,0.0060577392578125,noise,3,msrcr,classical,1.1629924774169922,1.5381963174105013,-2.3878518771040183,15.50894595116479,15.500411937510536,0.34713056683540344,22.444004755538725
bottle,4,scratch,0.0060577392578125,noise,3,wiener,classical,0.5005677342414856,0.33089769248734785,-0.7074486074312112,19.326367250911034,19.302422683156294,0.2603740990161896,22.444004755538725
bottle,4,scratch,0.0060577392578125,noise,3,classical_pipeline,classical,1.058890700340271,2.127784514683731,-6.766049045092107,8.606441173112719,8.623818330272297,0.3869049847126007,22.444004755538725
bottle,4,scratch,0.0060577392578125,noise,3,nafnet,deep,0.6458906531333923,0.5092973804194576,0.2602953333717686,27.812219126232314,27.78168986274306,0.8694327473640442,22.444004755538725
bottle,4,scratch,0.0060577392578125,noise,3,restormer,deep,0.9314270615577698,0.9162794215551254,0.3272202517176811,29.10155873343802,29.086000907798905,0.8319687843322754,22.444004755538725
bottle,4,scratch,0.0060577392578125,noise,4,identity,classical,0.9890813231468201,1.0,0.0,20.256360684077528,20.247116510449757,0.3272700607776642,20.247116510449757
bottle,4,scratch,0.0060577392578125,noise,4,gaussian,classical,0.8558102250099182,0.8362410251408902,0.3067810483504939,26.363841879088625,26.35531578628931,0.763071596622467,20.247116510449757
bottle,4,scratch,0.0060577392578125,noise,4,bilateral,classical,0.9787060618400574,0.9789695820137744,0.14271949513577842,21.896526797268677,21.88061282305877,0.4101445972919464,20.247116510449757
bottle,4,scratch,0.0060577392578125,noise,4,nlm,classical,0.9731467962265015,0.94292358236859,0.10950879858111673,24.975301776850696,24.960362058868935,0.734018862247467,20.247116510449757
bottle,4,scratch,0.0060577392578125,noise,4,clahe,classical,1.3005657196044922,1.4476037565592677,-1.6200150360656096,14.996037526797865,14.995920475073722,0.2549479901790619,20.247116510449757
bottle,4,scratch,0.0060577392578125,noise,4,msrcr,classical,1.0907584428787231,1.4898057528007387,-2.038365863631109,14.114820671673137,14.110436448810148,0.2795615494251251,20.247116510449757
bottle,4,scratch,0.0060577392578125,noise,4,wiener,classical,0.4940562844276428,0.22255368022739935,-0.49493871135176404,18.133076024832516,18.112649758004228,0.20381765067577362,20.247116510449757
bottle,4,scratch,0.0060577392578125,noise,4,classical_pipeline,classical,1.0653936862945557,2.1007725652281497,-5.067296091786724,8.402465879038077,8.419073008276271,0.3407352864742279,20.247116510449757
bottle,4,scratch,0.0060577392578125,noise,4,nafnet,deep,0.5215554237365723,0.43448169902250616,0.2438292002256186,24.93772892810352,24.915406933595662,0.7215157151222229,20.247116510449757
bottle,4,scratch,0.0060577392578125,noise,4,restormer,deep,0.9129987359046936,0.8593504110814094,0.3280608052907089,27.282738197902784,27.269117856718218,0.7966294288635254,20.247116510449757
bottle,4,scratch,0.0060577392578125,mixed,2,identity,classical,0.60769122838974,1.0,0.0,12.129582748162024,12.12765121708155,0.8351249694824219,12.12765121708155
bottle,4,scratch,0.0060577392578125,mixed,2,gaussian,classical,0.5345866084098816,0.8448357302032589,0.00025918701918070663,12.099947273185496,12.096238207483427,0.8048884272575378,12.12765121708155
bottle,4,scratch,0.0060577392578125,mixed,2,bilateral,classical,0.5807110667228699,0.9492895878288282,-0.0012159464037320156,12.117253733813943,12.114824246135122,0.8080365657806396,12.12765121708155
bottle,4,scratch,0.0060577392578125,mixed,2,nlm,classical,0.6099055409431458,1.0200536464042587,-0.007894928273356028,12.085267786977488,12.083470609872657,0.8333783745765686,12.12765121708155
bottle,4,scratch,0.0060577392578125,mixed,2,clahe,classical,1.0512665510177612,1.5926931074169863,0.31890759694452064,14.548904152304331,14.560688474304463,0.8531649708747864,12.12765121708155
bottle,4,scratch,0.0060577392578125,mixed,2,msrcr,classical,1.4495768547058105,1.6727897836171768,0.6326187750759376,20.813234006671873,20.789129981962606,0.7865330576896667,12.12765121708155
bottle,4,scratch,0.0060577392578125,mixed,2,wiener,classical,0.3422439694404602,0.3490534912811699,-0.019872015135457444,11.79802643753436,11.790112119596488,0.6306968331336975,12.12765121708155
bottle,4,scratch,0.0060577392578125,mixed,2,classical_pipeline,classical,0.6846838593482971,2.245906833310918,-0.5321288406400515,7.3341102112587775,7.3468001149373965,0.6732694506645203,12.12765121708155
bottle,4,scratch,0.0060577392578125,mixed,2,nafnet,deep,0.5666640400886536,0.9099746526492524,0.004363819325504559,12.121215725392371,12.11842616790353,0.8096367716789246,12.12765121708155
bottle,4,scratch,0.0060577392578125,mixed,2,restormer,deep,0.5680590867996216,0.907516011202188,0.002867912499172065,12.10927483975488,12.106777277337242,0.8167612552642822,12.12765121708155
bottle,4,scratch,0.0060577392578125,mixed,3,identity,classical,0.7462436556816101,1.0,0.0,30.983147237526723,30.893402091756247,0.884340763092041,30.893402091756247
bottle,4,scratch,0.0060577392578125,mixed,3,gaussian,classical,0.6922519207000732,0.8753796848522908,-0.15883443901944383,30.140993999396795,30.045321018969297,0.8727779388427734,30.893402091756247
bottle,4,scratch,0.0060577392578125,mixed,3,bilateral,classical,0.7342677712440491,0.9587170550351654,-0.043918349631479225,30.780533249963327,30.68661594213101,0.875861644744873,30.893402091756247
bottle,4,scratch,0.0060577392578125,mixed,3,nlm,classical,0.747953474521637,1.0085699074494783,-0.0706332072690774,30.945281508815636,30.853526621994686,0.8875024318695068,30.893402091756247
bottle,4,scratch,0.0060577392578125,mixed,3,clahe,classical,1.2487380504608154,1.8123002864454143,-1.4317763305128999,24.591068653271186,24.541144589514843,0.8420648574829102,30.893402091756247
bottle,4,scratch,0.0060577392578125,mixed,3,msrcr,classical,1.1515768766403198,1.8408869565442871,-3.4040960172371424,22.27657769599809,22.260029240760844,0.7932968139648438,30.893402091756247
bottle,4,scratch,0.0060577392578125,mixed,3,wiener,classical,0.4977691173553467,0.45545206880583156,-1.601183438831817,23.102390186187872,23.074838937214174,0.7394830584526062,30.893402091756247
bottle,4,scratch,0.0060577392578125,mixed,3,classical_pipeline,classical,0.8001359701156616,2.602617127863467,-18.59693996807434,9.013651658462557,9.032568023191637,0.6117822527885437,30.893402091756247
bottle,4,scratch,0.0060577392578125,mixed,3,nafnet,deep,0.7116846442222595,0.9169403768519857,-0.15628129068010432,30.20576242966902,30.119956615022097,0.8759194016456604,30.893402091756247
bottle,4,scratch,0.0060577392578125,mixed,3,restormer,deep,0.7134588956832886,0.9205512061693905,-0.09563765574091843,30.549963957814764,30.456113803564364,0.8807370662689209,30.893402091756247
bottle,4,scratch,0.0060577392578125,mixed,4,identity,classical,0.2585749626159668,1.0,0.0,7.553652555558472,7.554596239231813,0.14589032530784607,7.554596239231813
bottle,4,scratch,0.0060577392578125,mixed,4,gaussian,classical,0.2481367588043213,0.9274872793615512,0.00010594831798094173,7.692331356616119,7.693228426368291,0.3859052360057831,7.554596239231813
bottle,4,scratch,0.0060577392578125,mixed,4,bilateral,classical,0.2503044009208679,0.9241151040511896,-0.0018624175186976455,7.613956677171397,7.614759605263792,0.22970427572727203,7.554596239231813
bottle,4,scratch,0.0060577392578125,mixed,4,nlm,classical,0.2585490345954895,1.0004461189056992,-0.011241080744430088,7.518421681756273,7.51933909748924,0.15411658585071564,7.554596239231813
bottle,4,scratch,0.0060577392578125,mixed,4,clahe,classical,0.5276093482971191,1.3243446818164084,0.296844816138506,9.740103791647014,9.747114789245408,0.15375655889511108,7.554596239231813
bottle,4,scratch,0.0060577392578125,mixed,4,msrcr,classical,0.5091795921325684,1.7837470436883462,0.38444653636693915,11.75767620632582,11.76857862223529,0.10846950858831406,7.554596239231813
bottle,4,scratch,0.0060577392578125,mixed,4,wiener,classical,0.2058362513780594,0.23072882266896155,-0.006178111292265198,7.471827862649549,7.472268633590058,0.131045401096344,7.554596239231813
bottle,4,scratch,0.0060577392578125,mixed,4,classical_pipeline,classical,0.23915225267410278,2.4162813892369344,-0.14566560420070762,5.736848348865326,5.741678959432793,0.13018013536930084,7.554596239231813
bottle,4,scratch,0.0060577392578125,mixed,4,nafnet,deep,1.864458680152893,0.08000856083372719,-0.130627833267414,4.282276424254007,4.287813396407495,0.0035336047876626253,7.554596239231813
bottle,4,scratch,0.0060577392578125,mixed,4,restormer,deep,0.22303898632526398,0.7191859048387138,0.08960516354876757,8.394621360139533,8.395884334108944,0.5007298588752747,7.554596239231813
bottle,5,blob,0.017852783203125,defocus,2,identity,classical,0.9939306378364563,1.0,0.0,35.72881048254835,35.764780815932234,0.9520977139472961,35.764780815932234
bottle,5,blob,0.017852783203125,defocus,2,gaussian,classical,0.9888796210289001,1.0293356017347817,-0.38771826641618357,33.52976008145458,33.54347514686227,0.9287850260734558,35.764780815932234
bottle,5,blob,0.017852783203125,defocus,2,bilateral,classical,0.9838524460792542,1.035340663473333,-0.17692285147777742,34.476511705466656,34.53217138815284,0.923586905002594,35.764780815932234
bottle,5,blob,0.017852783203125,defocus,2,nlm,classical,0.9691075682640076,1.0023521626861538,-0.20083633739195061,34.924051544857434,34.954977040767695,0.94381183385849,35.764780815932234
bottle,5,blob,0.017852783203125,defocus,2,clahe,classical,2.039980411529541,0.2911691941418329,-3.6097759674610037,24.409036597976403,24.350937727169498,0.8782238364219666,35.764780815932234
bottle,5,blob,0.017852783203125,defocus,2,msrcr,classical,0.67398601770401,1.103456312832703,-7.200133415115188,22.145194522163845,22.17235732925577,0.832149088382721,35.764780815932234
bottle,5,blob,0.017852783203125,defocus,2,wiener,classical,0.741966187953949,0.991253694009642,-10.074050526567017,14.37429045470651,14.432483411012171,0.4987024962902069,35.764780815932234
bottle,5,blob,0.017852783203125,defocus,2,classical_pipeline,classical,0.3621758818626404,1.7267079240852254,-37.24966561566942,8.366799157212686,8.363733624117817,0.2425721138715744,35.764780815932234
bottle,5,blob,0.017852783203125,defocus,2,nafnet,deep,0.9711934328079224,1.053538682037108,-0.4114968893353963,33.40167678609545,33.40668255641855,0.9258172512054443,35.764780815932234
bottle,5,blob,0.017852783203125,defocus,2,restormer,deep,1.0096478462219238,1.0182408112561467,-0.27446137412898053,34.13403723575241,34.154940788188476,0.933074951171875,35.764780815932234
bottle,5,blob,0.017852783203125,defocus,3,identity,classical,0.987781822681427,1.0,0.0,32.575738730362374,32.588854692169264,0.9106931686401367,32.588854692169264
bottle,5,blob,0.017852783203125,defocus,3,gaussian,classical,0.9828728437423706,1.0243105914247834,-0.1833516206316923,31.40302123079042,31.40051893032076,0.8952641487121582,32.588854692169264
bottle,5,blob,0.017852783203125,defocus,3,bilateral,classical,0.9781848788261414,1.034956265205634,-0.0688769788930641,32.154890814751425,32.183788918016816,0.8932080268859863,32.588854692169264
bottle,5,blob,0.017852783203125,defocus,3,nlm,classical,0.9669113755226135,0.9985907542824878,-0.10546530051121472,32.22018090948893,32.23298510463661,0.9051542282104492,32.588854692169264
bottle,5,blob,0.017852783203125,defocus,3,clahe,classical,1.9617451429367065,0.159106732566974,-1.9471137364381774,24.541069212934357,24.469154561670138,0.8600268363952637,32.588854692169264
bottle,5,blob,0.017852783203125,defocus,3,msrcr,classical,0.6903526782989502,1.1314061734528655,-4.12175871776251,22.410961103521796,22.44167324382174,0.8188660144805908,32.588854692169264
bottle,5,blob,0.017852783203125,defocus,3,wiener,classical,0.6437274217605591,1.016549057977232,-7.112892884695002,13.435641458496871,13.492343893499568,0.515381932258606,32.588854692169264
bottle,5,blob,0.017852783203125,defocus,3,classical_pipeline,classical,0.32528647780418396,1.7793171199871574,-24.009053456978094,8.272454398124804,8.27356622247645,0.2706558406352997,32.588854692169264
bottle,5,blob,0.017852783203125,defocus,3,nafnet,deep,0.9662128686904907,1.0541715852885576,-0.20890776188353888,31.224405207479414,31.21670118634406,0.8926927447319031,32.588854692169264
bottle,5,blob,0.017852783203125,defocus,3,restormer,deep,1.002494215965271,1.0153426405422685,-0.11755603265922954,31.846327872340833,31.849403389407783,0.8998405933380127,32.588854692169264
bottle,5,blob,0.017852783203125,defocus,4,identity,classical,0.9743726253509521,1.0,0.0,29.113995113073805,29.09625299549421,0.8437573313713074,29.09625299549421
bottle,5,blob,0.017852783203125,defocus,4,gaussian,classical,0.9697609543800354,1.0160255790108979,-0.08276937392187067,28.49919728583484,28.475068393483497,0.8312212824821472,29.09625299549421
bottle,5,blob,0.017852783203125,defocus,4,bilateral,classical,0.9656702876091003,1.032631292190978,-0.040244555188013065,28.91346351011585,28.90617556825537,0.8306765556335449,29.09625299549421
bottle,5,blob,0.017852783203125,defocus,4,nlm,classical,0.9528759717941284,0.9982578974062757,-0.061632604075971154,28.935346006158827,28.920607546679765,0.8400656580924988,29.09625299549421
bottle,5,blob,0.017852783203125,defocus,4,clahe,classical,1.9662035703659058,0.08854957552491173,-0.915159040496796,24.321093358078024,24.225327144899865,0.8318362236022949,29.09625299549421
bottle,5,blob,0.017852783203125,defocus,4,msrcr,classical,0.6977428197860718,1.2035205546490677,-2.1499559852975314,22.61675940401975,22.656648202727673,0.795126736164093,29.09625299549421
bottle,5,blob,0.017852783203125,defocus,4,wiener,classical,0.4435952603816986,1.0956920221027395,-5.712008060931658,11.93474928878661,11.991601348143725,0.4829586446285248,29.09625299549421
bottle,5,blob,0.017852783203125,defocus,4,classical_pipeline,classical,0.247406005859375,1.9728931783232535,-15.418216028429441,8.086958668324716,8.096770664060028,0.2645246684551239,29.09625299549421
bottle,5,blob,0.017852783203125,defocus,4,nafnet,deep,0.955024242401123,1.0499333120957488,-0.10736914016408439,28.290876669916777,28.26564320347473,0.8284826278686523,29.09625299549421
bottle,5,blob,0.017852783203125,defocus,4,restormer,deep,0.9877891540527344,1.0102005170690675,-0.0627509064028362,28.688445791969876,28.66653816114961,0.836341381072998,29.09625299549421
bottle,5,blob,0.017852783203125,noise,2,identity,classical,0.7182623744010925,1.0,0.0,25.210287062077583,25.158944567120635,0.5221793055534363,25.158944567120635
bottle,5,blob,0.017852783203125,noise,2,gaussian,classical,0.7137582302093506,1.0444999416973375,0.23613497878290368,30.607393176213485,30.621382217711293,0.883083164691925,25.158944567120635
bottle,5,blob,0.017852783203125,noise,2,bilateral,classical,0.7454367280006409,1.0132279103219728,0.23504767264676818,29.1670303044126,29.085714584028306,0.771650493144989,25.158944567120635
bottle,5,blob,0.017852783203125,noise,2,nlm,classical,0.6682863831520081,1.160295981603535,0.08284976699928248,29.81700944993468,29.854863736423532,0.8749990463256836,25.158944567120635
bottle,5,blob,0.017852783203125,noise,2,clahe,classical,1.1794577836990356,0.15240883809903616,-2.510386716551873,17.811415237299638,17.804307316775304,0.362263947725296,25.158944567120635
bottle,5,blob,0.017852783203125,noise,2,msrcr,classical,0.5152256488800049,0.9358182486385775,-3.03958738899697,16.957083647060653,17.01358524174446,0.4106561243534088,25.158944567120635
bottle,5,blob,0.017852783203125,noise,2,wiener,classical,0.6973557472229004,0.9738537838743999,-0.9999963345271261,20.66057751684776,20.684541960620592,0.35147950053215027,25.158944567120635
bottle,5,blob,0.017852783203125,noise,2,classical_pipeline,classical,0.3546019494533539,1.6222421971603285,-9.309113133903884,8.947605937652758,8.921555593634652,0.4294973909854889,25.158944567120635
bottle,5,blob,0.017852783203125,noise,2,nafnet,deep,0.551278293132782,1.2613280177315935,0.24593504345030393,30.420979444312948,30.40200806708828,0.9085588455200195,25.158944567120635
bottle,5,blob,0.017852783203125,noise,2,restormer,deep,0.6539051532745361,1.0844051911805925,0.2938794991300494,31.582214097910487,31.54652973862099,0.8904427886009216,25.158944567120635
bottle,5,blob,0.017852783203125,noise,3,identity,classical,0.6805869340896606,1.0,0.0,22.551624284580814,22.512294034022332,0.4020521640777588,22.512294034022332
bottle,5,blob,0.017852783203125,noise,3,gaussian,classical,0.677284300327301,1.033381284715524,0.2946941901544651,28.478298120464693,28.486431487655537,0.8279614448547363,22.512294034022332
bottle,5,blob,0.017852783203125,noise,3,bilateral,classical,0.7104030251502991,0.9880479987643712,0.2034378916423838,25.243918272283544,25.175363860643287,0.5708196759223938,22.512294034022332
bottle,5,blob,0.017852783203125,noise,3,nlm,classical,0.6321904063224792,1.167756149145567,0.10511998762216668,27.28832742657563,27.329828167652526,0.7944252490997314,22.512294034022332
bottle,5,blob,0.017852783203125,noise,3,clahe,classical,1.1354856491088867,0.2655112029628016,-1.9998100002578716,16.372293955231783,16.36059634376141,0.2922687828540802,22.512294034022332
bottle,5,blob,0.017852783203125,noise,3,msrcr,classical,0.47215092182159424,0.9311843822178983,-2.599442584904201,15.204429070990745,15.262858158015643,0.3246888518333435,22.512294034022332
bottle,5,blob,0.017852783203125,noise,3,wiener,classical,0.6625244617462158,0.9168672717432673,-0.665017148456639,19.527048312361284,19.5376025637128,0.26712289452552795,22.512294034022332
bottle,5,blob,0.017852783203125,noise,3,classical_pipeline,classical,0.33100584149360657,1.5908704075821334,-6.612086954279378,8.778188239867339,8.754491209734418,0.3692011833190918,22.512294034022332
bottle,5,blob,0.017852783203125,noise,3,nafnet,deep,0.43511778116226196,1.3623318432560543,0.2792930194177261,28.254261184756423,28.224172964292723,0.8708711266517639,22.512294034022332
bottle,5,blob,0.017852783203125,noise,3,restormer,deep,0.6017282009124756,1.0919042775340466,0.3259597204672632,29.3426350520011,29.330186885269207,0.8396394848823547,22.512294034022332
bottle,5,blob,0.017852783203125,noise,4,identity,classical,0.6549885869026184,1.0,0.0,20.380713271087735,20.350254405798726,0.31085067987442017,20.350254405798726
bottle,5,blob,0.017852783203125,noise,4,gaussian,classical,0.6514646410942078,1.0496761085572361,0.3327406548655012,26.683380927721995,26.685421502262933,0.7658202052116394,20.350254405798726
bottle,5,blob,0.017852783203125,noise,4,bilateral,classical,0.6831504702568054,0.9916510229630559,0.15343427996317582,22.091271195399177,22.044933475784827,0.3980886936187744,20.350254405798726
bottle,5,blob,0.017852783203125,noise,4,nlm,classical,0.5995619297027588,1.1911624083947951,0.12127990578871806,25.2129829602821,25.255278135477738,0.7219435572624207,20.350254405798726
bottle,5,blob,0.017852783203125,noise,4,clahe,classical,1.0963845252990723,0.21618549594250336,-1.7215358007854475,14.905803577329635,14.895213962937245,0.23514963686466217,20.350254405798726
bottle,5,blob,0.017852783203125,noise,4,msrcr,classical,0.44667723774909973,0.8933301953680198,-2.2217130256324196,13.881873087782406,13.9399994037293,0.2590789794921875,20.350254405798726
bottle,5,blob,0.017852783203125,noise,4,wiener,classical,0.6380344033241272,0.9023660434933864,-0.46555416079734946,18.3210666122571,18.32631072827,0.20613859593868256,20.350254405798726
bottle,5,blob,0.017852783203125,noise,4,classical_pipeline,classical,0.3269438147544861,1.5606657652235636,-4.993708638493622,8.57050203345718,8.550455338967975,0.32271280884742737,20.350254405798726
bottle,5,blob,0.017852783203125,noise,4,nafnet,deep,0.3650168776512146,1.4567301294482884,0.2633408515248008,25.123426672537533,25.079041523170382,0.6919061541557312,20.350254405798726
bottle,5,blob,0.017852783203125,noise,4,restormer,deep,0.5509936213493347,1.1701938696254022,0.33751190139193443,27.537375269511138,27.524800896804184,0.7997013926506042,20.350254405798726
bottle,5,blob,0.017852783203125,mixed,2,identity,classical,0.7337245941162109,1.0,0.0,27.195583606164547,27.174651828888287,0.6713559627532959,27.174651828888287
bottle,5,blob,0.017852783203125,mixed,2,gaussian,classical,0.7103488445281982,1.0335404791379792,0.14247524213261398,28.82058542122571,28.848859678675574,0.864386796951294,27.174651828888287
bottle,5,blob,0.017852783203125,mixed,2,bilateral,classical,0.721541702747345,1.0180355818488822,0.12003875020392363,28.373085862342812,28.36476836602676,0.8049430847167969,27.174651828888287
bottle,5,blob,0.017852783203125,mixed,2,nlm,classical,0.7591865062713623,1.0073054550016143,0.0072597739624056246,27.84986774778901,27.820096650678607,0.7635009288787842,27.174651828888287
bottle,5,blob,0.017852783203125,mixed,2,clahe,classical,1.2132586240768433,0.21804257585956238,-1.910464042556253,18.795442409803005,18.779271337435695,0.39958974719047546,27.174651828888287
bottle,5,blob,0.017852783203125,mixed,2,msrcr,classical,0.5621747970581055,0.957185637455256,-2.0040694878390455,18.853588695919488,18.906523874428864,0.529360830783844,27.174651828888287
bottle,5,blob,0.017852783203125,mixed,2,wiener,classical,0.7252334356307983,0.9255452801976953,-0.6545261220537923,22.08102682941645,22.114469154403075,0.5510085225105286,27.174651828888287
bottle,5,blob,0.017852783203125,mixed,2,classical_pipeline,classical,0.3953697979450226,1.6001030600335333,-7.844364417787961,9.066202059912728,9.037400298376411,0.4771301746368408,27.174651828888287
bottle,5,blob,0.017852783203125,mixed,2,nafnet,deep,0.90137779712677,1.140891058995031,0.16204675439417193,27.07346550198736,26.763428115264126,0.8148350715637207,27.174651828888287
bottle,5,blob,0.017852783203125,mixed,2,restormer,deep,0.686537504196167,1.011033137326279,0.1868163699697334,29.26118420711329,29.279665927944166,0.8680621981620789,27.174651828888287
bottle,5,blob,0.017852783203125,mixed,3,identity,classical,0.9943878650665283,1.0,0.0,28.998097609953657,29.028867585120945,0.8506047129631042,29.028867585120945
bottle,5,blob,0.017852783203125,mixed,3,gaussian,classical,0.9895198941230774,1.0220772392592443,-0.0860073146217275,28.55306742671971,28.574260494980734,0.8428853154182434,29.028867585120945
bottle,5,blob,0.017852783203125,mixed,3,bilateral,classical,0.9858247637748718,1.0334589769085474,-0.03791715870300294,28.91289743848871,28.95135525170516,0.8434305787086487,29.028867585120945
bottle,5,blob,0.017852783203125,mixed,3,nlm,classical,0.9543455839157104,1.0083202240244853,-0.05480913236424989,28.97755158854916,29.009697404712696,0.8537221550941467,29.028867585120945
bottle,5,blob,0.017852783203125,mixed,3,clahe,classical,2.0825493335723877,0.07179307328558004,-1.2346657698548071,23.993085368842845,23.910173671532313,0.8071961402893066,29.028867585120945
bottle,5,blob,0.017852783203125,mixed,3,msrcr,classical,0.690643310546875,1.146418159914387,-2.701281396376829,22.03835679542241,22.073839087499767,0.7636443972587585,29.028867585120945
bottle,5,blob,0.017852783203125,mixed,3,wiener,classical,0.690451443195343,0.9722008556938131,-4.8453988923184586,13.393179273650988,13.448446212057155,0.4739267826080322,29.028867585120945
bottle,5,blob,0.017852783203125,mixed,3,classical_pipeline,classical,0.34981009364128113,1.690357481918884,-16.672384266896646,8.22640740391218,8.228195579283504,0.24605824053287506,29.028867585120945
bottle,5,blob,0.017852783203125,mixed,3,nafnet,deep,0.969774067401886,1.061871380190871,-0.09757414939815523,28.40715261375081,28.424833893482038,0.8432876467704773,29.028867585120945
bottle,5,blob,0.017852783203125,mixed,3,restormer,deep,1.0071403980255127,1.0141424515629422,-0.06158957354303096,28.700180253613468,28.72478118766114,0.8484888672828674,29.028867585120945
bottle,5,blob,0.017852783203125,mixed,4,identity,classical,0.6537113785743713,1.0,0.0,19.716766374186864,19.687154376453652,0.22931505739688873,19.687154376453652
bottle,5,blob,0.017852783203125,mixed,4,gaussian,classical,0.6505475044250488,1.035690224585228,0.20921169326382028,24.664034739936405,24.653164848967897,0.6498238444328308,19.687154376453652
bottle,5,blob,0.017852783203125,mixed,4,bilateral,classical,0.6814826726913452,0.9912285989229428,0.12662066853896992,21.22055554002629,21.176464334741723,0.30840176343917847,19.687154376453652
bottle,5,blob,0.017852783203125,mixed,4,nlm,classical,0.6090565323829651,1.1712660504079588,0.09546815732237657,23.89303172807741,23.919301098936092,0.6069462895393372,19.687154376453652
bottle,5,blob,0.017852783203125,mixed,4,clahe,classical,1.1030884981155396,0.4489691885336245,-1.4261094063790938,14.695536323094016,14.681007110530913,0.1668037623167038,19.687154376453652
bottle,5,blob,0.017852783203125,mixed,4,msrcr,classical,0.4201781749725342,1.0796597521781897,-1.7688498226794684,13.860907618092046,13.912354360601565,0.19884522259235382,19.687154376453652
bottle,5,blob,0.017852783203125,mixed,4,wiener,classical,0.24828940629959106,0.8826983351404651,-2.4872647071571703,10.104266465494687,10.141556330986905,0.03388858214020729,19.687154376453652
bottle,5,blob,0.017852783203125,mixed,4,classical_pipeline,classical,0.1664164811372757,1.610604354431733,-5.175476198149998,7.309799935567732,7.325170463015963,0.08932685852050781,19.687154376453652
bottle,5,blob,0.017852783203125,mixed,4,nafnet,deep,0.4201730787754059,1.3682687658680837,0.17560873010492528,22.8385126540634,22.800910441392226,0.5339972376823425,19.687154376453652
bottle,5,blob,0.017852783203125,mixed,4,restormer,deep,0.544762134552002,1.1646605063541995,0.23789027465511126,25.117978922031277,25.09939202966667,0.6875545978546143,19.687154376453652
bottle,6,texture,0.0126495361328125,defocus,2,identity,classical,0.9358956217765808,1.0,0.0,34.60576577178866,34.414332919840625,0.9323363900184631,34.414332919840625
bottle,6,texture,0.0126495361328125,defocus,2,gaussian,classical,0.9154091477394104,1.0362165181861087,-0.3547083344976414,32.55832447345454,32.41957937958344,0.9085066914558411,34.414332919840625
bottle,6,texture,0.0126495361328125,defocus,2,bilateral,classical,0.9262717366218567,1.0337284530962454,-0.11018709370943447,33.73838307418831,33.56145938778622,0.907505214214325,34.414332919840625
bottle,6,texture,0.0126495361328125,defocus,2,nlm,classical,0.9194502830505371,1.019131804569047,-0.17418965434024392,33.93868067087044,33.739162460493446,0.9232423305511475,34.414332919840625
bottle,6,texture,0.0126495361328125,defocus,2,clahe,classical,1.467902421951294,0.32049026499020206,-3.112675478149538,24.480336058978516,24.44383875280036,0.8706724047660828,34.414332919840625
bottle,6,texture,0.0126495361328125,defocus,2,msrcr,classical,0.5706690549850464,1.4640511294197254,-6.375373539640242,21.888085668854636,21.92475871925432,0.8337500095367432,34.414332919840625
bottle,6,texture,0.0126495361328125,defocus,2,wiener,classical,0.6139175295829773,1.790707316737679,-8.89227527797324,14.299846227598263,14.340331776079008,0.49552807211875916,34.414332919840625
bottle,6,texture,0.0126495361328125,defocus,2,classical_pipeline,classical,0.3608695864677429,2.5332548249101494,-32.67279914035966,8.380435925257565,8.393409715494398,0.2581245005130768,34.414332919840625
bottle,6,texture,0.0126495361328125,defocus,2,nafnet,deep,0.9219068288803101,0.9543815433077638,-0.34121696011461866,32.623713271689596,32.498729079624596,0.9079499244689941,34.414332919840625
bottle,6,texture,0.0126495361328125,defocus,2,restormer,deep,0.9266492128372192,0.9874089457759012,-0.23225500631266627,33.22479793117753,33.08173885480017,0.9135985374450684,34.414332919840625
bottle,6,texture,0.0126495361328125,defocus,3,identity,classical,0.90753173828125,1.0,0.0,31.6319000054327,31.501014210655157,0.8877463936805725,31.501014210655157
bottle,6,texture,0.0126495361328125,defocus,3,gaussian,classical,0.8932120203971863,1.0188564451592614,-0.17168746124957845,30.517030506706348,30.411816769035127,0.8739303946495056,31.501014210655157
bottle,6,texture,0.0126495361328125,defocus,3,bilateral,classical,0.897465705871582,1.038432254476767,-0.04197671785238044,31.31678884595032,31.18965057012116,0.8765156865119934,31.501014210655157
bottle,6,texture,0.0126495361328125,defocus,3,nlm,classical,0.8924715518951416,1.0074363476522619,-0.09705039470162546,31.317765277233796,31.181112613469217,0.8827763199806213,31.501014210655157
bottle,6,texture,0.0126495361328125,defocus,3,clahe,classical,1.5632500648498535,0.22521103008264043,-1.6586056564730627,24.680777862339763,24.595752034682246,0.841709315776825,31.501014210655157
bottle,6,texture,0.0126495361328125,defocus,3,msrcr,classical,0.5530155301094055,1.4219848804404513,-3.7559070914663515,22.121580137055894,22.15367711627413,0.8093841671943665,31.501014210655157
bottle,6,texture,0.0126495361328125,defocus,3,wiener,classical,0.5377506017684937,1.6944120483757623,-6.354618948985629,13.471739170091773,13.515373949766396,0.512507975101471,31.501014210655157
bottle,6,texture,0.0126495361328125,defocus,3,classical_pipeline,classical,0.32642319798469543,2.278296759272127,-21.580744689863312,8.284079782544783,8.300207115261417,0.28749096393585205,31.501014210655157
bottle,6,texture,0.0126495361328125,defocus,3,nafnet,deep,0.8979682922363281,0.950273268651108,-0.17554115585862506,30.4639840686756,30.370518887196884,0.8737598061561584,31.501014210655157
bottle,6,texture,0.0126495361328125,defocus,3,restormer,deep,0.9065722227096558,0.9776432474641155,-0.10247560558660829,30.976388676909657,30.86988819088829,0.8794271349906921,31.501014210655157
bottle,6,texture,0.0126495361328125,defocus,4,identity,classical,0.8646976351737976,1.0,0.0,28.294629370960052,28.21842076978829,0.823589026927948,28.21842076978829
bottle,6,texture,0.0126495361328125,defocus,4,gaussian,classical,0.8548312783241272,1.0048118504173886,-0.07756427159330936,27.722533998334736,27.656824851219216,0.8122562766075134,28.21842076978829
bottle,6,texture,0.0126495361328125,defocus,4,bilateral,classical,0.8542645573616028,1.0384104191297976,-0.03000868611265428,28.114913694848454,28.044163183812238,0.8158609867095947,28.21842076978829
bottle,6,texture,0.0126495361328125,defocus,4,nlm,classical,0.8481081128120422,0.9947600691047133,-0.05780548042945499,28.148325201005676,28.07189657627088,0.8219863772392273,28.21842076978829
bottle,6,texture,0.0126495361328125,defocus,4,clahe,classical,1.4893337488174438,0.3154573803794805,-0.7910514003536488,24.216250034130837,24.13535068473035,0.805770218372345,28.21842076978829
bottle,6,texture,0.0126495361328125,defocus,4,msrcr,classical,0.5266314148902893,1.3865796667521801,-2.0604178358606724,22.184623262894576,22.211603138110306,0.7792474627494812,28.21842076978829
bottle,6,texture,0.0126495361328125,defocus,4,wiener,classical,0.3910987675189972,1.6467517879545956,-5.271560172481379,11.987876236225553,12.034162993954705,0.4631737470626831,28.21842076978829
bottle,6,texture,0.0126495361328125,defocus,4,classical_pipeline,classical,0.2595699727535248,2.0821271883561288,-14.26960227192609,8.06554467211422,8.087016156993435,0.25697091221809387,28.21842076978829
bottle,6,texture,0.0126495361328125,defocus,4,nafnet,deep,0.8588353395462036,0.9495244867679503,-0.0920065202248237,27.57444939241775,27.518719786348097,0.8117348551750183,28.21842076978829
bottle,6,texture,0.0126495361328125,defocus,4,restormer,deep,0.8671098351478577,0.9779974846935565,-0.05999551593535046,27.8854609463964,27.822107306763368,0.8169598579406738,28.21842076978829
bottle,6,texture,0.0126495361328125,noise,2,identity,classical,0.7483675479888916,1.0,0.0,25.096063771517798,25.04293602896309,0.5220177173614502,25.04293602896309
bottle,6,texture,0.0126495361328125,noise,2,gaussian,classical,0.7036157250404358,1.0957050418834189,0.20961799546463322,30.27450647709327,30.224467498282095,0.869169294834137,25.04293602896309
bottle,6,texture,0.0126495361328125,noise,2,bilateral,classical,0.7720816135406494,0.9963625290332473,0.23422732821655856,28.998866808012295,28.890234197938103,0.77056884765625,25.04293602896309
bottle,6,texture,0.0126495361328125,noise,2,nlm,classical,0.6267315149307251,1.2485648658025021,0.10382914302291912,29.812581321896488,29.755337723641215,0.8817115426063538,25.04293602896309
bottle,6,texture,0.0126495361328125,noise,2,clahe,classical,1.4162575006484985,0.09670388728203337,-2.3967948443975606,17.878677276782593,17.836684326811444,0.369873970746994,25.04293602896309
bottle,6,texture,0.0126495361328125,noise,2,msrcr,classical,0.4172612428665161,1.3424423028086516,-2.91153574841179,17.06533239631284,17.108584505330267,0.4204696714878082,25.04293602896309
bottle,6,texture,0.0126495361328125,noise,2,wiener,classical,0.661944568157196,1.2755346536904375,-1.0313770641711386,20.366962118624137,20.358674467173724,0.3397982120513916,25.04293602896309
bottle,6,texture,0.0126495361328125,noise,2,classical_pipeline,classical,0.42242300510406494,1.7236170448545638,-9.041480699267197,9.054308622315911,9.054135033218492,0.4409236013889313,25.04293602896309
bottle,6,texture,0.0126495361328125,noise,2,nafnet,deep,0.6416395902633667,1.222316047496318,0.23485406417759747,29.909829345782946,29.821468784743743,0.8908726572990417,25.04293602896309
bottle,6,texture,0.0126495361328125,noise,2,restormer,deep,0.6675068736076355,1.1164433159584966,0.2873541435417062,31.224562383279935,31.11226633043408,0.8739736676216125,25.04293602896309
bottle,6,texture,0.0126495361328125,noise,3,identity,classical,0.7017348408699036,1.0,0.0,22.44867331437237,22.40866451432649,0.4052528440952301,22.40866451432649
bottle,6,texture,0.0126495361328125,noise,3,gaussian,classical,0.6599518060684204,1.1085398099092256,0.2740552842909879,28.218090692892858,28.193579590014973,0.814507782459259,22.40866451432649
bottle,6,texture,0.0126495361328125,noise,3,bilateral,classical,0.7275652885437012,0.9943942082118892,0.19692141887694548,25.078847775771493,25.0042994272084,0.5673031806945801,22.40866451432649
bottle,6,texture,0.0126495361328125,noise,3,nlm,classical,0.548837423324585,1.2985453951711947,0.14043173737781844,27.51138133882641,27.484230275789805,0.8147421479225159,22.40866451432649
bottle,6,texture,0.0126495361328125,noise,3,clahe,classical,1.3492236137390137,0.21831572597565085,-1.9500437657103626,16.366378490748296,16.33211998942134,0.301176518201828,22.40866451432649
bottle,6,texture,0.0126495361328125,noise,3,msrcr,classical,0.3748975694179535,1.2951105837740369,-2.423651772837502,15.450976948797022,15.49508843827066,0.3352836072444916,22.40866451432649
bottle,6,texture,0.0126495361328125,noise,3,wiener,classical,0.6211840510368347,1.2775327417036026,-0.6922642880401813,19.286886170239164,19.27762224323363,0.2589336335659027,22.40866451432649
bottle,6,texture,0.0126495361328125,noise,3,classical_pipeline,classical,0.38633212447166443,1.6934049971114353,-6.461253159016358,8.888160443763539,8.889467196419496,0.38491877913475037,22.40866451432649
bottle,6,texture,0.0126495361328125,noise,3,nafnet,deep,0.536494255065918,1.3208751228671294,0.2804565694743856,28.057629830279414,27.979057595722647,0.8656160235404968,22.40866451432649
bottle,6,texture,0.0126495361328125,noise,3,restormer,deep,0.6078556180000305,1.1361899265358655,0.3197504691928952,29.100104084628388,29.023894163365583,0.8216279149055481,22.40866451432649
bottle,6,texture,0.0126495361328125,noise,4,identity,classical,0.6533154845237732,1.0,0.0,20.28628855542359,20.256706093086365,0.3157865107059479,20.256706093086365
bottle,6,texture,0.0126495361328125,noise,4,gaussian,classical,0.614050030708313,1.0955883718294563,0.31472621406943657,26.487230147582963,26.477571041885014,0.7514134049415588,20.256706093086365
bottle,6,texture,0.0126495361328125,noise,4,bilateral,classical,0.678436815738678,0.9971700407772811,0.14786488249213092,21.953351669638185,21.90518819807485,0.3972291648387909,20.256706093086365
bottle,6,texture,0.0126495361328125,noise,4,nlm,classical,0.4811704754829407,1.3500331540086714,0.1412002218140228,25.26630059578231,25.26589671726225,0.7289314270019531,20.256706093086365
bottle,6,texture,0.0126495361328125,noise,4,clahe,classical,1.1791064739227295,0.37842264029579104,-1.6582044406915304,14.96119812974838,14.941147443985109,0.24527142941951752,20.256706093086365
bottle,6,texture,0.0126495361328125,noise,4,msrcr,classical,0.3386702239513397,1.246558527916279,-2.094250164627595,14.069500281086283,14.11433915843364,0.26974740624427795,20.256706093086365
bottle,6,texture,0.0126495361328125,noise,4,wiener,classical,0.5784779191017151,1.2155342606820716,-0.48531647882841855,18.142401823774403,18.133345228602593,0.20236574113368988,20.256706093086365
bottle,6,texture,0.0126495361328125,noise,4,classical_pipeline,classical,0.36485928297042847,1.6881591297285397,-4.878205196875699,8.66449076899916,8.666906763316662,0.33678194880485535,20.256706093086365
bottle,6,texture,0.0126495361328125,noise,4,nafnet,deep,0.3631959855556488,1.3726250794319554,0.21049638764521095,24.03017162310773,23.949600518589623,0.6314675211906433,20.256706093086365
bottle,6,texture,0.0126495361328125,noise,4,restormer,deep,0.5252721309661865,1.16882904834503,0.3241031340683024,27.251043551811694,27.20187099707861,0.7842525839805603,20.256706093086365
bottle,6,texture,0.0126495361328125,mixed,2,identity,classical,0.0012954538688063622,1.0,0.0,18.41011883051645,18.39544108859435,0.8390496373176575,18.39544108859435
bottle,6,texture,0.0126495361328125,mixed,2,gaussian,classical,0.003868788480758667,1.0292046685711953,-0.00030262448825291166,18.449936609198392,18.436480436729315,0.8388016223907471,18.39544108859435
bottle,6,texture,0.0126495361328125,mixed,2,bilateral,classical,0.000838009815197438,0.9940843172171129,0.001925837897835625,18.4172931689181,18.402521483936752,0.8324728608131409,18.39544108859435
bottle,6,texture,0.0126495361328125,mixed,2,nlm,classical,0.0010323459282517433,0.995157594280079,0.010881411416483688,18.594240340743593,18.58023051817868,0.836436927318573,18.39544108859435
bottle,6,texture,0.0126495361328125,mixed,2,clahe,classical,0.0013764632167294621,0.9347228272859307,0.002367709866563761,17.40397141039841,17.40367908783969,0.7446015477180481,18.39544108859435
bottle,6,texture,0.0126495361328125,mixed,2,msrcr,classical,0.0025863409973680973,0.9871823527063022,-0.2431726005195891,17.231692907542715,17.26493839599465,0.7306757569313049,18.39544108859435
bottle,6,texture,0.0126495361328125,mixed,2,wiener,classical,0.002291917335242033,1.0057235123184278,-0.038543233410279765,17.3507310651388,17.358176912333153,0.6853060722351074,18.39544108859435
bottle,6,texture,0.0126495361328125,mixed,2,classical_pipeline,classical,0.0012736856006085873,1.1606259559727763,-2.6088191411496915,8.955804325475427,8.98901501856706,0.5694671273231506,18.39544108859435
bottle,6,texture,0.0126495361328125,mixed,2,nafnet,deep,0.001685553346760571,0.9895287730378705,-0.02236312860769951,18.22932357116734,18.21829806144375,0.8298463225364685,18.39544108859435
bottle,6,texture,0.0126495361328125,mixed,2,restormer,deep,0.0020714891143143177,1.0020387022169757,-0.008034043411700775,18.36160752100636,18.348479092073077,0.8363028168678284,18.39544108859435
bottle,6,texture,0.0126495361328125,mixed,3,identity,classical,0.8628429770469666,1.0,0.0,28.31811520096947,28.21730551931225,0.8407805562019348,28.21730551931225
bottle,6,texture,0.0126495361328125,mixed,3,gaussian,classical,0.8515504598617554,1.0194579669520403,-0.11438928830520467,27.807627085791758,27.717588859292967,0.8248249888420105,28.21730551931225
bottle,6,texture,0.0126495361328125,mixed,3,bilateral,classical,0.8537785410881042,1.0462679227540426,-0.043678160460619564,28.17257984863385,28.074680524815363,0.8287269473075867,28.21730551931225
bottle,6,texture,0.0126495361328125,mixed,3,nlm,classical,0.8524578213691711,0.9947787687790547,-0.07701506052597851,28.16850792559159,28.070262920354885,0.8367648720741272,28.21730551931225
bottle,6,texture,0.0126495361328125,mixed,3,clahe,classical,1.552403211593628,0.14826526829703907,-1.1231207281563282,23.812654902743727,23.687536437612135,0.8006559014320374,28.21730551931225
bottle,6,texture,0.0126495361328125,mixed,3,msrcr,classical,0.5288311243057251,1.4783389655888517,-2.6532725232140355,21.728469821390604,21.758612782351353,0.7710695266723633,28.21730551931225
bottle,6,texture,0.0126495361328125,mixed,3,wiener,classical,0.8110570907592773,1.1966119563240236,-1.167765898874363,22.323452079464747,22.318660199597492,0.6963326334953308,28.21730551931225
bottle,6,texture,0.0126495361328125,mixed,3,classical_pipeline,classical,0.4731482267379761,2.0095281161775937,-13.609341830140776,9.272041683558363,9.271886532801664,0.5960171818733215,28.21730551931225
bottle,6,texture,0.0126495361328125,mixed,3,nafnet,deep,0.8525943160057068,0.9651353943882418,-0.12558287122194245,27.715726396272537,27.63523044498666,0.8243415355682373,28.21730551931225
bottle,6,texture,0.0126495361328125,mixed,3,restormer,deep,0.8541557788848877,0.9937213611269186,-0.08118025159035658,27.988664960360797,27.90028608106934,0.830247700214386,28.21730551931225
bottle,6,texture,0.0126495361328125,mixed,4,identity,classical,0.5231442451477051,1.0,0.0,19.042561545313184,19.02318229353279,0.2037385255098343,19.02318229353279
bottle,6,texture,0.0126495361328125,mixed,4,gaussian,classical,0.5162603855133057,1.0225401064019841,0.18155697406461035,23.092400890376833,23.097614064625702,0.5843750834465027,19.02318229353279
bottle,6,texture,0.0126495361328125,mixed,4,bilateral,classical,0.5500845909118652,0.9878560104840155,0.1080549693731373,20.30941260155837,20.280421241099177,0.27273380756378174,19.02318229353279
bottle,6,texture,0.0126495361328125,mixed,4,nlm,classical,0.4434003233909607,1.1171761164278438,0.11543818633197467,22.942583592110864,22.952687585806622,0.5827075839042664,19.02318229353279
bottle,6,texture,0.0126495361328125,mixed,4,clahe,classical,0.9438137412071228,0.6575771727629598,-1.2344623234448453,14.457798962961476,14.449206880547742,0.14293347299098969,19.02318229353279
bottle,6,texture,0.0126495361328125,mixed,4,msrcr,classical,0.26421526074409485,1.1480518085197557,-1.5101196835422477,13.71597170929816,13.759325731621919,0.17859993875026703,19.02318229353279
bottle,6,texture,0.0126495361328125,mixed,4,wiener,classical,0.5027608871459961,1.0185738363476855,-0.16402198789720046,18.180114057857068,18.173740114808364,0.1835232377052307,19.02318229353279
bottle,6,texture,0.0126495361328125,mixed,4,classical_pipeline,classical,0.2983623445034027,1.549622507962291,-3.727606254565889,8.543688874482505,8.548933470878824,0.24992023408412933,19.02318229353279
bottle,6,texture,0.0126495361328125,mixed,4,nafnet,deep,0.509070634841919,1.0273020017540204,0.028102482049749522,19.503402637259917,19.454794153088535,0.3378864824771881,19.02318229353279
bottle,6,texture,0.0126495361328125,mixed,4,restormer,deep,0.4232146441936493,1.0796776542878905,0.216203514234231,23.318591247739974,23.307929389207807,0.6272637248039246,19.02318229353279
bottle,7,scratch,0.01239013671875,defocus,2,identity,classical,0.8806498050689697,1.0,0.0,34.673006971036486,34.0414815077642,0.9453816413879395,34.0414815077642
bottle,7,scratch,0.01239013671875,defocus,2,gaussian,classical,0.8272997140884399,0.8880439884448649,-0.4013134152779749,32.42416501979192,31.879308952253183,0.919017493724823,34.0414815077642
bottle,7,scratch,0.01239013671875,defocus,2,bilateral,classical,0.8823198080062866,1.0356721841090557,-0.10703956686500993,33.859422653534914,33.39320683867284,0.9210476279258728,34.0414815077642
bottle,7,scratch,0.01239013671875,defocus,2,nlm,classical,0.8885180354118347,0.9977736834573129,-0.17167691740556057,34.042810991784506,33.476891010913675,0.939096212387085,34.0414815077642
bottle,7,scratch,0.01239013671875,defocus,2,clahe,classical,1.309383749961853,0.8040177724013011,-2.9931696687052414,24.41655145379878,24.177952833703962,0.8776175379753113,34.0414815077642
bottle,7,scratch,0.01239013671875,defocus,2,msrcr,classical,1.8300589323043823,0.815389521089623,-6.369239614042576,21.752055175248408,21.26953186851469,0.8479618430137634,34.0414815077642
bottle,7,scratch,0.01239013671875,defocus,2,wiener,classical,0.014587929472327232,0.08846355202795768,-9.479074502771937,14.129497778435722,14.013000792515871,0.4497772753238678,34.0414815077642
bottle,7,scratch,0.01239013671875,defocus,2,classical_pipeline,classical,0.05002066493034363,0.08634648240556342,-33.887433713987534,8.089712730487152,8.132041048331548,0.213714599609375,34.0414815077642
bottle,7,scratch,0.01239013671875,defocus,2,nafnet,deep,0.8560003042221069,0.9151353181254828,-0.40114308588257286,32.32174532591794,31.88424300948769,0.9177927374839783,34.0414815077642
bottle,7,scratch,0.01239013671875,defocus,2,restormer,deep,0.8549399375915527,0.9161916671045779,-0.2931407698929518,32.93365335035131,32.410224882729814,0.924379825592041,34.0414815077642
bottle,7,scratch,0.01239013671875,defocus,3,identity,classical,0.807654619216919,1.0,0.0,31.48198846759029,30.94880613596051,0.899094820022583,30.94880613596051
bottle,7,scratch,0.01239013671875,defocus,3,gaussian,classical,0.7687832713127136,0.9285778584057599,-0.1933932906403708,30.26532112953143,29.768264281642622,0.8803615570068359,30.94880613596051
bottle,7,scratch,0.01239013671875,defocus,3,bilateral,classical,0.8053002953529358,1.0268998340832012,-0.041457887380603964,31.187288805431223,30.707893303826538,0.8854568600654602,30.94880613596051
bottle,7,scratch,0.01239013671875,defocus,3,nlm,classical,0.8137769103050232,0.9991153485101928,-0.09033445899230208,31.211350671578938,30.69390739283286,0.8953372836112976,30.94880613596051
bottle,7,scratch,0.01239013671875,defocus,3,clahe,classical,1.2343510389328003,0.8479823684883597,-1.4914715583994296,24.68988370376585,24.493978997195956,0.855364978313446,30.94880613596051
bottle,7,scratch,0.01239013671875,defocus,3,msrcr,classical,1.7449707984924316,0.8353212177067038,-3.6162550243608145,21.885127014101336,21.505203318032073,0.8309542536735535,30.94880613596051
bottle,7,scratch,0.01239013671875,defocus,3,wiener,classical,0.011552980169653893,0.013864588316346474,-6.468409098572751,13.322469815603794,13.239388825245177,0.46731218695640564,30.94880613596051
bottle,7,scratch,0.01239013671875,defocus,3,classical_pipeline,classical,0.07929125428199768,0.029486430180865567,-21.5653010721686,7.99079845355198,8.03287993615945,0.24000458419322968,30.94880613596051
bottle,7,scratch,0.01239013671875,defocus,3,nafnet,deep,0.7849515080451965,0.9383853393779538,-0.20910463714162253,30.103769483337388,29.669150419879028,0.8789336681365967,30.94880613596051
bottle,7,scratch,0.01239013671875,defocus,3,restormer,deep,0.787344217300415,0.960673571326475,-0.13426404305090078,30.619638337427677,30.132276952170617,0.8861556053161621,30.94880613596051
bottle,7,scratch,0.01239013671875,defocus,4,identity,classical,0.6919785141944885,1.0,0.0,27.942749837484993,27.484574475872073,0.8193080425262451,27.484574475872073
bottle,7,scratch,0.01239013671875,defocus,4,gaussian,classical,0.6660987734794617,0.9584057672469747,-0.08235505431357093,27.37226596411824,26.912171811721937,0.8046420216560364,27.484574475872073
bottle,7,scratch,0.01239013671875,defocus,4,bilateral,classical,0.6890209913253784,1.0128077038472618,-0.03332134524523034,27.745468042250607,27.30013296544125,0.8087404370307922,27.484574475872073
bottle,7,scratch,0.01239013671875,defocus,4,nlm,classical,0.6955116987228394,0.9979322715846421,-0.05113311174063351,27.830916422790217,27.369335629290426,0.8182973861694336,27.484574475872073
bottle,7,scratch,0.01239013671875,defocus,4,clahe,classical,1.2012386322021484,0.940353436325958,-0.6364278946791473,23.992061998151378,23.847754858470232,0.8140318989753723,27.484574475872073
bottle,7,scratch,0.01239013671875,defocus,4,msrcr,classical,1.588822364807129,0.8969649077859667,-1.8364603468402492,21.828263953787875,21.63573005453408,0.794377326965332,27.484574475872073
bottle,7,scratch,0.01239013671875,defocus,4,wiener,classical,0.022224949672818184,0.09047152908904799,-5.002079918276879,11.889609092498645,11.850071780347669,0.4198683798313141,27.484574475872073
bottle,7,scratch,0.01239013671875,defocus,4,classical_pipeline,classical,0.06393813341856003,0.13495629709864573,-13.584290681637013,7.817956728853616,7.8600920167500545,0.20854498445987701,27.484574475872073
bottle,7,scratch,0.01239013671875,defocus,4,nafnet,deep,0.6676871180534363,0.9474671671662498,-0.10318747516865256,27.18936035878609,26.752066049086235,0.8024800419807434,27.484574475872073
bottle,7,scratch,0.01239013671875,defocus,4,restormer,deep,0.6686980128288269,0.9580053303922806,-0.07001144421695371,27.48049597160054,27.012773241698753,0.8087390065193176,27.484574475872073
bottle,7,scratch,0.01239013671875,noise,2,identity,classical,1.0018422603607178,1.0,0.0,25.078216772734034,25.05180583084289,0.5467775464057922,25.05180583084289
bottle,7,scratch,0.01239013671875,noise,2,gaussian,classical,0.9003760814666748,0.8017059217283801,0.20197650896049113,30.184024659850294,30.036741964797564,0.8829386234283447,25.05180583084289
bottle,7,scratch,0.01239013671875,noise,2,bilateral,classical,1.000590205192566,1.1001992654046877,0.2210132800882897,28.898327028437837,28.84531604007305,0.7817306518554688,25.05180583084289
bottle,7,scratch,0.01239013671875,noise,2,nlm,classical,1.013668179512024,0.9835927351756082,0.096070156470208,29.780793894028307,29.723102565896056,0.8971872925758362,25.05180583084289
bottle,7,scratch,0.01239013671875,noise,2,clahe,classical,1.3769755363464355,0.7562333380634952,-2.2754550520719685,18.10236005253486,17.9668193768426,0.3969482183456421,25.05180583084289
bottle,7,scratch,0.01239013671875,noise,2,msrcr,classical,1.634509563446045,0.7612534424251857,-2.864612608946983,17.138649415942673,16.901552241850617,0.447923868894577,25.05180583084289
bottle,7,scratch,0.01239013671875,noise,2,wiener,classical,0.5929220914840698,0.135311760215301,-1.1132576932142646,20.090049815107243,19.824625724890005,0.3416084945201874,25.05180583084289
bottle,7,scratch,0.01239013671875,noise,2,classical_pipeline,classical,1.5689337253570557,1.0241234734224176,-9.145351969098623,8.923387060682352,8.897216075845055,0.46254539489746094,25.05180583084289
bottle,7,scratch,0.01239013671875,noise,2,nafnet,deep,0.9522958993911743,0.8055338316318249,0.2286347152653475,29.77394596025328,29.674826255374267,0.9062814712524414,25.05180583084289
bottle,7,scratch,0.01239013671875,noise,2,restormer,deep,0.9664924144744873,0.9421394393032788,0.2847442230822952,31.229495700654752,31.14922063754146,0.889671802520752,25.05180583084289
bottle,7,scratch,0.01239013671875,noise,3,identity,classical,0.9954909086227417,1.0,0.0,22.493106716137778,22.468063283620886,0.43339577317237854,22.468063283620886
bottle,7,scratch,0.01239013671875,noise,3,gaussian,classical,0.8943985104560852,0.8673264154637523,0.26679842478643323,28.24499898918562,28.14598816157606,0.8316970467567444,22.468063283620886
bottle,7,scratch,0.01239013671875,noise,3,bilateral,classical,0.9923766255378723,1.106218666381883,0.19141123314055541,25.109643326923617,25.05899045528462,0.5913735032081604,22.468063283620886
bottle,7,scratch,0.01239013671875,noise,3,nlm,classical,1.0072206258773804,0.9766442795072452,0.10890425390645886,27.370053817207708,27.30340551571509,0.8302092552185059,22.468063283620886
bottle,7,scratch,0.01239013671875,noise,3,clahe,classical,1.3367139101028442,0.7627333891034654,-1.853633345801052,16.612761528691273,16.52253202214319,0.3286636769771576,22.468063283620886
bottle,7,scratch,0.01239013671875,noise,3,msrcr,classical,1.5171608924865723,0.7487026522455389,-2.405917773721965,15.54794662157246,15.394101201226302,0.3622332811355591,22.468063283620886
bottle,7,scratch,0.01239013671875,noise,3,wiener,classical,0.5899200439453125,0.15057904773488223,-0.7519642236329309,19.107798490651785,18.898579289803866,0.26755067706108093,22.468063283620886
bottle,7,scratch,0.01239013671875,noise,3,classical_pipeline,classical,1.5610374212265015,0.9757439478529488,-6.587382425305026,8.76222466956542,8.741464725604494,0.40473249554634094,22.468063283620886
bottle,7,scratch,0.01239013671875,noise,3,nafnet,deep,0.9444501399993896,0.9251011080852848,0.25698078114872835,27.78157488946817,27.723777599329907,0.8738998770713806,22.468063283620886
bottle,7,scratch,0.01239013671875,noise,3,restormer,deep,0.961195170879364,1.0266155044922645,0.32443702265198826,29.16669351829604,29.10687837019705,0.8397168517112732,22.468063283620886
bottle,7,scratch,0.01239013671875,noise,4,identity,classical,0.9969030618667603,1.0,0.0,20.285531705875886,20.263167943283253,0.3432581424713135,20.263167943283253
bottle,7,scratch,0.01239013671875,noise,4,gaussian,classical,0.8960505723953247,0.9141350153133773,0.30733610038285564,26.39795668050802,26.345501591308423,0.7712759971618652,20.263167943283253
bottle,7,scratch,0.01239013671875,noise,4,bilateral,classical,0.9938578009605408,1.1006932788214001,0.14375732296048438,21.93062478091328,21.890454669818148,0.4247048795223236,20.263167943283253
bottle,7,scratch,0.01239013671875,noise,4,nlm,classical,1.0077083110809326,0.9700851973100596,0.12438685055089393,25.25609141924843,25.20649717057898,0.7615810036659241,20.263167943283253
bottle,7,scratch,0.01239013671875,noise,4,clahe,classical,1.3189433813095093,0.7346756827914469,-1.5901039677781101,15.106506180586603,15.036705294108552,0.2712234556674957,20.263167943283253
bottle,7,scratch,0.01239013671875,noise,4,msrcr,classical,1.3925797939300537,0.7157320446061273,-2.025425742922637,14.231164941083474,14.127271328809297,0.2928673326969147,20.263167943283253
bottle,7,scratch,0.01239013671875,noise,4,wiener,classical,0.5891571044921875,0.1520996991119224,-0.5259195297848434,17.971856089537233,17.809124743955653,0.21081246435642242,20.263167943283253
bottle,7,scratch,0.01239013671875,noise,4,classical_pipeline,classical,1.5167112350463867,0.8915212874306165,-4.947212637173708,8.552998382156114,8.537774427502173,0.3579373061656952,20.263167943283253
bottle,7,scratch,0.01239013671875,noise,4,nafnet,deep,0.9529740214347839,1.0062478372214638,0.26270065834583045,25.256193853608032,25.231316414887228,0.7651494145393372,20.263167943283253
bottle,7,scratch,0.01239013671875,noise,4,restormer,deep,0.9866530895233154,1.1056056633374318,0.3348814275349127,27.323328345942265,27.24932996541531,0.7992687821388245,20.263167943283253
bottle,7,scratch,0.01239013671875,mixed,2,identity,classical,0.5735246539115906,1.0,0.0,12.171848111246724,12.182283155683438,0.8052637577056885,12.182283155683438
bottle,7,scratch,0.01239013671875,mixed,2,gaussian,classical,0.5387912392616272,0.8883071268567452,0.00052786160174223,12.144213971959196,12.149847779441307,0.7804037928581238,12.182283155683438
bottle,7,scratch,0.01239013671875,mixed,2,bilateral,classical,0.5733567476272583,1.0767026726560502,-0.0005835882646416657,12.160588952729068,12.17142557565783,0.7712495923042297,12.182283155683438
bottle,7,scratch,0.01239013671875,mixed,2,nlm,classical,0.5781030654907227,0.9965117663139497,-0.01841732366722648,12.060840106596105,12.07170329786975,0.7911017537117004,12.182283155683438
bottle,7,scratch,0.01239013671875,mixed,2,clahe,classical,1.0090023279190063,0.8327510451371569,0.3190022806569218,14.721770470829918,14.767620187300619,0.8696864247322083,12.182283155683438
bottle,7,scratch,0.01239013671875,mixed,2,msrcr,classical,1.8362727165222168,0.8053232833664583,0.6384742144984683,21.17139539684083,20.720354767321425,0.8449345231056213,12.182283155683438
bottle,7,scratch,0.01239013671875,mixed,2,wiener,classical,0.00945719238370657,0.08823061968325861,-0.13372639306504608,10.715743224541143,10.660377947808339,0.40428492426872253,12.182283155683438
bottle,7,scratch,0.01239013671875,mixed,2,classical_pipeline,classical,0.02140488661825657,0.08358467166078182,-0.6684289127073788,6.871179709217822,6.902278717498081,0.2628801167011261,12.182283155683438
bottle,7,scratch,0.01239013671875,mixed,2,nafnet,deep,0.5576745271682739,0.9294043963460363,0.004334496549083133,12.159798783218108,12.167950286616483,0.77694171667099,12.182283155683438
bottle,7,scratch,0.01239013671875,mixed,2,restormer,deep,0.5548048615455627,0.9067815060591881,0.0014875484374499148,12.146429488681434,12.154353982427004,0.7838956713676453,12.182283155683438
bottle,7,scratch,0.01239013671875,mixed,3,identity,classical,1.6278666257858276,1.0,0.0,14.342261693039637,14.18472704814395,0.5711246132850647,14.18472704814395
bottle,7,scratch,0.01239013671875,mixed,3,gaussian,classical,1.4598041772842407,0.8397272386635085,-0.005534892980200823,14.881869012137459,14.76711100852629,0.7747233510017395,14.18472704814395
bottle,7,scratch,0.01239013671875,mixed,3,bilateral,classical,1.6366971731185913,1.0471759123565327,-0.00023613483220552567,14.523539000362977,14.356112331412373,0.6198645234107971,14.18472704814395
bottle,7,scratch,0.01239013671875,mixed,3,nlm,classical,1.6280550956726074,0.9988267174520777,0.005252516476254687,14.43711180182454,14.278586571973214,0.5716326236724854,14.18472704814395
bottle,7,scratch,0.01239013671875,mixed,3,clahe,classical,1.5392935276031494,0.6730166991467018,-0.036479864495106984,13.419168271998426,13.285868501568492,0.5202271342277527,14.18472704814395
bottle,7,scratch,0.01239013671875,mixed,3,msrcr,classical,1.689429759979248,0.7651651573814896,-0.3535911416632087,13.303330376652546,13.155172758501617,0.5129578709602356,14.18472704814395
bottle,7,scratch,0.01239013671875,mixed,3,wiener,classical,0.962171733379364,0.15303811438662207,-0.030944075792451287,13.586087477461135,13.506140810828718,0.4472787082195282,14.18472704814395
bottle,7,scratch,0.01239013671875,mixed,3,classical_pipeline,classical,1.2135626077651978,0.6293965080036497,-1.6083334882186744,8.2511564982584,8.226040050001679,0.3677011728286743,14.18472704814395
bottle,7,scratch,0.01239013671875,mixed,3,nafnet,deep,1.5413322448730469,0.8967772525300229,-0.13422725687909254,13.916125244237685,13.791276619168407,0.7662906646728516,14.18472704814395
bottle,7,scratch,0.01239013671875,mixed,3,restormer,deep,1.6083275079727173,0.896203078307075,-0.10386360923749605,14.127246638738075,13.97518685999148,0.7761180996894836,14.18472704814395
bottle,7,scratch,0.01239013671875,mixed,4,identity,classical,1.6016498804092407,1.0,0.0,12.088751313829846,11.988283330949933,0.6981492042541504,11.988283330949933
bottle,7,scratch,0.01239013671875,mixed,4,gaussian,classical,1.4359380006790161,0.8674753944999534,-0.003936248706535306,12.146676139557652,12.082798101564372,0.7350336909294128,11.988283330949933
bottle,7,scratch,0.01239013671875,mixed,4,bilateral,classical,1.6082515716552734,1.0231759749716054,0.00046277248042048136,12.102625213768412,12.000069296407768,0.7122077941894531,11.988283330949933
bottle,7,scratch,0.01239013671875,mixed,4,nlm,classical,1.6053770780563354,0.9970985353042118,0.005264026954995504,12.13523912561408,12.033127804315777,0.7035651206970215,11.988283330949933
bottle,7,scratch,0.01239013671875,mixed,4,clahe,classical,1.7315434217453003,0.8614500270273587,0.2385687830132791,13.589090649061518,13.42372413180965,0.63282710313797,11.988283330949933
bottle,7,scratch,0.01239013671875,mixed,4,msrcr,classical,2.1229889392852783,0.8292741858521994,0.07192472511923254,13.531147105519894,13.348237570841771,0.6301144957542419,11.988283330949933
bottle,7,scratch,0.01239013671875,mixed,4,wiener,classical,0.595984160900116,0.11685524558915532,-0.12295397948297926,10.275885056643993,10.276747133619114,0.27599918842315674,11.988283330949933
bottle,7,scratch,0.01239013671875,mixed,4,classical_pipeline,classical,0.5146498680114746,0.14643694881195785,-1.0341803001302554,7.391191235683447,7.425063984510622,0.1530984491109848,11.988283330949933
bottle,7,scratch,0.01239013671875,mixed,4,nafnet,deep,1.5939289331436157,0.9585017157041166,-0.019742503430153935,11.97373448531197,11.876912185781519,0.7214036583900452,11.988283330949933
bottle,7,scratch,0.01239013671875,mixed,4,restormer,deep,1.5706671476364136,0.9748862998277088,-0.010138873384840652,12.05428572295546,11.9612541439581,0.7256152033805847,11.988283330949933
bottle,8,blob,0.011199951171875,defocus,2,identity,classical,0.9907363057136536,1.0,0.0,34.227829517320416,34.25960875143034,0.9351498484611511,34.25960875143034
bottle,8,blob,0.011199951171875,defocus,2,gaussian,classical,0.9831766486167908,1.0012670098278469,-0.3523927319971545,32.31257702582521,32.335310401548874,0.9080979228019714,34.25960875143034
bottle,8,blob,0.011199951171875,defocus,2,bilateral,classical,0.9772732853889465,1.0197500716744556,-0.1340903942992948,33.1894095418361,33.22949506663489,0.9035577774047852,34.25960875143034
bottle,8,blob,0.011199951171875,defocus,2,nlm,classical,0.9574434161186218,0.9924300191109605,-0.16208903602647706,33.60184104467016,33.629914677752616,0.9272089600563049,34.25960875143034
bottle,8,blob,0.011199951171875,defocus,2,clahe,classical,2.1763668060302734,0.4989387873788505,-2.717830089239612,24.719993284733196,24.649097487074858,0.8769432902336121,34.25960875143034
bottle,8,blob,0.011199951171875,defocus,2,msrcr,classical,0.5866044163703918,1.1817373858341573,-5.887402058467118,22.059174589681678,22.099426010882638,0.8368673324584961,34.25960875143034
bottle,8,blob,0.011199951171875,defocus,2,wiener,classical,0.6762861013412476,1.0272644357105936,-8.384296019553533,14.332453516539719,14.362102443992166,0.4918021261692047,34.25960875143034
bottle,8,blob,0.011199951171875,defocus,2,classical_pipeline,classical,0.3796370029449463,0.5821178377801198,-31.3528463314007,8.323865747322998,8.328129074006677,0.2435312718153,34.25960875143034
bottle,8,blob,0.011199951171875,defocus,2,nafnet,deep,0.9895290732383728,0.9822851041657616,-0.3559367323048639,32.26301245273021,32.28907679823676,0.9070528149604797,34.25960875143034
bottle,8,blob,0.011199951171875,defocus,2,restormer,deep,1.0037117004394531,0.9915093337182703,-0.2648272611881701,32.7734175303739,32.803660680413046,0.913148820400238,34.25960875143034
bottle,8,blob,0.011199951171875,defocus,3,identity,classical,0.9814708232879639,1.0,0.0,31.383351404874848,31.40533071446044,0.885491669178009,31.40533071446044
bottle,8,blob,0.011199951171875,defocus,3,gaussian,classical,0.9742553234100342,1.000218729776668,-0.16310043831214416,30.376190046450144,30.39245167709279,0.8699538111686707,31.40533071446044
bottle,8,blob,0.011199951171875,defocus,3,bilateral,classical,0.9684606790542603,1.0189617443770105,-0.04674346466212986,31.037677026302582,31.066677965604978,0.8698480129241943,31.40533071446044
bottle,8,blob,0.011199951171875,defocus,3,nlm,classical,0.9511458873748779,0.9878529741579404,-0.08891732495911664,31.104545960484508,31.12521103103946,0.8799669146537781,31.40533071446044
bottle,8,blob,0.011199951171875,defocus,3,clahe,classical,2.149240732192993,0.5094703100085068,-1.4372759275014149,24.808248621192913,24.730065161490124,0.8449039459228516,31.40533071446044
bottle,8,blob,0.011199951171875,defocus,3,msrcr,classical,0.5828086137771606,1.1784442138636135,-3.4080498805762325,22.315049681212486,22.354987437746807,0.8111531138420105,31.40533071446044
bottle,8,blob,0.011199951171875,defocus,3,wiener,classical,0.5640504956245422,0.9566617818746024,-5.9661469099083995,13.476969821677384,13.506657339376405,0.5111925601959229,31.40533071446044
bottle,8,blob,0.011199951171875,defocus,3,classical_pipeline,classical,0.32920947670936584,0.1811755750810527,-20.63542330722315,8.243031460200767,8.249528371253694,0.276591956615448,31.40533071446044
bottle,8,blob,0.011199951171875,defocus,3,nafnet,deep,0.9769280552864075,0.983175373769608,-0.17589345025091485,30.264609622859947,30.284852673105803,0.868475615978241,31.40533071446044
bottle,8,blob,0.011199951171875,defocus,3,restormer,deep,0.9931045174598694,0.9918502219132548,-0.10863300031707257,30.72927512399769,30.75135144965493,0.8747217059135437,31.40533071446044
bottle,8,blob,0.011199951171875,defocus,4,identity,classical,0.96164870262146,1.0,0.0,28.263640458712935,28.273745651487175,0.814487636089325,28.273745651487175
bottle,8,blob,0.011199951171875,defocus,4,gaussian,classical,0.9551118016242981,0.99913927053363,-0.07473682239108115,27.709402615258266,27.718109607194002,0.802534282207489,28.273745651487175
bottle,8,blob,0.011199951171875,defocus,4,bilateral,classical,0.949517548084259,1.0171590799102896,-0.02966743339899658,28.068249096852615,28.083603708172966,0.8050561547279358,28.273745651487175
bottle,8,blob,0.011199951171875,defocus,4,nlm,classical,0.9383699297904968,0.9870763849599569,-0.05173612943758399,28.13456494653055,28.143951455339757,0.8142229914665222,28.273745651487175
bottle,8,blob,0.011199951171875,defocus,4,clahe,classical,2.064068078994751,0.5389814325817007,-0.6109861222015831,24.667416471690448,24.58332932272058,0.8073997497558594,28.273745651487175
bottle,8,blob,0.011199951171875,defocus,4,msrcr,classical,0.5777804851531982,1.1721192872916932,-1.8430283259639628,22.484819660051016,22.522221757221867,0.7756473422050476,28.273745651487175
bottle,8,blob,0.011199951171875,defocus,4,wiener,classical,0.3526540696620941,0.8322835210549665,-5.036438116869076,11.953365241332222,11.986477778128368,0.46125340461730957,28.273745651487175
bottle,8,blob,0.011199951171875,defocus,4,classical_pipeline,classical,0.21791696548461914,0.6524789586700152,-13.814513544942375,8.034031672052782,8.045549356089145,0.24944297969341278,28.273745651487175
bottle,8,blob,0.011199951171875,defocus,4,nafnet,deep,0.9515520930290222,0.9854405987724489,-0.09036403043547114,27.553524247365317,27.56698737744295,0.8021447658538818,28.273745651487175
bottle,8,blob,0.011199951171875,defocus,4,restormer,deep,0.9705488681793213,0.9911628118625032,-0.060572222950551646,27.836816929079742,27.849728460110672,0.8072074055671692,28.273745651487175
bottle,8,blob,0.011199951171875,noise,2,identity,classical,0.6708597540855408,1.0,0.0,25.1426826121248,25.10478963945011,0.5335012674331665,25.10478963945011
bottle,8,blob,0.011199951171875,noise,2,gaussian,classical,0.6649523377418518,1.0123326660015344,0.19667695676767805,30.204079373310613,30.218817844139004,0.8738617897033691,25.10478963945011
bottle,8,blob,0.011199951171875,noise,2,bilateral,classical,0.6994134187698364,0.9923168865019295,0.22380136525742278,28.985282582911353,28.926772867334204,0.774057149887085,25.10478963945011
bottle,8,blob,0.011199951171875,noise,2,nlm,classical,0.5776511430740356,1.0810172538957576,0.06633910371369467,29.583675980372533,29.6154743556274,0.8740584254264832,25.10478963945011
bottle,8,blob,0.011199951171875,noise,2,clahe,classical,1.2531989812850952,0.7063667816621154,-2.4230473325055986,17.889573758252688,17.87563278166433,0.3771185576915741,25.10478963945011
bottle,8,blob,0.011199951171875,noise,2,msrcr,classical,0.3590832054615021,1.1265434937438823,-2.9552434191880432,17.02618269052955,17.064506857820717,0.42725205421447754,25.10478963945011
bottle,8,blob,0.011199951171875,noise,2,wiener,classical,0.6341085433959961,1.0055474677054186,-1.0960044506006352,20.323547586079293,20.337272337188107,0.327921062707901,25.10478963945011
bottle,8,blob,0.011199951171875,noise,2,classical_pipeline,classical,0.397162526845932,1.1448583110549009,-9.248380271907859,8.927115499742087,8.929899641734671,0.44525977969169617,25.10478963945011
bottle,8,blob,0.011199951171875,noise,2,nafnet,deep,0.4828242063522339,1.1064481973086513,0.198549489181427,29.788296401645916,29.796753570649837,0.8883901238441467,25.10478963945011
bottle,8,blob,0.011199951171875,noise,2,restormer,deep,0.6062030792236328,1.02631512325933,0.28081652701727133,31.253465945840645,31.24320269571907,0.8805902600288391,25.10478963945011
bottle,8,blob,0.011199951171875,noise,3,identity,classical,0.6378153562545776,1.0,0.0,22.49709193818925,22.47014398532614,0.41688671708106995,22.47014398532614
bottle,8,blob,0.011199951171875,noise,3,gaussian,classical,0.632745623588562,1.0124813860361428,0.2648320744593494,28.19916803552914,28.207621765251226,0.8212715983390808,22.47014398532614
bottle,8,blob,0.011199951171875,noise,3,bilateral,classical,0.6721954345703125,0.9903126190665943,0.19201270898705491,25.11940085895692,25.075588905182187,0.5791614651679993,22.47014398532614
bottle,8,blob,0.011199951171875,noise,3,nlm,classical,0.5429883003234863,1.1090892913483825,0.08676821161669301,27.094507344245685,27.12911525087259,0.8013346195220947,22.47014398532614
bottle,8,blob,0.011199951171875,noise,3,clahe,classical,1.2296860218048096,0.7184133724681461,-1.9529466624089542,16.41088248084341,16.39653771046193,0.3087763786315918,22.47014398532614
bottle,8,blob,0.011199951171875,noise,3,msrcr,classical,0.3273952901363373,1.1231055788396895,-2.495954801122136,15.341469077543605,15.380693570722785,0.3404368460178375,22.47014398532614
bottle,8,blob,0.011199951171875,noise,3,wiener,classical,0.6055082082748413,0.9849034475681211,-0.7376825607500503,19.230502283086036,19.239360249680683,0.25077351927757263,22.47014398532614
bottle,8,blob,0.011199951171875,noise,3,classical_pipeline,classical,0.37148165702819824,1.1923110409736468,-6.583095528732148,8.767210456319768,8.770204483080226,0.38836586475372314,22.47014398532614
bottle,8,blob,0.011199951171875,noise,3,nafnet,deep,0.41313767433166504,1.1590277997639684,0.2463576157595987,27.83406064237097,27.842203400161964,0.8582223057746887,22.47014398532614
bottle,8,blob,0.011199951171875,noise,3,restormer,deep,0.5639969706535339,1.0331815057987137,0.3163264218590355,29.040163264005436,29.043085068283283,0.8239829540252686,22.47014398532614
bottle,8,blob,0.011199951171875,noise,4,identity,classical,0.6087047457695007,1.0,0.0,20.31804926572541,20.295172383339953,0.3260438144207001,20.295172383339953
bottle,8,blob,0.011199951171875,noise,4,gaussian,classical,0.6023957133293152,1.0232057575448958,0.3088954092273726,26.451941042397454,26.452178694723393,0.7588974833488464,20.295172383339953
bottle,8,blob,0.011199951171875,noise,4,bilateral,classical,0.6417410969734192,0.9980934922089826,0.14568575801519523,21.97474254748432,21.941578361285625,0.4097179174423218,20.295172383339953
bottle,8,blob,0.011199951171875,noise,4,nlm,classical,0.5172814726829529,1.131633160199613,0.09421276354675745,24.917941811161892,24.951158622811374,0.7223401069641113,20.295172383339953
bottle,8,blob,0.011199951171875,noise,4,clahe,classical,1.1566957235336304,0.7143077706487422,-1.6566652509141733,15.00747523926194,14.992513556810751,0.2523779571056366,20.295172383339953
bottle,8,blob,0.011199951171875,noise,4,msrcr,classical,0.30540966987609863,1.1226860848015752,-2.131110179935601,14.014463134684652,14.053229297837808,0.2733848989009857,20.295172383339953
bottle,8,blob,0.011199951171875,noise,4,wiener,classical,0.5682470798492432,1.0336172047391112,-0.5164571732760788,18.096710749772978,18.099870163572906,0.19703088700771332,20.295172383339953
bottle,8,blob,0.011199951171875,noise,4,classical_pipeline,classical,0.3506273031234741,1.1763675866517296,-4.980482870766273,8.549267086938215,8.553496501548132,0.3402470648288727,20.295172383339953
bottle,8,blob,0.011199951171875,noise,4,nafnet,deep,0.2867307662963867,1.2236974573106563,0.2360313651419793,24.665498787669247,24.659120203947985,0.6821293234825134,20.295172383339953
bottle,8,blob,0.011199951171875,noise,4,restormer,deep,0.522903561592102,1.0508894999490783,0.32797499498367877,27.32046084235401,27.326953638594148,0.7933589816093445,20.295172383339953
bottle,8,blob,0.011199951171875,mixed,2,identity,classical,0.5824258327484131,1.0,0.0,12.319183477276818,12.251361494665039,0.7966790199279785,12.251361494665039
bottle,8,blob,0.011199951171875,mixed,2,gaussian,classical,0.5779746770858765,1.0017929883372274,5.3611322526680993e-05,12.291001651289461,12.223349325545636,0.7724630236625671,12.251361494665039
bottle,8,blob,0.011199951171875,mixed,2,bilateral,classical,0.5732514262199402,1.0208947923936638,-0.0004949624970722599,12.305421402824535,12.23849492579162,0.7566131949424744,12.251361494665039
bottle,8,blob,0.011199951171875,mixed,2,nlm,classical,0.5691080093383789,1.027888620798169,-0.01563996881774732,12.237259840322565,12.169730511570089,0.7821717262268066,12.251361494665039
bottle,8,blob,0.011199951171875,mixed,2,clahe,classical,1.4477795362472534,0.6391750051694878,0.3300740674648882,14.940965240252858,14.853753884101348,0.8672349452972412,12.251361494665039
bottle,8,blob,0.011199951171875,mixed,2,msrcr,classical,0.5911446213722229,1.1639065928248968,0.6431162715748076,21.609660120011704,21.640232652353717,0.8318934440612793,12.251361494665039
bottle,8,blob,0.011199951171875,mixed,2,wiener,classical,0.4054803252220154,0.8893193716819399,-0.13631351778346024,10.803725457955336,10.77966655004426,0.432532399892807,12.251361494665039
bottle,8,blob,0.011199951171875,mixed,2,classical_pipeline,classical,0.24154698848724365,0.5715829321451144,-0.6416140777025741,7.066245939187745,7.039982543118296,0.30051836371421814,12.251361494665039
bottle,8,blob,0.011199951171875,mixed,2,nafnet,deep,0.5586298704147339,1.006957663864012,0.003440508546083243,12.302990496878474,12.236364622944167,0.764387309551239,12.251361494665039
bottle,8,blob,0.011199951171875,mixed,2,restormer,deep,0.5796928405761719,1.0027705246162402,0.0014693502069266229,12.301521172366908,12.233731489958222,0.7748948931694031,12.251361494665039
bottle,8,blob,0.011199951171875,mixed,3,identity,classical,0.04266372323036194,1.0,0.0,14.916073807080846,14.94648218286157,0.780479371547699,14.94648218286157
bottle,8,blob,0.011199951171875,mixed,3,gaussian,classical,0.03905094042420387,1.0086587327241578,-0.00021826246989120612,15.020287087051095,15.052136883607785,0.8098475337028503,14.94648218286157
bottle,8,blob,0.011199951171875,mixed,3,bilateral,classical,0.04119649529457092,0.9970253462392987,0.0016568511852076417,14.945658034491668,14.975659354681678,0.7951180338859558,14.94648218286157
bottle,8,blob,0.011199951171875,mixed,3,nlm,classical,0.04026342183351517,0.9963176687208836,-0.0022717615724905382,14.959584439415483,14.990408305936409,0.7868514657020569,14.94648218286157
bottle,8,blob,0.011199951171875,mixed,3,clahe,classical,0.04279279708862305,0.9896704258773751,0.10284596835484605,14.848140974660787,14.877165526184221,0.6757395267486572,14.94648218286157
bottle,8,blob,0.011199951171875,mixed,3,msrcr,classical,0.059265390038490295,0.9973264786218449,-0.014537799619414482,15.01043284559504,15.048042276772698,0.6674069762229919,14.94648218286157
bottle,8,blob,0.011199951171875,mixed,3,wiener,classical,0.027292165905237198,0.9616589843793186,-0.0069581494559523005,14.358261553286733,14.387196914961116,0.5775812268257141,14.94648218286157
bottle,8,blob,0.011199951171875,mixed,3,classical_pipeline,classical,0.04144343361258507,1.0505741492243952,-1.6466779647840095,8.312039186789953,8.343888073861109,0.5126640200614929,14.94648218286157
bottle,8,blob,0.011199951171875,mixed,3,nafnet,deep,0.03628825768828392,0.9989989619635101,-0.02185607098065301,14.798306564674025,14.82821830287443,0.8025810718536377,14.94648218286157
bottle,8,blob,0.011199951171875,mixed,3,restormer,deep,0.03744976595044136,1.0004405880915115,-0.012810800618909157,14.892208994496528,14.922376274721378,0.8079269528388977,14.94648218286157
bottle,8,blob,0.011199951171875,mixed,4,identity,classical,0.8992162942886353,1.0,0.0,25.51629659076891,25.470796923911074,0.746512234210968,25.470796923911074
bottle,8,blob,0.011199951171875,mixed,4,gaussian,classical,0.8931035399436951,1.004875378939807,-0.03673579020092799,25.364181818806536,25.32068440767147,0.7431829571723938,25.470796923911074
bottle,8,blob,0.011199951171875,mixed,4,bilateral,classical,0.8897161483764648,1.024399778759874,0.0011620180122351442,25.603212951099493,25.558202113375003,0.7494450211524963,25.470796923911074
bottle,8,blob,0.011199951171875,mixed,4,nlm,classical,0.8912413120269775,1.0080995530999022,0.010245603467765041,25.5619438934406,25.516282185765007,0.75309818983078,25.470796923911074
bottle,8,blob,0.011199951171875,mixed,4,clahe,classical,1.9722875356674194,0.4466651851233777,-0.6343742135775261,22.705409896595526,22.590898242274065,0.6989467144012451,25.470796923911074
bottle,8,blob,0.011199951171875,mixed,4,msrcr,classical,0.5525961518287659,1.1851850077182071,-1.5230977204733862,21.11203661934008,21.137650604733388,0.656644344329834,25.470796923911074
bottle,8,blob,0.011199951171875,mixed,4,wiener,classical,0.8533358573913574,1.0493744679146053,-0.6408382643004529,21.793594743133813,21.81039996581962,0.6348462700843811,25.470796923911074
bottle,8,blob,0.011199951171875,mixed,4,classical_pipeline,classical,0.5319410562515259,1.2177066453412555,-8.959513776061426,9.053411863355171,9.056939072878993,0.5048300623893738,25.470796923911074
bottle,8,blob,0.011199951171875,mixed,4,nafnet,deep,0.8849491477012634,0.9978741781462176,-0.04188084334355535,25.304584781370927,25.272589694062134,0.7464380264282227,25.470796923911074
bottle,8,blob,0.011199951171875,mixed,4,restormer,deep,0.9072571396827698,0.9939690172948149,-0.030144692175330112,25.38468118956249,25.339289035963315,0.7468037009239197,25.470796923911074
bottle,9,texture,0.008209228515625,defocus,2,identity,classical,0.8852717280387878,1.0,0.0,34.68584882292144,34.27415694656649,0.9455573558807373,34.27415694656649
bottle,9,texture,0.008209228515625,defocus,2,gaussian,classical,0.8459209203720093,0.8693605763074445,-0.38229904236278967,32.56561676882045,32.25365667856402,0.9206411838531494,34.27415694656649
bottle,9,texture,0.008209228515625,defocus,2,bilateral,classical,0.8836371302604675,1.0391568803474742,-0.1318114363635372,33.77891130277857,33.440804492228054,0.9207369685173035,34.27415694656649
bottle,9,texture,0.008209228515625,defocus,2,nlm,classical,0.8806115388870239,0.9763475602468359,-0.17100101212324836,34.07045541669866,33.71312960412792,0.9394974112510681,34.27415694656649
bottle,9,texture,0.008209228515625,defocus,2,clahe,classical,1.1840015649795532,1.5453995329178758,-3.272527502026973,24.194884314666588,24.145535870547008,0.871802031993866,34.27415694656649
bottle,9,texture,0.008209228515625,defocus,2,msrcr,classical,0.7489388585090637,0.5474432877209685,-6.321757462049573,22.1654527907327,22.16828059143106,0.832542896270752,34.27415694656649
bottle,9,texture,0.008209228515625,defocus,2,wiener,classical,0.07757405936717987,2.4742481886516643,-9.537403469741374,14.177203711229788,14.140075074093751,0.46164026856422424,34.27415694656649
bottle,9,texture,0.008209228515625,defocus,2,classical_pipeline,classical,0.06706377118825912,1.6874557639369838,-34.08715626922898,8.300288937401271,8.325692752132646,0.22053559124469757,34.27415694656649
bottle,9,texture,0.008209228515625,defocus,2,nafnet,deep,0.8409771919250488,0.9042097057887156,-0.39409050890127384,32.56947717278927,32.234265319453144,0.9188429713249207,34.27415694656649
bottle,9,texture,0.008209228515625,defocus,2,restormer,deep,0.8647971153259277,0.9542729803236508,-0.27930176498691117,33.121956129026564,32.80102636100503,0.925753116607666,34.27415694656649
bottle,9,texture,0.008209228515625,defocus,3,identity,classical,0.8309420347213745,1.0,0.0,31.599406116931142,31.30026257390682,0.9008800387382507,31.30026257390682
bottle,9,texture,0.008209228515625,defocus,3,gaussian,classical,0.8037170171737671,0.8746780749208423,-0.1773450090249078,30.518434848197103,30.268618743447764,0.8848180770874023,31.30026257390682
bottle,9,texture,0.008209228515625,defocus,3,bilateral,classical,0.8294853568077087,1.0509958612857337,-0.057086889052857304,31.240011433500385,30.961670386611516,0.8847009539604187,31.30026257390682
bottle,9,texture,0.008209228515625,defocus,3,nlm,classical,0.8250349760055542,0.97739196887455,-0.0911531995770627,31.32555685600559,31.042401479059603,0.897454559803009,31.30026257390682
bottle,9,texture,0.008209228515625,defocus,3,clahe,classical,1.2100011110305786,2.159339171454397,-1.8272107764246153,24.100178495948303,24.017244553717102,0.8506885170936584,31.30026257390682
bottle,9,texture,0.008209228515625,defocus,3,msrcr,classical,0.693196713924408,0.5319283895525064,-3.590833171236353,22.416527266933684,22.405962294070243,0.8164755702018738,31.30026257390682
bottle,9,texture,0.008209228515625,defocus,3,wiener,classical,0.02615833282470703,2.632913032826172,-6.518307903124324,13.353016500327676,13.321678546683069,0.5060644149780273,31.30026257390682
bottle,9,texture,0.008209228515625,defocus,3,classical_pipeline,classical,0.05398472025990486,1.7870207486560579,-21.870357551527825,8.213625943338997,8.239756440680713,0.27930209040641785,31.30026257390682
bottle,9,texture,0.008209228515625,defocus,3,nafnet,deep,0.7957698106765747,0.8874731338664311,-0.20303040758244406,30.37253377163585,30.116279418832562,0.8818307518959045,31.30026257390682
bottle,9,texture,0.008209228515625,defocus,3,restormer,deep,0.8212102651596069,0.9640635137514921,-0.12487672932122473,30.85068293465621,30.601043712065845,0.889042854309082,31.30026257390682
bottle,9,texture,0.008209228515625,defocus,4,identity,classical,0.7501135468482971,1.0,0.0,28.320191994845775,28.124951453667578,0.8304844498634338,28.124951453667578
bottle,9,texture,0.008209228515625,defocus,4,gaussian,classical,0.7318578958511353,0.8485845346083633,-0.07847218459103966,27.77467327375274,27.597087695530035,0.8184428215026855,28.124951453667578
bottle,9,texture,0.008209228515625,defocus,4,bilateral,classical,0.7470276355743408,1.0763445676074181,-0.035557812599716465,28.138520183159194,27.95206573897438,0.8186656832695007,28.124951453667578
bottle,9,texture,0.008209228515625,defocus,4,nlm,classical,0.7453916072845459,0.988374709027711,-0.05543209609592159,28.17597188422883,27.990768263466993,0.8277186751365662,28.124951453667578
bottle,9,texture,0.008209228515625,defocus,4,clahe,classical,1.2562390565872192,4.020614712548752,-0.8253749911472492,23.952265627687655,23.820778982784176,0.8180647492408752,28.124951453667578
bottle,9,texture,0.008209228515625,defocus,4,msrcr,classical,0.610623836517334,0.44214933482738306,-1.8571383549492197,22.607038068190146,22.577084282814877,0.7889943718910217,28.124951453667578
bottle,9,texture,0.008209228515625,defocus,4,wiener,classical,0.022467264905571938,2.8688421687723333,-5.30947081078417,11.924876599218386,11.911151216139297,0.4415476322174072,28.124951453667578
bottle,9,texture,0.008209228515625,defocus,4,classical_pipeline,classical,0.05217914283275604,1.241656810963232,-14.274389055137252,8.011285675464904,8.037878765729415,0.23439264297485352,28.124951453667578
bottle,9,texture,0.008209228515625,defocus,4,nafnet,deep,0.7210619449615479,0.7876477954108974,-0.10490875297852931,27.574022513794723,27.397026840830144,0.8149145245552063,28.124951453667578
bottle,9,texture,0.008209228515625,defocus,4,restormer,deep,0.7437978386878967,0.9394265727898715,-0.07032765377020378,27.863065160118463,27.693286722816612,0.8212688565254211,28.124951453667578
bottle,9,texture,0.008209228515625,noise,2,identity,classical,0.9054803252220154,1.0,0.0,25.182761004282455,25.15926000598138,0.5348032116889954,25.15926000598138
bottle,9,texture,0.008209228515625,noise,2,gaussian,classical,0.8147214651107788,0.7621360164179244,0.2110951392363667,30.277109644989203,30.186304187693544,0.8822002410888672,25.15926000598138
bottle,9,texture,0.008209228515625,noise,2,bilateral,classical,0.9166494607925415,1.0427635719602715,0.2302145385069665,29.10758803789168,29.055359365072068,0.7819880843162537,25.15926000598138
bottle,9,texture,0.008209228515625,noise,2,nlm,classical,0.9078004360198975,0.966741621525235,0.08432439730689378,29.76494294146572,29.719591376934083,0.883587121963501,25.15926000598138
bottle,9,texture,0.008209228515625,noise,2,clahe,classical,1.2202503681182861,1.8384773945040784,-2.4172185540400952,17.953016889968335,17.93262647887737,0.37973323464393616,25.15926000598138
bottle,9,texture,0.008209228515625,noise,2,msrcr,classical,0.6925334334373474,0.5050085480411542,-2.928400195941748,17.09071823207339,17.10284840380701,0.4242796003818512,25.15926000598138
bottle,9,texture,0.008209228515625,noise,2,wiener,classical,0.6421256065368652,0.0377358941976799,-1.0546372303985279,20.38632161515644,20.32356545194026,0.3478375971317291,25.15926000598138
bottle,9,texture,0.008209228515625,noise,2,classical_pipeline,classical,0.47751641273498535,1.5442182518364802,-9.206118157964962,8.974480846511682,8.987888652228055,0.4437122344970703,25.15926000598138
bottle,9,texture,0.008209228515625,noise,2,nafnet,deep,0.7892926931381226,0.864509644367677,0.23343421391377317,30.057618140428964,29.86548145255775,0.9063398838043213,25.15926000598138
bottle,9,texture,0.008209228515625,noise,2,restormer,deep,0.868721604347229,0.9446223469280406,0.2868541402931296,31.376001033862906,31.288369474922376,0.8890731930732727,25.15926000598138
bottle,9,texture,0.008209228515625,noise,3,identity,classical,0.8688311576843262,1.0,0.0,22.5046766139598,22.482380893564656,0.415442556142807,22.482380893564656
bottle,9,texture,0.008209228515625,noise,3,gaussian,classical,0.7822176814079285,0.7584618788553313,0.2734170378946239,28.22582456934482,28.17439657433877,0.8289298415184021,22.482380893564656
bottle,9,texture,0.008209228515625,noise,3,bilateral,classical,0.8815967440605164,1.0490414073965009,0.19674094201924408,25.156256140305597,25.109276710213976,0.5806183218955994,22.482380893564656
bottle,9,texture,0.008209228515625,noise,3,nlm,classical,0.8548535704612732,0.9062565564932108,0.10702495157135272,27.30285231196032,27.27216557971619,0.8066214919090271,22.482380893564656
bottle,9,texture,0.008209228515625,noise,3,clahe,classical,1.1603158712387085,1.9171763658276961,-1.9523233626409549,16.423809585877205,16.41349684611138,0.3086419105529785,22.482380893564656
bottle,9,texture,0.008209228515625,noise,3,msrcr,classical,0.6319986581802368,0.48737628170055614,-2.471027377239606,15.397409408680824,15.410547153795715,0.33694711327552795,22.482380893564656
bottle,9,texture,0.008209228515625,noise,3,wiener,classical,0.618110716342926,0.007516899033603363,-0.7048178450776375,19.3167969379508,19.269022301927194,0.26514294743537903,22.482380893564656
bottle,9,texture,0.008209228515625,noise,3,classical_pipeline,classical,0.45798423886299133,1.5604784252197343,-6.527598977014896,8.828934466195964,8.842995291256287,0.38494524359703064,22.482380893564656
bottle,9,texture,0.008209228515625,noise,3,nafnet,deep,0.7148097157478333,0.807989947362163,0.2575185519284052,27.906237327096726,27.757904066441018,0.866342306137085,22.482380893564656
bottle,9,texture,0.008209228515625,noise,3,restormer,deep,0.8176697492599487,0.9065213948964456,0.3248730526702186,29.15581773459742,29.060598243731004,0.8365161418914795,22.482380893564656
bottle,9,texture,0.008209228515625,noise,4,identity,classical,0.8486167192459106,1.0,0.0,20.33221112403528,20.31513831507969,0.32566890120506287,20.31513831507969
bottle,9,texture,0.008209228515625,noise,4,gaussian,classical,0.7626287341117859,0.7636438728835941,0.31726891559902615,26.472580769522867,26.452608020706734,0.7699574828147888,20.31513831507969
bottle,9,texture,0.008209228515625,noise,4,bilateral,classical,0.8616642355918884,1.0415437918460733,0.14850871667932786,22.014348911635043,21.983915639485613,0.4112216532230377,20.31513831507969
bottle,9,texture,0.008209228515625,noise,4,nlm,classical,0.7767341136932373,0.6970285640716812,0.11267484481257617,25.06379449620826,25.046783914942388,0.7245121002197266,20.31513831507969
bottle,9,texture,0.008209228515625,noise,4,clahe,classical,1.1301625967025757,2.044522868283045,-1.6743113730380816,14.953094671380791,14.946235073525076,0.25146934390068054,20.31513831507969
bottle,9,texture,0.008209228515625,noise,4,msrcr,classical,0.5910540223121643,0.49597056418839447,-2.1213746670729168,14.014148773145795,14.028104508493588,0.2718382179737091,20.31513831507969
bottle,9,texture,0.008209228515625,noise,4,wiener,classical,0.6020388007164001,0.02235202229825297,-0.4995891286723595,18.125734750535745,18.08683541393403,0.2067887783050537,20.31513831507969
bottle,9,texture,0.008209228515625,noise,4,classical_pipeline,classical,0.4447892904281616,1.4110818659445683,-4.923936500214416,8.60585478972229,8.62066818812022,0.33753570914268494,20.31513831507969
bottle,9,texture,0.008209228515625,noise,4,nafnet,deep,0.6044121980667114,0.40002298168744543,0.2189881159249505,24.42187367807867,24.288571149957612,0.6700396537780762,20.31513831507969
bottle,9,texture,0.008209228515625,noise,4,restormer,deep,0.7692152261734009,0.8167392113912163,0.32802750569280503,27.352546039849408,27.28013546799232,0.8075150847434998,20.31513831507969
bottle,9,texture,0.008209228515625,mixed,2,identity,classical,0.5511052012443542,1.0,0.0,12.037096768524126,12.048397945886581,0.39217934012413025,12.048397945886581
bottle,9,texture,0.008209228515625,mixed,2,gaussian,classical,0.5328571796417236,0.8984641003701532,3.516641648415586e-05,12.198028777577626,12.210759422286019,0.6839642524719238,12.048397945886581
bottle,9,texture,0.008209228515625,mixed,2,bilateral,classical,0.5427607297897339,0.9999225905025881,-0.0015716565701164864,12.148346042667859,12.160173364175,0.5588894486427307,12.048397945886581
bottle,9,texture,0.008209228515625,mixed,2,nlm,classical,0.5442343354225159,0.9852513057975578,-0.01885987884139695,12.065866591538104,12.077642093768858,0.5566089153289795,12.048397945886581
bottle,9,texture,0.008209228515625,mixed,2,clahe,classical,0.7855896353721619,2.7874872853729995,0.1449338467070732,12.41362589374818,12.402916040205538,0.3376961648464203,12.048397945886581
bottle,9,texture,0.008209228515625,mixed,2,msrcr,classical,0.5258982181549072,0.5017271994110011,0.3626848696988916,15.929539502273899,15.945115120441809,0.28524085879325867,12.048397945886581
bottle,9,texture,0.008209228515625,mixed,2,wiener,classical,0.46239393949508667,0.12328653453208807,-0.027323313930523563,11.697038507045752,11.71139517562138,0.2982873022556305,12.048397945886581
bottle,9,texture,0.008209228515625,mixed,2,classical_pipeline,classical,0.2567710876464844,1.8909577981680012,-0.5435148932443712,7.3910304624631,7.397730484267423,0.3701530992984772,12.048397945886581
bottle,9,texture,0.008209228515625,mixed,2,nafnet,deep,0.5485587120056152,1.1484565115862588,0.07903488096587574,12.731939929784943,12.74319500976505,0.7065888047218323,12.048397945886581
bottle,9,texture,0.008209228515625,mixed,2,restormer,deep,0.5594715476036072,1.0201337264674544,0.08813054872272674,12.809769869002878,12.822204066497285,0.7390499114990234,12.048397945886581
bottle,9,texture,0.008209228515625,mixed,3,identity,classical,0.36685967445373535,1.0,0.0,9.31599530677807,9.329427264702751,0.23730523884296417,9.329427264702751
bottle,9,texture,0.008209228515625,mixed,3,gaussian,classical,0.3592461347579956,0.5491067195689339,6.049709708455531e-05,9.456174851941912,9.470710354488578,0.5140507221221924,9.329427264702751
bottle,9,texture,0.008209228515625,mixed,3,bilateral,classical,0.36115753650665283,0.5278694022786021,-0.0009778510563693832,9.394145451750274,9.408097248983495,0.37140440940856934,9.329427264702751
bottle,9,texture,0.008209228515625,mixed,3,nlm,classical,0.36083436012268066,0.7286741590651744,-0.014501176412760053,9.309739389721996,9.323628794629252,0.30064141750335693,9.329427264702751
bottle,9,texture,0.008209228515625,mixed,3,clahe,classical,0.5562677383422852,15.706884905930133,0.2477264379097942,10.786995165890005,10.788454924848507,0.22104410827159882,9.329427264702751
bottle,9,texture,0.008209228515625,mixed,3,msrcr,classical,0.3573102653026581,1.6330090766210323,0.3927249682974082,13.592060382856069,13.609699789111342,0.1665583699941635,9.329427264702751
bottle,9,texture,0.008209228515625,mixed,3,wiener,classical,0.19526644051074982,15.412136539426427,-0.08080265858051794,7.814725590104469,7.833346099390958,0.04260958358645439,9.329427264702751
bottle,9,texture,0.008209228515625,mixed,3,classical_pipeline,classical,0.05046599730849266,6.6942400781137215,-0.32296764506264175,6.057899523589302,6.071319503023416,0.07764631509780884,9.329427264702751
bottle,9,texture,0.008209228515625,mixed,3,nafnet,deep,0.34432774782180786,0.19462939311333305,-0.5330796236324347,4.3329801030577455,4.347005986723788,0.020788295194506645,9.329427264702751
bottle,9,texture,0.008209228515625,mixed,3,restormer,deep,0.3953304886817932,2.6588546975535836,0.09176664534811241,10.129494011505685,10.14428403285878,0.6058900952339172,9.329427264702751
bottle,9,texture,0.008209228515625,mixed,4,identity,classical,0.12279006838798523,1.0,0.0,11.246060395509783,11.225631584371182,0.39461109042167664,11.225631584371182
bottle,9,texture,0.008209228515625,mixed,4,gaussian,classical,0.1182229220867157,1.0156352089321525,-1.7322995455870682e-05,11.71039286514569,11.686671352388878,0.5965381264686584,11.225631584371182
bottle,9,texture,0.008209228515625,mixed,4,bilateral,classical,0.11263419687747955,1.044820289244865,-0.00183411013291912,11.326831542782056,11.304969503171051,0.40967556834220886,11.225631584371182
bottle,9,texture,0.008209228515625,mixed,4,nlm,classical,0.10470439493656158,1.0714765947846012,0.0036905578126101846,11.31398959515125,11.29275839853005,0.3947937488555908,11.225631584371182
bottle,9,texture,0.008209228515625,mixed,4,clahe,classical,0.17478609085083008,0.9992474903063634,0.13397999771458025,11.840691058155326,11.817428074441665,0.38865843415260315,11.225631584371182
bottle,9,texture,0.008209228515625,mixed,4,msrcr,classical,0.13032333552837372,1.0108712992031215,-0.17302101492087352,10.501502442950992,10.502046160885758,0.3640385866165161,11.225631584371182
bottle,9,texture,0.008209228515625,mixed,4,wiener,classical,0.2868267595767975,0.9228427622104595,-0.18570790572886664,8.798751895173433,8.802348287395823,0.17261920869350433,11.225631584371182
bottle,9,texture,0.008209228515625,mixed,4,classical_pipeline,classical,0.28271394968032837,0.11451933988494284,-0.9837868919020771,6.925108286810811,6.9522598701630205,0.09911909699440002,11.225631584371182
bottle,9,texture,0.008209228515625,mixed,4,nafnet,deep,0.06524345278739929,1.0470809216314665,-0.1480918568549221,10.56408589041883,10.54973734281758,0.5358925461769104,11.225631584371182
bottle,9,texture,0.008209228515625,mixed,4,restormer,deep,0.0920996144413948,1.0185439289695264,-0.15022197747159627,10.571607752258661,10.558345491406577,0.6171975135803223,11.225631584371182
screw,0,texture,0.0123291015625,defocus,2,identity,classical,0.9240555167198181,1.0,0.0,38.648240414952085,38.43478083962284,0.9668661952018738,38.43478083962284
screw,0,texture,0.0123291015625,defocus,2,gaussian,classical,0.9018690586090088,0.9917725440368631,-0.14543807982497925,37.1787098373979,36.97790129786678,0.9581250548362732,38.43478083962284
screw,0,texture,0.0123291015625,defocus,2,bilateral,classical,0.9268417358398438,1.0026507158022466,-0.09994389293275385,38.31473356728759,38.12302295420408,0.958660900592804,38.43478083962284
screw,0,texture,0.0123291015625,defocus,2,nlm,classical,0.8555149435997009,0.9338812825198183,-0.32054457935077063,37.80866032188945,37.487247133157815,0.952235996723175,38.43478083962284
screw,0,texture,0.0123291015625,defocus,2,clahe,classical,0.9142776727676392,2.316617703072665,-5.580109171884624,27.01115467619498,27.026005572130806,0.9282838702201843,38.43478083962284
screw,0,texture,0.0123291015625,defocus,2,msrcr,classical,1.7500780820846558,0.18757101567239962,-28.339189082479052,15.376643071780073,15.400222498171612,0.9065155982971191,38.43478083962284
screw,0,texture,0.0123291015625,defocus,2,wiener,classical,0.5065785050392151,0.5362320174025021,-6.392197044695306,22.026145689001506,21.875248945644422,0.788642168045044,38.43478083962284
screw,0,texture,0.0123291015625,defocus,2,classical_pipeline,classical,0.49312421679496765,0.5616610771228415,-8.33682111487652,21.55619285297014,21.426130516685973,0.7842006087303162,38.43478083962284
screw,0,texture,0.0123291015625,defocus,2,nafnet,deep,0.9816978573799133,1.0411778346776586,-0.2204117510641641,36.85435190904612,36.62340503066336,0.9537527561187744,38.43478083962284
screw,0,texture,0.0123291015625,defocus,2,restormer,deep,0.933708131313324,1.0158751739214014,-0.1470941942069246,37.353814246590574,37.169025849182106,0.9593443274497986,38.43478083962284
screw,0,texture,0.0123291015625,defocus,3,identity,classical,0.8930631279945374,1.0,0.0,36.23478768796348,36.04245697136242,0.949360191822052,36.04245697136242
screw,0,texture,0.0123291015625,defocus,3,gaussian,classical,0.8785247802734375,0.9927315952578416,-0.05485553980648694,35.687000640938535,35.491200505945784,0.9453034400939941,36.04245697136242
screw,0,texture,0.0123291015625,defocus,3,bilateral,classical,0.8908973932266235,0.9948358935735323,-0.02987181092935387,36.11157760572151,35.919716036677514,0.9458006024360657,36.04245697136242
screw,0,texture,0.0123291015625,defocus,3,nlm,classical,0.8277212977409363,0.9381623265570592,-0.20186455627679156,35.840324186721276,35.57436120632286,0.9398382306098938,36.04245697136242
screw,0,texture,0.0123291015625,defocus,3,clahe,classical,0.8981843590736389,2.3641499980771896,-4.2676924737278075,26.89100651571804,26.890823161948273,0.9182626605033875,36.04245697136242
screw,0,texture,0.0123291015625,defocus,3,msrcr,classical,1.708115577697754,0.19146105746591002,-21.991885269307087,15.486815364482682,15.50933338362055,0.8957100510597229,36.04245697136242
screw,0,texture,0.0123291015625,defocus,3,wiener,classical,0.3772803843021393,0.5152151896943167,-5.889885266926432,20.909930202511152,20.776653203885118,0.7773690223693848,36.04245697136242
screw,0,texture,0.0123291015625,defocus,3,classical_pipeline,classical,0.37361475825309753,0.540526993355783,-7.3803256763939835,20.54177850315326,20.424360312725653,0.7723974585533142,36.04245697136242
screw,0,texture,0.0123291015625,defocus,3,nafnet,deep,0.9484713077545166,1.0307574385553235,-0.10950647545060854,35.37273240125482,35.162172097591615,0.9416294693946838,36.04245697136242
screw,0,texture,0.0123291015625,defocus,3,restormer,deep,0.8845043182373047,1.0030920061152626,-0.08290714079107353,35.616144285473965,35.433635882420816,0.9454436302185059,36.04245697136242
screw,0,texture,0.0123291015625,defocus,4,identity,classical,0.8495938777923584,1.0,0.0,34.11799068395687,33.92285677675352,0.9278003573417664,33.92285677675352
screw,0,texture,0.0123291015625,defocus,4,gaussian,classical,0.8395439982414246,0.9910485360932481,-0.024049441678500427,33.908834116545826,33.709964102123834,0.9260835647583008,33.92285677675352
screw,0,texture,0.0123291015625,defocus,4,bilateral,classical,0.8401874303817749,0.9882920176501683,-0.014444019098247107,33.96235753520041,33.76551985247136,0.9260122776031494,33.92285677675352
screw,0,texture,0.0123291015625,defocus,4,nlm,classical,0.7695241570472717,0.9298220260676964,-0.1380711002400119,33.93275569995812,33.693892080147386,0.9223100543022156,33.92285677675352
screw,0,texture,0.0123291015625,defocus,4,clahe,classical,0.840900719165802,2.4333350938009883,-3.3402336472144736,26.543619646266755,26.52871776395386,0.903221607208252,33.92285677675352
screw,0,texture,0.0123291015625,defocus,4,msrcr,classical,1.619105577468872,0.19387906428495646,-17.29513322175964,15.638367572979199,15.659316403502954,0.8832315802574158,33.92285677675352
screw,0,texture,0.0123291015625,defocus,4,wiener,classical,0.15043692290782928,0.4516508123311879,-6.125306810640207,19.097983283275568,18.99327427996623,0.758478581905365,33.92285677675352
screw,0,texture,0.0123291015625,defocus,4,classical_pipeline,classical,0.16899548470973969,0.47718532069099445,-7.2295098840703,18.84910210097186,18.754719114558288,0.7518156170845032,33.92285677675352
screw,0,texture,0.0123291015625,defocus,4,nafnet,deep,0.8958216905593872,1.0023731727163658,-0.06137480605592227,33.67687771382342,33.47447559181154,0.92386394739151,33.92285677675352
screw,0,texture,0.0123291015625,defocus,4,restormer,deep,0.8209339380264282,0.9912270755563116,-0.05182912056158018,33.80216266854279,33.612229218417376,0.926007091999054,33.92285677675352
screw,0,texture,0.0123291015625,noise,2,identity,classical,0.9458196759223938,1.0,0.0,22.393269664459435,22.392370054092087,0.23235054314136505,22.392370054092087
screw,0,texture,0.0123291015625,noise,2,gaussian,classical,0.8704361319541931,1.0446851206332575,0.659453508569625,32.52510411017938,32.478844929850204,0.7393100261688232,22.392370054092087
screw,0,texture,0.0123291015625,noise,2,bilateral,classical,0.9555612802505493,1.051233318914565,0.3167501287362028,25.570711095948262,25.564694261521524,0.35894301533699036,22.392370054092087
screw,0,texture,0.0123291015625,noise,2,nlm,classical,0.6760520935058594,0.9018797672181382,0.7510565172036997,37.17721498294907,36.31513655475835,0.9358574748039246,22.392370054092087
screw,0,texture,0.0123291015625,noise,2,clahe,classical,2.112016201019287,1.9651855650234002,-2.5034795183907463,15.769832274823584,15.795726788179195,0.14773690700531006,22.392370054092087
screw,0,texture,0.0123291015625,noise,2,msrcr,classical,0.713513195514679,0.7735091230077262,-0.9120405139188343,18.983742404451153,19.000566672864412,0.17005719244480133,22.392370054092087
screw,0,texture,0.0123291015625,noise,2,wiener,classical,0.8348657488822937,0.8115434067662076,-0.2141324853662423,21.52887031324259,21.49270998313387,0.17376525700092316,22.392370054092087
screw,0,texture,0.0123291015625,noise,2,classical_pipeline,classical,0.5963681936264038,0.9508337483100113,0.43886388915274954,31.68483280245811,31.451655883444705,0.9344661831855774,22.392370054092087
screw,0,texture,0.0123291015625,noise,2,nafnet,deep,2.358488082885742,1.7379513295605937,-0.27003247260674024,24.341896800453988,23.97649879003067,0.5057100653648376,22.392370054092087
screw,0,texture,0.0123291015625,noise,2,restormer,deep,0.8457149863243103,1.074694670753287,0.46305347057369717,31.833495738175262,31.782797977326762,0.9225998520851135,22.392370054092087
screw,0,texture,0.0123291015625,noise,3,identity,classical,0.9038142561912537,1.0,0.0,19.89505329143298,19.90010468237064,0.1622268706560135,19.90010468237064
screw,0,texture,0.0123291015625,noise,3,gaussian,classical,0.7982434034347534,1.1408254414468157,0.6811462712521896,30.364270899468224,30.343580729138814,0.6333422660827637,19.90010468237064
screw,0,texture,0.0123291015625,noise,3,bilateral,classical,0.9398097991943359,1.0537370138415738,0.18380373994964538,21.48498010444344,21.491127214152485,0.20921854674816132,19.90010468237064
screw,0,texture,0.0123291015625,noise,3,nlm,classical,0.6667437553405762,0.9697370142955709,0.7895084979493652,35.63211312631407,34.95641837069038,0.9213373064994812,19.90010468237064
screw,0,texture,0.0123291015625,noise,3,clahe,classical,1.7542649507522583,1.7753216540336327,-1.9127739612777441,14.558768109443708,14.57940767357316,0.1119503453373909,19.90010468237064
screw,0,texture,0.0123291015625,noise,3,msrcr,classical,0.7238708138465881,0.8536386326927096,-0.35804299878812085,18.17243160920057,18.188806605406075,0.1279858946800232,19.90010468237064
screw,0,texture,0.0123291015625,noise,3,wiener,classical,0.7941271662712097,0.9409341396773966,-0.13566186261315227,19.414471546044723,19.397780037170904,0.1157519593834877,19.90010468237064
screw,0,texture,0.0123291015625,noise,3,classical_pipeline,classical,0.5560911297798157,1.0183241132218566,0.5576488047528296,31.079556658843916,30.85572410336608,0.9202449917793274,19.90010468237064
screw,0,texture,0.0123291015625,noise,3,nafnet,deep,4.576560020446777,0.26864806845275896,-5.051196125108076,6.093762554729178,6.084177405767859,0.003083872841671109,19.90010468237064
screw,0,texture,0.0123291015625,noise,3,restormer,deep,0.7380791306495667,1.140360889021456,0.3299467969743015,28.232395883353256,28.22575064356817,0.8826980590820312,19.90010468237064
screw,0,texture,0.0123291015625,noise,4,identity,classical,0.8178227543830872,1.0,0.0,17.891857800158043,17.89734311066049,0.11759201437234879,17.89734311066049
screw,0,texture,0.0123291015625,noise,4,gaussian,classical,0.6657655239105225,1.1963579535740458,0.6933342959262955,28.543387052060357,28.513514896452698,0.5361164212226868,17.89734311066049
screw,0,texture,0.0123291015625,noise,4,bilateral,classical,0.8534358739852905,1.0475628765339504,0.09931061331832847,18.69860917963323,18.70514574046264,0.13614124059677124,17.89734311066049
screw,0,texture,0.0123291015625,noise,4,nlm,classical,0.5456520318984985,1.0891093716484774,0.7940425230570294,33.98682885487353,33.346734831449794,0.9079950451850891,17.89734311066049
screw,0,texture,0.0123291015625,noise,4,clahe,classical,2.1673424243927,1.6578712688827204,-1.9689957441166315,12.395793497656115,12.413218650537257,0.08410084992647171,17.89734311066049
screw,0,texture,0.0123291015625,noise,4,msrcr,classical,0.6875547170639038,0.9104249770109709,-0.19538683734482842,16.926738924611612,16.94016975221841,0.09898663312196732,17.89734311066049
screw,0,texture,0.0123291015625,noise,4,wiener,classical,0.7150712013244629,0.875422730372123,-0.0894198424006214,17.620372663692493,17.610971191763316,0.08224599808454514,17.89734311066049
screw,0,texture,0.0123291015625,noise,4,classical_pipeline,classical,0.47131791710853577,1.1594765632181834,0.6076831844968846,29.894334103173918,29.662956585161577,0.9067773818969727,17.89734311066049
screw,0,texture,0.0123291015625,noise,4,nafnet,deep,4.9885735511779785,0.15815839906434437,-4.157260205676025,5.323824482133022,5.317404621818324,0.003118284745141864,17.89734311066049
screw,0,texture,0.0123291015625,noise,4,restormer,deep,0.5020503401756287,1.1542111376583923,0.195531482752638,25.15094750802455,25.15781534452264,0.8403417468070984,17.89734311066049
screw,0,texture,0.0123291015625,mixed,2,identity,classical,0.8440117835998535,1.0,0.0,22.25615567319664,22.244893399887957,0.20844469964504242,22.244893399887957
screw,0,texture,0.0123291015625,mixed,2,gaussian,classical,0.8216202259063721,1.0990120804028496,0.6337427537672293,31.633775830933306,31.54058719942379,0.7182247042655945,22.244893399887957
screw,0,texture,0.0123291015625,mixed,2,bilateral,classical,0.8532305955886841,1.0524072492773011,0.29899047600810347,25.30608185279793,25.27960195797266,0.33289071917533875,22.244893399887957
screw,0,texture,0.0123291015625,mixed,2,nlm,classical,0.6583928465843201,1.0117196718740418,0.7187957458933938,34.52934180829041,33.98102722197017,0.9157934784889221,22.244893399887957
screw,0,texture,0.0123291015625,mixed,2,clahe,classical,1.8616554737091064,1.785011472625812,-2.374316380862265,15.73798497562665,15.756772313990648,0.1300753802061081,22.244893399887957
screw,0,texture,0.0123291015625,mixed,2,msrcr,classical,0.6565677523612976,0.8060460007361904,-0.7508684239611538,18.828626902811223,18.842083925954988,0.14397461712360382,22.244893399887957
screw,0,texture,0.0123291015625,mixed,2,wiener,classical,0.813922643661499,0.8693989899762815,-0.14570977020406106,21.65785082487546,21.628526001288897,0.1742730587720871,22.244893399887957
screw,0,texture,0.0123291015625,mixed,2,classical_pipeline,classical,0.5678350925445557,1.072999982625079,0.42766718917457414,30.820011927441044,30.601126452506012,0.9145832061767578,22.244893399887957
screw,0,texture,0.0123291015625,mixed,2,nafnet,deep,2.2075788974761963,1.6749647064725723,-0.4166395213713783,22.924931002261168,22.652076642610297,0.4077269732952118,22.244893399887957
screw,0,texture,0.0123291015625,mixed,2,restormer,deep,0.7852838635444641,1.1298203467689034,0.4190070941323909,30.709504515495873,30.659511496944056,0.9004281163215637,22.244893399887957
screw,0,texture,0.0123291015625,mixed,3,identity,classical,0.8056538701057434,1.0,0.0,19.794885464834223,19.793901761865115,0.13742099702358246,19.793901761865115
screw,0,texture,0.0123291015625,mixed,3,gaussian,classical,0.7601032853126526,1.20212079187952,0.654182419195596,29.6402401567682,29.595039094350536,0.6081723570823669,19.793901761865115
screw,0,texture,0.0123291015625,mixed,3,bilateral,classical,0.84175044298172,1.066801952179555,0.17555780019871792,21.354464381315648,21.352034345390937,0.18272089958190918,19.793901761865115
screw,0,texture,0.0123291015625,mixed,3,nlm,classical,0.6666133999824524,1.086131667091255,0.7635603090798208,33.3853384225463,32.95194654933271,0.8990322947502136,19.793901761865115
screw,0,texture,0.0123291015625,mixed,3,clahe,classical,1.634390950202942,1.6188154805666723,-1.802875580648208,14.58106029649585,14.598042335374275,0.0929504856467247,19.793901761865115
screw,0,texture,0.0123291015625,mixed,3,msrcr,classical,0.6500980257987976,0.8940981253791592,-0.3215241287703732,17.79685688903114,17.808841447761537,0.10246660560369492,19.793901761865115
screw,0,texture,0.0123291015625,mixed,3,wiener,classical,0.7765568494796753,1.0102079162095003,-0.07682462330248652,19.552940090510237,19.541637318310528,0.11981645226478577,19.793901761865115
screw,0,texture,0.0123291015625,mixed,3,classical_pipeline,classical,0.5438253879547119,1.1439013966355598,0.5472013310300947,30.216745194775342,30.024267308778008,0.898134171962738,19.793901761865115
screw,0,texture,0.0123291015625,mixed,3,nafnet,deep,4.812199592590332,0.13731373872772926,-4.931878676757713,5.868335785186859,5.857273986548718,0.003593146102502942,19.793901761865115
screw,0,texture,0.0123291015625,mixed,3,restormer,deep,0.7081711888313293,1.2174751763478797,0.303637783315705,27.54641416014424,27.54163530212949,0.8575316071510315,19.793901761865115
screw,0,texture,0.0123291015625,mixed,4,identity,classical,0.5045055747032166,1.0,0.0,7.26306157763574,7.241208254449686,0.23148345947265625,7.241208254449686
screw,0,texture,0.0123291015625,mixed,4,gaussian,classical,0.2893860340118408,1.3636751939290326,3.279327756466888e-05,7.305768554175771,7.2834934680677845,0.488200306892395,7.241208254449686
screw,0,texture,0.0123291015625,mixed,4,bilateral,classical,0.42396509647369385,1.1342589038539133,-4.3413419970717015e-05,7.286376370732286,7.264165115108571,0.3231143057346344,7.241208254449686
screw,0,texture,0.0123291015625,mixed,4,nlm,classical,0.4911089539527893,1.0424077979827233,-0.0035355028131538457,7.2361210367852555,7.214332664517759,0.23452134430408478,7.241208254449686
screw,0,texture,0.0123291015625,mixed,4,clahe,classical,1.5716702938079834,1.7666028028525513,0.24780243779628308,9.105889112410155,9.100261158301338,0.1132810041308403,7.241208254449686
screw,0,texture,0.0123291015625,mixed,4,msrcr,classical,1.2838910818099976,0.9134268454319848,0.7361921465051515,16.67971944061171,16.676511195886796,0.10953404754400253,7.241208254449686
screw,0,texture,0.0123291015625,mixed,4,wiener,classical,0.4908113479614258,0.6675166278159776,-0.006226919578182333,7.199297506907404,7.175782636201129,0.20620761811733246,7.241208254449686
screw,0,texture,0.0123291015625,mixed,4,classical_pipeline,classical,0.5263774394989014,0.9861572818027787,-0.0015865631662030921,7.271220316771023,7.253828637680981,0.23150384426116943,7.241208254449686
screw,0,texture,0.0123291015625,mixed,4,nafnet,deep,7.46600341796875,0.11170636537645026,0.2521585618834622,5.211788487692192,5.202774871244433,0.0037148569244891405,7.241208254449686
screw,0,texture,0.0123291015625,mixed,4,restormer,deep,0.3428378701210022,1.8219105516094445,0.00803880198191953,7.367520255377507,7.345703127714338,0.46284160017967224,7.241208254449686
screw,1,scratch,0.001251220703125,defocus,2,identity,classical,0.45036888122558594,1.0,0.0,37.007533637589624,36.64870144683717,0.9602228999137878,36.64870144683717
screw,1,scratch,0.001251220703125,defocus,2,gaussian,classical,0.3753665089607239,0.9066478808159047,-0.14940206536565692,35.52761251474828,35.203977551133136,0.950056791305542,36.64870144683717
screw,1,scratch,0.001251220703125,defocus,2,bilateral,classical,0.37404361367225647,0.899066233738895,-0.09428706500783957,36.523777403590096,36.1164975205316,0.9496782422065735,36.64870144683717
screw,1,scratch,0.001251220703125,defocus,2,nlm,classical,0.4265369176864624,1.027484203767343,-0.24604489741482327,36.362115149438964,36.04315723953941,0.9439863562583923,36.64870144683717
screw,1,scratch,0.001251220703125,defocus,2,clahe,classical,0.9554741978645325,0.9648880677555771,-2.9902061028475764,28.166823605068437,28.163270439454863,0.9255111217498779,36.64870144683717
screw,1,scratch,0.001251220703125,defocus,2,msrcr,classical,0.539223313331604,1.057342332751486,-19.630717217958534,16.717004022669197,16.707132630787626,0.9284195303916931,36.64870144683717
screw,1,scratch,0.001251220703125,defocus,2,wiener,classical,0.015987016260623932,0.012110101935722522,-6.175682401236964,20.49502401932294,20.473807490470037,0.7417728304862976,36.64870144683717
screw,1,scratch,0.001251220703125,defocus,2,classical_pipeline,classical,0.012853965163230896,0.01380015201101848,-8.194885812863646,20.098769581859276,20.07945343790393,0.7590460777282715,36.64870144683717
screw,1,scratch,0.001251220703125,defocus,2,nafnet,deep,0.3716181218624115,0.9232648336812305,-0.20295879786350457,35.23189222860012,34.92685329971912,0.9467575550079346,36.64870144683717
screw,1,scratch,0.001251220703125,defocus,2,restormer,deep,0.40067291259765625,0.9623374622616898,-0.1328991589121482,35.91123977772115,35.590220369200615,0.9535157084465027,36.64870144683717
screw,1,scratch,0.001251220703125,defocus,3,identity,classical,0.3178916573524475,1.0,0.0,34.572180602792365,34.26446094764371,0.9397031664848328,34.26446094764371
screw,1,scratch,0.001251220703125,defocus,3,gaussian,classical,0.29416972398757935,1.0228025642590672,-0.058548479324488145,34.03685889306433,33.74684092360945,0.9352930188179016,34.26446094764371
screw,1,scratch,0.001251220703125,defocus,3,bilateral,classical,0.25758254528045654,0.8555583790364062,-0.03375108558260309,34.39056528168435,34.045318787517665,0.9345204830169678,34.26446094764371
screw,1,scratch,0.001251220703125,defocus,3,nlm,classical,0.2864392399787903,1.0330951487827866,-0.15190267160803805,34.26240144076564,33.96355565130264,0.9289000034332275,34.26446094764371
screw,1,scratch,0.001251220703125,defocus,3,clahe,classical,0.7579324841499329,0.9968988825456844,-2.290915500829772,27.76922405586136,27.75699240468392,0.9120482802391052,34.26446094764371
screw,1,scratch,0.001251220703125,defocus,3,msrcr,classical,0.38994330167770386,1.0675932114182587,-15.077996852885285,16.859319972422576,16.844974434893317,0.9133026003837585,34.26446094764371
screw,1,scratch,0.001251220703125,defocus,3,wiener,classical,0.019130373373627663,0.13371556205348065,-5.544994281881734,19.492227172276902,19.47576774075031,0.7231078743934631,34.26446094764371
screw,1,scratch,0.001251220703125,defocus,3,classical_pipeline,classical,0.017884740605950356,0.16705245008445394,-7.047058823529412,19.210189069616202,19.19524998779289,0.7464971542358398,34.26446094764371
screw,1,scratch,0.001251220703125,defocus,3,nafnet,deep,0.29342514276504517,1.0498259853138783,-0.09964981899791048,33.74814490808257,33.47660533388345,0.9323554635047913,34.26446094764371
screw,1,scratch,0.001251220703125,defocus,3,restormer,deep,0.30352267622947693,1.056816860852968,-0.06374143357094342,34.1495911810068,33.864671584850015,0.9369575381278992,34.26446094764371
screw,1,scratch,0.001251220703125,defocus,4,identity,classical,0.21454103291034698,1.0,0.0,32.471822270539654,32.22363973131512,0.9154888987541199,32.22363973131512
screw,1,scratch,0.001251220703125,defocus,4,gaussian,classical,0.20815996825695038,1.0456001583393142,-0.025132262764218094,32.26383576263194,32.023551669071374,0.9139067530632019,32.22363973131512
screw,1,scratch,0.001251220703125,defocus,4,bilateral,classical,0.18987470865249634,0.96520680064948,-0.015141606089160486,32.28850772433952,32.03616842288685,0.9131490588188171,32.22363973131512
screw,1,scratch,0.001251220703125,defocus,4,nlm,classical,0.1763906031847,0.9700825325627326,-0.09858973972710428,32.32521045645747,32.07156694586424,0.909141480922699,32.22363973131512
screw,1,scratch,0.001251220703125,defocus,4,clahe,classical,0.5308101773262024,1.0369516553737608,-1.7452905036426154,27.198347260535137,27.165541615463347,0.8933196067810059,32.22363973131512
screw,1,scratch,0.001251220703125,defocus,4,msrcr,classical,0.2771206498146057,1.1637187600202856,-11.638480854322049,17.04977851112959,17.031376887734268,0.8941214084625244,32.22363973131512
screw,1,scratch,0.001251220703125,defocus,4,wiener,classical,0.011477175168693066,0.37765610890760914,-5.6330757166015095,17.927787633305257,17.917492529010005,0.6976072192192078,32.22363973131512
screw,1,scratch,0.001251220703125,defocus,4,classical_pipeline,classical,0.014598222449421883,0.35839354779326615,-6.64269989538108,17.792052556757024,17.783020073045808,0.7343935370445251,32.22363973131512
screw,1,scratch,0.001251220703125,defocus,4,nafnet,deep,0.21057772636413574,1.1039294259056833,-0.05109868912943272,32.069338330265694,31.841137318442495,0.9124577045440674,32.22363973131512
screw,1,scratch,0.001251220703125,defocus,4,restormer,deep,0.20780739188194275,1.0499463078123488,-0.04355554724422128,32.20916840372222,31.975116034051283,0.9141779541969299,32.22363973131512
screw,1,scratch,0.001251220703125,noise,2,identity,classical,1.0023118257522583,1.0,0.0,22.146056621586773,22.146776328900756,0.2374652624130249,22.146776328900756
screw,1,scratch,0.001251220703125,noise,2,gaussian,classical,0.5295732021331787,0.7432711619423716,0.641432334515029,31.937224067947025,31.841512391763636,0.7269228100776672,22.146776328900756
screw,1,scratch,0.001251220703125,noise,2,bilateral,classical,0.9644257426261902,1.2113624899887843,0.2894451912945536,25.077149355594383,25.075414833382673,0.3463088274002075,22.146776328900756
screw,1,scratch,0.001251220703125,noise,2,nlm,classical,0.16491732001304626,0.6129117280849987,0.7201207820991276,36.55929737614579,35.90266489088992,0.9303242564201355,22.146776328900756
screw,1,scratch,0.001251220703125,noise,2,clahe,classical,1.685387134552002,0.6783848817303165,-3.0506825979310808,14.498215845779264,14.491252837669034,0.156553253531456,22.146776328900756
screw,1,scratch,0.001251220703125,noise,2,msrcr,classical,1.0457870960235596,1.1584255994835566,-0.531359642065597,20.482254730700276,20.482695876134997,0.22696872055530548,22.146776328900756
screw,1,scratch,0.001251220703125,noise,2,wiener,classical,0.0258399099111557,0.10532865930797956,-0.28297839209803755,20.97522485640144,20.948815760212376,0.16864649951457977,22.146776328900756
screw,1,scratch,0.001251220703125,noise,2,classical_pipeline,classical,0.1598440408706665,0.8302819331825113,0.20226864803982125,29.048668153448833,28.899143890497076,0.927568256855011,22.146776328900756
screw,1,scratch,0.001251220703125,noise,2,nafnet,deep,0.16570813953876495,0.07279139504631772,-0.3905179564104826,23.177437867285132,23.120556553243865,0.4383757412433624,22.146776328900756
screw,1,scratch,0.001251220703125,noise,2,restormer,deep,0.4581984877586365,0.8899843290139554,0.4734055153871307,32.004469795762816,31.85097409711002,0.8973135352134705,22.146776328900756
screw,1,scratch,0.001251220703125,noise,3,identity,classical,0.9912261366844177,1.0,0.0,19.8765402200655,19.877326162167453,0.174247607588768,19.877326162167453
screw,1,scratch,0.001251220703125,noise,3,gaussian,classical,0.5203691720962524,0.8271658474661591,0.6635169400581331,30.061958784063712,30.008463443933216,0.635396420955658,19.877326162167453
screw,1,scratch,0.001251220703125,noise,3,bilateral,classical,0.9694052934646606,1.0977257071956987,0.16939898558321786,21.417461609588084,21.417141815624845,0.2166140079498291,19.877326162167453
screw,1,scratch,0.001251220703125,noise,3,nlm,classical,0.12815622985363007,0.4320054338572826,0.738930657583671,34.783967125107225,34.31151853873789,0.9182669520378113,19.877326162167453
screw,1,scratch,0.001251220703125,noise,3,clahe,classical,1.5968017578125,0.7197224641403425,-2.3572851864351874,13.542711075876195,13.53738388671191,0.12391970306634903,19.877326162167453
screw,1,scratch,0.001251220703125,noise,3,msrcr,classical,1.0242397785186768,1.1489756558726323,-0.23651812649651216,19.213364071646016,19.213362721810743,0.16810959577560425,19.877326162167453
screw,1,scratch,0.001251220703125,noise,3,wiener,classical,0.023923326283693314,0.10525709099975405,-0.1938799088189791,19.16088796081372,19.143228397386082,0.11791235953569412,19.877326162167453
screw,1,scratch,0.001251220703125,noise,3,classical_pipeline,classical,0.12651720643043518,0.6618094355860765,0.34377135808497516,28.4758001405514,28.342258171752643,0.9161211848258972,19.877326162167453
screw,1,scratch,0.001251220703125,noise,3,nafnet,deep,0.34624096751213074,0.04757523218314223,-5.311298132735885,5.7475698176824785,5.7483171308492755,0.003776839002966881,19.877326162167453
screw,1,scratch,0.001251220703125,noise,3,restormer,deep,0.28405046463012695,0.6315690813295644,0.37948566659565586,29.106988682157034,28.96855869125727,0.8643484711647034,19.877326162167453
screw,1,scratch,0.001251220703125,noise,4,identity,classical,0.9818805456161499,1.0,0.0,18.08034151944771,18.08078972606584,0.13282589614391327,18.08078972606584
screw,1,scratch,0.001251220703125,noise,4,gaussian,classical,0.5122116208076477,0.9991362680730558,0.6613041105431563,28.376946144231216,28.343317596540622,0.5518240928649902,18.08078972606584
screw,1,scratch,0.001251220703125,noise,4,bilateral,classical,0.9534112215042114,1.0329976152646692,0.09966560269294167,18.92614196430531,18.925841273220733,0.15126167237758636,18.08078972606584
screw,1,scratch,0.001251220703125,noise,4,nlm,classical,0.11441946029663086,0.42048499668104894,0.705471745225947,32.65426018450138,32.36511040906623,0.9054344296455383,18.08078972606584
screw,1,scratch,0.001251220703125,noise,4,clahe,classical,1.647221326828003,0.7411839503533407,-2.1357284558305474,12.259807169000288,12.254079288222231,0.09764406830072403,18.08078972606584
screw,1,scratch,0.001251220703125,noise,4,msrcr,classical,0.9814206957817078,1.1096783708793596,-0.11198290993827298,17.92956955367608,17.928951397038194,0.13013820350170135,18.08078972606584
screw,1,scratch,0.001251220703125,noise,4,wiener,classical,0.024573294445872307,0.10050228863496845,-0.14165640218985898,17.60173485207124,17.59057195066274,0.08725902438163757,18.08078972606584
screw,1,scratch,0.001251220703125,noise,4,classical_pipeline,classical,0.10302448272705078,0.6178868289131411,0.4191247524125091,27.60592496907488,27.499053862743278,0.9043700098991394,18.08078972606584
screw,1,scratch,0.001251220703125,noise,4,nafnet,deep,0.6360973715782166,0.13439720984031042,-4.621826289993479,5.190256171935759,5.191685092072853,0.0032672241795808077,18.08078972606584
screw,1,scratch,0.001251220703125,noise,4,restormer,deep,0.1538078784942627,0.6047080418025882,0.3385195884652471,26.959988850668438,26.842681659183768,0.8321685791015625,18.08078972606584
screw,1,scratch,0.001251220703125,mixed,2,identity,classical,0.26794174313545227,1.0,0.0,24.718926446863403,24.681544150106237,0.31719890236854553,24.681544150106237
screw,1,scratch,0.001251220703125,mixed,2,gaussian,classical,0.26295047998428345,2.2241108076223868,0.6302470800875901,31.50622154638661,31.323304481179125,0.7746899724006653,24.681544150106237
screw,1,scratch,0.001251220703125,mixed,2,bilateral,classical,0.2566588222980499,1.1716061661434365,0.20456147087173815,26.586289702799068,26.527711241388374,0.41429921984672546,24.681544150106237
screw,1,scratch,0.001251220703125,mixed,2,nlm,classical,0.08452699333429337,0.608004894179262,0.7207328381391613,33.246602933349926,32.86432274877144,0.9097643494606018,24.681544150106237
screw,1,scratch,0.001251220703125,mixed,2,clahe,classical,0.5886445641517639,0.9778923750483302,-2.195968775070233,15.000912541693289,15.00332855031822,0.14789052307605743,24.681544150106237
screw,1,scratch,0.001251220703125,mixed,2,msrcr,classical,0.279423326253891,1.011598294631396,-0.5441903601872593,21.13637727978544,21.110433878442496,0.27433040738105774,24.681544150106237
screw,1,scratch,0.001251220703125,mixed,2,wiener,classical,0.2402513176202774,0.9239453860329673,-0.13146282932582065,23.490352342519166,23.463948987998414,0.283231645822525,24.681544150106237
screw,1,scratch,0.001251220703125,mixed,2,classical_pipeline,classical,0.08054637908935547,0.8991351098722913,0.2949885577763963,28.07932581631048,27.93959234470485,0.9069180488586426,24.681544150106237
screw,1,scratch,0.001251220703125,mixed,2,nafnet,deep,0.27362439036369324,0.5910824224463854,-5.662471641586707,5.29966448030028,5.30037452095868,0.0034162707161158323,24.681544150106237
screw,1,scratch,0.001251220703125,mixed,2,restormer,deep,0.22789479792118073,2.1234879469659904,0.6976806849101466,32.63027962153432,32.36969121524294,0.8761396408081055,24.681544150106237
screw,1,scratch,0.001251220703125,mixed,3,identity,classical,0.15915653109550476,1.0,0.0,8.11678060299822,8.120214757273626,0.7189993858337402,8.120214757273626
screw,1,scratch,0.001251220703125,mixed,3,gaussian,classical,0.14728035032749176,1.0413451090970565,3.128558245801827e-07,8.114946306466145,8.118420131659818,0.7154509425163269,8.120214757273626
screw,1,scratch,0.001251220703125,mixed,3,bilateral,classical,0.1172373965382576,0.8801937745877583,8.728677506808502e-05,8.114859517390943,8.11843188077215,0.7123139500617981,8.120214757273626
screw,1,scratch,0.001251220703125,mixed,3,nlm,classical,0.11910256743431091,0.9922335286079677,-0.007575334509358322,8.054891405799106,8.05842965923691,0.7096861004829407,8.120214757273626
screw,1,scratch,0.001251220703125,mixed,3,clahe,classical,0.30423444509506226,0.970190229384779,0.17426006859989662,9.560553545788457,9.563508439680904,0.7733247876167297,8.120214757273626
screw,1,scratch,0.001251220703125,mixed,3,msrcr,classical,0.3898349106311798,1.0369349422427347,0.7056973665830246,18.080026710552,18.06436502019822,0.9088777899742126,8.120214757273626
screw,1,scratch,0.001251220703125,mixed,3,wiener,classical,0.009480653330683708,0.14507056199822918,-0.01704266461808679,7.9020827624730146,7.905987295540409,0.5669330954551697,8.120214757273626
screw,1,scratch,0.001251220703125,mixed,3,classical_pipeline,classical,0.009021458216011524,0.1621637913618205,-0.02842780093171604,7.830976854816151,7.835042016521863,0.6166365146636963,8.120214757273626
screw,1,scratch,0.001251220703125,mixed,3,nafnet,deep,0.14287348091602325,1.0889983966013799,0.0011350409317096855,8.11870631550921,8.12219239020265,0.7115835547447205,8.120214757273626
screw,1,scratch,0.001251220703125,mixed,3,restormer,deep,0.14868469536304474,1.0870437602786267,-0.0004980664727898265,8.109170441917934,8.112635876881539,0.7152347564697266,8.120214757273626
screw,1,scratch,0.001251220703125,mixed,4,identity,classical,0.20042943954467773,1.0,0.0,21.714979223893344,21.690449043814517,0.19380074739456177,21.690449043814517
screw,1,scratch,0.001251220703125,mixed,4,gaussian,classical,0.18621394038200378,8.85188320673529,0.5897972608694525,28.140839696034142,28.051266515417268,0.6146442294120789,21.690449043814517
screw,1,scratch,0.001251220703125,mixed,4,bilateral,classical,0.19692255556583405,1.7768385752036835,0.12109998507780406,22.75730897068466,22.727088687861755,0.23511235415935516,21.690449043814517
screw,1,scratch,0.001251220703125,mixed,4,nlm,classical,0.20191238820552826,0.6381675260241522,0.017726708349805498,21.99026194041821,21.963990866666883,0.20696884393692017,21.690449043814517
screw,1,scratch,0.001251220703125,mixed,4,clahe,classical,0.34513208270072937,0.2442840657851543,-1.7232729444085728,13.399023082287096,13.400522698695125,0.09014014154672623,21.690449043814517
screw,1,scratch,0.001251220703125,mixed,4,msrcr,classical,0.21471720933914185,1.1937569720582788,-0.24956465141585227,19.5842163242618,19.566763094228822,0.15483810007572174,21.690449043814517
screw,1,scratch,0.001251220703125,mixed,4,wiener,classical,0.16552546620368958,5.523552020147706,-0.0577669322723251,21.194690613302352,21.178736252154643,0.18377111852169037,21.690449043814517
screw,1,scratch,0.001251220703125,mixed,4,classical_pipeline,classical,0.19293680787086487,0.543806938279757,-0.09743156711581769,21.143677027652164,21.118763032371717,0.20310117304325104,21.690449043814517
screw,1,scratch,0.001251220703125,mixed,4,nafnet,deep,0.8572337627410889,0.986375776496364,-4.190378224626432,4.978769990985442,4.9797317261411775,0.0037563347723335028,21.690449043814517
screw,1,scratch,0.001251220703125,mixed,4,restormer,deep,0.16541433334350586,9.122471484128615,0.6608410578681816,29.777231448019833,29.63161571308818,0.7306709885597229,21.690449043814517
screw,2,blob,0.0081939697265625,defocus,2,identity,classical,0.985415518283844,1.0,0.0,36.66568774221753,36.69738077084809,0.9653186202049255,36.69738077084809
screw,2,blob,0.0081939697265625,defocus,2,gaussian,classical,0.9736480712890625,0.9846402526001714,-0.17414365577233837,35.00430502855855,35.036435730163696,0.9553682804107666,36.69738077084809
screw,2,blob,0.0081939697265625,defocus,2,bilateral,classical,0.9559864401817322,0.9975534415184081,-0.07917199016606569,36.27773313937571,36.30654971686562,0.957832396030426,36.69738077084809
screw,2,blob,0.0081939697265625,defocus,2,nlm,classical,0.9786340594291687,1.0070654734839377,-0.2003659651072387,36.19977851930307,36.22349456868098,0.9520271420478821,36.69738077084809
screw,2,blob,0.0081939697265625,defocus,2,clahe,classical,2.055676221847534,1.143517326942649,-2.8018817027436014,28.80382664826213,28.57070396786913,0.9301510453224182,36.69738077084809
screw,2,blob,0.0081939697265625,defocus,2,msrcr,classical,1.1832221746444702,1.3045028771081921,-18.733001723384255,17.183430737375854,17.194646224515896,0.9284005165100098,36.69738077084809
screw,2,blob,0.0081939697265625,defocus,2,wiener,classical,0.4468354284763336,0.02756007700978066,-5.57939785925569,21.70587083111986,21.720092150986105,0.8022845387458801,36.69738077084809
screw,2,blob,0.0081939697265625,defocus,2,classical_pipeline,classical,0.4213062524795532,0.02005093292392583,-7.794007045792831,21.028874722618763,21.042437022667624,0.8015241622924805,36.69738077084809
screw,2,blob,0.0081939697265625,defocus,2,nafnet,deep,0.963358998298645,0.959570019952656,-0.20241997182922966,35.04713664683997,35.07773186133982,0.9534742832183838,36.69738077084809
screw,2,blob,0.0081939697265625,defocus,2,restormer,deep,0.976180374622345,0.9887330548451394,-0.09660727886134701,35.97576707146713,36.00791844246528,0.9610626101493835,36.69738077084809
screw,2,blob,0.0081939697265625,defocus,3,identity,classical,0.9709395170211792,1.0,0.0,34.048980928677025,34.08138918247716,0.9461129307746887,34.08138918247716
screw,2,blob,0.0081939697265625,defocus,3,gaussian,classical,0.9598262310028076,0.9826493086395444,-0.07388341229979067,33.382350918993126,33.4144882261464,0.9403931498527527,34.08138918247716
screw,2,blob,0.0081939697265625,defocus,3,bilateral,classical,0.941925048828125,0.9877496286928673,-0.023452300534276382,33.90195969915757,33.93209644462824,0.9428964257240295,34.08138918247716
screw,2,blob,0.0081939697265625,defocus,3,nlm,classical,0.9671505689620972,1.0175167463333914,-0.11667147140036582,33.83417996586622,33.8624618684861,0.937101423740387,34.08138918247716
screw,2,blob,0.0081939697265625,defocus,3,clahe,classical,2.0353708267211914,1.173683077187132,-2.137511905873664,28.30289592435099,28.117747325088736,0.9177858829498291,34.08138918247716
screw,2,blob,0.0081939697265625,defocus,3,msrcr,classical,1.2125781774520874,1.3076396343842251,-14.035735465110688,17.29060496001528,17.3022096950543,0.9181842803955078,34.08138918247716
screw,2,blob,0.0081939697265625,defocus,3,wiener,classical,0.2876804769039154,0.031260167839774325,-4.822563642063652,20.77256955816335,20.787204711804467,0.7933736443519592,34.08138918247716
screw,2,blob,0.0081939697265625,defocus,3,classical_pipeline,classical,0.2831787168979645,0.031328864924230176,-6.441504308339529,20.27547019998891,20.28815791684917,0.7947554588317871,34.08138918247716
screw,2,blob,0.0081939697265625,defocus,3,nafnet,deep,0.9486271142959595,0.9586624203486313,-0.10452347335018297,33.2561288358836,33.287322301262215,0.9381878972053528,34.08138918247716
screw,2,blob,0.0081939697265625,defocus,3,restormer,deep,0.9578012824058533,0.9749826653139382,-0.05215504594272824,33.75747263118916,33.78985754611214,0.9440805912017822,34.08138918247716
screw,2,blob,0.0081939697265625,defocus,4,identity,classical,0.9403043389320374,1.0,0.0,31.662539827074163,31.694443202386736,0.918501079082489,31.694443202386736
screw,2,blob,0.0081939697265625,defocus,4,gaussian,classical,0.9304393529891968,0.9846125074963439,-0.026696627891154012,31.43994436477291,31.47131151734118,0.9158313870429993,31.694443202386736
screw,2,blob,0.0081939697265625,defocus,4,bilateral,classical,0.9126063585281372,0.9799366334618125,-0.011018138889065332,31.519952196161896,31.549880418456176,0.9165201187133789,31.694443202386736
screw,2,blob,0.0081939697265625,defocus,4,nlm,classical,0.9377444982528687,0.9829026132557696,-0.07516816411493643,31.534309051613437,31.56429359099328,0.9119073748588562,31.694443202386736
screw,2,blob,0.0081939697265625,defocus,4,clahe,classical,1.9740239381790161,1.183611839339724,-1.6434444330397726,27.340996416505515,27.218431793636498,0.8961005806922913,31.694443202386736
screw,2,blob,0.0081939697265625,defocus,4,msrcr,classical,1.2487156391143799,1.3130478775943295,-10.561375430168804,17.40591271775846,17.418184555149658,0.9006760716438293,31.694443202386736
screw,2,blob,0.0081939697265625,defocus,4,wiener,classical,0.06401235610246658,0.1198293561550359,-4.865698733223291,18.89695816775159,18.916774735391666,0.7524788975715637,31.694443202386736
screw,2,blob,0.0081939697265625,defocus,4,classical_pipeline,classical,0.0981961190700531,0.11304081044631151,-5.997675341535558,18.644489447806066,18.66046584822708,0.7554489970207214,31.694443202386736
screw,2,blob,0.0081939697265625,defocus,4,nafnet,deep,0.9216484427452087,0.9722452207022545,-0.04724459599655906,31.324738486073436,31.355665678565234,0.9143517017364502,31.694443202386736
screw,2,blob,0.0081939697265625,defocus,4,restormer,deep,0.9276838898658752,0.9652499664699384,-0.043177028776884674,31.400773353456625,31.43262001557808,0.9161139130592346,31.694443202386736
screw,2,blob,0.0081939697265625,noise,2,identity,classical,0.9863927960395813,1.0,0.0,22.157557692294123,22.158478430193842,0.2351149320602417,22.158478430193842
screw,2,blob,0.0081939697265625,noise,2,gaussian,classical,0.9740175604820251,2.377566340791154,0.6395544880404953,31.904382717947396,31.913058402401717,0.7318305969238281,22.158478430193842
screw,2,blob,0.0081939697265625,noise,2,bilateral,classical,0.9769014716148376,1.2877936757443933,0.29399096123761514,25.104510886779817,25.106362257586497,0.34557414054870605,22.158478430193842
screw,2,blob,0.0081939697265625,noise,2,nlm,classical,0.7947961091995239,2.4314361916394245,0.736741278595094,36.876154087665796,36.86206789380591,0.9434474110603333,22.158478430193842
screw,2,blob,0.0081939697265625,noise,2,clahe,classical,1.7637211084365845,0.8368488490923665,-2.9865265553150135,14.648890325910388,14.612189488993737,0.15393202006816864,22.158478430193842
screw,2,blob,0.0081939697265625,noise,2,msrcr,classical,0.8804271817207336,1.0464905599362226,-0.5098209629758388,20.28924204836769,20.29896940018007,0.20884637534618378,22.158478430193842
screw,2,blob,0.0081939697265625,noise,2,wiener,classical,0.9214888215065002,0.8384279879359083,-0.29764686672039353,20.86231181907687,20.870083885213052,0.15978647768497467,22.158478430193842
screw,2,blob,0.0081939697265625,noise,2,classical_pipeline,classical,0.7213319540023804,2.4456581219458178,0.14098657354002386,28.388021573613944,28.4152944590423,0.9385550022125244,22.158478430193842
screw,2,blob,0.0081939697265625,noise,2,nafnet,deep,0.6769585609436035,1.2278158852248575,-0.2704212295034474,24.31376494579427,24.291440726678985,0.5458840131759644,22.158478430193842
screw,2,blob,0.0081939697265625,noise,2,restormer,deep,1.0176092386245728,3.060062330499741,0.4564717222634831,32.010788709502116,32.02219515631837,0.9049763083457947,22.158478430193842
screw,2,blob,0.0081939697265625,noise,3,identity,classical,0.9544275403022766,1.0,0.0,19.860870758807838,19.859545001893682,0.17223966121673584,19.859545001893682
screw,2,blob,0.0081939697265625,noise,3,gaussian,classical,0.9429001212120056,2.6650775555259503,0.6597791953807113,30.011558685721376,30.017031429608068,0.6364070177078247,19.859545001893682
screw,2,blob,0.0081939697265625,noise,3,bilateral,classical,0.9562405347824097,1.1670231048855224,0.16960553617248486,21.38984979828876,21.38854044579087,0.2145831137895584,19.859545001893682
screw,2,blob,0.0081939697265625,noise,3,nlm,classical,0.7378602623939514,2.866362978893478,0.7346400427032942,34.5324850622944,34.535702786259904,0.9290068745613098,19.859545001893682
screw,2,blob,0.0081939697265625,noise,3,clahe,classical,1.6871644258499146,0.8302327617380051,-2.372019919657297,13.477222386034393,13.449571308336605,0.12111445516347885,19.859545001893682
screw,2,blob,0.0081939697265625,noise,3,msrcr,classical,0.833957850933075,1.0325740821803095,-0.25278689953700706,18.881701103561817,18.88715114878864,0.15509271621704102,19.859545001893682
screw,2,blob,0.0081939697265625,noise,3,wiener,classical,0.8928574323654175,0.802655063471823,-0.20196424256137724,19.06682008660631,19.070386615176453,0.10803032666444778,19.859545001893682
screw,2,blob,0.0081939697265625,noise,3,classical_pipeline,classical,0.6781609654426575,2.607347886492968,0.3051410612492925,27.798738337845094,27.82609494228886,0.9261414408683777,19.859545001893682
screw,2,blob,0.0081939697265625,noise,3,nafnet,deep,1.2634774446487427,0.05852174647431627,-4.657396765651732,6.311827419225422,6.313413573016224,0.005161015782505274,19.859545001893682
screw,2,blob,0.0081939697265625,noise,3,restormer,deep,0.9091711640357971,3.2852654016710123,0.34549838244126696,28.763551663304394,28.76327403828652,0.8688018918037415,19.859545001893682
screw,2,blob,0.0081939697265625,noise,4,identity,classical,0.8973602652549744,1.0,0.0,18.062322408989388,18.0580075484447,0.132324680685997,18.0580075484447
screw,2,blob,0.0081939697265625,noise,4,gaussian,classical,0.8865194916725159,2.854239723013656,0.6600942888244865,28.33667121286109,28.339120766762605,0.5516098141670227,18.0580075484447
screw,2,blob,0.0081939697265625,noise,4,bilateral,classical,0.9041306376457214,1.0792832387984943,0.09775852896748916,18.900649720451334,18.895272102334175,0.1507759839296341,18.0580075484447
screw,2,blob,0.0081939697265625,noise,4,nlm,classical,0.6667792201042175,3.394125899907482,0.7024629711367081,32.513162742249314,32.51724892082309,0.9191619753837585,18.0580075484447
screw,2,blob,0.0081939697265625,noise,4,clahe,classical,1.5926851034164429,0.921450893874078,-2.0978638911792156,12.254055092356914,12.232176666675505,0.09740754216909409,18.0580075484447
screw,2,blob,0.0081939697265625,noise,4,msrcr,classical,0.7377133369445801,1.0006000204981256,-0.12900554381268825,17.700540288013485,17.702344775988273,0.12491908669471741,18.0580075484447
screw,2,blob,0.0081939697265625,noise,4,wiener,classical,0.8385552763938904,0.7605795276319399,-0.14745920450235772,17.521951869947408,17.52279777895047,0.0784488245844841,18.0580075484447
screw,2,blob,0.0081939697265625,noise,4,classical_pipeline,classical,0.6156229376792908,3.1646228913572396,0.3936248095649214,27.054431153322362,27.079982351232328,0.9160447716712952,18.0580075484447
screw,2,blob,0.0081939697265625,noise,4,nafnet,deep,1.3454320430755615,0.024886512913851928,-4.692919633484474,5.082252423646024,5.086793047944315,0.0035380057524889708,18.0580075484447
screw,2,blob,0.0081939697265625,noise,4,restormer,deep,0.6558804512023926,3.3066358506692493,0.2989483194468354,26.532719338222705,26.493463370662017,0.8504047989845276,18.0580075484447
screw,2,blob,0.0081939697265625,mixed,2,identity,classical,0.634407639503479,1.0,0.0,10.844253994666078,10.846939059507132,0.8423025608062744,10.846939059507132
screw,2,blob,0.0081939697265625,mixed,2,gaussian,classical,0.6274398565292358,1.0192631797990517,-0.00010458873385643663,10.838058736682378,10.840937892422527,0.8360462188720703,10.846939059507132
screw,2,blob,0.0081939697265625,mixed,2,bilateral,classical,0.6114555597305298,1.0003968492024584,1.097536096028584e-05,10.841317656323417,10.844498058613505,0.8393561244010925,10.846939059507132
screw,2,blob,0.0081939697265625,mixed,2,nlm,classical,0.6026694774627686,1.1949895767035574,-0.004578877551986604,10.803445130616566,10.806333369207643,0.8379650115966797,10.846939059507132
screw,2,blob,0.0081939697265625,mixed,2,clahe,classical,1.4879649877548218,1.2620173718482885,0.2022662183554519,12.535515611484147,12.512972899245137,0.8543696403503418,10.846939059507132
screw,2,blob,0.0081939697265625,mixed,2,msrcr,classical,1.1603829860687256,1.3394405773681364,0.5500654002391338,17.547094352019627,17.55805186750339,0.9056865572929382,10.846939059507132
screw,2,blob,0.0081939697265625,mixed,2,wiener,classical,0.31564149260520935,0.024409878308365537,-0.030630941221131636,10.475982659738099,10.48604027556484,0.6825781464576721,10.846939059507132
screw,2,blob,0.0081939697265625,mixed,2,classical_pipeline,classical,0.28305259346961975,0.02117693623335155,-0.05380875153762665,10.283310733878109,10.293592967206722,0.7202766537666321,10.846939059507132
screw,2,blob,0.0081939697265625,mixed,2,nafnet,deep,0.6160985231399536,1.028415316809159,0.0006335580915095562,10.83997076372086,10.843134856118885,0.8362305164337158,10.846939059507132
screw,2,blob,0.0081939697265625,mixed,2,restormer,deep,0.6238557696342468,1.0513869920634846,-0.0020715455804589666,10.819270253034386,10.822142449895448,0.838106632232666,10.846939059507132
screw,2,blob,0.0081939697265625,mixed,3,identity,classical,0.9569850564002991,1.0,0.0,23.020832224906908,23.023565414616215,0.24792973697185516,23.023565414616215
screw,2,blob,0.0081939697265625,mixed,3,gaussian,classical,0.9341390132904053,2.934069319634464,0.6188362399126535,29.76165285444722,29.77799760293797,0.7018862366676331,23.023565414616215
screw,2,blob,0.0081939697265625,mixed,3,bilateral,classical,0.9486044645309448,1.1531371677478217,0.1521305160648896,24.354571114920503,24.359029603185846,0.30751368403434753,23.023565414616215
screw,2,blob,0.0081939697265625,mixed,3,nlm,classical,0.8369276523590088,4.39079846030297,0.7080192591959107,31.430455513957675,31.456384345700435,0.8690075874328613,23.023565414616215
screw,2,blob,0.0081939697265625,mixed,3,clahe,classical,1.542492389678955,0.9272063994593452,-1.969347170813204,13.893661521265283,13.866640773347495,0.11949897557497025,23.023565414616215
screw,2,blob,0.0081939697265625,mixed,3,msrcr,classical,0.9900148510932922,1.0269018058777912,-0.3348134914191301,20.3673626550999,20.37712912205986,0.19711239635944366,23.023565414616215
screw,2,blob,0.0081939697265625,mixed,3,wiener,classical,0.911869466304779,0.8645998597272654,-0.08501797789854848,22.203803485453268,22.208543203080016,0.21660809218883514,23.023565414616215
screw,2,blob,0.0081939697265625,mixed,3,classical_pipeline,classical,0.7743386626243591,3.5511194075514636,0.33956511235860043,26.74059184042561,26.772084383155317,0.8628231883049011,23.023565414616215
screw,2,blob,0.0081939697265625,mixed,3,nafnet,deep,1.3294663429260254,0.007988732957355828,-4.70730570484623,4.977414310239096,4.979523148801269,0.003427244024351239,23.023565414616215
screw,2,blob,0.0081939697265625,mixed,3,restormer,deep,0.8988325595855713,3.6091347657881383,0.6742578161682705,31.095881025214766,31.118640644487854,0.8041368126869202,23.023565414616215
screw,2,blob,0.0081939697265625,mixed,4,identity,classical,0.867829442024231,1.0,0.0,21.49653855683273,21.497884309240373,0.189923956990242,21.497884309240373
screw,2,blob,0.0081939697265625,mixed,4,gaussian,classical,0.8417791724205017,2.808428708001591,0.5850515714863458,27.730383780280235,27.743722294978483,0.6134958863258362,21.497884309240373
screw,2,blob,0.0081939697265625,mixed,4,bilateral,classical,0.8585972189903259,1.1181702226822494,0.11579999005465424,22.490856362019276,22.493048549063023,0.2289973646402359,21.497884309240373
screw,2,blob,0.0081939697265625,mixed,4,nlm,classical,0.862936794757843,1.0967405043226361,0.009357318540037185,21.72386041871374,21.72503058773371,0.19878645241260529,21.497884309240373
screw,2,blob,0.0081939697265625,mixed,4,clahe,classical,1.4776979684829712,1.0006775245157982,-1.6548963846813391,13.369774094140318,13.352127226859977,0.08918780088424683,21.497884309240373
screw,2,blob,0.0081939697265625,mixed,4,msrcr,classical,0.897550106048584,0.9936525307121665,-0.27099201115176963,19.21088648055163,19.21642590266251,0.14791333675384521,21.497884309240373
screw,2,blob,0.0081939697265625,mixed,4,wiener,classical,0.8088386058807373,0.7434146807408634,-0.05596389816290448,20.956290616920494,20.96193108289547,0.16680054366588593,21.497884309240373
screw,2,blob,0.0081939697265625,mixed,4,classical_pipeline,classical,0.8069642186164856,1.227653177934176,0.010200238757847147,21.724257157919848,21.728994659130457,0.28406524658203125,21.497884309240373
screw,2,blob,0.0081939697265625,mixed,4,nafnet,deep,3.2148563861846924,0.02852792863842111,-4.130552137084421,4.970228006950949,4.9714399432457785,0.003970965277403593,21.497884309240373
screw,2,blob,0.0081939697265625,mixed,4,restormer,deep,0.7827094793319702,3.797283479122973,0.6419434121415053,29.128291808590745,29.144026227764055,0.7074844837188721,21.497884309240373
screw,3,texture,0.005035400390625,defocus,2,identity,classical,0.9087453484535217,1.0,0.0,38.844100083125774,38.5526812028682,0.9705232977867126,38.5526812028682
screw,3,texture,0.005035400390625,defocus,2,gaussian,classical,0.8802351951599121,0.9156078298531456,-0.1764053240474357,37.124720137206076,36.87922707336384,0.961799144744873,38.5526812028682
screw,3,texture,0.005035400390625,defocus,2,bilateral,classical,0.91056227684021,1.129647277895707,-0.11603577163113843,38.30693907491677,38.07029550315749,0.9618213176727295,38.5526812028682
screw,3,texture,0.005035400390625,defocus,2,nlm,classical,0.9040335416793823,0.9815878776541629,-0.2836280403071083,37.99593425426775,37.74628882205695,0.9562265276908875,38.5526812028682
screw,3,texture,0.005035400390625,defocus,2,clahe,classical,1.1691181659698486,0.9705663049512269,-5.352940828832686,27.377426314173007,27.343536882634556,0.9341863989830017,38.5526812028682
screw,3,texture,0.005035400390625,defocus,2,msrcr,classical,1.3306325674057007,1.1230220162816993,-30.737802532729457,14.640281354133633,14.653358043079475,0.9157943725585938,38.5526812028682
screw,3,texture,0.005035400390625,defocus,2,wiener,classical,0.49455782771110535,0.18809834196875916,-6.828294069257794,21.452022867786262,21.385854195432263,0.7862499356269836,38.5526812028682
screw,3,texture,0.005035400390625,defocus,2,classical_pipeline,classical,0.4755624532699585,0.18803468399353895,-9.134143288444236,20.923211587495445,20.877247124737274,0.7835542559623718,38.5526812028682
screw,3,texture,0.005035400390625,defocus,2,nafnet,deep,0.8746393322944641,0.9368210669117598,-0.2591003805118943,36.72599425414225,36.497505086112014,0.9577624797821045,38.5526812028682
screw,3,texture,0.005035400390625,defocus,2,restormer,deep,0.8928465247154236,0.9553942076934707,-0.18342433125596824,37.30337739191841,37.080421083599944,0.9633830189704895,38.5526812028682
screw,3,texture,0.005035400390625,defocus,3,identity,classical,0.8683357834815979,1.0,0.0,36.16479921262468,35.93171497894973,0.9536593556404114,35.93171497894973
screw,3,texture,0.005035400390625,defocus,3,gaussian,classical,0.8487106561660767,0.9821461936161945,-0.0762913141502859,35.42084850044223,35.205279753069405,0.9485971331596375,35.93171497894973
screw,3,texture,0.005035400390625,defocus,3,bilateral,classical,0.8665162920951843,1.088990857451902,-0.04264502144843729,35.85809847127922,35.65059168457617,0.9490194320678711,35.93171497894973
screw,3,texture,0.005035400390625,defocus,3,nlm,classical,0.8636507391929626,0.9960665573203561,-0.16884558977050723,35.763314844270596,35.54937101369434,0.9441245198249817,35.93171497894973
screw,3,texture,0.005035400390625,defocus,3,clahe,classical,1.4189637899398804,0.971285848540569,-3.8624410450205353,27.291860462331687,27.169532030635708,0.9262686371803284,35.93171497894973
screw,3,texture,0.005035400390625,defocus,3,msrcr,classical,1.3265959024429321,1.1174719034834089,-23.218457706533016,14.739399590929763,14.751262274121897,0.9055347442626953,35.93171497894973
screw,3,texture,0.005035400390625,defocus,3,wiener,classical,0.3906826972961426,0.14565940381918818,-6.132627171640014,20.2865814812319,20.229246374965236,0.7607322335243225,35.93171497894973
screw,3,texture,0.005035400390625,defocus,3,classical_pipeline,classical,0.3755302131175995,0.1465103306595023,-7.862396395130219,19.86836448345766,19.827583305609856,0.7575510144233704,35.93171497894973
screw,3,texture,0.005035400390625,defocus,3,nafnet,deep,0.8415354490280151,0.996317371995472,-0.13675551064633518,35.05489631463807,34.8527306615347,0.9449598789215088,35.93171497894973
screw,3,texture,0.005035400390625,defocus,3,restormer,deep,0.8569987416267395,0.9808965972974892,-0.10401141210605669,35.3733291040952,35.18030652773995,0.9491405487060547,35.93171497894973
screw,3,texture,0.005035400390625,defocus,4,identity,classical,0.8084670901298523,1.0,0.0,33.59962063553413,33.41104228881646,0.9291079640388489,33.41104228881646
screw,3,texture,0.005035400390625,defocus,4,gaussian,classical,0.7955502271652222,1.0078072846156112,-0.031894438340017484,33.31105272242422,33.12694809758289,0.9266495704650879,33.41104228881646
screw,3,texture,0.005035400390625,defocus,4,bilateral,classical,0.8001794219017029,1.0486894713877868,-0.020106387627649935,33.358875188986865,33.17993749347713,0.9265205264091492,33.41104228881646
screw,3,texture,0.005035400390625,defocus,4,nlm,classical,0.8029258251190186,0.9929687484409788,-0.10755059642503251,33.39991195705363,33.221515398066124,0.9230025410652161,33.41104228881646
screw,3,texture,0.005035400390625,defocus,4,clahe,classical,1.5117610692977905,0.9849020427007171,-2.850554969171879,26.86697862819951,26.70258041087073,0.9084846377372742,33.41104228881646
screw,3,texture,0.005035400390625,defocus,4,msrcr,classical,1.2993700504302979,1.1134436839583954,-17.518431322835642,14.852212750777849,14.862061479262946,0.8902595639228821,33.41104228881646
screw,3,texture,0.005035400390625,defocus,4,wiener,classical,0.20231589674949646,0.025864491551616527,-6.03241312871277,18.617136008865295,18.57372450025367,0.7480040192604065,33.41104228881646
screw,3,texture,0.005035400390625,defocus,4,classical_pipeline,classical,0.1984451860189438,0.030867379519136533,-7.2427132368602045,18.331324304890938,18.299053237220026,0.7457823753356934,33.41104228881646
screw,3,texture,0.005035400390625,defocus,4,nafnet,deep,0.7881207466125488,1.0185291244818768,-0.06852204936042616,33.07520401084646,32.897562515976524,0.9243979454040527,33.41104228881646
screw,3,texture,0.005035400390625,defocus,4,restormer,deep,0.8010727167129517,0.9976878652071314,-0.05769549509045291,33.22019023817906,33.051537316763685,0.9268462657928467,33.41104228881646
screw,3,texture,0.005035400390625,noise,2,identity,classical,1.0010762214660645,1.0,0.0,22.26240413805252,22.267212710331545,0.2342369109392166,22.267212710331545
screw,3,texture,0.005035400390625,noise,2,gaussian,classical,0.9220133423805237,1.3848403383671573,0.661361296573137,32.411746079301025,32.35582541433959,0.7361236214637756,22.267212710331545
screw,3,texture,0.005035400390625,noise,2,bilateral,classical,1.0004667043685913,1.3620359940688698,0.30442941867917095,25.324971934288442,25.33105261009289,0.35243821144104004,22.267212710331545
screw,3,texture,0.005035400390625,noise,2,nlm,classical,0.8993910551071167,1.9001307378275007,0.7506462797388915,37.32751354154564,37.10834339699497,0.9420221447944641,22.267212710331545
screw,3,texture,0.005035400390625,noise,2,clahe,classical,1.5690128803253174,0.6976721049943679,-2.639012512561247,15.394260585252281,15.357424348801288,0.15103821456432343,22.267212710331545
screw,3,texture,0.005035400390625,noise,2,msrcr,classical,1.1228748559951782,1.1468395214048888,-0.7076193549167218,19.559235959143994,19.56352570514065,0.1849326491355896,22.267212710331545
screw,3,texture,0.005035400390625,noise,2,wiener,classical,0.84526127576828,0.589219568354366,-0.24109946683247396,21.30148683426219,21.280169007239028,0.1749388575553894,22.267212710331545
screw,3,texture,0.005035400390625,noise,2,classical_pipeline,classical,0.8648022413253784,1.6757272316513616,0.34894279750771284,30.977786344568038,30.953378484033834,0.9401527047157288,22.267212710331545
screw,3,texture,0.005035400390625,noise,2,nafnet,deep,0.8874212503433228,1.1476542960919451,-0.24443407087502655,24.474799512302265,24.43376718953005,0.5429636836051941,22.267212710331545
screw,3,texture,0.005035400390625,noise,2,restormer,deep,0.9690064787864685,2.1519573684110043,0.490345102561508,32.181268882445146,32.114955397179585,0.9226945042610168,22.267212710331545
screw,3,texture,0.005035400390625,noise,3,identity,classical,0.9922890067100525,1.0,0.0,19.78632161124593,19.78985202478963,0.16617833077907562,19.78985202478963
screw,3,texture,0.005035400390625,noise,3,gaussian,classical,0.9142762422561646,1.5820194925473328,0.6778940408521799,30.232910841260075,30.20481097615,0.6308327317237854,19.78985202478963
screw,3,texture,0.005035400390625,noise,3,bilateral,classical,0.9933168888092041,1.1824100893822802,0.17404433715460554,21.318165430969756,21.322605961071375,0.20977866649627686,19.78985202478963
screw,3,texture,0.005035400390625,noise,3,nlm,classical,0.8271484375,1.724893897390634,0.7727422853160029,35.42756010308982,35.19759537206029,0.9286894798278809,19.78985202478963
screw,3,texture,0.005035400390625,noise,3,clahe,classical,1.584145426750183,0.7592832013525441,-2.038628797667772,14.178555993418913,14.145976882929666,0.11723067611455917,19.78985202478963
screw,3,texture,0.005035400390625,noise,3,msrcr,classical,1.0590943098068237,1.1366284606108825,-0.30169252019375814,18.391287860474115,18.390192729508662,0.1373281180858612,19.78985202478963
screw,3,texture,0.005035400390625,noise,3,wiener,classical,0.8391888737678528,0.643338347360177,-0.15649430628313898,19.24614030004622,19.23537923797233,0.11828634142875671,19.78985202478963
screw,3,texture,0.005035400390625,noise,3,classical_pipeline,classical,0.7883780598640442,1.5823270471525714,0.4906301518748847,30.435895192924924,30.391165487883804,0.9274408221244812,19.78985202478963
screw,3,texture,0.005035400390625,noise,3,nafnet,deep,1.0460113286972046,0.0033648586871899903,-4.76174738865585,6.111209136118166,6.114463041599611,0.00395964877679944,19.78985202478963
screw,3,texture,0.005035400390625,noise,3,restormer,deep,0.9242095351219177,2.308571748237839,0.369085090672998,28.738427488894157,28.687778984367228,0.8788122534751892,19.78985202478963
screw,3,texture,0.005035400390625,noise,4,identity,classical,0.9789102077484131,1.0,0.0,17.92062114711484,17.92259767138404,0.12402943521738052,17.92259767138404
screw,3,texture,0.005035400390625,noise,4,gaussian,classical,0.9022969603538513,1.884433863468757,0.6891677068507405,28.52196564007952,28.499370851812863,0.5429850220680237,17.92259767138404
screw,3,texture,0.005035400390625,noise,4,bilateral,classical,0.9777811765670776,1.0703876182437324,0.09779603294722139,18.73418682851583,18.735954489060163,0.14225782454013824,17.92259767138404
screw,3,texture,0.005035400390625,noise,4,nlm,classical,0.7422186732292175,1.8715302964608622,0.7691526221908102,33.685138259516634,33.48725901734467,0.9166212677955627,17.92259767138404
screw,3,texture,0.005035400390625,noise,4,clahe,classical,1.4060816764831543,0.794538280181979,-2.039749461369083,12.2405991718365,12.225704716495153,0.08996602147817612,17.92259767138404
screw,3,texture,0.005035400390625,noise,4,msrcr,classical,0.9858792424201965,1.1331645731137352,-0.16986003655153636,17.13100281888605,17.128202909764795,0.10740164667367935,17.92259767138404
screw,3,texture,0.005035400390625,noise,4,wiener,classical,0.828216552734375,0.6804020864034975,-0.10956051323010296,17.579382073186668,17.570853876036978,0.08571960777044296,17.92259767138404
screw,3,texture,0.005035400390625,noise,4,classical_pipeline,classical,0.7101286053657532,1.7221670088181482,0.5561054998614043,29.54392183021865,29.502294237274814,0.9160704612731934,17.92259767138404
screw,3,texture,0.005035400390625,noise,4,nafnet,deep,0.8811329007148743,0.011240311012968457,-4.469354434783628,5.144224587044791,5.14765824073973,0.003411520505324006,17.92259767138404
screw,3,texture,0.005035400390625,noise,4,restormer,deep,0.8283823728561401,2.471815126551277,0.2518765519543197,25.800748948479303,25.74659625776237,0.847271203994751,17.92259767138404
screw,3,texture,0.005035400390625,mixed,2,identity,classical,0.9047777652740479,1.0,0.0,38.27720916086205,38.03061070436388,0.9621252417564392,38.03061070436388
screw,3,texture,0.005035400390625,mixed,2,gaussian,classical,0.8758651614189148,0.9139606267136288,-0.11204346846422641,36.89205365855451,36.667192204005815,0.9576504826545715,38.03061070436388
screw,3,texture,0.005035400390625,mixed,2,bilateral,classical,0.9069030284881592,1.1532432139309667,-0.030569676016516167,38.05347092875856,37.846422074923886,0.9606614708900452,38.03061070436388
screw,3,texture,0.005035400390625,mixed,2,nlm,classical,0.9011983871459961,1.016410661168065,-0.10098814160316816,37.93099225076824,37.67916028410063,0.9557791352272034,38.03061070436388
screw,3,texture,0.005035400390625,mixed,2,clahe,classical,1.4216924905776978,0.9151240425833024,-4.25794967418882,27.45528047635736,27.338859310047553,0.9146311283111572,38.03061070436388
screw,3,texture,0.005035400390625,mixed,2,msrcr,classical,1.3236281871795654,1.139400929277806,-25.865484245193056,14.674635452683571,14.687570950115905,0.9024429321289062,38.03061070436388
screw,3,texture,0.005035400390625,mixed,2,wiener,classical,0.8130991458892822,0.8476690681166187,-1.9717406150963481,28.657635371365004,28.58234155881952,0.8930628895759583,38.03061070436388
screw,3,texture,0.005035400390625,mixed,2,classical_pipeline,classical,0.8743466734886169,0.9832229711230823,-2.196934772887878,31.612419878061154,31.585825518745096,0.9602422714233398,38.03061070436388
screw,3,texture,0.005035400390625,mixed,2,nafnet,deep,0.8704981207847595,0.9394639359266523,-0.16693314749434784,36.59258938161391,36.37962676070331,0.9560184478759766,38.03061070436388
screw,3,texture,0.005035400390625,mixed,2,restormer,deep,0.8839492201805115,0.9641657331123664,-0.16314465514102205,37.03104497347999,36.820295325485176,0.9593290686607361,38.03061070436388
screw,3,texture,0.005035400390625,mixed,3,identity,classical,0.8523988723754883,1.0,0.0,23.078896807514134,23.069712879247977,0.2486402839422226,23.069712879247977
screw,3,texture,0.005035400390625,mixed,3,gaussian,classical,0.8348137736320496,1.7852339271978042,0.6433131955787845,30.591134685953847,30.52166675755416,0.7024812698364258,23.069712879247977
screw,3,texture,0.005035400390625,mixed,3,bilateral,classical,0.8466169238090515,1.0987022638296917,0.15490292749876744,24.464904456567396,24.45048084878609,0.3080447018146515,23.069712879247977
screw,3,texture,0.005035400390625,mixed,3,nlm,classical,0.8313125371932983,1.9381397151034097,0.7080913922611951,31.93521409847999,31.815524477816254,0.822272002696991,23.069712879247977
screw,3,texture,0.005035400390625,mixed,3,clahe,classical,1.3823729753494263,0.8697934509590849,-1.7491790118952055,14.605160136871467,14.58010942733858,0.11839661747217178,23.069712879247977
screw,3,texture,0.005035400390625,mixed,3,msrcr,classical,1.0472607612609863,1.110093680190168,-0.5589223499387708,19.36711806233945,19.362584459816027,0.1762114316225052,23.069712879247977
screw,3,texture,0.005035400390625,mixed,3,wiener,classical,0.7759758234024048,0.9391036681233507,-0.08365638362308503,22.33207454811001,22.318393928240006,0.2180759161710739,23.069712879247977
screw,3,texture,0.005035400390625,mixed,3,classical_pipeline,classical,0.7936939001083374,1.9121966293751824,0.4739735120050157,28.71359632953773,28.67843800257837,0.814232349395752,23.069712879247977
screw,3,texture,0.005035400390625,mixed,3,nafnet,deep,0.7347881197929382,0.059368471015895506,-4.270381234668071,5.321944559119666,5.324714907876097,0.003913163207471371,23.069712879247977
screw,3,texture,0.005035400390625,mixed,3,restormer,deep,0.8151373267173767,1.9398136703854243,0.711850936107673,32.52431790637508,32.38720169609535,0.8351602554321289,23.069712879247977
screw,3,texture,0.005035400390625,mixed,4,identity,classical,0.6946076154708862,1.0,0.0,17.722126485953435,17.715379155588586,0.08277689665555954,17.715379155588586
screw,3,texture,0.005035400390625,mixed,4,gaussian,classical,0.6872091889381409,1.9771609263648229,0.6217329323956846,26.863374490160478,26.798823879887838,0.4823322296142578,17.715379155588586
screw,3,texture,0.005035400390625,mixed,4,bilateral,classical,0.69517582654953,1.0687419572667471,0.08992782380348485,18.515647342870285,18.50725892277643,0.09845918416976929,17.715379155588586
screw,3,texture,0.005035400390625,mixed,4,nlm,classical,0.5496072173118591,2.0371244809115274,0.7044087005400499,29.897722839920824,29.703804101676347,0.8620015978813171,17.715379155588586
screw,3,texture,0.005035400390625,mixed,4,clahe,classical,1.0865449905395508,0.8464036833634283,-1.913516255650527,12.110775487341845,12.105055502974656,0.05285113677382469,17.715379155588586
screw,3,texture,0.005035400390625,mixed,4,msrcr,classical,0.7293784022331238,1.033460468710232,-0.22851471365936105,16.030900756659182,16.027616728502036,0.06241454556584358,17.715379155588586
screw,3,texture,0.005035400390625,mixed,4,wiener,classical,0.6414217352867126,0.880638393894418,-0.030826659250110078,17.66060615950117,17.651604329394793,0.08080226182937622,17.715379155588586
screw,3,texture,0.005035400390625,mixed,4,classical_pipeline,classical,0.5103761553764343,1.9260954668883448,0.5203930874755971,27.67014833814672,27.589425346794325,0.861403226852417,17.715379155588586
screw,3,texture,0.005035400390625,mixed,4,nafnet,deep,0.7112623453140259,0.09979990561458311,-4.0880902394532175,5.173321192397352,5.17805019350356,0.0036761686205863953,17.715379155588586
screw,3,texture,0.005035400390625,mixed,4,restormer,deep,0.5980545878410339,2.341053232931818,0.23813310046494296,24.783296852567386,24.669473681875665,0.7848848700523376,17.715379155588586
screw,4,scratch,0.0060577392578125,defocus,2,identity,classical,0.8425893187522888,1.0,0.0,38.007574578209486,37.85013832379001,0.9671289920806885,37.85013832379001
screw,4,scratch,0.0060577392578125,defocus,2,gaussian,classical,0.7691440582275391,0.819256429948631,-0.1822137172374929,36.21294597877689,36.027718111534725,0.9561155438423157,37.85013832379001
screw,4,scratch,0.0060577392578125,defocus,2,bilateral,classical,0.8097372651100159,1.1202907794062151,-0.10393067653607502,37.53693768228536,37.350915355321035,0.958035945892334,37.85013832379001
screw,4,scratch,0.0060577392578125,defocus,2,nlm,classical,0.8025432825088501,0.9990997740883535,-0.2634973159379541,37.28679335288032,37.10983876776912,0.9517054557800293,37.85013832379001
screw,4,scratch,0.0060577392578125,defocus,2,clahe,classical,0.5975587368011475,0.755379332578578,-5.150561898211988,26.66572645452945,26.672243015621973,0.924534797668457,37.85013832379001
screw,4,scratch,0.0060577392578125,defocus,2,msrcr,classical,0.25688251852989197,0.37952676162900617,-25.827964608582878,15.506764664212273,15.527183788970511,0.9063265919685364,37.85013832379001
screw,4,scratch,0.0060577392578125,defocus,2,wiener,classical,0.008960166946053505,0.05293348475335465,-5.399107569594029,22.449158111889705,22.357324365998842,0.7536790370941162,37.85013832379001
screw,4,scratch,0.0060577392578125,defocus,2,classical_pipeline,classical,0.008033043704926968,0.05967367914146218,-7.78285433111772,21.794176114316418,21.67502085591063,0.761605441570282,37.85013832379001
screw,4,scratch,0.0060577392578125,defocus,2,nafnet,deep,0.8288105726242065,0.9409595249602577,-0.21058816411720316,36.226690231909714,36.106486375154226,0.9549686312675476,37.85013832379001
screw,4,scratch,0.0060577392578125,defocus,2,restormer,deep,0.8327599763870239,0.935338860113537,-0.11557067306708002,37.11646271885919,36.96639715753663,0.9621129631996155,37.85013832379001
screw,4,scratch,0.0060577392578125,defocus,3,identity,classical,0.742302417755127,1.0,0.0,35.23325765658606,35.050287049313674,0.9464110732078552,35.050287049313674
screw,4,scratch,0.0060577392578125,defocus,3,gaussian,classical,0.6907187104225159,0.9011873587194907,-0.07854106971063768,34.502960674484456,34.295835656892486,0.9397919178009033,35.050287049313674
screw,4,scratch,0.0060577392578125,defocus,3,bilateral,classical,0.7012424468994141,1.0183106801494415,-0.03952801449144894,35.00245777492902,34.762874653026174,0.9410565495491028,35.050287049313674
screw,4,scratch,0.0060577392578125,defocus,3,nlm,classical,0.7033944129943848,1.0079983636731322,-0.15623935024159485,34.91316501509578,34.710823860941375,0.935842752456665,35.050287049313674
screw,4,scratch,0.0060577392578125,defocus,3,clahe,classical,0.5669488906860352,0.8586744120157184,-3.7838061924264927,26.384997273483354,26.38934580362847,0.9128990769386292,35.050287049313674
screw,4,scratch,0.0060577392578125,defocus,3,msrcr,classical,0.26292914152145386,0.4239038926573687,-18.82316699245402,15.80185114984668,15.821851114918147,0.8952012062072754,35.050287049313674
screw,4,scratch,0.0060577392578125,defocus,3,wiener,classical,0.020214123651385307,0.011953183743043732,-4.247651337927823,22.207241635095883,22.12279099704634,0.7716953158378601,35.050287049313674
screw,4,scratch,0.0060577392578125,defocus,3,classical_pipeline,classical,0.0162665955722332,0.021650654688185077,-5.9707159041577125,21.63069452954261,21.51680546706561,0.7827634215354919,35.050287049313674
screw,4,scratch,0.0060577392578125,defocus,3,nafnet,deep,0.7279688119888306,0.9648782846945282,-0.10631505043301348,34.37210889517662,34.20659401569346,0.9385157227516174,35.050287049313674
screw,4,scratch,0.0060577392578125,defocus,3,restormer,deep,0.7290012240409851,0.9569062035256727,-0.06279839945473231,34.84148745776746,34.65262574291457,0.9434447288513184,35.050287049313674
screw,4,scratch,0.0060577392578125,defocus,4,identity,classical,0.5854489207267761,1.0,0.0,32.6949257628092,32.464404299400364,0.9152409434318542,32.464404299400364
screw,4,scratch,0.0060577392578125,defocus,4,gaussian,classical,0.5612406730651855,0.9969193175900843,-0.029517970118529302,32.45321054426096,32.21815277383146,0.9124448299407959,32.464404299400364
screw,4,scratch,0.0060577392578125,defocus,4,bilateral,classical,0.5378216505050659,0.9255483292892803,-0.017783500370688543,32.52751198166934,32.25930778722123,0.9121754169464111,32.464404299400364
screw,4,scratch,0.0060577392578125,defocus,4,nlm,classical,0.5488316416740417,1.002507612376056,-0.09785834053055242,32.539787801751075,32.292353099449485,0.9080250859260559,32.464404299400364
screw,4,scratch,0.0060577392578125,defocus,4,clahe,classical,0.4717532992362976,0.9918274048881359,-2.8496245253565946,25.974927793457052,25.963031847003425,0.8901229500770569,32.464404299400364
screw,4,scratch,0.0060577392578125,defocus,4,msrcr,classical,0.27580511569976807,0.5231769999674024,-13.730098278891058,16.090644797209855,16.110205838048415,0.8757712244987488,32.464404299400364
screw,4,scratch,0.0060577392578125,defocus,4,wiener,classical,0.03253306448459625,0.049618958055243745,-3.8946843942088867,20.901444393537055,20.844905451939646,0.7501043677330017,32.464404299400364
screw,4,scratch,0.0060577392578125,defocus,4,classical_pipeline,classical,0.02768230438232422,0.07291768316509348,-5.086848870045702,20.551856091021875,20.466023658989748,0.767419159412384,32.464404299400364
screw,4,scratch,0.0060577392578125,defocus,4,nafnet,deep,0.5760599970817566,1.0043072716893164,-0.04975653199950947,32.34472205236187,32.125146927063845,0.9117736220359802,32.464404299400364
screw,4,scratch,0.0060577392578125,defocus,4,restormer,deep,0.5709432363510132,0.9996399636578522,-0.04620032326523371,32.366120683688976,32.138171939854125,0.9123404026031494,32.464404299400364
screw,4,scratch,0.0060577392578125,noise,2,identity,classical,0.9058377742767334,1.0,0.0,22.23330207908439,22.2360671380562,0.23308205604553223,22.2360671380562
screw,4,scratch,0.0060577392578125,noise,2,gaussian,classical,0.7805658578872681,1.814656931893745,0.65308939441753,32.26302011466748,32.17550975691856,0.7335991859436035,22.2360671380562
screw,4,scratch,0.0060577392578125,noise,2,bilateral,classical,0.887970507144928,1.2429283883044353,0.3051496900782439,25.282076449184657,25.277739685495924,0.3487030565738678,22.2360671380562
screw,4,scratch,0.0060577392578125,noise,2,nlm,classical,0.2929511070251465,1.055565463721379,0.7407355944718275,36.83874882779762,35.46593800983368,0.929809033870697,22.2360671380562
screw,4,scratch,0.0060577392578125,noise,2,clahe,classical,1.6799280643463135,0.804856688204115,-2.8032573839412063,15.103945116454211,15.117498519705283,0.1488407701253891,22.2360671380562
screw,4,scratch,0.0060577392578125,noise,2,msrcr,classical,0.927466094493866,0.9251888210264945,-0.5981194244125558,19.13962048139244,19.153041344926695,0.16523532569408417,22.2360671380562
screw,4,scratch,0.0060577392578125,noise,2,wiener,classical,0.48909276723861694,0.2266763751744072,-0.25365114680692735,21.163031398208638,21.119498086363386,0.15984953939914703,22.2360671380562
screw,4,scratch,0.0060577392578125,noise,2,classical_pipeline,classical,0.27347812056541443,1.130954156368794,0.18980288861869654,29.299253518150174,28.899315364724213,0.9273039698600769,22.2360671380562
screw,4,scratch,0.0060577392578125,noise,2,nafnet,deep,0.3198854327201843,0.5501549965983388,-0.2075306949381035,24.889521935743822,24.863387160674858,0.5884429812431335,22.2360671380562
screw,4,scratch,0.0060577392578125,noise,2,restormer,deep,0.7752813100814819,2.0242011861611964,0.46197611757592383,31.90167066155543,31.87170266258574,0.924736738204956,22.2360671380562
screw,4,scratch,0.0060577392578125,noise,3,identity,classical,0.8371158838272095,1.0,0.0,19.78696315115194,19.79343274901513,0.16642923653125763,19.79343274901513
screw,4,scratch,0.0060577392578125,noise,3,gaussian,classical,0.7213631272315979,2.0914330500562452,0.6753265348689516,30.205821537975996,30.151601421085505,0.6291276812553406,19.79343274901513
screw,4,scratch,0.0060577392578125,noise,3,bilateral,classical,0.836042046546936,1.1312120111195927,0.17385983025201257,21.32001553404189,21.326193823279517,0.20854109525680542,19.79343274901513
screw,4,scratch,0.0060577392578125,noise,3,nlm,classical,0.26943451166152954,1.0702822643428342,0.7697154529669458,34.99472728016875,33.94791865250368,0.9151505827903748,19.79343274901513
screw,4,scratch,0.0060577392578125,noise,3,clahe,classical,1.4276847839355469,0.9093811504591468,-2.1525364087735475,13.944271791540718,13.956719093973732,0.11604279279708862,19.79343274901513
screw,4,scratch,0.0060577392578125,noise,3,msrcr,classical,0.8191985487937927,0.928135053950552,-0.3567851862754472,17.724815612844548,17.73579771895975,0.12637393176555634,19.79343274901513
screw,4,scratch,0.0060577392578125,noise,3,wiener,classical,0.4429451525211334,0.2735115123474249,-0.16167156637636504,19.182530494482243,19.158369476464088,0.10824579745531082,19.79343274901513
screw,4,scratch,0.0060577392578125,noise,3,classical_pipeline,classical,0.25294357538223267,1.3871823775331509,0.35115815797109795,28.604160755561846,28.22696150465478,0.9135270714759827,19.79343274901513
screw,4,scratch,0.0060577392578125,noise,3,nafnet,deep,0.8076432943344116,0.00594183147224388,-4.106464852125042,6.920956974374971,6.911864283302128,0.005347565282136202,19.79343274901513
screw,4,scratch,0.0060577392578125,noise,3,restormer,deep,0.6810707449913025,2.1846633827284756,0.32977579896981324,28.29798419128696,28.299201351213213,0.8889554142951965,19.79343274901513
screw,4,scratch,0.0060577392578125,noise,4,identity,classical,0.7834598422050476,1.0,0.0,17.855493031581336,17.862297605535954,0.12329282611608505,17.862297605535954
screw,4,scratch,0.0060577392578125,noise,4,gaussian,classical,0.6745785474777222,2.3248972958051404,0.6869526171449001,28.406482083891298,28.361774842175336,0.5382058024406433,17.862297605535954
screw,4,scratch,0.0060577392578125,noise,4,bilateral,classical,0.7840257883071899,1.0494742376145447,0.0958228432397038,18.649387630715967,18.656542079621616,0.1399649828672409,17.862297605535954
screw,4,scratch,0.0060577392578125,noise,4,nlm,classical,0.2181997150182724,0.9116570475307937,0.764699308318485,33.14979713128164,32.35892052834955,0.900218665599823,17.862297605535954
screw,4,scratch,0.0060577392578125,noise,4,clahe,classical,1.4769542217254639,0.9314800937391314,-2.1482034688649634,12.001288486705272,12.010038017883746,0.08916201442480087,17.862297605535954
screw,4,scratch,0.0060577392578125,noise,4,msrcr,classical,0.731155276298523,0.9263369461582783,-0.2339560754258727,16.405095260149487,16.414198243882296,0.09919027239084244,17.862297605535954
screw,4,scratch,0.0060577392578125,noise,4,wiener,classical,0.42858368158340454,0.22202844692549378,-0.11164704872509756,17.488200006819888,17.470339732480042,0.07598289847373962,17.862297605535954
screw,4,scratch,0.0060577392578125,noise,4,classical_pipeline,classical,0.205820232629776,1.171800359582015,0.4355224807253629,27.78726501520564,27.441853197895053,0.8990178108215332,17.862297605535954
screw,4,scratch,0.0060577392578125,noise,4,nafnet,deep,0.7353995442390442,0.08092064043537062,-4.257475323223175,5.282660421850168,5.271731894307771,0.003641222370788455,17.862297605535954
screw,4,scratch,0.0060577392578125,noise,4,restormer,deep,0.5479492545127869,2.57795377150144,0.19195978792518587,25.222038715639066,25.2309184743319,0.8516705632209778,17.862297605535954
screw,4,scratch,0.0060577392578125,mixed,2,identity,classical,0.6112034320831299,1.0,0.0,11.421176139468463,11.401379882944225,0.8620357513427734,11.401379882944225
screw,4,scratch,0.0060577392578125,mixed,2,gaussian,classical,0.5410009622573853,0.8097131810812627,0.00023195476368675916,11.415712700071897,11.393219171500723,0.8515174984931946,11.401379882944225
screw,4,scratch,0.0060577392578125,mixed,2,bilateral,classical,0.5651507377624512,1.1635778611448622,0.00022282717829824605,11.420166365732074,11.398742334564398,0.8566040992736816,11.401379882944225
screw,4,scratch,0.0060577392578125,mixed,2,nlm,classical,0.6070920825004578,1.0878573617363911,-0.003298252980156624,11.394220022068023,11.374529107111908,0.8552303910255432,11.401379882944225
screw,4,scratch,0.0060577392578125,mixed,2,clahe,classical,0.6482966542243958,0.7060051723392009,0.21013104930721627,13.186694479610065,13.162755270461854,0.8598225712776184,11.401379882944225
screw,4,scratch,0.0060577392578125,mixed,2,msrcr,classical,0.4637804329395294,0.4564368544149631,0.40849629876412497,15.802990023587743,15.82310933573823,0.8754790425300598,11.401379882944225
screw,4,scratch,0.0060577392578125,mixed,2,wiener,classical,0.3569493293762207,0.1266783651157993,-0.018966666058160886,11.22708511925225,11.19603607491959,0.7698861956596375,11.401379882944225
screw,4,scratch,0.0060577392578125,mixed,2,classical_pipeline,classical,0.6025145053863525,1.0538149831059485,-0.006355081326785861,11.341150486546077,11.320615671576789,0.861606776714325,11.401379882944225
screw,4,scratch,0.0060577392578125,mixed,2,nafnet,deep,0.5825303792953491,0.966608441548689,0.0009339801748845522,11.419185090621667,11.398238680226845,0.8529117703437805,11.401379882944225
screw,4,scratch,0.0060577392578125,mixed,2,restormer,deep,0.5805739760398865,0.9409943710405793,-0.00232867522225666,11.39628221587049,11.375367101554133,0.8572941422462463,11.401379882944225
screw,4,scratch,0.0060577392578125,mixed,3,identity,classical,0.751986026763916,1.0,0.0,34.96740329288749,34.7862232955388,0.9383437633514404,34.7862232955388
screw,4,scratch,0.0060577392578125,mixed,3,gaussian,classical,0.6999233365058899,0.914840397199566,-0.050469817370402126,34.33939754168004,34.1317368899976,0.9349504113197327,34.7862232955388
screw,4,scratch,0.0060577392578125,mixed,3,bilateral,classical,0.7110550999641418,1.024691678661163,0.0015253967984882877,34.84666303980254,34.605805558636,0.9384998679161072,34.7862232955388
screw,4,scratch,0.0060577392578125,mixed,3,nlm,classical,0.7096970677375793,1.0259274752609382,-0.04155487495736909,34.84659629099174,34.65178456119793,0.9349167943000793,34.7862232955388
screw,4,scratch,0.0060577392578125,mixed,3,clahe,classical,0.5705181360244751,0.8712989213544331,-3.172987388600073,26.443367013062698,26.445469571000952,0.89422607421875,34.7862232955388
screw,4,scratch,0.0060577392578125,mixed,3,msrcr,classical,0.2835941016674042,0.41826890669669586,-16.87516469326068,15.719636007477135,15.73975535173911,0.8763737082481384,34.7862232955388
screw,4,scratch,0.0060577392578125,mixed,3,wiener,classical,0.051349930465221405,0.006804688666819984,-4.225213197025102,21.5228171883911,21.452718499802778,0.739589512348175,34.7862232955388
screw,4,scratch,0.0060577392578125,mixed,3,classical_pipeline,classical,0.03464669734239578,0.007694964054509865,-5.689447975250814,21.067886986967174,20.96767845060681,0.7674446105957031,34.7862232955388
screw,4,scratch,0.0060577392578125,mixed,3,nafnet,deep,0.7383881211280823,0.9910007573384509,-0.06082750064992837,34.280539064952805,34.11244036940138,0.9360296726226807,34.7862232955388
screw,4,scratch,0.0060577392578125,mixed,3,restormer,deep,0.7394289374351501,0.9719124580192625,-0.06001294486659803,34.65494278645973,34.4671173748686,0.9385814666748047,34.7862232955388
screw,4,scratch,0.0060577392578125,mixed,4,identity,classical,0.2568179666996002,1.0,0.0,6.867267403075967,6.853010155397415,0.08073529601097107,6.853010155397415
screw,4,scratch,0.0060577392578125,mixed,4,gaussian,classical,0.24610568583011627,2.8257998823834938,3.0937257656682426e-05,7.028316346843672,7.013484625610602,0.39642179012298584,6.853010155397415
screw,4,scratch,0.0060577392578125,mixed,4,bilateral,classical,0.25079208612442017,1.1503789757589908,-7.207209690185401e-05,6.935734691482727,6.921112083317894,0.1217571273446083,6.853010155397415
screw,4,scratch,0.0060577392578125,mixed,4,nlm,classical,0.13301171362400055,1.1695647399600961,-0.015280180276705968,6.90711949355824,6.890228160625931,0.45807743072509766,6.853010155397415
screw,4,scratch,0.0060577392578125,mixed,4,clahe,classical,0.5838013291358948,0.8389538150345601,0.267301971406119,8.731023762656147,8.717817358748611,0.05316261574625969,6.853010155397415
screw,4,scratch,0.0060577392578125,mixed,4,msrcr,classical,0.39360493421554565,0.9193982755042245,0.6515796432844618,12.291445580418554,12.282554263200678,0.03992948308587074,6.853010155397415
screw,4,scratch,0.0060577392578125,mixed,4,wiener,classical,0.5464173555374146,0.0961219462209179,0.005814550777582861,6.381279220606556,6.3638419841443845,0.020289329811930656,6.853010155397415
screw,4,scratch,0.0060577392578125,mixed,4,classical_pipeline,classical,0.04900265485048294,0.27390243715287,-0.031224236895332602,6.70551517549675,6.679059226455814,0.3532726764678955,6.853010155397415
screw,4,scratch,0.0060577392578125,mixed,4,nafnet,deep,0.9259132146835327,0.030879368416198538,0.23931932520948973,5.066572074653734,5.0562869759685665,0.003205588785931468,6.853010155397415
screw,4,scratch,0.0060577392578125,mixed,4,restormer,deep,0.172780841588974,2.4523534699327723,0.0753953371558187,7.660673566754449,7.643904265204674,0.5804179906845093,6.853010155397415
screw,5,blob,0.017852783203125,defocus,2,identity,classical,0.9939330816268921,1.0,0.0,38.496381565564064,38.3271981533215,0.9660932421684265,38.3271981533215
screw,5,blob,0.017852783203125,defocus,2,gaussian,classical,0.9888812303543091,0.9699078472198025,-0.14786153324356488,37.00119846787266,36.81915827190704,0.95769864320755,38.3271981533215
screw,5,blob,0.017852783203125,defocus,2,bilateral,classical,0.9826067090034485,0.9568505142134339,-0.111013805655654,38.02584783888966,37.892046630175,0.9553421139717102,38.3271981533215
screw,5,blob,0.017852783203125,defocus,2,nlm,classical,0.9857519865036011,0.9511697207848119,-0.30341600572926875,37.56018991222812,37.42374650647021,0.9483487010002136,38.3271981533215
screw,5,blob,0.017852783203125,defocus,2,clahe,classical,1.4391638040542603,2.035707969634354,-3.689798783729639,28.488365474207633,28.318370927056563,0.9294350147247314,38.3271981533215
screw,5,blob,0.017852783203125,defocus,2,msrcr,classical,1.1498360633850098,0.7189762058633196,-23.355212198496158,16.236768004237394,16.223567168393306,0.9268313050270081,38.3271981533215
screw,5,blob,0.017852783203125,defocus,2,wiener,classical,0.7419686317443848,0.550105321219859,-6.821761688621381,20.534090631410006,20.503610319690267,0.7562601566314697,38.3271981533215
screw,5,blob,0.017852783203125,defocus,2,classical_pipeline,classical,0.7179319262504578,0.5752923452774084,-10.289397255227666,19.68154163095157,19.666072061336095,0.7546946406364441,38.3271981533215
screw,5,blob,0.017852783203125,defocus,2,nafnet,deep,0.9667713642120361,0.9332199694818288,-0.20358575899126485,36.75808085998871,36.565650850380266,0.9545863270759583,38.3271981533215
screw,5,blob,0.017852783203125,defocus,2,restormer,deep,0.9798041582107544,0.9954673086746685,-0.13323317158009673,37.363931372149146,37.18284663258216,0.960139274597168,38.3271981533215
screw,5,blob,0.017852783203125,defocus,3,identity,classical,0.9877846240997314,1.0,0.0,36.06318700410305,35.87748796178014,0.9491135478019714,35.87748796178014
screw,5,blob,0.017852783203125,defocus,3,gaussian,classical,0.9828760027885437,0.9720049646570216,-0.06097425138391488,35.47845516715835,35.289504548191594,0.9453702569007874,35.87748796178014
screw,5,blob,0.017852783203125,defocus,3,bilateral,classical,0.9769455194473267,0.9491097011404123,-0.03661976925576882,35.898867505968944,35.72593910896921,0.9442164897918701,35.87748796178014
screw,5,blob,0.017852783203125,defocus,3,nlm,classical,0.979758083820343,0.9451585476212728,-0.1905147566363421,35.60785999404045,35.44198351565453,0.9374105334281921,35.87748796178014
screw,5,blob,0.017852783203125,defocus,3,clahe,classical,1.4253264665603638,1.972663157822754,-2.933684511463188,27.971774002284132,27.818460465358953,0.9185102581977844,35.87748796178014
screw,5,blob,0.017852783203125,defocus,3,msrcr,classical,1.193819284439087,0.6937099527924486,-18.175401750644138,16.315578268877182,16.304841909307623,0.9153180122375488,35.87748796178014
screw,5,blob,0.017852783203125,defocus,3,wiener,classical,0.6438031196594238,0.43597857652478567,-6.100511149863871,19.649287570701684,19.614398328782638,0.7528724670410156,35.87748796178014
screw,5,blob,0.017852783203125,defocus,3,classical_pipeline,classical,0.6226500868797302,0.47594195705047404,-8.75654499670148,18.914854753686768,18.893066305754896,0.7516002655029297,35.87748796178014
screw,5,blob,0.017852783203125,defocus,3,nafnet,deep,0.9607552886009216,0.9328602510593775,-0.10875692950320937,35.17662578839893,34.97855567203508,0.9424102306365967,35.87748796178014
screw,5,blob,0.017852783203125,defocus,3,restormer,deep,0.9760717153549194,0.9849528494350366,-0.07906395975225644,35.49646704289691,35.30773346664791,0.9460821747779846,35.87748796178014
screw,5,blob,0.017852783203125,defocus,4,identity,classical,0.9743725657463074,1.0,0.0,33.86264304629517,33.668286038290624,0.9287921786308289,33.668286038290624
screw,5,blob,0.017852783203125,defocus,4,gaussian,classical,0.9697614312171936,0.9755808088466357,-0.03188736725830221,33.58203998443243,33.388154794433376,0.9270222187042236,33.668286038290624
screw,5,blob,0.017852783203125,defocus,4,bilateral,classical,0.9641721248626709,0.9473550806676628,-0.010803323801516607,33.74209081849342,33.55407487090982,0.9271451830863953,33.668286038290624
screw,5,blob,0.017852783203125,defocus,4,nlm,classical,0.9692893028259277,0.9366600871835775,-0.1254138383816339,33.61554829710004,33.432142075017126,0.9215008616447449,33.668286038290624
screw,5,blob,0.017852783203125,defocus,4,clahe,classical,1.3985763788223267,1.9801160566489215,-2.2301680779099042,27.552048756857403,27.411122363188852,0.9051523208618164,33.668286038290624
screw,5,blob,0.017852783203125,defocus,4,msrcr,classical,1.2535525560379028,0.6558270473501379,-14.086937352779035,16.45636091215881,16.45026489074932,0.9024112820625305,33.668286038290624
screw,5,blob,0.017852783203125,defocus,4,wiener,classical,0.44822606444358826,0.5446946227408493,-6.144602316349905,18.13877259782776,18.101858407413648,0.7357341647148132,33.668286038290624
screw,5,blob,0.017852783203125,defocus,4,classical_pipeline,classical,0.43435949087142944,0.6291685124755595,-8.109465506120095,17.574653071110188,17.54736199770035,0.7354748845100403,33.668286038290624
screw,5,blob,0.017852783203125,defocus,4,nafnet,deep,0.9504024386405945,0.9478123389277855,-0.06770434580579354,33.32525746211748,33.12315980125028,0.9252106547355652,33.668286038290624
screw,5,blob,0.017852783203125,defocus,4,restormer,deep,0.9629747867584229,0.97465556322304,-0.05639671878974273,33.47267924942274,33.27425003524765,0.9268960356712341,33.668286038290624
screw,5,blob,0.017852783203125,noise,2,identity,classical,0.9986411333084106,1.0,0.0,22.151208587998518,22.159827979684984,0.23133151233196259,22.159827979684984
screw,5,blob,0.017852783203125,noise,2,gaussian,classical,0.9934898614883423,0.9891691611582649,0.6560205456427337,32.27110374781108,32.24654587027782,0.7307466864585876,22.159827979684984
screw,5,blob,0.017852783203125,noise,2,bilateral,classical,0.9936684370040894,0.981514834573248,0.2956421230285068,25.11578925457576,25.128417835921205,0.3428408205509186,22.159827979684984
screw,5,blob,0.017852783203125,noise,2,nlm,classical,0.9347125887870789,0.7853912256427011,0.7314580725608288,36.82740424924642,36.76618125888687,0.935015857219696,22.159827979684984
screw,5,blob,0.017852783203125,noise,2,clahe,classical,1.1446666717529297,2.018752309826775,-2.9705877823313207,14.66835133870001,14.672089025166336,0.15204359591007233,22.159827979684984
screw,5,blob,0.017852783203125,noise,2,msrcr,classical,0.9073491096496582,0.7376050821700403,-0.5652529676950995,20.257904725220772,20.223134510338667,0.2091965228319168,22.159827979684984
screw,5,blob,0.017852783203125,noise,2,wiener,classical,0.9691007137298584,0.6065677903092199,-0.24534231320103217,21.20478254263743,21.175491587623924,0.17708660662174225,22.159827979684984
screw,5,blob,0.017852783203125,noise,2,classical_pipeline,classical,0.8993926644325256,0.7686856537113937,0.163755910032092,28.775931606193126,28.81885670930181,0.9313146471977234,22.159827979684984
screw,5,blob,0.017852783203125,noise,2,nafnet,deep,0.8434104323387146,0.5100459396858864,-1.2273991822740724,16.99387018726924,16.99788336225843,0.1533583551645279,22.159827979684984
screw,5,blob,0.017852783203125,noise,2,restormer,deep,0.9922338724136353,0.9303246017635066,0.464174810026622,32.02191609267772,31.99154397441273,0.9057696461677551,22.159827979684984
screw,5,blob,0.017852783203125,noise,3,identity,classical,0.9912397265434265,1.0,0.0,19.812682236808747,19.816058911337898,0.16658274829387665,19.816058911337898
screw,5,blob,0.017852783203125,noise,3,gaussian,classical,0.9860366582870483,1.0365720864424812,0.6736943956777458,30.190535339962867,30.180546340307195,0.6305047273635864,19.816058911337898
screw,5,blob,0.017852783203125,noise,3,bilateral,classical,0.9889230728149414,1.0129184526372088,0.17146322845709905,21.33657547023169,21.339971423799433,0.2090957909822464,19.816058911337898
screw,5,blob,0.017852783203125,noise,3,nlm,classical,0.9109017252922058,0.7460267009406092,0.7457184129339772,34.85202365526006,34.827155538547665,0.9212679862976074,19.816058911337898
screw,5,blob,0.017852783203125,noise,3,clahe,classical,1.4361419677734375,2.005713251084217,-2.2906393592515633,13.626099186808094,13.613305209750141,0.11790575832128525,19.816058911337898
screw,5,blob,0.017852783203125,noise,3,msrcr,classical,0.8699252009391785,0.7232439414941204,-0.24765891610949997,19.011068611322266,18.982963399344058,0.1542237550020218,19.816058911337898
screw,5,blob,0.017852783203125,noise,3,wiener,classical,0.9620372653007507,0.6538425693772617,-0.15686839219300408,19.26437820033719,19.242325644023232,0.12375900149345398,19.816058911337898
screw,5,blob,0.017852783203125,noise,3,classical_pipeline,classical,0.882318913936615,0.7364678898550846,0.3253039710210448,28.13925566502536,28.18580764804283,0.9180290699005127,19.816058911337898
screw,5,blob,0.017852783203125,noise,3,nafnet,deep,1.4232196807861328,0.14718091084671522,-5.119350868047237,5.806994053061462,5.811860435791729,0.003706486662849784,19.816058911337898
screw,5,blob,0.017852783203125,noise,3,restormer,deep,0.95002281665802,0.8365800730315028,0.364660834669678,28.94418983736948,28.90652025837835,0.8750453591346741,19.816058911337898
screw,5,blob,0.017852783203125,noise,4,identity,classical,0.9736585021018982,1.0,0.0,17.99836830706562,17.999590438432264,0.12569928169250488,17.999590438432264
screw,5,blob,0.017852783203125,noise,4,gaussian,classical,0.9686216115951538,1.0474623039761433,0.6765334235336891,28.48556844885962,28.468303794939157,0.5475072860717773,17.999590438432264
screw,5,blob,0.017852783203125,noise,4,bilateral,classical,0.9727632999420166,1.0030019542489048,0.0994367111950043,18.825431176015993,18.82669362543829,0.14401410520076752,17.999590438432264
screw,5,blob,0.017852783203125,noise,4,nlm,classical,0.8950995206832886,0.7135488007507907,0.7255701613795933,33.066107873148894,33.04110892395579,0.9100059866905212,17.999590438432264
screw,5,blob,0.017852783203125,noise,4,clahe,classical,1.2119708061218262,1.8849162375334072,-2.1353482742755334,12.182955736329825,12.17681011067567,0.09257058054208755,17.999590438432264
screw,5,blob,0.017852783203125,noise,4,msrcr,classical,0.8418059945106506,0.7699510811827026,-0.11917306664246397,17.745448126427867,17.72695037964777,0.1198754534125328,17.999590438432264
screw,5,blob,0.017852783203125,noise,4,wiener,classical,0.9444227814674377,0.719668725240029,-0.11916886965034323,17.62764842140101,17.613201989123187,0.0899147167801857,17.999590438432264
screw,5,blob,0.017852783203125,noise,4,classical_pipeline,classical,0.8497401475906372,0.7021548432521431,0.41881712236382995,27.64847009507276,27.689964728998472,0.9077767729759216,17.999590438432264
screw,5,blob,0.017852783203125,noise,4,nafnet,deep,1.4066911935806274,0.06374475041129019,-4.657486620776055,5.129760447813422,5.1404461352120645,0.0032068572472780943,17.999590438432264
screw,5,blob,0.017852783203125,noise,4,restormer,deep,0.8900154829025269,0.7005151325863127,0.3107599860869711,26.594823104093056,26.532751649665297,0.833415687084198,17.999590438432264
screw,5,blob,0.017852783203125,mixed,2,identity,classical,0.9861814379692078,1.0,0.0,24.865653125914218,24.868040005926673,0.3208009898662567,24.868040005926673
screw,5,blob,0.017852783203125,mixed,2,gaussian,classical,0.9811096787452698,1.011840455717459,0.6498969207629613,32.38263652170695,32.30850766555258,0.7875766754150391,24.868040005926673
screw,5,blob,0.017852783203125,mixed,2,bilateral,classical,0.9808714389801025,0.9919851550901198,0.2135692348017736,26.83047405293946,26.82555084774038,0.42050981521606445,24.868040005926673
screw,5,blob,0.017852783203125,mixed,2,nlm,classical,0.9337877631187439,0.7561046821172445,0.7445562189252725,34.389169430231334,34.26682088224994,0.9196546673774719,24.868040005926673
screw,5,blob,0.017852783203125,mixed,2,clahe,classical,1.342847466468811,2.1301597817281075,-2.1350185333346143,15.255486970046515,15.251346337599166,0.14936451613903046,24.868040005926673
screw,5,blob,0.017852783203125,mixed,2,msrcr,classical,1.0142412185668945,0.7297047741580001,-0.7244581692825589,20.463783172038674,20.42751011037149,0.27040061354637146,24.868040005926673
screw,5,blob,0.017852783203125,mixed,2,wiener,classical,0.9587766528129578,0.6542101023853265,-0.12838048091979126,23.684608896417604,23.65320426605958,0.2901553213596344,24.868040005926673
screw,5,blob,0.017852783203125,mixed,2,classical_pipeline,classical,0.8986001014709473,0.7475385050698634,0.28386248999913544,28.182034333647287,28.2029512582797,0.9164448380470276,24.868040005926673
screw,5,blob,0.017852783203125,mixed,2,nafnet,deep,0.8205187320709229,0.21477147588887147,-5.904415064355478,5.232962535968398,5.237814463760487,0.0028865791391581297,24.868040005926673
screw,5,blob,0.017852783203125,mixed,2,restormer,deep,0.8891274929046631,0.9276794102092469,0.7189010422170288,33.96187252753262,33.7814674480211,0.889046847820282,24.868040005926673
screw,5,blob,0.017852783203125,mixed,3,identity,classical,0.9676710963249207,1.0,0.0,33.73771411533726,33.49740777386887,0.926280677318573,33.49740777386887
screw,5,blob,0.017852783203125,mixed,3,gaussian,classical,0.9625059962272644,0.9750669727083185,-0.024429529688055673,33.4629005800525,33.23091535837168,0.9266860485076904,33.49740777386887
screw,5,blob,0.017852783203125,mixed,3,bilateral,classical,0.95673006772995,0.9508438224449479,0.003875791132469608,33.67975905172563,33.44309065447878,0.9273430705070496,33.49740777386887
screw,5,blob,0.017852783203125,mixed,3,nlm,classical,0.9783710837364197,0.9793030725846011,-0.06186725563323092,33.630889176085304,33.39676630539173,0.9233354926109314,33.49740777386887
screw,5,blob,0.017852783203125,mixed,3,clahe,classical,1.4149399995803833,1.9354377064885975,-1.8633821182802337,27.808908728934373,27.650166190323347,0.8857253193855286,33.49740777386887
screw,5,blob,0.017852783203125,mixed,3,msrcr,classical,1.2978368997573853,0.6823852175406159,-12.802016988327559,16.59213163315178,16.58815396974936,0.8928060531616211,33.49740777386887
screw,5,blob,0.017852783203125,mixed,3,wiener,classical,0.9388646483421326,0.6575795237761535,-0.956879649897763,28.734955784276185,28.657877743836476,0.8888340592384338,33.49740777386887
screw,5,blob,0.017852783203125,mixed,3,classical_pipeline,classical,0.9468191266059875,0.9914022984322082,-1.954767171195995,28.30188461317929,28.28224824584051,0.9221670627593994,33.49740777386887
screw,5,blob,0.017852783203125,mixed,3,nafnet,deep,0.9444200396537781,0.9384502227539046,-0.04482202353280518,33.32873580639883,33.099063337173995,0.9269259572029114,33.49740777386887
screw,5,blob,0.017852783203125,mixed,3,restormer,deep,0.9627517461776733,0.9999556843872788,-0.047992653578075695,33.50657385047141,33.270648085424064,0.9277964234352112,33.49740777386887
screw,5,blob,0.017852783203125,mixed,4,identity,classical,0.9488581418991089,1.0,0.0,17.885875750032557,17.880582660285953,0.09781990200281143,17.880582660285953
screw,5,blob,0.017852783203125,mixed,4,gaussian,classical,0.9443750977516174,1.0459805489583844,0.635351789528239,27.580624736016098,27.517281761201286,0.5111791491508484,17.880582660285953
screw,5,blob,0.017852783203125,mixed,4,bilateral,classical,0.9476077556610107,0.9990403497314452,0.09430392425024048,18.701644812656284,18.69507997119651,0.11479929089546204,17.880582660285953
screw,5,blob,0.017852783203125,mixed,4,nlm,classical,0.8765231370925903,0.6852489987370199,0.6933603845348448,30.960366509162363,30.833411715547907,0.8804349303245544,17.880582660285953
screw,5,blob,0.017852783203125,mixed,4,clahe,classical,1.2156035900115967,1.9956450768855674,-2.0274237687641046,12.149805578297228,12.14523144209944,0.06842122226953506,17.880582660285953
screw,5,blob,0.017852783203125,mixed,4,msrcr,classical,0.9164521098136902,0.7261444992986356,-0.14402701064195966,17.025070543425027,17.0092792160752,0.0863138735294342,17.880582660285953
screw,5,blob,0.017852783203125,mixed,4,wiener,classical,0.22524002194404602,0.2937260071835893,-1.4116825646225366,11.61362889786323,11.603923550394398,0.019069552421569824,17.880582660285953
screw,5,blob,0.017852783203125,mixed,4,classical_pipeline,classical,0.2525510787963867,1.0818080954005413,-0.7479865906082506,16.167304765602037,16.153131635466675,0.6492317318916321,17.880582660285953
screw,5,blob,0.017852783203125,mixed,4,nafnet,deep,1.266482949256897,0.17139664487998943,-4.282736386348412,5.269375287984806,5.280189608959257,0.0037842688616365194,17.880582660285953
screw,5,blob,0.017852783203125,mixed,4,restormer,deep,0.8638660907745361,0.6109649432557336,0.30105634491708244,25.903126941605052,25.811427400530825,0.7962468266487122,17.880582660285953
screw,6,texture,0.0126495361328125,defocus,2,identity,classical,0.6593921184539795,1.0,0.0,38.828587601869444,38.383667827478305,0.964724600315094,38.383667827478305
screw,6,texture,0.0126495361328125,defocus,2,gaussian,classical,0.5740055441856384,0.9432419446426231,-0.15319402017807238,37.25308576057,36.89083125455581,0.9558201432228088,38.383667827478305
screw,6,texture,0.0126495361328125,defocus,2,bilateral,classical,0.5146564841270447,1.0066491252519412,-0.0985153843147728,38.47032881565687,37.93298212429209,0.9545442461967468,38.383667827478305
screw,6,texture,0.0126495361328125,defocus,2,nlm,classical,0.49191224575042725,1.4755981171752637,-0.2934930926901709,37.95223776941592,37.43985088361423,0.9480083584785461,38.383667827478305
screw,6,texture,0.0126495361328125,defocus,2,clahe,classical,2.0325326919555664,1.1718761895055192,-4.864599792878404,27.54441483818065,27.467425738520813,0.9250789284706116,38.383667827478305
screw,6,texture,0.0126495361328125,defocus,2,msrcr,classical,0.8554410934448242,1.2262538818180115,-29.74803201917503,14.78063369932202,14.79172061149647,0.9112775921821594,38.383667827478305
screw,6,texture,0.0126495361328125,defocus,2,wiener,classical,0.5404216051101685,0.02882339054053211,-5.7929604710388,22.21941311523581,22.222634225916515,0.7591955065727234,38.383667827478305
screw,6,texture,0.0126495361328125,defocus,2,classical_pipeline,classical,0.5041834712028503,0.027604151283261956,-8.228367842743905,21.645488094423413,21.649069168004914,0.773642361164093,38.383667827478305
screw,6,texture,0.0126495361328125,defocus,2,nafnet,deep,0.570294976234436,1.1516126522827066,-0.21249381240515075,36.993013948907205,36.65274405554467,0.9528986811637878,38.383667827478305
screw,6,texture,0.0126495361328125,defocus,2,restormer,deep,0.6105244755744934,0.998494489014429,-0.1242068480391838,37.71894982596915,37.345148062986915,0.9590757489204407,38.383667827478305
screw,6,texture,0.0126495361328125,defocus,3,identity,classical,0.5488830208778381,1.0,0.0,36.30757285718716,35.96728119724482,0.9469764828681946,35.96728119724482
screw,6,texture,0.0126495361328125,defocus,3,gaussian,classical,0.49658676981925964,0.9679604443240846,-0.06519079826668972,35.694083306967116,35.383982494571995,0.9426567554473877,35.96728119724482
screw,6,texture,0.0126495361328125,defocus,3,bilateral,classical,0.4339759945869446,0.977846124188246,-0.03514829013350296,36.163521250002475,35.77891447989172,0.9417802691459656,35.96728119724482
screw,6,texture,0.0126495361328125,defocus,3,nlm,classical,0.40195754170417786,1.5163789760255455,-0.18491160341513324,35.88501440696383,35.50718776721055,0.9358461499214172,35.96728119724482
screw,6,texture,0.0126495361328125,defocus,3,clahe,classical,1.6195377111434937,1.2523418553786334,-3.7132934584169286,27.34753702889048,27.304108262169873,0.9159521460533142,35.96728119724482
screw,6,texture,0.0126495361328125,defocus,3,msrcr,classical,0.7448698878288269,1.1673803679614652,-23.201444562712286,14.814543435170602,14.82327140808367,0.899540901184082,35.96728119724482
screw,6,texture,0.0126495361328125,defocus,3,wiener,classical,0.50881028175354,0.01741999098397335,-3.5677172432835897,23.59122676626057,23.583578265926597,0.7747630476951599,35.96728119724482
screw,6,texture,0.0126495361328125,defocus,3,classical_pipeline,classical,0.4652706980705261,0.008866598711921875,-5.4918226185118275,22.907002688805555,22.899294356578505,0.7955837249755859,35.96728119724482
screw,6,texture,0.0126495361328125,defocus,3,nafnet,deep,0.48642292618751526,1.165005802432261,-0.11258051851650475,35.36121425868118,35.073267003725775,0.9395954012870789,35.96728119724482
screw,6,texture,0.0126495361328125,defocus,3,restormer,deep,0.5047677159309387,1.01670548860131,-0.07242140711184986,35.770882588952894,35.46304490524999,0.9439132809638977,35.96728119724482
screw,6,texture,0.0126495361328125,defocus,4,identity,classical,0.4182664155960083,1.0,0.0,34.04672165496102,33.7868880468477,0.9245462417602539,33.7868880468477
screw,6,texture,0.0126495361328125,defocus,4,gaussian,classical,0.391727089881897,0.9817121043723581,-0.028744444145359704,33.80296997043225,33.55538987092,0.9229221940040588,33.7868880468477
screw,6,texture,0.0126495361328125,defocus,4,bilateral,classical,0.3433730900287628,0.972350660931917,-0.017810360502772182,33.86936211107894,33.604832151806775,0.922116219997406,33.7868880468477
screw,6,texture,0.0126495361328125,defocus,4,nlm,classical,0.2886944115161896,1.531916078361005,-0.11805539279317867,33.838293447294085,33.562535193318325,0.917963981628418,33.7868880468477
screw,6,texture,0.0126495361328125,defocus,4,clahe,classical,1.2146884202957153,1.3583029721741613,-2.7538484275550945,27.144320492736117,27.11907971116821,0.9011259078979492,33.7868880468477
screw,6,texture,0.0126495361328125,defocus,4,msrcr,classical,0.6124749183654785,1.094822409967762,-18.006412843331525,14.899292142204612,14.905130269896524,0.8853764533996582,33.7868880468477
screw,6,texture,0.0126495361328125,defocus,4,wiener,classical,0.2917765974998474,0.142114682008431,-4.787130692451366,20.07418138628978,20.10673413536604,0.7446772456169128,33.7868880468477
screw,6,texture,0.0126495361328125,defocus,4,classical_pipeline,classical,0.26260823011398315,0.18559664586750327,-6.1620597778077775,19.740006568286258,19.769619516149206,0.7718363404273987,33.7868880468477
screw,6,texture,0.0126495361328125,defocus,4,nafnet,deep,0.378915011882782,1.1616548696894047,-0.05968313551265125,33.54161490269804,33.308211439047675,0.9210378527641296,33.7868880468477
screw,6,texture,0.0126495361328125,defocus,4,restormer,deep,0.38984426856040955,1.0128435445912332,-0.04739293564773073,33.73613927059378,33.493768849320425,0.9231751561164856,33.7868880468477
screw,6,texture,0.0126495361328125,noise,2,identity,classical,0.9936903119087219,1.0,0.0,22.251027527245707,22.2457850181436,0.232550248503685,22.2457850181436
screw,6,texture,0.0126495361328125,noise,2,gaussian,classical,0.6837858557701111,2.5322187807546515,0.6600206755267357,32.42666739618956,32.335976111608105,0.73372882604599,22.2457850181436
screw,6,texture,0.0126495361328125,noise,2,bilateral,classical,0.8896466493606567,1.2628617076269975,0.30595759741063544,25.317213538055494,25.297747150206096,0.3506791293621063,22.2457850181436
screw,6,texture,0.0126495361328125,noise,2,nlm,classical,0.1885485202074051,3.6462980697022553,0.7443008838941879,37.01624312025307,36.342609186660596,0.9290278553962708,22.2457850181436
screw,6,texture,0.0126495361328125,noise,2,clahe,classical,2.207470178604126,0.9434991172884737,-2.753442908024214,15.131888795650465,15.099143916637132,0.14809966087341309,22.2457850181436
screw,6,texture,0.0126495361328125,noise,2,msrcr,classical,1.0608793497085571,1.1113470242899957,-0.6618520899063189,19.63716007811574,19.654139699437057,0.18480966985225677,22.2457850181436
screw,6,texture,0.0126495361328125,noise,2,wiener,classical,0.891390323638916,0.5556387288109764,-0.20213544309774312,21.444798784653372,21.4160279057254,0.17459100484848022,22.2457850181436
screw,6,texture,0.0126495361328125,noise,2,classical_pipeline,classical,0.16728506982326508,1.622276462835485,0.29898675881501435,30.493648468125297,30.345482693745588,0.926813542842865,22.2457850181436
screw,6,texture,0.0126495361328125,noise,2,nafnet,deep,0.32477015256881714,0.3312049858701148,-0.37974504508375073,23.5276328240505,23.481524360078666,0.4769379198551178,22.2457850181436
screw,6,texture,0.0126495361328125,noise,2,restormer,deep,0.41128262877464294,3.152482115920864,0.48062171846998125,32.134790000243136,31.967400676762743,0.9161100387573242,22.2457850181436
screw,6,texture,0.0126495361328125,noise,3,identity,classical,0.960801362991333,1.0,0.0,19.835450062382023,19.831804191410612,0.16527944803237915,19.831804191410612
screw,6,texture,0.0126495361328125,noise,3,gaussian,classical,0.6651922464370728,2.5248315121581903,0.6808076066442317,30.314238092646537,30.260151388448058,0.6320518851280212,19.831804191410612
screw,6,texture,0.0126495361328125,noise,3,bilateral,classical,0.9090580940246582,1.138361299905379,0.17793971012046972,21.39139997818691,21.38305920880178,0.21000778675079346,19.831804191410612
screw,6,texture,0.0126495361328125,noise,3,nlm,classical,0.18392933905124664,4.19975919779433,0.7674201871109819,35.209744895164874,34.752437498771904,0.915626049041748,19.831804191410612
screw,6,texture,0.0126495361328125,noise,3,clahe,classical,1.9293545484542847,1.1976804048538048,-2.146954772931958,14.017563933876485,13.991036131063662,0.11452481895685196,19.831804191410612
screw,6,texture,0.0126495361328125,noise,3,msrcr,classical,0.977371871471405,1.1550396282400333,-0.3126326867381841,18.420214523758702,18.43093482926076,0.13757234811782837,19.831804191410612
screw,6,texture,0.0126495361328125,noise,3,wiener,classical,0.8634029030799866,0.3361839342463829,-0.13342510020281018,19.38069858539129,19.363393060886875,0.11953079700469971,19.831804191410612
screw,6,texture,0.0126495361328125,noise,3,classical_pipeline,classical,0.15501393377780914,2.295487169708475,0.42785632059467904,29.742581988594388,29.605824815603622,0.9138358235359192,19.831804191410612
screw,6,texture,0.0126495361328125,noise,3,nafnet,deep,1.1513633728027344,0.09999980594378124,-5.405608754853545,5.661935214803155,5.656592523801668,0.003320559160783887,19.831804191410612
screw,6,texture,0.0126495361328125,noise,3,restormer,deep,0.3337209224700928,3.3623759569127767,0.3436286159068339,28.716616048474457,28.621213939155513,0.8852577209472656,19.831804191410612
screw,6,texture,0.0126495361328125,noise,4,identity,classical,0.9205042719841003,1.0,0.0,17.92840612636759,17.926499723483094,0.12140195816755295,17.926499723483094
screw,6,texture,0.0126495361328125,noise,4,gaussian,classical,0.6395471692085266,2.7699197638151474,0.6868662501345575,28.509181978637148,28.476606059164737,0.5393103957176208,17.926499723483094
screw,6,texture,0.0126495361328125,noise,4,bilateral,classical,0.891505777835846,1.0678664793695387,0.0995155284227408,18.746045248964112,18.74244853283352,0.1399032175540924,17.926499723483094
screw,6,texture,0.0126495361328125,noise,4,nlm,classical,0.22017933428287506,2.774433751577343,0.7635677825111948,33.43577459490365,33.134583002303145,0.900965690612793,17.926499723483094
screw,6,texture,0.0126495361328125,noise,4,clahe,classical,1.8136227130889893,1.0654279660008095,-2.1143269126023845,12.12893132498211,12.109678485592703,0.08730175346136093,17.926499723483094
screw,6,texture,0.0126495361328125,noise,4,msrcr,classical,0.8959449529647827,1.1884746553653485,-0.17339480114813832,17.127732327977615,17.137080439698895,0.10564249008893967,17.926499723483094
screw,6,texture,0.0126495361328125,noise,4,wiener,classical,0.8240246176719666,0.44110130711173545,-0.09010591208735952,17.657295617549153,17.645606715962167,0.08602427691221237,17.926499723483094
screw,6,texture,0.0126495361328125,noise,4,classical_pipeline,classical,0.1690484881401062,1.7189868812647318,0.4959001044875502,28.800268921065836,28.692071293639568,0.8996071815490723,17.926499723483094
screw,6,texture,0.0126495361328125,noise,4,nafnet,deep,1.960282325744629,0.4593052070188805,-4.890385405003671,4.847032795865999,4.843319786127846,0.003348521189764142,17.926499723483094
screw,6,texture,0.0126495361328125,noise,4,restormer,deep,0.2330823689699173,1.2044180852836837,0.21891598517707767,25.64549189665243,25.58397015859726,0.8395063877105713,17.926499723483094
screw,6,texture,0.0126495361328125,mixed,2,identity,classical,0.00021836371161043644,1.0,0.0,12.949984745262347,12.952334362937599,0.8870843052864075,12.952334362937599
screw,6,texture,0.0126495361328125,mixed,2,gaussian,classical,0.00021827527962159365,0.20516368953853348,-1.3907210274943793e-05,12.95447984623678,12.956775965441892,0.8862749934196472,12.952334362937599
screw,6,texture,0.0126495361328125,mixed,2,bilateral,classical,0.00021370244212448597,0.0034306328295557052,-0.0003320005590152775,12.948497300653099,12.950864306532566,0.8882246017456055,12.952334362937599
screw,6,texture,0.0126495361328125,mixed,2,nlm,classical,0.0,0.0008814022560957683,0.016748916907827205,13.08842131532747,13.090907380681841,0.8867066502571106,12.952334362937599
screw,6,texture,0.0126495361328125,mixed,2,clahe,classical,0.0005289364489726722,2.4355828309503553,0.08252736277707906,13.489038697171711,13.484450651515733,0.8748934268951416,12.952334362937599
screw,6,texture,0.0126495361328125,mixed,2,msrcr,classical,0.00030526993214152753,0.00018261346338962903,0.21941951031621865,14.7343564243602,14.749291037815858,0.8532359004020691,12.952334362937599
screw,6,texture,0.0126495361328125,mixed,2,wiener,classical,1.468642585678026e-05,1.8016408842809774e-05,0.02079536971704965,12.82011146968854,12.828329348907243,0.7586989402770996,12.952334362937599
screw,6,texture,0.0126495361328125,mixed,2,classical_pipeline,classical,6.090670012781629e-06,4.115980763577234e-05,0.062383382247173436,13.167178289536231,13.176309827698493,0.7654193043708801,12.952334362937599
screw,6,texture,0.0126495361328125,mixed,2,nafnet,deep,9.760347165865824e-05,0.0002671837381350284,0.00039540107644531197,12.954447902124759,12.957282259139106,0.8838713765144348,12.952334362937599
screw,6,texture,0.0126495361328125,mixed,2,restormer,deep,9.888817294267938e-05,0.0001492900129927458,0.004144621352339839,12.986294350677731,12.988723586484099,0.8864337801933289,12.952334362937599
screw,6,texture,0.0126495361328125,mixed,3,identity,classical,0.5193675756454468,1.0,0.0,34.17722479771506,33.94133263261146,0.9307763576507568,33.94133263261146
screw,6,texture,0.0126495361328125,mixed,3,gaussian,classical,0.46887505054473877,1.0669903049887584,-0.04633431298244073,33.881146009510154,33.652954295085394,0.9266583919525146,33.94133263261146
screw,6,texture,0.0126495361328125,mixed,3,bilateral,classical,0.41627949476242065,1.123101999172738,-0.042460834081995635,33.957580635243076,33.709654063450465,0.9239897131919861,33.94133263261146
screw,6,texture,0.0126495361328125,mixed,3,nlm,classical,0.37424129247665405,1.8532783710434615,-0.15110940477041956,33.9309900958746,33.674674881802375,0.9199873805046082,33.94133263261146
screw,6,texture,0.0126495361328125,mixed,3,clahe,classical,1.6919673681259155,1.4551264599563747,-2.938205235365429,27.237382391082182,27.176364432571805,0.8997381329536438,33.94133263261146
screw,6,texture,0.0126495361328125,mixed,3,msrcr,classical,0.733192503452301,1.2183901895140263,-18.789639839163492,14.930958810039016,14.938248737335819,0.8896320462226868,33.94133263261146
screw,6,texture,0.0126495361328125,mixed,3,wiener,classical,0.4035923182964325,0.226474612656583,-4.1665545677810165,21.17740176111528,21.20021285083635,0.7260730266571045,33.94133263261146
screw,6,texture,0.0126495361328125,mixed,3,classical_pipeline,classical,0.3655295670032501,0.23120286644978985,-5.62426645258292,20.79189571701989,20.812255178924076,0.7563381195068359,33.94133263261146
screw,6,texture,0.0126495361328125,mixed,3,nafnet,deep,0.4620923399925232,1.3283585819229435,-0.07901105796437191,33.634095891550515,33.41731996207716,0.9240557551383972,33.94133263261146
screw,6,texture,0.0126495361328125,mixed,3,restormer,deep,0.47975650429725647,1.0482165368233534,-0.04588869719284494,33.97838851163226,33.74881577533121,0.9283924102783203,33.94133263261146
screw,6,texture,0.0126495361328125,mixed,4,identity,classical,0.4232514500617981,1.0,0.0,17.804175093519014,17.795352560073237,0.0932202935218811,17.795352560073237
screw,6,texture,0.0126495361328125,mixed,4,gaussian,classical,0.35964030027389526,3.9573901023966576,0.6440680053109504,27.46698075239324,27.413366960163735,0.49939480423927307,17.795352560073237
screw,6,texture,0.0126495361328125,mixed,4,bilateral,classical,0.41667547821998596,1.249536284215144,0.09388115801884078,18.608569414539012,18.59767153012787,0.11002729088068008,17.795352560073237
screw,6,texture,0.0126495361328125,mixed,4,nlm,classical,0.20152543485164642,9.961722026950193,0.7311285286863218,30.991119223126077,30.824406588869493,0.8717877864837646,17.795352560073237
screw,6,texture,0.0126495361328125,mixed,4,clahe,classical,0.8636500835418701,1.5211580932492954,-2.0129913844940694,12.068879702307067,12.050209976659943,0.06258578598499298,17.795352560073237
screw,6,texture,0.0126495361328125,mixed,4,msrcr,classical,0.42604348063468933,1.2414861488608324,-0.18333371902775797,16.540180283944725,16.54254015136529,0.07545595616102219,17.795352560073237
screw,6,texture,0.0126495361328125,mixed,4,wiener,classical,0.3982088565826416,0.4883794521219475,-0.03249349713012406,17.739989701335702,17.732616551199698,0.08739785104990005,17.795352560073237
screw,6,texture,0.0126495361328125,mixed,4,classical_pipeline,classical,0.1461983174085617,6.691493145972743,0.48677153718698574,27.84141504124891,27.76028941063395,0.870497465133667,17.795352560073237
screw,6,texture,0.0126495361328125,mixed,4,nafnet,deep,0.8243493437767029,0.8567529357493341,-4.665797472311368,4.835428391878934,4.832583324986467,0.0032961673568934202,17.795352560073237
screw,6,texture,0.0126495361328125,mixed,4,restormer,deep,0.15226978063583374,4.446044934866106,0.21391196489693975,25.004723229760664,24.95070998045241,0.8010521531105042,17.795352560073237
screw,7,scratch,0.01239013671875,defocus,2,identity,classical,0.8761351108551025,1.0,0.0,37.87713527233396,36.99234200781773,0.9654856324195862,36.99234200781773
screw,7,scratch,0.01239013671875,defocus,2,gaussian,classical,0.8241596817970276,0.9052570784191113,-0.16900574028059667,36.26693602965886,35.391626649913086,0.9554574489593506,36.99234200781773
screw,7,scratch,0.01239013671875,defocus,2,bilateral,classical,0.8764532208442688,1.0179740618002349,-0.08544834799358902,37.65168945933737,36.88870422083377,0.9576101899147034,36.99234200781773
screw,7,scratch,0.01239013671875,defocus,2,nlm,classical,0.8727453351020813,0.9875708929843499,-0.25957597690804324,37.21084095906128,36.38481940476245,0.9509394764900208,36.99234200781773
screw,7,scratch,0.01239013671875,defocus,2,clahe,classical,0.880716860294342,1.2210864944075546,-4.741141769313539,27.091291641335637,27.0185674142837,0.9228360652923584,36.99234200781773
screw,7,scratch,0.01239013671875,defocus,2,msrcr,classical,0.6779964566230774,0.6821309473242066,-16.4194483427725,19.049351311858196,19.069983369334345,0.9259827136993408,36.99234200781773
screw,7,scratch,0.01239013671875,defocus,2,wiener,classical,0.014654573053121567,0.08247481673069701,-4.172588482491921,23.420913147956675,22.579533242188926,0.7852579951286316,36.99234200781773
screw,7,scratch,0.01239013671875,defocus,2,classical_pipeline,classical,0.011587828397750854,0.07978933253930037,-6.502989150422809,22.600349032452954,21.9319835940424,0.7873761057853699,36.99234200781773
screw,7,scratch,0.01239013671875,defocus,2,nafnet,deep,0.8572018146514893,0.973262122641197,-0.22199012262035422,36.11201234216862,35.440535831824945,0.9534404873847961,36.99234200781773
screw,7,scratch,0.01239013671875,defocus,2,restormer,deep,0.8605766296386719,0.976339741412666,-0.13656680514326447,36.75781394257292,35.99445687421968,0.9590780735015869,36.99234200781773
screw,7,scratch,0.01239013671875,defocus,3,identity,classical,0.8047217130661011,1.0,0.0,35.297154834991645,34.445560451361686,0.9458070397377014,34.445560451361686
screw,7,scratch,0.01239013671875,defocus,3,gaussian,classical,0.7669467926025391,0.9208575201819973,-0.06695608135659792,34.68947807471642,33.7855237257199,0.940993070602417,34.445560451361686
screw,7,scratch,0.01239013671875,defocus,3,bilateral,classical,0.7981577515602112,1.005169938901917,-0.026336128268361403,35.232668083131685,34.40424709415719,0.9426941871643066,34.445560451361686
screw,7,scratch,0.01239013671875,defocus,3,nlm,classical,0.8006506562232971,0.9855964468117177,-0.15482045306118142,35.029821590900056,34.17364163122035,0.9361268877983093,34.445560451361686
screw,7,scratch,0.01239013671875,defocus,3,clahe,classical,0.8105272054672241,1.3268873409889967,-3.757680165148689,26.38053005443282,26.285002662191662,0.9060707688331604,34.445560451361686
screw,7,scratch,0.01239013671875,defocus,3,msrcr,classical,0.6712180972099304,0.7288790096712341,-12.253459365221806,19.17897550097139,19.20477883539386,0.9114398956298828,34.445560451361686
screw,7,scratch,0.01239013671875,defocus,3,wiener,classical,0.013399574905633926,0.05294571210880401,-3.435904388392223,22.812959879914835,22.079184793451205,0.7765713334083557,34.445560451361686
screw,7,scratch,0.01239013671875,defocus,3,classical_pipeline,classical,0.012295939959585667,0.0638577579974341,-5.179971527445804,22.142632104387673,21.53966235765338,0.7803122401237488,34.445560451361686
screw,7,scratch,0.01239013671875,defocus,3,nafnet,deep,0.7840356826782227,0.9645177396513589,-0.10944668232937538,34.422671132789986,33.65452564623443,0.9386835694313049,34.445560451361686
screw,7,scratch,0.01239013671875,defocus,3,restormer,deep,0.7916171550750732,0.9768625626141426,-0.06819530504130533,34.81019206280548,33.99634440516944,0.9427227973937988,34.445560451361686
screw,7,scratch,0.01239013671875,defocus,4,identity,classical,0.6921198964118958,1.0,0.0,33.037334450852704,32.074870641789275,0.9208223223686218,32.074870641789275
screw,7,scratch,0.01239013671875,defocus,4,gaussian,classical,0.6668026447296143,0.930871321780364,-0.026656226167425023,32.81519317271891,31.779102453797464,0.9186593890190125,32.074870641789275
screw,7,scratch,0.01239013671875,defocus,4,bilateral,classical,0.6810222864151001,0.9871478062781529,-0.012272055892991851,32.92822637261863,31.943163866228666,0.9192935824394226,32.074870641789275
screw,7,scratch,0.01239013671875,defocus,4,nlm,classical,0.685567319393158,0.9863308254564477,-0.0969670022375062,32.93948104724955,31.939379570740307,0.9149362444877625,32.074870641789275
screw,7,scratch,0.01239013671875,defocus,4,clahe,classical,0.755325198173523,1.426760786181965,-2.784030473970402,26.271520062155965,26.166923066517693,0.8886931538581848,32.074870641789275
screw,7,scratch,0.01239013671875,defocus,4,msrcr,classical,0.6525429487228394,0.7938406099751891,-9.80492113491991,18.88725914886221,18.92323447205576,0.8926119208335876,32.074870641789275
screw,7,scratch,0.01239013671875,defocus,4,wiener,classical,0.02118314988911152,0.22622879159222595,-3.1954702421694128,21.839850109221544,21.109878699053635,0.7565717697143555,32.074870641789275
screw,7,scratch,0.01239013671875,defocus,4,classical_pipeline,classical,0.018297705799341202,0.22955831845985766,-4.471491743454159,21.352712762758163,20.71821540275875,0.7618135809898376,32.074870641789275
screw,7,scratch,0.01239013671875,defocus,4,nafnet,deep,0.6684234738349915,0.9451590256102953,-0.05320018517943237,32.60338804198619,31.631939023187524,0.9174444675445557,32.074870641789275
screw,7,scratch,0.01239013671875,defocus,4,restormer,deep,0.6777108907699585,0.965061309130362,-0.04490733427446392,32.72081050597199,31.751065275026463,0.9188855290412903,32.074870641789275
screw,7,scratch,0.01239013671875,noise,2,identity,classical,0.911512017250061,1.0,0.0,22.234825299526264,22.246490574257972,0.24077914655208588,22.246490574257972
screw,7,scratch,0.01239013671875,noise,2,gaussian,classical,0.815292477607727,0.8679982414411553,0.6531304508722986,32.21745559711448,31.895305434696613,0.7332792282104492,22.246490574257972
screw,7,scratch,0.01239013671875,noise,2,bilateral,classical,0.9227485656738281,1.0244114371904132,0.3036801638880141,25.29408514762865,25.300398877215184,0.35711410641670227,22.246490574257972
screw,7,scratch,0.01239013671875,noise,2,nlm,classical,0.7786698937416077,0.7904556332774904,0.7436351042273055,36.890935656722846,35.468598395090076,0.936007559299469,22.246490574257972
screw,7,scratch,0.01239013671875,noise,2,clahe,classical,1.181147813796997,1.4487575540154982,-2.7450667650673375,15.158701187368122,15.199201394775049,0.15993255376815796,22.246490574257972
screw,7,scratch,0.01239013671875,noise,2,msrcr,classical,0.9556984305381775,0.8675346998261719,-0.5268147130210172,19.873773451857048,19.891224518702572,0.1925843358039856,22.246490574257972
screw,7,scratch,0.01239013671875,noise,2,wiener,classical,0.5412623882293701,0.2155760596115207,-0.18800826650464497,21.41926590171299,21.146587778197336,0.17794764041900635,22.246490574257972
screw,7,scratch,0.01239013671875,noise,2,classical_pipeline,classical,0.7707272171974182,0.7948995753313369,0.286047039338001,29.778613026493858,29.531494905905028,0.9333226084709167,22.246490574257972
screw,7,scratch,0.01239013671875,noise,2,nafnet,deep,0.719076931476593,0.7085574424445176,-0.272247299548396,24.159348533718084,24.132664607342594,0.49993419647216797,22.246490574257972
screw,7,scratch,0.01239013671875,noise,2,restormer,deep,0.8705970644950867,0.8955670597249901,0.44526823195837484,31.37035682185723,31.27761163248122,0.9213151931762695,22.246490574257972
screw,7,scratch,0.01239013671875,noise,3,identity,classical,0.8865766525268555,1.0,0.0,19.81603681277238,19.823941699585465,0.17396104335784912,19.823941699585465
screw,7,scratch,0.01239013671875,noise,3,gaussian,classical,0.7937763333320618,0.8883763454845847,0.6739385766399691,30.157584170162764,29.893008452042253,0.6299751400947571,19.823941699585465
screw,7,scratch,0.01239013671875,noise,3,bilateral,classical,0.8965107798576355,1.021485886495407,0.17563255284663104,21.36020725188189,21.36717079642881,0.2181820422410965,19.823941699585465
screw,7,scratch,0.01239013671875,noise,3,nlm,classical,0.657882809638977,0.6666789010935438,0.7706796392692757,35.13064551578534,33.279947986544784,0.9185647368431091,19.823941699585465
screw,7,scratch,0.01239013671875,noise,3,clahe,classical,1.138159155845642,1.5068745384178681,-2.1166321474978873,14.03035189022803,14.064931772948658,0.12621654570102692,19.823941699585465
screw,7,scratch,0.01239013671875,noise,3,msrcr,classical,0.9330304265022278,0.8940654005011742,-0.27958089969786815,18.42093230581481,18.436182178414754,0.1449335664510727,19.823941699585465
screw,7,scratch,0.01239013671875,noise,3,wiener,classical,0.5301146507263184,0.22719512133853376,-0.12058359638519023,19.373423838945662,19.208317270609495,0.12331382185220718,19.823941699585465
screw,7,scratch,0.01239013671875,noise,3,classical_pipeline,classical,0.656996488571167,0.6786182131261351,0.435062041122097,29.16708414253271,28.72953587582167,0.9161023497581482,19.823941699585465
screw,7,scratch,0.01239013671875,noise,3,nafnet,deep,0.7521677017211914,0.04148699387385497,-2.7569430500645375,8.671558813618862,8.658272769430194,0.009678415022790432,19.823941699585465
screw,7,scratch,0.01239013671875,noise,3,restormer,deep,0.8096926212310791,0.8811552425030874,0.3380259444036584,28.326803557387255,28.276220470416646,0.8847110867500305,19.823941699585465
screw,7,scratch,0.01239013671875,noise,4,identity,classical,0.854499340057373,1.0,0.0,17.89856306538647,17.90813716547843,0.1302453875541687,17.90813716547843
screw,7,scratch,0.01239013671875,noise,4,gaussian,classical,0.7654185891151428,0.9083604801035475,0.6857782671200128,28.43297937968199,28.22038665574345,0.5413923859596252,17.90813716547843
screw,7,scratch,0.01239013671875,noise,4,bilateral,classical,0.8641034364700317,1.017995428762409,0.09840768421029034,18.7069037199806,18.717830846665017,0.14864857494831085,17.90813716547843
screw,7,scratch,0.01239013671875,noise,4,nlm,classical,0.5646132230758667,0.5720380273967727,0.7759781000134826,33.709863426219904,31.71630493140332,0.9050211310386658,17.90813716547843
screw,7,scratch,0.01239013671875,noise,4,clahe,classical,1.1555873155593872,1.4827201187354986,-2.1286805469488326,12.055083672556874,12.087540814185614,0.09718978404998779,17.90813716547843
screw,7,scratch,0.01239013671875,noise,4,msrcr,classical,0.8679664731025696,0.9202279982616838,-0.16453332026712708,17.0806257975168,17.09466531726632,0.11334750056266785,17.90813716547843
screw,7,scratch,0.01239013671875,noise,4,wiener,classical,0.5137780904769897,0.23035838680699103,-0.08003313948591528,17.64102829272005,17.532527510387517,0.08993369340896606,17.90813716547843
screw,7,scratch,0.01239013671875,noise,4,classical_pipeline,classical,0.5576605200767517,0.5776869122491468,0.5272070759911982,28.79879634092339,28.158593429297728,0.9031704068183899,17.90813716547843
screw,7,scratch,0.01239013671875,noise,4,nafnet,deep,0.7864062786102295,0.031545513132049244,-4.06208503986634,5.507858563728413,5.488565361534274,0.0036757495254278183,17.90813716547843
screw,7,scratch,0.01239013671875,noise,4,restormer,deep,0.7604777812957764,0.8646844456793499,0.22506559523775216,25.55360151828921,25.542689208063155,0.8410296440124512,17.90813716547843
screw,7,scratch,0.01239013671875,mixed,2,identity,classical,0.569690465927124,1.0,0.0,11.452860182791492,11.415627528425823,0.8516063690185547,11.415627528425823
screw,7,scratch,0.01239013671875,mixed,2,gaussian,classical,0.5359068512916565,0.9049436363631113,0.0004333968797273213,11.450952173897164,11.408737299296925,0.8421871066093445,11.415627528425823
screw,7,scratch,0.01239013671875,mixed,2,bilateral,classical,0.5644829869270325,1.0037297221687667,0.00010245816426390775,11.450367869768387,11.412600537101554,0.8423562049865723,11.415627528425823
screw,7,scratch,0.01239013671875,mixed,2,nlm,classical,0.5654881596565247,0.9896999673746781,-0.015430407457753148,11.324921902773982,11.287669491523452,0.8377366662025452,11.415627528425823
screw,7,scratch,0.01239013671875,mixed,2,clahe,classical,0.7700710892677307,1.5759393594520101,0.1880829834893346,13.058673158762272,13.057032566519474,0.8724384307861328,11.415627528425823
screw,7,scratch,0.01239013671875,mixed,2,msrcr,classical,0.6678040027618408,0.6903090664411935,0.6426020122922074,19.901756833934208,19.915333472672,0.9254882335662842,11.415627528425823
screw,7,scratch,0.01239013671875,mixed,2,wiener,classical,0.009491374716162682,0.08135060577299727,-0.017246238734222263,11.218094484824814,11.090884604238836,0.7065391540527344,11.415627528425823
screw,7,scratch,0.01239013671875,mixed,2,classical_pipeline,classical,0.007591066416352987,0.07874473159776377,-0.03881882254661795,11.020893824860522,10.899452077430485,0.7216499447822571,11.415627528425823
screw,7,scratch,0.01239013671875,mixed,2,nafnet,deep,0.5474565029144287,0.9528473126275013,0.0015888523669106425,11.452218209896397,11.412579483263048,0.8373878598213196,11.415627528425823
screw,7,scratch,0.01239013671875,mixed,2,restormer,deep,0.5524466037750244,0.946484941666714,-0.0018457485983907063,11.428933641530037,11.389428378730997,0.8423215746879578,11.415627528425823
screw,7,scratch,0.01239013671875,mixed,3,identity,classical,0.2832253873348236,1.0,0.0,11.894515471473895,11.930654180031603,0.7755696773529053,11.930654180031603
screw,7,scratch,0.01239013671875,mixed,3,gaussian,classical,0.2554311454296112,0.8905747513129881,-0.0004306681768460052,11.974621521782554,12.014628566803802,0.8575080037117004,11.930654180031603
screw,7,scratch,0.01239013671875,mixed,3,bilateral,classical,0.2798040807247162,0.9779266154759941,-0.0028783205184066407,11.893594102264544,11.929656992301043,0.825434684753418,11.930654180031603
screw,7,scratch,0.01239013671875,mixed,3,nlm,classical,0.2792561650276184,0.977770257808111,0.01127779598807277,11.990249276293097,12.02648582777595,0.819976806640625,11.930654180031603
screw,7,scratch,0.01239013671875,mixed,3,clahe,classical,0.3950013816356659,1.0428973894337497,0.0665773374270705,12.415799255199415,12.450865428046779,0.7442135810852051,11.930654180031603
screw,7,scratch,0.01239013671875,mixed,3,msrcr,classical,0.4458836317062378,1.0911489706147777,0.316878986672669,14.450538383657847,14.47078924556628,0.7396225333213806,11.930654180031603
screw,7,scratch,0.01239013671875,mixed,3,wiener,classical,0.2007337361574173,0.07343162181426544,0.03603503210874626,12.092243399340688,12.133719425207392,0.7424671053886414,11.930654180031603
screw,7,scratch,0.01239013671875,mixed,3,classical_pipeline,classical,0.2832253873348236,1.0,0.0,11.894515471473895,11.930654180031603,0.7755696773529053,11.930654180031603
screw,7,scratch,0.01239013671875,mixed,3,nafnet,deep,0.24471548199653625,0.9100882023764955,-0.0217898160851826,11.7414445153781,11.779084420070252,0.8542048335075378,11.930654180031603
screw,7,scratch,0.01239013671875,mixed,3,restormer,deep,0.2553645670413971,0.9505864612040359,-0.014015021760157342,11.807841286478789,11.844676441037842,0.8470739722251892,11.930654180031603
screw,7,scratch,0.01239013671875,mixed,4,identity,classical,0.17221342027187347,1.0,0.0,11.317410929182483,11.356099089154075,0.8349331021308899,11.356099089154075
screw,7,scratch,0.01239013671875,mixed,4,gaussian,classical,0.15499012172222137,0.8901107983991163,-0.0002219004769339339,11.323799519396136,11.364658989955556,0.8382590413093567,11.356099089154075
screw,7,scratch,0.01239013671875,mixed,4,bilateral,classical,0.16919071972370148,1.0067648872345416,-0.0006971841461471673,11.309260678148227,11.347773149728225,0.8355684876441956,11.356099089154075
screw,7,scratch,0.01239013671875,mixed,4,nlm,classical,0.1701068878173828,0.9926752574199748,0.00035204463851112866,11.325837318666533,11.364616901612541,0.8368029594421387,11.356099089154075
screw,7,scratch,0.01239013671875,mixed,4,clahe,classical,0.2527630925178528,1.0204062544920827,0.04806655750317956,11.81863590493122,11.85736963562465,0.8360002636909485,11.356099089154075
screw,7,scratch,0.01239013671875,mixed,4,msrcr,classical,0.368948757648468,1.1389113650635134,0.27484334423212664,13.607822083136426,13.63613979749589,0.8161572813987732,11.356099089154075
screw,7,scratch,0.01239013671875,mixed,4,wiener,classical,0.1455826461315155,0.31609986041444427,0.03611155227225038,11.535368644269594,11.579638499955667,0.8007392883300781,11.356099089154075
screw,7,scratch,0.01239013671875,mixed,4,classical_pipeline,classical,0.17221342027187347,1.0,0.0,11.317410929182483,11.356099089154075,0.8349331021308899,11.356099089154075
screw,7,scratch,0.01239013671875,mixed,4,nafnet,deep,0.15478183329105377,0.9419640898189549,-7.279646447932997e-05,11.301583714752079,11.341228040871123,0.8360474705696106,11.356099089154075
screw,7,scratch,0.01239013671875,mixed,4,restormer,deep,0.16270127892494202,0.9739381662467752,0.0015122236616363915,11.325572991722435,11.364970013302528,0.8380284905433655,11.356099089154075
screw,8,blob,0.011199951171875,defocus,2,identity,classical,0.9907386302947998,1.0,0.0,38.50330362202781,38.54367980330742,0.9673420786857605,38.54367980330742
screw,8,blob,0.011199951171875,defocus,2,gaussian,classical,0.9831780791282654,0.9978895031101508,-0.14105884681867087,37.088980030396364,37.13083603683374,0.9595527052879333,38.54367980330742
screw,8,blob,0.011199951171875,defocus,2,bilateral,classical,0.9679297804832458,1.0112590238609833,-0.10263044933465815,38.0710789418976,38.10806457552696,0.9581406712532043,38.54367980330742
screw,8,blob,0.011199951171875,defocus,2,nlm,classical,0.9873047471046448,1.0434412282073957,-0.28985411881282275,37.64980927556127,37.681244782815575,0.9523538947105408,38.54367980330742
screw,8,blob,0.011199951171875,defocus,2,clahe,classical,2.678368330001831,1.024005647937048,-5.2064404355217855,27.08499553479726,26.95182473071951,0.9264278411865234,38.54367980330742
screw,8,blob,0.011199951171875,defocus,2,msrcr,classical,1.156455397605896,1.0907043913349044,-29.837295798804444,14.51514223600964,14.51917073016224,0.9145558476448059,38.54367980330742
screw,8,blob,0.011199951171875,defocus,2,wiener,classical,0.691241979598999,0.07936467777251273,-5.291565521565887,22.808059496080272,22.831937505204152,0.7813408970832825,38.54367980330742
screw,8,blob,0.011199951171875,defocus,2,classical_pipeline,classical,0.6162588000297546,0.12957502739824114,-8.115427934421795,21.99243041678319,22.023421477020577,0.7843776345252991,38.54367980330742
screw,8,blob,0.011199951171875,defocus,2,nafnet,deep,0.9567162990570068,0.9660568287180086,-0.20945658045220217,36.79591343511146,36.835059350625954,0.9562675952911377,38.54367980330742
screw,8,blob,0.011199951171875,defocus,2,restormer,deep,0.9800280332565308,1.0094188836476625,-0.12398739699788441,37.4453972503055,37.486948428620195,0.9619529247283936,38.54367980330742
screw,8,blob,0.011199951171875,defocus,3,identity,classical,0.981473445892334,1.0,0.0,36.17868976881027,36.2210985692493,0.9515511393547058,36.2210985692493
screw,8,blob,0.011199951171875,defocus,3,gaussian,classical,0.9742586016654968,0.9915994834332132,-0.05729132947559856,35.63102402920356,35.67368663820091,0.9480651021003723,36.2210985692493
screw,8,blob,0.011199951171875,defocus,3,bilateral,classical,0.9592174291610718,0.9964675678862164,-0.040504506502262005,35.983546137308124,36.02387106446601,0.9470335841178894,36.2210985692493
screw,8,blob,0.011199951171875,defocus,3,nlm,classical,0.9819105863571167,1.010992581435584,-0.1824620964805812,35.75902747816598,35.79628457262941,0.9416923522949219,36.2210985692493
screw,8,blob,0.011199951171875,defocus,3,clahe,classical,2.4567391872406006,1.0623818371754434,-4.110614238482787,26.74657397813204,26.661722848761556,0.9169606566429138,36.2210985692493
screw,8,blob,0.011199951171875,defocus,3,msrcr,classical,1.1855641603469849,1.088282104689772,-23.49610324993809,14.586831291803943,14.591149908401677,0.9042978286743164,36.2210985692493
screw,8,blob,0.011199951171875,defocus,3,wiener,classical,0.5806604623794556,0.03786083188547791,-4.775792059248042,21.823426211156253,21.846554109752702,0.7673675417900085,36.2210985692493
screw,8,blob,0.011199951171875,defocus,3,classical_pipeline,classical,0.513587236404419,0.07957331144718215,-6.979699650052233,21.156869059642432,21.190941009712205,0.772466242313385,36.2210985692493
screw,8,blob,0.011199951171875,defocus,3,nafnet,deep,0.9474273324012756,0.966833432801991,-0.11034654239492814,35.28770447799045,35.328379002128216,0.9448888897895813,36.2210985692493
screw,8,blob,0.011199951171875,defocus,3,restormer,deep,0.9711189866065979,0.985662712597119,-0.06888832902646391,35.666134331963605,35.70912472730693,0.9488661885261536,36.2210985692493
screw,8,blob,0.011199951171875,defocus,4,identity,classical,0.9616484642028809,1.0,0.0,34.08366753875831,34.12691329728513,0.9326489567756653,34.12691329728513
screw,8,blob,0.011199951171875,defocus,4,gaussian,classical,0.9551120400428772,0.9925193851038664,-0.028569226884749277,33.83046210771547,33.87357475240263,0.9310064911842346,34.12691329728513
screw,8,blob,0.011199951171875,defocus,4,bilateral,classical,0.9406722784042358,0.9916491178748867,-0.019998458819324494,33.89025857233682,33.93198954778785,0.9302992820739746,34.12691329728513
screw,8,blob,0.011199951171875,defocus,4,nlm,classical,0.96159827709198,0.9994894156637577,-0.12185820481963261,33.8631647821725,33.90329651411909,0.9264385104179382,34.12691329728513
screw,8,blob,0.011199951171875,defocus,4,clahe,classical,2.4711928367614746,1.0715420361058483,-3.0518312177622713,26.663651022866468,26.578747534891555,0.9057508111000061,34.12691329728513
screw,8,blob,0.011199951171875,defocus,4,msrcr,classical,1.2158701419830322,1.0904713349271633,-18.572433852197495,14.682457751308789,14.686824483718986,0.8930714726448059,34.12691329728513
screw,8,blob,0.011199951171875,defocus,4,wiener,classical,0.37595313787460327,0.016714974586355277,-4.683355412659323,20.46694413764426,20.488889749102373,0.7522046566009521,34.12691329728513
screw,8,blob,0.011199951171875,defocus,4,classical_pipeline,classical,0.3263114094734192,0.013507819743809565,-6.345698302405881,19.972179066264616,20.010081025482876,0.7625978589057922,34.12691329728513
screw,8,blob,0.011199951171875,defocus,4,nafnet,deep,0.930362343788147,0.9763437087628449,-0.0625920199632084,33.56590124624284,33.607359187727994,0.9291818737983704,34.12691329728513
screw,8,blob,0.011199951171875,defocus,4,restormer,deep,0.953561544418335,0.9853027067922938,-0.04971598827391044,33.73439714766637,33.778157634314425,0.9310404658317566,34.12691329728513
screw,8,blob,0.011199951171875,noise,2,identity,classical,0.9978215098381042,1.0,0.0,22.242721927348445,22.241736054138904,0.22825944423675537,22.241736054138904
screw,8,blob,0.011199951171875,noise,2,gaussian,classical,0.9898858070373535,2.625070290618175,0.6622316429595236,32.388071234194655,32.3955494356822,0.7348361015319824,22.241736054138904
screw,8,blob,0.011199951171875,noise,2,bilateral,classical,0.9879565834999084,1.3256700441649063,0.3038081556022256,25.300991378035214,25.300534572984784,0.34630778431892395,22.241736054138904
screw,8,blob,0.011199951171875,noise,2,nlm,classical,0.8382530212402344,3.852935847419477,0.7391865808648084,36.836875936436904,36.84845330904827,0.9368667602539062,22.241736054138904
screw,8,blob,0.011199951171875,noise,2,clahe,classical,1.6361656188964844,0.8310364792366125,-2.6955426781598906,15.238509977086004,15.205425583773897,0.14637203514575958,22.241736054138904
screw,8,blob,0.011199951171875,noise,2,msrcr,classical,0.901219367980957,0.9975505399426208,-0.7598235506461015,19.49180474287931,19.498822612855086,0.1836903840303421,22.241736054138904
screw,8,blob,0.011199951171875,noise,2,wiener,classical,0.9446235299110413,0.8499527320296599,-0.193213887735334,21.486136901345905,21.490154914186327,0.17453329265117645,22.241736054138904
screw,8,blob,0.011199951171875,noise,2,classical_pipeline,classical,0.7786065936088562,1.6473017836188366,0.242900264565863,29.775905046680677,29.77212735966524,0.9341261982917786,22.241736054138904
screw,8,blob,0.011199951171875,noise,2,nafnet,deep,0.8130252957344055,1.2359257233569967,-0.08899372923336135,25.223857050290526,25.211509912868006,0.5485297441482544,22.241736054138904
screw,8,blob,0.011199951171875,noise,2,restormer,deep,0.9926226735115051,3.9730906169521525,0.44984192645688326,31.639457952101928,31.639295344549446,0.9239490628242493,22.241736054138904
screw,8,blob,0.011199951171875,noise,3,identity,classical,0.9846187829971313,1.0,0.0,19.814334010649123,19.812804654974666,0.16166020929813385,19.812804654974666
screw,8,blob,0.011199951171875,noise,3,gaussian,classical,0.9768037796020508,2.9141090628132966,0.6788029859017783,30.29010624054722,30.29330778994555,0.6309311389923096,19.812804654974666
screw,8,blob,0.011199951171875,noise,3,bilateral,classical,0.981103241443634,1.1678828092313522,0.17709920147951885,21.36109831906271,21.35968835380662,0.20601175725460052,19.812804654974666
screw,8,blob,0.011199951171875,noise,3,nlm,classical,0.8308970928192139,3.9553793802347705,0.7615714846992183,35.12036332126472,35.13824318905045,0.9233413338661194,19.812804654974666
screw,8,blob,0.011199951171875,noise,3,clahe,classical,1.4914497137069702,0.8395260435990748,-2.0813006604638344,14.132265373945314,14.108778504431726,0.11264985799789429,19.812804654974666
screw,8,blob,0.011199951171875,noise,3,msrcr,classical,0.8596096634864807,1.003809454853683,-0.32001923645107766,18.460725517370026,18.465584852376285,0.13569766283035278,19.812804654974666
screw,8,blob,0.011199951171875,noise,3,wiener,classical,0.9328212738037109,0.9139680792487981,-0.12767155595815805,19.391247214188105,19.393417985001737,0.11877874284982681,19.812804654974666
screw,8,blob,0.011199951171875,noise,3,classical_pipeline,classical,0.7640239596366882,2.0149880453831397,0.39287093322153943,29.178606235210758,29.17657173556522,0.921165406703949,19.812804654974666
screw,8,blob,0.011199951171875,noise,3,nafnet,deep,1.0148268938064575,0.0498674547890501,-5.267816204600208,5.658509705604579,5.659905980792489,0.0036990742664784193,19.812804654974666
screw,8,blob,0.011199951171875,noise,3,restormer,deep,0.9143908619880676,3.970042164323437,0.33040058250499216,28.436970900327715,28.42940458337459,0.8878940939903259,19.812804654974666
screw,8,blob,0.011199951171875,noise,4,identity,classical,0.9615181088447571,1.0,0.0,17.887714661669968,17.88616560787794,0.11862662434577942,17.88616560787794
screw,8,blob,0.011199951171875,noise,4,gaussian,classical,0.9537724852561951,3.0778673678418187,0.6902471962124497,28.469989069419867,28.4698685694233,0.537367582321167,17.88616560787794
screw,8,blob,0.011199951171875,noise,4,bilateral,classical,0.9628657698631287,1.0798458085957492,0.09824953942828041,18.69292382880699,18.6912917891127,0.13694076240062714,17.88616560787794
screw,8,blob,0.011199951171875,noise,4,nlm,classical,0.7759480476379395,4.634909395164824,0.7664469645792152,33.4650723706708,33.49464007051681,0.9095860123634338,17.88616560787794
screw,8,blob,0.011199951171875,noise,4,clahe,classical,1.6038774251937866,0.8514670101279187,-2.084281136229248,12.142623028946097,12.117012699514035,0.08511806279420853,17.88616560787794
screw,8,blob,0.011199951171875,noise,4,msrcr,classical,0.8082817196846008,0.981225999871106,-0.17160842743513505,17.165969293008445,17.169063851909055,0.10410597920417786,17.88616560787794
screw,8,blob,0.011199951171875,noise,4,wiener,classical,0.9106490015983582,0.8152302436265232,-0.0854071702353214,17.637742026494095,17.638717876287444,0.08474745601415634,17.88616560787794
screw,8,blob,0.011199951171875,noise,4,classical_pipeline,classical,0.7118878960609436,2.204145113904666,0.4851822706739447,28.491546522430955,28.491030354349842,0.907768189907074,17.88616560787794
screw,8,blob,0.011199951171875,noise,4,nafnet,deep,1.0644901990890503,0.07526247006408746,-4.638509031635078,4.997142057475196,4.9985996540047015,0.003567889565601945,17.88616560787794
screw,8,blob,0.011199951171875,noise,4,restormer,deep,0.7807098627090454,3.8214102871979896,0.21931752558763784,25.53287886449406,25.515497185304312,0.8491143584251404,17.88616560787794
screw,8,blob,0.011199951171875,mixed,2,identity,classical,0.5824273824691772,1.0,0.0,11.501479061123476,11.489496405087277,0.8549373745918274,11.489496405087277
screw,8,blob,0.011199951171875,mixed,2,gaussian,classical,0.5779762268066406,0.9874749042423271,-2.50607898186761e-05,11.496831652106962,11.485036243120456,0.8475924134254456,11.489496405087277
screw,8,blob,0.011199951171875,mixed,2,bilateral,classical,0.567149817943573,0.9519439072744407,8.040336733483588e-05,11.498333633316037,11.486812558600741,0.844616711139679,11.489496405087277
screw,8,blob,0.011199951171875,mixed,2,nlm,classical,0.6146880984306335,0.9864700919061541,-0.004238290055901706,11.468522490654134,11.45562310533898,0.8433142304420471,11.489496405087277
screw,8,blob,0.011199951171875,mixed,2,clahe,classical,1.022613286972046,0.9511824417882517,0.22524980154406948,13.382929448217364,13.337237271316628,0.8721101880073547,11.489496405087277
screw,8,blob,0.011199951171875,mixed,2,msrcr,classical,1.164186716079712,1.219621710545698,0.3104087438023855,14.698315129966293,14.72226476264473,0.9131496548652649,11.489496405087277
screw,8,blob,0.011199951171875,mixed,2,wiener,classical,0.4054819345474243,0.058621984875571,-0.027605852251329166,11.162531407549247,11.16127475985036,0.6981053352355957,11.489496405087277
screw,8,blob,0.011199951171875,mixed,2,classical_pipeline,classical,0.393293559551239,0.13959361763473147,-0.05220406165789648,10.937481431728507,10.939495592870216,0.7240943908691406,11.489496405087277
screw,8,blob,0.011199951171875,mixed,2,nafnet,deep,0.5493624210357666,1.0002589611151766,0.0007810612826808505,11.495371738245407,11.48425241700149,0.8407082557678223,11.489496405087277
screw,8,blob,0.011199951171875,mixed,2,restormer,deep,0.5720897316932678,0.9946381202545891,-0.002261156170256573,11.478458952259247,11.466778131933674,0.8471606373786926,11.489496405087277
screw,8,blob,0.011199951171875,mixed,3,identity,classical,0.0,nan,0.0,11.854081653239636,11.84364883372163,0.871218740940094,11.84364883372163
screw,8,blob,0.011199951171875,mixed,3,gaussian,classical,0.0,nan,0.0,11.867210743257504,11.856599504631056,0.8763720393180847,11.84364883372163
screw,8,blob,0.011199951171875,mixed,3,bilateral,classical,0.0,nan,-0.0005161332132879171,11.849982604005874,11.839605578732966,0.8736193776130676,11.84364883372163
screw,8,blob,0.011199951171875,mixed,3,nlm,classical,0.0,nan,0.01338322336825104,11.958805959010284,11.94860025226946,0.8727288246154785,11.84364883372163
screw,8,blob,0.011199951171875,mixed,3,clahe,classical,0.0,nan,0.05942658172537596,12.325337840166332,12.308154530583536,0.8654831051826477,11.84364883372163
screw,8,blob,0.011199951171875,mixed,3,msrcr,classical,0.0,nan,0.2417584659794879,13.794551110994282,13.787957376950782,0.8397312164306641,11.84364883372163
screw,8,blob,0.011199951171875,mixed,3,wiener,classical,0.0,nan,0.03779539855728764,12.060121174898653,12.051084233509066,0.8211060166358948,11.84364883372163
screw,8,blob,0.011199951171875,mixed,3,classical_pipeline,classical,0.0,nan,1.4008808008059148e-06,11.8540880997735,11.843655759485712,0.8712189793586731,11.84364883372163
screw,8,blob,0.011199951171875,mixed,3,nafnet,deep,0.0,nan,-0.0020737908480092937,11.833018447722443,11.82337801788404,0.8745901584625244,11.84364883372163
screw,8,blob,0.011199951171875,mixed,3,restormer,deep,0.0,nan,0.0015603984884617894,11.872477795485327,11.862182076392763,0.876420259475708,11.84364883372163
screw,8,blob,0.011199951171875,mixed,4,identity,classical,0.9156569242477417,1.0,0.0,31.769831212883787,31.808798007510486,0.9065110087394714,31.808798007510486
screw,8,blob,0.011199951171875,mixed,4,gaussian,classical,0.9097126126289368,1.0327180088718912,-0.0011069995524122245,31.707221700583258,31.747002396609297,0.9093521237373352,31.808798007510486
screw,8,blob,0.011199951171875,mixed,4,bilateral,classical,0.8965945243835449,1.0299460680307024,0.0096078348779709,31.71250728703495,31.751751241812798,0.9100093841552734,31.808798007510486
screw,8,blob,0.011199951171875,mixed,4,nlm,classical,0.8708504438400269,1.0221986915294616,-0.03654765234577528,31.76442307038524,31.802577311511016,0.9086435437202454,31.808798007510486
screw,8,blob,0.011199951171875,mixed,4,clahe,classical,2.1217522621154785,1.0787793967272907,-1.9910161213438786,26.32448216416382,26.293684142554184,0.8631718754768372,31.808798007510486
screw,8,blob,0.011199951171875,mixed,4,msrcr,classical,1.3281280994415283,1.089874313927325,-12.947629496674304,14.9789237483982,14.985158561953797,0.8498784899711609,31.808798007510486
screw,8,blob,0.011199951171875,mixed,4,wiener,classical,0.8728074431419373,0.5874970263323592,-0.5219981690415287,29.397489214705885,29.43046297450389,0.8826804757118225,31.808798007510486
screw,8,blob,0.011199951171875,mixed,4,classical_pipeline,classical,0.8364250063896179,0.5362442251232475,-1.2405961857759196,28.71977303203691,28.732568590101994,0.9035581946372986,31.808798007510486
screw,8,blob,0.011199951171875,mixed,4,nafnet,deep,0.8955880403518677,0.9935365666019226,-0.01533526207221958,31.56619191921677,31.605970874255412,0.9097270369529724,31.808798007510486
screw,8,blob,0.011199951171875,mixed,4,restormer,deep,0.9066632390022278,1.0419921046640168,-0.028621377970496686,31.698292353152397,31.738806912168126,0.9096413254737854,31.808798007510486
screw,9,texture,0.008209228515625,defocus,2,identity,classical,0.8796579837799072,1.0,0.0,38.06712711869595,37.3644659562651,0.9638175964355469,37.3644659562651
screw,9,texture,0.008209228515625,defocus,2,gaussian,classical,0.8417450189590454,0.9033083116072979,-0.15436515971333464,36.614405730875774,35.971858760180055,0.9545852541923523,37.3644659562651
screw,9,texture,0.008209228515625,defocus,2,bilateral,classical,0.870625913143158,1.1237496255506942,-0.09215113051276003,37.768250209785414,37.09304804886936,0.9552399516105652,37.3644659562651
screw,9,texture,0.008209228515625,defocus,2,nlm,classical,0.8969801664352417,1.0057066566151607,-0.27989328239247846,37.29518407627543,36.69143121237086,0.9488537907600403,37.3644659562651
screw,9,texture,0.008209228515625,defocus,2,clahe,classical,1.3933533430099487,0.8720867754568058,-4.976430684846876,27.23952716178307,27.12880305903111,0.9283189177513123,37.3644659562651
screw,9,texture,0.008209228515625,defocus,2,msrcr,classical,1.2709611654281616,1.1081048227281627,-29.27927201809466,14.466470970780655,14.48416331462963,0.9107084274291992,37.3644659562651
screw,9,texture,0.008209228515625,defocus,2,wiener,classical,0.17886982858181,0.059359394498142225,-6.068891948038177,21.693067406812677,21.4886682378186,0.6493396162986755,37.3644659562651
screw,9,texture,0.008209228515625,defocus,2,classical_pipeline,classical,0.11646043509244919,0.05967109643139637,-7.869181717693968,21.441179830574647,21.31013653972994,0.7031345367431641,37.3644659562651
screw,9,texture,0.008209228515625,defocus,2,nafnet,deep,0.8254117965698242,0.9249689908120494,-0.20869462650566306,36.44562875356353,35.81163468080439,0.9521074295043945,37.3644659562651
screw,9,texture,0.008209228515625,defocus,2,restormer,deep,0.8510339260101318,1.0076786146668204,-0.12940823903268717,37.04510781730525,36.38204537574639,0.9577613472938538,37.3644659562651
screw,9,texture,0.008209228515625,defocus,3,identity,classical,0.8265154957771301,1.0,0.0,35.68753583035526,35.06377299867114,0.9452939033508301,35.06377299867114
screw,9,texture,0.008209228515625,defocus,3,gaussian,classical,0.7995445132255554,0.9678043946465917,-0.06204185169699028,35.1278870280285,34.52274267676347,0.941089928150177,35.06377299867114
screw,9,texture,0.008209228515625,defocus,3,bilateral,classical,0.8131163120269775,1.0847478788105043,-0.03144172086115837,35.572186512648585,34.94146338495354,0.941373884677887,35.06377299867114
screw,9,texture,0.008209228515625,defocus,3,nlm,classical,0.8432852625846863,1.0103842188933656,-0.17413526260993106,35.307136699233645,34.7246780773151,0.9351699948310852,35.06377299867114
screw,9,texture,0.008209228515625,defocus,3,clahe,classical,1.4154052734375,0.8896204084858086,-3.7787873704241877,27.032862581874348,26.900788855934827,0.9159266352653503,35.06377299867114
screw,9,texture,0.008209228515625,defocus,3,msrcr,classical,1.2164645195007324,1.0929290628361208,-22.69260736307574,14.541933590390052,14.556184769479598,0.8975834846496582,35.06377299867114
screw,9,texture,0.008209228515625,defocus,3,wiener,classical,0.030250756070017815,0.12116951643552312,-3.356577496697869,23.455358182893864,23.153498070618927,0.7917544841766357,35.06377299867114
screw,9,texture,0.008209228515625,defocus,3,classical_pipeline,classical,0.0271876472979784,0.10969528568421892,-5.264579261392549,22.547114632845826,22.375332686891802,0.792238175868988,35.06377299867114
screw,9,texture,0.008209228515625,defocus,3,nafnet,deep,0.7830525040626526,0.9832673298423819,-0.10480221845944881,34.86170727885522,34.26814451894469,0.9383735656738281,35.06377299867114
screw,9,texture,0.008209228515625,defocus,3,restormer,deep,0.7979306578636169,0.9974745016318218,-0.06939066237792968,35.205455756255176,34.605570128007514,0.9422760009765625,35.06377299867114
screw,9,texture,0.008209228515625,defocus,4,identity,classical,0.7452178001403809,1.0,0.0,33.55335836493527,32.983225287938325,0.9227640628814697,32.983225287938325
screw,9,texture,0.008209228515625,defocus,4,gaussian,classical,0.726910412311554,0.988467023113002,-0.026326147031825897,33.335225717530534,32.7658780657608,0.9212043285369873,32.983225287938325
screw,9,texture,0.008209228515625,defocus,4,bilateral,classical,0.7298742532730103,1.0199273748993225,-0.015344073122520063,33.41945296214871,32.84174959218531,0.9210261702537537,32.983225287938325
screw,9,texture,0.008209228515625,defocus,4,nlm,classical,0.7627308964729309,0.9957838626819058,-0.11200586689719816,33.37990877615391,32.8363764358188,0.9167117476463318,32.983225287938325
screw,9,texture,0.008209228515625,defocus,4,clahe,classical,1.4292535781860352,0.963434425412316,-2.8963198818849833,26.795178182026262,26.62976987017054,0.8997543454170227,32.983225287938325
screw,9,texture,0.008209228515625,defocus,4,msrcr,classical,1.1238548755645752,1.0680739547732108,-17.729650463086628,14.630284291194576,14.638896518120504,0.8822104334831238,32.983225287938325
screw,9,texture,0.008209228515625,defocus,4,wiener,classical,0.025005925446748734,0.022374077466167284,-3.254621007183064,22.111979062616168,21.9054531964581,0.7722470164299011,32.983225287938325
screw,9,texture,0.008209228515625,defocus,4,classical_pipeline,classical,0.019624752923846245,0.015611546709788609,-4.6589370619861,21.484231468331547,21.356872007032777,0.7712985873222351,32.983225287938325
screw,9,texture,0.008209228515625,defocus,4,nafnet,deep,0.7121983766555786,1.0001575275484176,-0.052757393116109164,33.12378563508367,32.56097969119132,0.9196855425834656,32.983225287938325
screw,9,texture,0.008209228515625,defocus,4,restormer,deep,0.7214505672454834,0.9934232598596843,-0.04460007479322581,33.25770076808924,32.70064211659227,0.9213396906852722,32.983225287938325
screw,9,texture,0.008209228515625,noise,2,identity,classical,1.0002353191375732,1.0,0.0,22.297541031245164,22.302782850752003,0.23863428831100464,22.302782850752003
screw,9,texture,0.008209228515625,noise,2,gaussian,classical,0.8960103392601013,1.2701874791855219,0.6504775946463847,32.28103703809317,32.13586424551137,0.7352287173271179,22.302782850752003
screw,9,texture,0.008209228515625,noise,2,bilateral,classical,0.9923825860023499,1.3183409944659965,0.3067498255712029,25.385861540720565,25.385092773519773,0.35734984278678894,22.302782850752003
screw,9,texture,0.008209228515625,noise,2,nlm,classical,0.8067273497581482,2.1179763785963233,0.7407437893893662,37.050267816461776,36.32887665790863,0.9367734789848328,22.302782850752003
screw,9,texture,0.008209228515625,noise,2,clahe,classical,1.3909376859664917,0.648767555553239,-2.574511463158213,15.53086264994468,15.49498408178465,0.15570534765720367,22.302782850752003
screw,9,texture,0.008209228515625,noise,2,msrcr,classical,1.1596043109893799,1.192999548305725,-0.8243928537128096,19.378283532313255,19.380879207355186,0.19061727821826935,22.302782850752003
screw,9,texture,0.008209228515625,noise,2,wiener,classical,0.6785765886306763,0.17121726283915747,-0.17948779308231044,21.54056622233993,21.46502716255204,0.18163298070430756,22.302782850752003
screw,9,texture,0.008209228515625,noise,2,classical_pipeline,classical,0.7573136687278748,1.990517414516609,0.28067641943803956,29.60293403720549,29.528187811976203,0.9341241717338562,22.302782850752003
screw,9,texture,0.008209228515625,noise,2,nafnet,deep,0.8629443049430847,1.0778724035203542,-0.0683486328211591,25.726196491070333,25.618242669528343,0.6160749793052673,22.302782850752003
screw,9,texture,0.008209228515625,noise,2,restormer,deep,0.9243592023849487,2.002489253546654,0.46622154695347595,31.76155654771367,31.60904807936388,0.9241306185722351,22.302782850752003
screw,9,texture,0.008209228515625,noise,3,identity,classical,0.9946179389953613,1.0,0.0,19.81508978168115,19.819852225733875,0.16974802315235138,19.819852225733875
screw,9,texture,0.008209228515625,noise,3,gaussian,classical,0.8913353085517883,1.686973077882036,0.6783361982419118,30.219075731983214,30.128478910179485,0.6312434077262878,19.819852225733875
screw,9,texture,0.008209228515625,noise,3,bilateral,classical,0.9879806041717529,1.129585002962906,0.1759130680878469,21.36264657152301,21.364670785840655,0.21406488120555878,19.819852225733875
screw,9,texture,0.008209228515625,noise,3,nlm,classical,0.7001028060913086,2.233681200166377,0.7663954705239274,35.20834448469432,34.48495252399288,0.9213011860847473,19.819852225733875
screw,9,texture,0.008209228515625,noise,3,clahe,classical,1.5581692457199097,0.7263183162142393,-2.0102319763804473,14.2652492904734,14.220792578367778,0.1203274205327034,19.819852225733875
screw,9,texture,0.008209228515625,noise,3,msrcr,classical,1.0803691148757935,1.171700068104815,-0.3273936389187808,18.41854606160347,18.41621758241424,0.14273808896541595,19.819852225733875
screw,9,texture,0.008209228515625,noise,3,wiener,classical,0.6739204525947571,0.23606838894145302,-0.11601571510974629,19.394741798018728,19.351219908990917,0.12263479083776474,19.819852225733875
screw,9,texture,0.008209228515625,noise,3,classical_pipeline,classical,0.6580917835235596,2.071058874319855,0.4424608656528707,29.25452406910985,29.15051975536882,0.9193885922431946,19.819852225733875
screw,9,texture,0.008209228515625,noise,3,nafnet,deep,0.6513199806213379,0.005711224230864559,-5.55017142643162,5.491469306488739,5.4973706879353745,0.003290059743449092,19.819852225733875
screw,9,texture,0.008209228515625,noise,3,restormer,deep,0.8722264766693115,2.62397811445354,0.3442321080838271,28.38949592098509,28.23946286928555,0.8840009570121765,19.819852225733875
screw,9,texture,0.008209228515625,noise,4,identity,classical,0.9795178771018982,1.0,0.0,17.899051741659346,17.904079822476525,0.12625038623809814,17.904079822476525
screw,9,texture,0.008209228515625,noise,4,gaussian,classical,0.8779872059822083,1.8769993873084043,0.6842935237881944,28.48708271560735,28.43400194544646,0.5412408709526062,17.904079822476525
screw,9,texture,0.008209228515625,noise,4,bilateral,classical,0.9772530794143677,1.0518891694181058,0.0988780257048576,18.706042806595782,18.710352387217906,0.1448916345834732,17.904079822476525
screw,9,texture,0.008209228515625,noise,4,nlm,classical,0.6051977872848511,2.080601133331459,0.7709766716499931,33.68512910554578,33.02651782464932,0.9089249968528748,17.904079822476525
screw,9,texture,0.008209228515625,noise,4,clahe,classical,1.4142571687698364,0.7221815909114453,-2.04484667621806,12.240773713433095,12.216691855803338,0.09184225648641586,17.904079822476525
screw,9,texture,0.008209228515625,noise,4,msrcr,classical,1.016822338104248,1.1674371251148796,-0.17278708555088373,17.174603238895607,17.171845526878858,0.11104463785886765,17.904079822476525
screw,9,texture,0.008209228515625,noise,4,wiener,classical,0.6627474427223206,0.27663592078371246,-0.0779105790816299,17.658407028967506,17.628445357388767,0.09063893556594849,17.904079822476525
screw,9,texture,0.008209228515625,noise,4,classical_pipeline,classical,0.571677565574646,1.8706353123469195,0.5234518086840085,28.55259533975568,28.43891686232945,0.9068558216094971,17.904079822476525
screw,9,texture,0.008209228515625,noise,4,nafnet,deep,0.662895679473877,0.01873918609508263,-4.136703129557555,5.383874262799252,5.389207178514637,0.0034919094759970903,17.904079822476525
screw,9,texture,0.008209228515625,noise,4,restormer,deep,0.7746492028236389,2.694810028607074,0.21775955468157793,25.4986517526305,25.360464086406658,0.8439720273017883,17.904079822476525
screw,9,texture,0.008209228515625,mixed,2,identity,classical,0.5517025589942932,1.0,0.0,11.265390874392164,11.282268754676657,0.22600199282169342,11.282268754676657
screw,9,texture,0.008209228515625,mixed,2,gaussian,classical,0.5334528088569641,1.6469701080847952,-9.567459333381656e-05,11.470725602777737,11.488709950146884,0.6774412989616394,11.282268754676657
screw,9,texture,0.008209228515625,mixed,2,bilateral,classical,0.5345007181167603,1.2224491764693657,-0.0003492238485487409,11.41212841809261,11.42987034881318,0.41761139035224915,11.282268754676657
screw,9,texture,0.008209228515625,mixed,2,nlm,classical,0.4658782184123993,1.8706029058025908,-0.01487774674981468,11.364451653431427,11.384374086033116,0.8065884113311768,11.282268754676657
screw,9,texture,0.008209228515625,mixed,2,clahe,classical,0.864057719707489,0.7611073218462503,0.11788210272370281,11.589384379771952,11.586510818981012,0.14004971086978912,11.282268754676657
screw,9,texture,0.008209228515625,mixed,2,msrcr,classical,0.9093709588050842,1.120122306775921,0.7619557334737488,18.35180971416181,18.344907598358542,0.12705354392528534,11.282268754676657
screw,9,texture,0.008209228515625,mixed,2,wiener,classical,0.4433552026748657,0.42108630629967103,-0.018850095634053154,11.099979756413365,11.119022812248446,0.20085842907428741,11.282268754676657
screw,9,texture,0.008209228515625,mixed,2,classical_pipeline,classical,0.42359188199043274,1.844211247135553,-0.0188234550087909,11.30526710347507,11.3194808083515,0.8063094019889832,11.282268754676657
screw,9,texture,0.008209228515625,mixed,2,nafnet,deep,0.5497992634773254,2.266793064191854,0.07586300278533531,12.138847436018294,12.156425020367141,0.7795084118843079,11.282268754676657
screw,9,texture,0.008209228515625,mixed,2,restormer,deep,0.5610108375549316,1.9278802109326478,0.06895404619553913,12.058219245001752,12.075921130766375,0.8143003582954407,11.282268754676657
screw,9,texture,0.008209228515625,mixed,3,identity,classical,0.3579486608505249,1.0,0.0,8.584047318345915,8.602221354032116,0.13760890066623688,8.602221354032116
screw,9,texture,0.008209228515625,mixed,3,gaussian,classical,0.35114675760269165,2.177475126667357,-1.7253339409162294e-05,8.751397793948916,8.77043120272955,0.5287066102027893,8.602221354032116
screw,9,texture,0.008209228515625,mixed,3,bilateral,classical,0.350260853767395,1.2498226234121523,-0.00013616606102373474,8.67843597378857,8.697131950256553,0.2313804030418396,8.602221354032116
screw,9,texture,0.008209228515625,mixed,3,nlm,classical,0.2739517092704773,1.8671593339151689,-0.014294391700534703,8.646019769811431,8.666645394136092,0.6644975543022156,8.602221354032116
screw,9,texture,0.008209228515625,mixed,3,clahe,classical,0.5114889740943909,0.7717299241586711,0.18182017317954857,9.600957488960981,9.609463422484367,0.08823946863412857,8.602221354032116
screw,9,texture,0.008209228515625,mixed,3,msrcr,classical,0.5860853791236877,1.025345016761668,0.7394012482283612,15.406946014595169,15.409086439575916,0.07204633206129074,8.602221354032116
screw,9,texture,0.008209228515625,mixed,3,wiener,classical,0.310806006193161,0.7425165874798509,-0.010227847261937262,8.49938933252478,8.518043505354926,0.12761741876602173,8.602221354032116
screw,9,texture,0.008209228515625,mixed,3,classical_pipeline,classical,0.23082834482192993,1.9292110007449481,-0.0171894005631692,8.623249863425928,8.63877364594867,0.6647148132324219,8.602221354032116
screw,9,texture,0.008209228515625,mixed,3,nafnet,deep,1.2376289367675781,0.0874397188099464,0.14351623733761354,5.53553257471666,5.542697961744606,0.004210685845464468,8.602221354032116
screw,9,texture,0.008209228515625,mixed,3,restormer,deep,0.380170077085495,2.6225048970705642,0.08234604481571828,9.441075265114122,9.460410457815032,0.6972010731697083,8.602221354032116
screw,9,texture,0.008209228515625,mixed,4,identity,classical,0.17259198427200317,1.0,0.0,10.929864185333283,10.900676999267551,0.7680624127388,10.900676999267551
screw,9,texture,0.008209228515625,mixed,4,gaussian,classical,0.1682228446006775,1.6991002278958969,2.583979908765688e-05,11.001907292290081,10.972992551093633,0.818145215511322,10.900676999267551
screw,9,texture,0.008209228515625,mixed,4,bilateral,classical,0.147311270236969,1.1907816141498606,-0.0024192792763237936,10.920240492147977,10.890066247882586,0.788669764995575,10.900676999267551
screw,9,texture,0.008209228515625,mixed,4,nlm,classical,0.14737997949123383,1.075286933876685,0.012170770064210745,11.024930784960905,10.993786599142844,0.7886489033699036,10.900676999267551
screw,9,texture,0.008209228515625,mixed,4,clahe,classical,0.2845950126647949,0.9905142688871879,0.04560218977692165,11.373889284877128,11.344823057770801,0.7687376141548157,10.900676999267551
screw,9,texture,0.008209228515625,mixed,4,msrcr,classical,0.3327944278717041,0.992518686848588,0.32669448976395676,13.41982922974526,13.38638665156141,0.7431041598320007,10.900676999267551
screw,9,texture,0.008209228515625,mixed,4,wiener,classical,0.033854033797979355,0.13514925233874092,0.07118010811821329,11.145782618475316,11.106899856723038,0.6664964556694031,10.900676999267551
screw,9,texture,0.008209228515625,mixed,4,classical_pipeline,classical,0.02334602363407612,0.14622210296857008,0.08634368865154218,11.365655938381368,11.32513877523669,0.696736752986908,10.900676999267551
screw,9,texture,0.008209228515625,mixed,4,nafnet,deep,0.10090374201536179,2.160651728120428,-0.01436625421104476,10.809446919281317,10.778594511411747,0.8117246627807617,10.900676999267551
screw,9,texture,0.008209228515625,mixed,4,restormer,deep,0.09850411117076874,1.9744402604350852,-0.01635288537307833,10.783362058670864,10.75263333784368,0.8092840313911438,10.900676999267551
