category,image,anomaly_kind,area_frac,family,severity,restorer,tier,drr,residual_corr,acg,dremr,psnr_normal,psnr_full,ssim_full,psnr_degraded
carpet,0,texture,0.0123291015625,defocus,2,identity,classical,0.9295088648796082,0.6486158599385995,1.0,0.0,21.42068524791039,21.4499360752465,0.6399627327919006,21.4499360752465
carpet,0,texture,0.0123291015625,defocus,2,bilateral,classical,0.9280482530593872,0.6494262079334482,1.1118005843603684,-0.09061667834852671,20.67673542193283,20.70745486250339,0.545952558517456,21.4499360752465
carpet,0,texture,0.0123291015625,defocus,2,restormer_deblur,deep,0.9345706105232239,0.714639225416772,0.7877314158697954,0.0905333746522643,22.028150208890615,22.060469575397743,0.7726662755012512,21.4499360752465
carpet,0,texture,0.0123291015625,defocus,3,identity,classical,0.896259069442749,0.3332841102615191,1.0,0.0,18.964335203468163,18.99580728256529,0.2984691560268402,18.99580728256529
carpet,0,texture,0.0123291015625,defocus,3,bilateral,classical,0.896519124507904,0.27475872514701855,1.1066779729390408,-0.0470884352064731,18.58728850296499,18.62013169007767,0.21546481549739838,18.99580728256529
carpet,0,texture,0.0123291015625,defocus,3,restormer_deblur,deep,0.944535493850708,0.4029259935707626,0.8591774569237491,0.027895759183623192,19.108348877768353,19.143226737121886,0.42520689964294434,18.99580728256529
carpet,0,texture,0.0123291015625,defocus,4,identity,classical,0.844809889793396,0.00813113276164753,1.0,0.0,17.591101960312468,17.621475132747612,0.013260760344564915,17.621475132747612
carpet,0,texture,0.0123291015625,defocus,4,bilateral,classical,0.8438366651535034,0.09009335064375447,1.085980999820753,0.0346777026856433,17.90753953952219,17.936236772413764,0.07764064520597458,17.621475132747612
carpet,0,texture,0.0123291015625,defocus,4,restormer_deblur,deep,0.8423118591308594,-0.10297677701808002,1.0985162333816567,-0.06580758373975937,16.917969182840814,16.952379288519104,-0.09428223967552185,17.621475132747612
carpet,0,texture,0.0123291015625,motion,2,identity,classical,0.9095127582550049,0.5008293459299105,1.0,0.0,19.88606445180497,19.916526391412525,0.4655543863773346,19.916526391412525
carpet,0,texture,0.0123291015625,motion,2,bilateral,classical,0.9074086546897888,0.4725478016988959,1.102118257819032,-0.051131296987641406,19.43859264726704,19.47021776385212,0.3782529830932617,19.916526391412525
carpet,0,texture,0.0123291015625,motion,2,restormer_deblur,deep,0.977820634841919,0.7238390720932543,0.8311655846365691,0.2261853954084232,22.0801821122485,22.11166169413255,0.7237774729728699,19.916526391412525
carpet,0,texture,0.0123291015625,motion,3,identity,classical,0.9172256588935852,0.49174642496074283,1.0,0.0,19.520933282701392,19.553132034179082,0.46031323075294495,19.553132034179082
carpet,0,texture,0.0123291015625,motion,3,bilateral,classical,0.9153130650520325,0.5010411955422281,1.0532556390426184,-0.007069524519606629,19.452371070374248,19.484600985950564,0.42594340443611145,19.553132034179082
carpet,0,texture,0.0123291015625,motion,3,restormer_deblur,deep,0.9744253754615784,0.6644991055119431,0.9841960018671557,0.1822906896227373,21.235169972172297,21.269160752544416,0.6658966541290283,19.553132034179082
carpet,0,texture,0.0123291015625,motion,4,identity,classical,0.9055846333503723,0.44594305300126336,1.0,0.0,19.635219530717496,19.665462362223725,0.4558984339237213,19.665462362223725
carpet,0,texture,0.0123291015625,motion,4,bilateral,classical,0.9070823788642883,0.4426781297802738,1.083260162666651,-0.03499186481376637,19.323798404796094,19.355084048897066,0.38770708441734314,19.665462362223725
carpet,0,texture,0.0123291015625,motion,4,restormer_deblur,deep,0.9055846333503723,0.44594305300126336,1.0,0.0,19.635219530717496,19.665462362223725,0.4558984339237213,19.665462362223725
carpet,1,scratch,0.001251220703125,defocus,2,identity,classical,0.454721063375473,0.46419786797787316,1.0,0.0,20.817082201134255,20.809162129041713,0.6299141049385071,20.809162129041713
carpet,1,scratch,0.001251220703125,defocus,2,bilateral,classical,0.4228290617465973,0.20155745107864437,0.9849980121399797,-0.08204851706502025,20.13684874839294,20.129041738105684,0.5424820780754089,20.809162129041713
carpet,1,scratch,0.001251220703125,defocus,2,restormer_deblur,deep,0.5580597519874573,0.5309003247457424,1.0146796398434246,0.08836288809775039,21.449543854386334,21.441183494241404,0.7607904076576233,20.809162129041713
carpet,1,scratch,0.001251220703125,defocus,3,identity,classical,0.3213426470756531,0.30599151542766445,1.0,0.0,18.37296836883603,18.366201381655767,0.27998924255371094,18.366201381655767
carpet,1,scratch,0.001251220703125,defocus,3,bilateral,classical,0.2773076295852661,0.2817679641436564,0.8606776580599167,-0.041507619825969844,18.032624550576646,18.02555624045632,0.2024196833372116,18.366201381655767
carpet,1,scratch,0.001251220703125,defocus,3,restormer_deblur,deep,0.3916086256504059,0.06056655459687219,1.0505069351303569,0.022626160963105102,18.490419676358666,18.48368327533894,0.3956734240055084,18.366201381655767
carpet,1,scratch,0.001251220703125,defocus,4,identity,classical,0.2170095145702362,0.26132383257666403,1.0,0.0,17.045214829905355,17.03842737085911,-0.0034003453329205513,17.03842737085911
carpet,1,scratch,0.001251220703125,defocus,4,bilateral,classical,0.19740313291549683,0.24884270452881327,1.5792442066141812,0.03479232236754781,17.35935571046263,17.351837940223863,0.061344459652900696,17.03842737085911
carpet,1,scratch,0.001251220703125,defocus,4,restormer_deblur,deep,0.21290326118469238,0.05246129637854861,0.10165242007200272,-0.05952574860541926,16.43718020754035,16.428822656431098,-0.10089805722236633,17.03842737085911
carpet,1,scratch,0.001251220703125,motion,2,identity,classical,0.2808142602443695,0.38808393107922273,1.0,0.0,19.750372415465193,19.73878803215801,0.524133026599884,19.73878803215801
carpet,1,scratch,0.001251220703125,motion,2,bilateral,classical,0.26069340109825134,0.35194795764258163,0.9910876532299305,-0.04368533009344744,19.368805656220967,19.357636935742065,0.4543701112270355,19.73878803215801
carpet,1,scratch,0.001251220703125,motion,2,restormer_deblur,deep,0.350494921207428,0.6243686807695186,1.011590198580363,0.12069431541827358,20.810473176717743,20.79797390374376,0.6759834885597229,19.73878803215801
carpet,1,scratch,0.001251220703125,motion,3,identity,classical,0.29806527495384216,0.322080447064717,1.0,0.0,17.87191985914575,17.86565044989372,0.20469851791858673,17.86565044989372
carpet,1,scratch,0.001251220703125,motion,3,bilateral,classical,0.26540571451187134,0.35264155579748535,0.9646576720232016,-0.0036454521623490166,17.81660311558359,17.80981352385185,0.16991914808750153,17.86565044989372
carpet,1,scratch,0.001251220703125,motion,3,restormer_deblur,deep,0.430441290140152,0.6383978470063914,1.1319415975925613,0.2518715691889838,20.377923726149625,20.370338344995893,0.6075810790061951,17.86565044989372
carpet,1,scratch,0.001251220703125,motion,4,identity,classical,0.7276608347892761,0.3974320385373678,1.0,0.0,19.451692606991948,19.4512020972805,0.5518166422843933,19.4512020972805
carpet,1,scratch,0.001251220703125,motion,4,bilateral,classical,0.6873311400413513,0.3652709860035003,0.9807094484262857,-0.01356541029741054,19.32360283447395,19.322875320967782,0.5228814482688904,19.4512020972805
carpet,1,scratch,0.001251220703125,motion,4,restormer_deblur,deep,0.82651287317276,0.37863403827986397,0.8748639943601462,-0.07774322307198722,18.819980929511658,18.818778977738774,0.5580474138259888,19.4512020972805
carpet,2,blob,0.0081939697265625,defocus,2,identity,classical,0.9853667616844177,0.993662418644037,1.0,0.0,21.885782272125894,21.886455427142643,0.6372044086456299,21.886455427142643
carpet,2,blob,0.0081939697265625,defocus,2,bilateral,classical,0.9777870774269104,0.979234130445416,1.0810394400391012,-0.09688131572782854,21.09101688498098,21.09218725628363,0.536446750164032,21.886455427142643
carpet,2,blob,0.0081939697265625,defocus,2,restormer_deblur,deep,1.034317135810852,0.9442975632008018,0.7186799217058277,0.19139303544416653,23.602526655561185,23.605198053272364,0.8395926356315613,21.886455427142643
carpet,2,blob,0.0081939697265625,defocus,3,identity,classical,0.9708417654037476,0.9914328350198106,1.0,0.0,19.46030586753398,19.46141155137972,0.3010583221912384,19.46141155137972
carpet,2,blob,0.0081939697265625,defocus,3,bilateral,classical,0.9612963199615479,0.9717845425320243,1.1198785563583356,-0.048010901844118825,19.07352080128837,19.07485584453074,0.21525442600250244,19.46141155137972
carpet,2,blob,0.0081939697265625,defocus,3,restormer_deblur,deep,1.0033737421035767,0.9586225021415896,0.562429790784065,0.14058013637568534,20.664136735023114,20.665758783716356,0.5760579705238342,19.46141155137972
carpet,2,blob,0.0081939697265625,defocus,4,identity,classical,0.9401053190231323,0.9851883688075901,1.0,0.0,18.11519415752248,18.116290238620845,0.02078614942729473,18.116290238620845
carpet,2,blob,0.0081939697265625,defocus,4,bilateral,classical,0.9294997453689575,0.9661694511440191,1.1215379065947768,0.03324160770198947,18.421716575447288,18.422003998346515,0.08229103684425354,18.116290238620845
carpet,2,blob,0.0081939697265625,defocus,4,restormer_deblur,deep,0.9919474124908447,0.9705894262200604,0.8041342552749151,-0.06444891135853537,17.48020609421939,17.482247478046435,-0.08139292150735855,18.116290238620845
carpet,2,blob,0.0081939697265625,motion,2,identity,classical,0.9766216278076172,0.9928068884077017,1.0,0.0,20.643214799969442,20.648263619856813,0.543822705745697,20.648263619856813
carpet,2,blob,0.0081939697265625,motion,2,bilateral,classical,0.9735482931137085,0.9794745676553743,1.074059737770227,-0.012721139633839584,20.520657546335688,20.525188748585542,0.5047853589057922,20.648263619856813
carpet,2,blob,0.0081939697265625,motion,2,restormer_deblur,deep,0.9923073053359985,0.9771386532482808,0.9015661321477072,0.059805527219258914,21.19759846465425,21.200284836016227,0.6303732991218567,20.648263619856813
carpet,2,blob,0.0081939697265625,motion,3,identity,classical,0.9412522912025452,0.985215407618064,1.0,0.0,18.07859878893123,18.079275004900765,0.05942797288298607,18.079275004900765
carpet,2,blob,0.0081939697265625,motion,3,bilateral,classical,0.9322501420974731,0.9700386739638123,1.2615312295543555,0.03364212426127744,18.342626265815465,18.342930871364448,0.08215919882059097,18.079275004900765
carpet,2,blob,0.0081939697265625,motion,3,restormer_deblur,deep,1.0045307874679565,0.9460217489108954,0.7282825111944174,0.23940992659221838,20.36900612164377,20.368363277389236,0.5048103928565979,18.079275004900765
carpet,2,blob,0.0081939697265625,motion,4,identity,classical,0.93363356590271,0.9783063376198753,1.0,0.0,18.52480154777039,18.524825162317956,0.13295094668865204,18.524825162317956
carpet,2,blob,0.0081939697265625,motion,4,bilateral,classical,0.9242866635322571,0.9559690445285759,1.1551698516955449,-0.0003066449143900307,18.528976405765125,18.529382004376227,0.11615687608718872,18.524825162317956
carpet,2,blob,0.0081939697265625,motion,4,restormer_deblur,deep,0.93363356590271,0.9783063376198753,1.0,0.0,18.52480154777039,18.524825162317956,0.13295094668865204,18.524825162317956
carpet,3,texture,0.005035400390625,defocus,2,identity,classical,0.6926053166389465,0.7774028089859147,1.0,0.0,22.109768489266767,22.127554636668112,0.6411659121513367,22.127554636668112
carpet,3,texture,0.005035400390625,defocus,2,bilateral,classical,0.676388680934906,0.7715279154989092,1.1767855824680427,-0.09913230900493342,21.299338553095634,21.316515470834304,0.5398292541503906,22.127554636668112
carpet,3,texture,0.005035400390625,defocus,2,restormer_deblur,deep,0.9327478408813477,0.8755351935870318,0.7493991085281746,0.1814118648570615,23.74282119676176,23.75333692807907,0.8380947113037109,22.127554636668112
carpet,3,texture,0.005035400390625,defocus,3,identity,classical,0.6154541969299316,0.5287975720927341,1.0,0.0,19.69260631587888,19.710648284158804,0.3092760741710663,19.710648284158804
carpet,3,texture,0.005035400390625,defocus,3,bilateral,classical,0.5833439230918884,0.47918357627057023,1.0996069292713437,-0.04925509391801608,19.300366456591934,19.318331639169866,0.22398893535137177,19.710648284158804
carpet,3,texture,0.005035400390625,defocus,3,restormer_deblur,deep,0.8107905387878418,0.6589470880956894,0.6045784416615375,0.13979243300647748,20.89132259235489,20.908359942369916,0.5844614505767822,19.710648284158804
carpet,3,texture,0.005035400390625,defocus,4,identity,classical,0.5590993165969849,0.23328921212139164,1.0,0.0,18.34687776209212,18.36481888275226,0.031469736248254776,18.36481888275226
carpet,3,texture,0.005035400390625,defocus,4,bilateral,classical,0.5369848608970642,0.30875399779120566,1.0780478352354006,0.03113446773534434,18.638735804314443,18.656594325727884,0.0893029272556305,18.36481888275226
carpet,3,texture,0.005035400390625,defocus,4,restormer_deblur,deep,0.5916178226470947,0.057424807792109706,0.8082889491798323,-0.06810618423458803,17.67320843208077,17.69122625253412,-0.07722178846597672,18.36481888275226
carpet,3,texture,0.005035400390625,motion,2,identity,classical,0.7106373906135559,0.6698418845726951,1.0,0.0,20.552847772669132,20.570963364586667,0.49114975333213806,20.570963364586667
carpet,3,texture,0.005035400390625,motion,2,bilateral,classical,0.6978878378868103,0.6548504233891904,1.1402437519879376,-0.022068163687832598,20.33719802554213,20.35498511524566,0.4348185956478119,20.570963364586667
carpet,3,texture,0.005035400390625,motion,2,restormer_deblur,deep,0.8221954703330994,0.7866463234827171,0.7199388511526561,0.21563761848395335,22.677772253057928,22.69489886903717,0.730487585067749,20.570963364586667
carpet,3,texture,0.005035400390625,motion,3,identity,classical,0.6796948313713074,0.6167439921048634,1.0,0.0,20.291502822935183,20.308602640686857,0.47164830565452576,20.308602640686857
carpet,3,texture,0.005035400390625,motion,3,bilateral,classical,0.6737775802612305,0.6270327081503778,1.1252334490739677,-0.008885764553204334,20.208631992770542,20.225625684361283,0.43393611907958984,20.308602640686857
carpet,3,texture,0.005035400390625,motion,3,restormer_deblur,deep,0.8010677695274353,0.7719854381733885,0.7749376657512161,0.20559418501719695,22.246144905281582,22.26323669768588,0.700524628162384,20.308602640686857
carpet,3,texture,0.005035400390625,motion,4,identity,classical,0.5314792394638062,0.37082756234066017,1.0,0.0,18.902186150106377,18.91907176148197,0.17043791711330414,18.91907176148197
carpet,3,texture,0.005035400390625,motion,4,bilateral,classical,0.5032163858413696,0.34755834981433126,1.1474929860504295,-0.01635960413391624,18.771187142302132,18.78841120023415,0.12547613680362701,18.91907176148197
carpet,3,texture,0.005035400390625,motion,4,restormer_deblur,deep,0.5314792394638062,0.37082756234066017,1.0,0.0,18.902186150106377,18.91907176148197,0.17043791711330414,18.91907176148197
carpet,4,scratch,0.0060577392578125,defocus,2,identity,classical,0.842589795589447,0.8869226870368013,1.0,0.0,22.018576532824838,22.01431257322146,0.6433596611022949,22.01431257322146
carpet,4,scratch,0.0060577392578125,defocus,2,bilateral,classical,0.8033933639526367,0.8584420008262413,1.0600477766265175,-0.097354018167787,21.213627746188916,21.210471295918097,0.5434492826461792,22.01431257322146
carpet,4,scratch,0.0060577392578125,defocus,2,restormer_deblur,deep,0.9409804940223694,0.8483436503903873,0.7825390482867992,0.20273328820824554,23.845492818475908,23.846302761122892,0.8465132117271423,22.01431257322146
carpet,4,scratch,0.0060577392578125,defocus,3,identity,classical,0.7423022389411926,0.8381166703894094,1.0,0.0,19.57359341840744,19.568040490336486,0.3087315261363983,19.568040490336486
carpet,4,scratch,0.0060577392578125,defocus,3,bilateral,classical,0.6900535821914673,0.7518850397002915,0.9967694597274632,-0.048719488599034966,19.181547505952953,19.17558164763578,0.2236068993806839,19.568040490336486
carpet,4,scratch,0.0060577392578125,defocus,3,restormer_deblur,deep,0.8362299203872681,0.7690757363741517,0.7358044725359669,0.12855445867760695,20.678101652935243,20.679693925214302,0.5735815167427063,19.568040490336486
carpet,4,scratch,0.0060577392578125,defocus,4,identity,classical,0.5854488611221313,0.5398074023821317,1.0,0.0,18.210923948799273,18.20244882172925,0.02732877992093563,18.20244882172925
carpet,4,scratch,0.0060577392578125,defocus,4,bilateral,classical,0.5361020565032959,0.44578206243930885,0.9409303005625131,0.031581826034473126,18.507024023061145,18.496885261438344,0.08595985174179077,18.20244882172925
carpet,4,scratch,0.0060577392578125,defocus,4,restormer_deblur,deep,0.6090148091316223,0.39623518941555363,0.9032239173429507,-0.0695731534162245,17.531761269807234,17.52829150768644,-0.08279717713594437,18.20244882172925
carpet,4,scratch,0.0060577392578125,motion,2,identity,classical,0.9175987839698792,0.8951366695746915,1.0,0.0,21.123733153309235,21.118198676983337,0.5767650604248047,21.118198676983337
carpet,4,scratch,0.0060577392578125,motion,2,bilateral,classical,0.8978984355926514,0.8747377456192394,1.0731353695696986,-0.042579851396364,20.768887080273757,20.763857700927932,0.5143952369689941,21.118198676983337
carpet,4,scratch,0.0060577392578125,motion,2,restormer_deblur,deep,0.9319993853569031,0.8427689120523235,0.8350605515358459,-0.04762258590371449,20.65300005089196,20.646858859791173,0.5662729144096375,21.118198676983337
carpet,4,scratch,0.0060577392578125,motion,3,identity,classical,0.4742242097854614,0.08834896196550827,1.0,0.0,19.607075328342173,19.594668164792143,0.3558236062526703,19.594668164792143
carpet,4,scratch,0.0060577392578125,motion,3,bilateral,classical,0.4620073139667511,0.19543231535649208,1.0950836709139222,-0.016080055468013166,19.458597701830264,19.44553602259554,0.30127692222595215,19.594668164792143
carpet,4,scratch,0.0060577392578125,motion,3,restormer_deblur,deep,0.7739701271057129,0.7742427910375047,1.6171881602713798,0.22566966395794552,21.799279441463298,21.791750887010927,0.6652683019638062,19.594668164792143
carpet,4,scratch,0.0060577392578125,motion,4,identity,classical,0.42841628193855286,0.10505429489407353,1.0,0.0,18.30436744869681,18.29132305672993,0.07043197751045227,18.29132305672993
carpet,4,scratch,0.0060577392578125,motion,4,bilateral,classical,0.416273832321167,0.21762201683156757,1.1927600327237255,0.014500117314493188,18.42690379962558,18.41308756575223,0.07791955024003983,18.29132305672993
carpet,4,scratch,0.0060577392578125,motion,4,restormer_deblur,deep,0.7463477253913879,0.740507024442551,1.8654012359874537,0.28551513395262207,21.149350280249543,21.1465366909622,0.5771284699440002,18.29132305672993
carpet,5,blob,0.017852783203125,defocus,2,identity,classical,0.9939320087432861,0.9998391630861473,1.0,0.0,22.06342755535081,22.067677853326874,0.6384783983230591,22.067677853326874
carpet,5,blob,0.017852783203125,defocus,2,bilateral,classical,0.9918310046195984,0.9953731547914991,1.1845068498280267,-0.09969340614816158,21.24849907207264,21.252850012860478,0.5349685549736023,22.067677853326874
carpet,5,blob,0.017852783203125,defocus,2,restormer_deblur,deep,1.006345510482788,0.9388253538390863,0.662601294072677,0.18722150412249017,23.73545422702702,23.748217053548704,0.8404140472412109,22.067677853326874
carpet,5,blob,0.017852783203125,defocus,3,identity,classical,0.9877833724021912,0.9994608424285049,1.0,0.0,19.660456928667827,19.65888021839014,0.3046327531337738,19.65888021839014
carpet,5,blob,0.017852783203125,defocus,3,bilateral,classical,0.9808304905891418,0.9915890863318798,1.1482463452621852,-0.04884948028901359,19.26835137777736,19.26533879467508,0.21739529073238373,19.65888021839014
carpet,5,blob,0.017852783203125,defocus,3,restormer_deblur,deep,0.9871025085449219,0.8779611610908211,0.6246000134195977,0.14755673825321636,20.943176711365112,20.942447534190354,0.5918349623680115,19.65888021839014
carpet,5,blob,0.017852783203125,defocus,4,identity,classical,0.9743698835372925,0.9978280630526893,1.0,0.0,18.326276614046243,18.319203153679297,0.025256985798478127,18.319203153679297
carpet,5,blob,0.017852783203125,defocus,4,bilateral,classical,0.9627977609634399,0.9920542222419305,1.036377228119367,0.03285029904950221,18.629419950228105,18.621820835010755,0.08591833710670471,18.319203153679297
carpet,5,blob,0.017852783203125,defocus,4,restormer_deblur,deep,1.0196805000305176,0.9795128308300898,0.9352633687162026,-0.06633186174222039,17.67858066971489,17.67555243244016,-0.07868831604719162,18.319203153679297
carpet,5,blob,0.017852783203125,motion,2,identity,classical,0.9891582131385803,0.9996059619183867,1.0,0.0,21.179964738927662,21.164915470678856,0.5773997902870178,21.164915470678856
carpet,5,blob,0.017852783203125,motion,2,bilateral,classical,0.985511839389801,0.9941200277288628,1.0996401841143366,-0.03260005742399508,20.919224754835334,20.904443000558828,0.5259544849395752,21.164915470678856
carpet,5,blob,0.017852783203125,motion,2,restormer_deblur,deep,0.9911616444587708,0.9937050672005628,0.9447686966948382,0.12478367425822245,22.411844838967113,22.40288509259132,0.6967058181762695,21.164915470678856
carpet,5,blob,0.017852783203125,motion,3,identity,classical,0.9741026759147644,0.9979300501147012,1.0,0.0,19.148461049599568,19.13386895310824,0.23399652540683746,19.13386895310824
carpet,5,blob,0.017852783203125,motion,3,bilateral,classical,0.9673541188240051,0.9926847866074695,1.163422758339872,-0.0005780613397712298,19.11809611743706,19.10608552368846,0.19993071258068085,19.13386895310824
carpet,5,blob,0.017852783203125,motion,3,restormer_deblur,deep,0.9982578754425049,0.975092139207749,0.58385599495724,0.30542795389902844,22.203788033198734,22.20646881405292,0.6755525469779968,19.13386895310824
carpet,5,blob,0.017852783203125,motion,4,identity,classical,0.9669253826141357,0.9894489454896637,1.0,0.0,19.704347226760245,19.7093346836602,0.334968239068985,19.7093346836602
carpet,5,blob,0.017852783203125,motion,4,bilateral,classical,0.9622710347175598,0.9807417846871566,1.2281127496451913,-0.04792986342942185,19.29338475936352,19.297393864154717,0.23884457349777222,19.7093346836602
carpet,5,blob,0.017852783203125,motion,4,restormer_deblur,deep,0.9669253826141357,0.9894489454896637,1.0,0.0,19.704347226760245,19.7093346836602,0.334968239068985,19.7093346836602
carpet,6,texture,0.0126495361328125,defocus,2,identity,classical,0.942513644695282,0.6917433722974062,1.0,0.0,22.156303210262056,22.179772595619763,0.640195906162262,22.179772595619763
carpet,6,texture,0.0126495361328125,defocus,2,bilateral,classical,0.938305139541626,0.6452143692826781,1.0919605878199123,-0.10264209047378525,21.31503011172066,21.34008100603074,0.534694254398346,22.179772595619763
carpet,6,texture,0.0126495361328125,defocus,2,restormer_deblur,deep,1.0388269424438477,0.7992603108137426,0.770610817375808,0.18485734191788428,23.80872105031669,23.813946376027708,0.84442138671875,22.179772595619763
carpet,6,texture,0.0126495361328125,defocus,3,identity,classical,0.9174366593360901,0.4506071625595932,1.0,0.0,19.730449155966816,19.75567073037764,0.3069615662097931,19.75567073037764
carpet,6,texture,0.0126495361328125,defocus,3,bilateral,classical,0.9129818677902222,0.40370112020890314,1.0897432474453377,-0.050090209106582684,19.329308105639004,19.355737472929743,0.21957142651081085,19.75567073037764
carpet,6,texture,0.0126495361328125,defocus,3,restormer_deblur,deep,0.9526470303535461,0.5655341841385517,0.6969170543119347,0.13154034391510094,20.841280935199187,20.863576344176767,0.5724753141403198,19.75567073037764
carpet,6,texture,0.0126495361328125,defocus,4,identity,classical,0.8787509202957153,0.21292735212164474,1.0,0.0,18.384885174708742,18.408878180148353,0.02916664071381092,18.408878180148353
carpet,6,texture,0.0126495361328125,defocus,4,bilateral,classical,0.8711586594581604,0.25922077363495943,1.0674336172820236,0.033745066338827456,18.69807357647227,18.719809628562174,0.09048708528280258,18.408878180148353
carpet,6,texture,0.0126495361328125,defocus,4,restormer_deblur,deep,0.8857147693634033,0.11422011474952079,0.8052515434898162,-0.07597673554321638,17.64402925256312,17.67194982350771,-0.0907231792807579,18.408878180148353
carpet,6,texture,0.0126495361328125,motion,2,identity,classical,0.9279420375823975,0.6200412140879482,1.0,0.0,21.138930612091524,21.159942400133755,0.5432846546173096,21.159942400133755
carpet,6,texture,0.0126495361328125,motion,2,bilateral,classical,0.922081470489502,0.5795592166325424,1.0838273857455465,-0.058956441773835966,20.642697484378097,20.66515062123871,0.45789507031440735,21.159942400133755
carpet,6,texture,0.0126495361328125,motion,2,restormer_deblur,deep,0.9791380167007446,0.6363752034204724,0.8813385515046833,0.10935048359332633,22.12722259599318,22.14348541309952,0.6781578063964844,21.159942400133755
carpet,6,texture,0.0126495361328125,motion,3,identity,classical,0.9073828458786011,0.3116797229063553,1.0,0.0,18.784600076635535,18.811353057370773,0.14197991788387299,18.811353057370773
carpet,6,texture,0.0126495361328125,motion,3,bilateral,classical,0.9023164510726929,0.31579215727926097,1.0943422540431902,0.009082491229798317,18.848395274136752,18.874459669230077,0.13032294809818268,18.811353057370773
carpet,6,texture,0.0126495361328125,motion,3,restormer_deblur,deep,0.9610177874565125,0.5477535440987262,0.7856654953502951,0.18511429011780756,20.53691552027308,20.5586420830079,0.48181435465812683,18.811353057370773
carpet,6,texture,0.0126495361328125,motion,4,identity,classical,0.8745291829109192,0.25219221145031145,1.0,0.0,18.42772970098078,18.45185589520533,0.05966566503047943,18.45185589520533
carpet,6,texture,0.0126495361328125,motion,4,bilateral,classical,0.8712217211723328,0.24544443496763746,1.1055427050963336,0.02135439422997565,18.59198041607695,18.615204625503406,0.07642604410648346,18.45185589520533
carpet,6,texture,0.0126495361328125,motion,4,restormer_deblur,deep,0.9538614153862,0.5735491240511283,0.7628766276336433,0.2658738450622192,21.088596015816297,21.115808371157534,0.5498226284980774,18.45185589520533
carpet,7,scratch,0.01239013671875,defocus,2,identity,classical,0.8805534243583679,0.7815493188659058,1.0,0.0,22.01386013719609,21.973386538654363,0.6463621258735657,21.973386538654363
carpet,7,scratch,0.01239013671875,defocus,2,bilateral,classical,0.8750994205474854,0.7966593104107271,1.0733222268025795,-0.09949541778535509,21.19735520341962,21.17148729949526,0.5452736616134644,21.973386538654363
carpet,7,scratch,0.01239013671875,defocus,2,restormer_deblur,deep,0.9195826649665833,0.812782800083922,0.8761032726820467,0.17755230610656525,23.542460800667286,23.520574842345713,0.8310161232948303,21.973386538654363
carpet,7,scratch,0.01239013671875,defocus,3,identity,classical,0.807586669921875,0.7152748268833995,1.0,0.0,19.561340999196617,19.523798336314623,0.3130258619785309,19.523798336314623
carpet,7,scratch,0.01239013671875,defocus,3,bilateral,classical,0.8031559586524963,0.7460652333180293,1.048217745439703,-0.04930555530458469,19.168644903407102,19.138410658605135,0.22760014235973358,19.523798336314623
carpet,7,scratch,0.01239013671875,defocus,3,restormer_deblur,deep,0.7890531420707703,0.5259185158097635,0.791148904940792,0.10948558219983806,20.46800941639228,20.40309925195666,0.5493819117546082,19.523798336314623
carpet,7,scratch,0.01239013671875,defocus,4,identity,classical,0.6919266581535339,0.7158145898837124,1.0,0.0,18.182376519079835,18.129290519126315,0.030685653910040855,18.129290519126315
carpet,7,scratch,0.01239013671875,defocus,4,bilateral,classical,0.6867737174034119,0.7052284973918423,1.0112946019079865,0.033798555713778766,18.49093255723475,18.430117053106013,0.09249284863471985,18.129290519126315
carpet,7,scratch,0.01239013671875,defocus,4,restormer_deblur,deep,0.6942758560180664,0.7390995265843248,1.0275614915596007,-0.06916659369964306,17.504993053313708,17.474497399287078,-0.07993897795677185,18.129290519126315
carpet,7,scratch,0.01239013671875,motion,2,identity,classical,0.9623532295227051,0.9134184788303837,1.0,0.0,21.09022034960645,21.077491206020774,0.6084420084953308,21.077491206020774
carpet,7,scratch,0.01239013671875,motion,2,bilateral,classical,0.9593566060066223,0.9140224017483246,1.0539273850343127,-0.01980088444310968,20.94440467915841,20.933049049933242,0.5745430588722229,21.077491206020774
carpet,7,scratch,0.01239013671875,motion,2,restormer_deblur,deep,0.9704691767692566,0.9130715117392414,0.9884245314975838,0.04959329696372383,21.59174316022298,21.574068345250026,0.6545418500900269,21.077491206020774
carpet,7,scratch,0.01239013671875,motion,3,identity,classical,0.9280546307563782,0.828998059931427,1.0,0.0,19.82360574705157,19.80634948101078,0.46449121832847595,19.80634948101078
carpet,7,scratch,0.01239013671875,motion,3,bilateral,classical,0.9228021502494812,0.8286728705335529,1.0493550941059873,0.024950863997513784,20.010277652917864,19.99113552092411,0.4612824022769928,19.80634948101078
carpet,7,scratch,0.01239013671875,motion,3,restormer_deblur,deep,0.9649930000305176,0.8706252659998311,1.0029067509660794,0.3714426390203428,23.659778083568153,23.635949292608643,0.7956863045692444,19.80634948101078
carpet,7,scratch,0.01239013671875,motion,4,identity,classical,0.7671189904212952,0.6039152612154635,1.0,0.0,18.070673189720495,18.034250923269507,0.03972058370709419,18.034250923269507
carpet,7,scratch,0.01239013671875,motion,4,bilateral,classical,0.7591789364814758,0.607366392648508,1.037960684297966,0.036410861701609454,18.369572303493143,18.326779550877017,0.07983431220054626,18.034250923269507
carpet,7,scratch,0.01239013671875,motion,4,restormer_deblur,deep,0.9326399564743042,0.8185476221564748,1.307753257599569,0.324130033750735,21.406715037246503,21.375669565332846,0.6021660566329956,18.034250923269507
carpet,8,blob,0.011199951171875,defocus,2,identity,classical,0.9907336831092834,0.9993352268390256,1.0,0.0,22.347548748195546,22.35283288631074,0.6419286727905273,22.35283288631074
carpet,8,blob,0.011199951171875,defocus,2,bilateral,classical,0.9852162599563599,0.9877669235463541,1.1306798409792114,-0.10213782605841648,21.50508491326211,21.510825538752307,0.5359779000282288,22.35283288631074
carpet,8,blob,0.011199951171875,defocus,2,restormer_deblur,deep,1.0495260953903198,0.9671694382037943,0.7380866435054184,0.18509150876445524,24.010278812901408,24.01383443436017,0.8460568785667419,22.35283288631074
carpet,8,blob,0.011199951171875,defocus,3,identity,classical,0.9814645051956177,0.9979576254210736,1.0,0.0,19.928968603209473,19.934996296591393,0.311820924282074,19.934996296591393
carpet,8,blob,0.011199951171875,defocus,3,bilateral,classical,0.9720412492752075,0.9824510211863031,1.1382876946773917,-0.050898878035736006,19.52354788126079,19.529792179836758,0.22375138103961945,19.934996296591393
carpet,8,blob,0.011199951171875,defocus,3,restormer_deblur,deep,0.9993432760238647,0.9579820472343461,0.6074227946070322,0.16613191849473108,21.42706218119409,21.432656650562485,0.62385493516922,19.934996296591393
carpet,8,blob,0.011199951171875,defocus,4,identity,classical,0.9616327881813049,0.9924521455715619,1.0,0.0,18.57928120170046,18.584271298204612,0.03453879803419113,18.584271298204612
carpet,8,blob,0.011199951171875,defocus,4,bilateral,classical,0.9482788443565369,0.9809454613496241,1.0703824239059483,0.03175666885411066,18.877253474077115,18.88123434636668,0.09331240504980087,18.584271298204612
carpet,8,blob,0.011199951171875,defocus,4,restormer_deblur,deep,0.9914290308952332,0.9818205782151812,0.8420385267428167,-0.06656971271177747,17.915626951668745,17.92092085124014,-0.07204412668943405,18.584271298204612
carpet,8,blob,0.011199951171875,motion,2,identity,classical,0.9818477034568787,0.9983059484929705,1.0,0.0,21.12486075677662,21.13247449793242,0.5931121706962585,21.13247449793242
carpet,8,blob,0.011199951171875,motion,2,bilateral,classical,0.9790958166122437,0.9850112540117371,1.0635210690887047,0.010001036124362206,21.21111592680414,21.219036496327597,0.5804734826087952,21.13247449793242
carpet,8,blob,0.011199951171875,motion,2,restormer_deblur,deep,0.9866435527801514,0.9946697070564002,0.9672017166911208,-0.04482823992136287,20.722020879314293,20.730001191429068,0.566396176815033,21.13247449793242
carpet,8,blob,0.011199951171875,motion,3,identity,classical,0.9642074108123779,0.9904688513644704,1.0,0.0,18.587721790411848,18.590939637292113,0.07761884480714798,18.590939637292113
carpet,8,blob,0.011199951171875,motion,3,bilateral,classical,0.9541580677032471,0.9790100265598037,1.1534418651960183,0.032493488765037104,18.849797249210617,18.85279728294948,0.10198225826025009,18.590939637292113
carpet,8,blob,0.011199951171875,motion,3,restormer_deblur,deep,1.0067600011825562,0.9530751282823117,0.5701466635389266,0.3165410028813308,21.83070257266921,21.829648741326324,0.6267459392547607,18.590939637292113
carpet,8,blob,0.011199951171875,motion,4,identity,classical,0.9560940861701965,0.9782116727001093,1.0,0.0,18.508776181913134,18.513203617700064,0.053312886506319046,18.513203617700064
carpet,8,blob,0.011199951171875,motion,4,bilateral,classical,0.9463658332824707,0.9643849677333087,1.142827856785745,0.030779336003563085,18.7678357269154,18.7718147537872,0.08332020789384842,18.513203617700064
carpet,8,blob,0.011199951171875,motion,4,restormer_deblur,deep,0.9925841093063354,0.9515879829033239,0.7511502211104659,0.27312758125389813,21.198316870900786,21.20208005236375,0.5401080250740051,18.513203617700064
carpet,9,texture,0.008209228515625,defocus,2,identity,classical,0.751397430896759,0.8407888771201978,1.0,0.0,22.12198591720856,22.136069287503094,0.6389040350914001,22.136069287503094
carpet,9,texture,0.008209228515625,defocus,2,bilateral,classical,0.7241061925888062,0.8229874973032841,1.047867255842726,-0.10140066283164662,21.30627586237685,21.320980629514004,0.5349470973014832,22.136069287503094
carpet,9,texture,0.008209228515625,defocus,2,restormer_deblur,deep,0.9062891006469727,0.8777322180102964,0.8889622659805608,0.1794445584566775,23.68944051642055,23.6938225476134,0.8322358131408691,22.136069287503094
carpet,9,texture,0.008209228515625,defocus,3,identity,classical,0.6642091274261475,0.7412725120934446,1.0,0.0,19.723627804997616,19.738279235485198,0.3074159324169159,19.738279235485198
carpet,9,texture,0.008209228515625,defocus,3,bilateral,classical,0.6247401237487793,0.7255519450105427,1.0581024554967036,-0.04938587726552757,19.333800146802822,19.348601511412504,0.22159750759601593,19.738279235485198
carpet,9,texture,0.008209228515625,defocus,3,restormer_deblur,deep,0.826471745967865,0.8040356217933478,0.9362979326282218,0.17528076542970428,21.276443939770623,21.293074392609995,0.6300831437110901,19.738279235485198
carpet,9,texture,0.008209228515625,defocus,4,identity,classical,0.5460087656974792,0.6329701936191782,1.0,0.0,18.398464419927816,18.410563408364855,0.032002050429582596,18.410563408364855
carpet,9,texture,0.008209228515625,defocus,4,bilateral,classical,0.4969913959503174,0.6474736457493775,1.0576845251676148,0.03145018602561478,18.6918277535871,18.70244005301363,0.09013146162033081,18.410563408364855
carpet,9,texture,0.008209228515625,defocus,4,restormer_deblur,deep,0.533450722694397,0.4757026245024794,0.7698559069791956,-0.00767777881828513,18.31830399058561,18.32754782503191,0.05176282301545143,18.410563408364855
carpet,9,texture,0.008209228515625,motion,2,identity,classical,0.8057853579521179,0.7901810628512861,1.0,0.0,20.807873886338093,20.82759646492805,0.5379571914672852,20.82759646492805
carpet,9,texture,0.008209228515625,motion,2,bilateral,classical,0.7984386086463928,0.7877821837698549,1.0543395136305056,-0.00717611340938662,20.7360402666818,20.75448472811235,0.5034329295158386,20.82759646492805
carpet,9,texture,0.008209228515625,motion,2,restormer_deblur,deep,0.861824631690979,0.8524281430600377,0.8664285294095608,0.1627090042128042,22.31571556712919,22.334866189911956,0.6973039507865906,20.82759646492805
carpet,9,texture,0.008209228515625,motion,3,identity,classical,0.6796413660049438,0.6898236532707072,1.0,0.0,19.246141320092264,19.25951292834201,0.23856933414936066,19.25951292834201
carpet,9,texture,0.008209228515625,motion,3,bilateral,classical,0.6360974311828613,0.6905999476360991,1.117114927767878,-0.013295694872313968,19.136708454402164,19.150044813040434,0.19179828464984894,19.25951292834201
carpet,9,texture,0.008209228515625,motion,3,restormer_deblur,deep,0.8271549344062805,0.811345192770645,0.8290484345711854,0.233797718094915,21.482098989871865,21.495349309083593,0.6073034405708313,19.25951292834201
carpet,9,texture,0.008209228515625,motion,4,identity,classical,0.4525409936904907,0.5759010161046016,1.0,0.0,18.329305845949325,18.338710549479245,0.0509929358959198,18.338710549479245
carpet,9,texture,0.008209228515625,motion,4,bilateral,classical,0.41756871342658997,0.5676711711922148,1.2990452677694277,0.030026200103288825,18.587284997106664,18.59637467211375,0.08135908097028732,18.338710549479245
carpet,9,texture,0.008209228515625,motion,4,restormer_deblur,deep,0.7048364281654358,0.847757120721572,1.5950258918327274,0.3217339196405228,21.640084250858767,21.65158755767144,0.604705274105072,18.338710549479245
bottle,0,texture,0.0123291015625,defocus,2,identity,classical,0.9080094695091248,0.9883241753831127,1.0,0.0,35.236106280302614,35.008563344205335,0.9475024342536926,35.008563344205335
bottle,0,texture,0.0123291015625,defocus,2,bilateral,classical,0.9105714559555054,0.9892751798697907,1.0252079360825224,-0.1374963149316637,34.16860593294843,34.00632215032612,0.9201083183288574,35.008563344205335
bottle,0,texture,0.0123291015625,defocus,2,restormer_deblur,deep,0.9685803651809692,0.8630346403293939,1.6563412467686474,-3.2392331715936002,24.040253306984102,24.039422268303067,0.9019495844841003,35.008563344205335
bottle,0,texture,0.0123291015625,defocus,3,identity,classical,0.860062301158905,0.9831823046167556,1.0,0.0,32.12168240260694,31.964515468137385,0.9040997624397278,31.964515468137385
bottle,0,texture,0.0123291015625,defocus,3,bilateral,classical,0.8595960736274719,0.9841770323510303,1.02921471610399,-0.059068157887167905,31.7096920539666,31.570492596524478,0.8874995112419128,31.964515468137385
bottle,0,texture,0.0123291015625,defocus,3,restormer_deblur,deep,1.1204713582992554,0.7627276286946224,1.4913386422789914,-1.3968869848382917,24.644716883435898,24.640694218178496,0.8841748833656311,31.964515468137385
bottle,0,texture,0.0123291015625,defocus,4,identity,classical,0.7838484048843384,0.9752424307771638,1.0,0.0,28.583152171129868,28.48978537364086,0.8310341835021973,28.48978537364086
bottle,0,texture,0.0123291015625,defocus,4,bilateral,classical,0.7798765301704407,0.9759103984025613,1.0261765470024282,-0.040439025279234375,28.340763886702398,28.25170182637244,0.818736732006073,28.48978537364086
bottle,0,texture,0.0123291015625,defocus,4,restormer_deblur,deep,1.0568568706512451,0.9057800845823794,1.4568082988343731,-0.40214123199487317,25.70294635821151,25.714330080590905,0.8798177242279053,28.48978537364086
bottle,0,texture,0.0123291015625,motion,2,identity,classical,0.8992623090744019,0.9856280922771734,1.0,0.0,33.11538617443061,32.943428776770226,0.9274362921714783,32.943428776770226
bottle,0,texture,0.0123291015625,motion,2,bilateral,classical,0.8996774554252625,0.9863211973237684,1.0274355009109533,-0.11716582009946519,32.539855399601706,32.39485566397766,0.9074337482452393,32.943428776770226
bottle,0,texture,0.0123291015625,motion,2,restormer_deblur,deep,0.8992623090744019,0.9856280922771734,1.0,0.0,33.11538617443061,32.943428776770226,0.9274362921714783,32.943428776770226
bottle,0,texture,0.0123291015625,motion,3,identity,classical,0.901548445224762,0.9861506758112327,1.0,0.0,28.849970277729167,28.8198144085218,0.8523290157318115,28.8198144085218
bottle,0,texture,0.0123291015625,motion,3,bilateral,classical,0.9030583500862122,0.9868340982492138,1.0275202520545232,-0.05632264833692591,28.596907101276617,28.572502248651645,0.8351046442985535,28.8198144085218
bottle,0,texture,0.0123291015625,motion,3,restormer_deblur,deep,0.944656491279602,0.9913030343272753,1.0077030775826012,0.565684863098056,34.61610800877114,34.46184743166769,0.9420609474182129,28.8198144085218
bottle,0,texture,0.0123291015625,motion,4,identity,classical,0.8098669052124023,0.9765728789554792,1.0,0.0,25.90147972677663,25.891345695817304,0.7666597366333008,25.891345695817304
bottle,0,texture,0.0123291015625,motion,4,bilateral,classical,0.814405620098114,0.9783675232655127,1.02182677012834,-0.01372807843552959,25.950606779286673,25.942334233964264,0.7620213627815247,25.891345695817304
bottle,0,texture,0.0123291015625,motion,4,restormer_deblur,deep,0.8098669052124023,0.9765728789554792,1.0,0.0,25.90147972677663,25.891345695817304,0.7666597366333008,25.891345695817304
bottle,1,scratch,0.001251220703125,defocus,2,identity,classical,0.451081246137619,0.40046396229667675,1.0,0.0,35.231419194019026,34.96561052697575,0.9493157267570496,34.96561052697575
bottle,1,scratch,0.001251220703125,defocus,2,bilateral,classical,0.4187160134315491,0.06446787928509211,0.9430676530637635,-0.13978142894779366,34.126245475214375,33.901786495933564,0.9238114356994629,34.96561052697575
bottle,1,scratch,0.001251220703125,defocus,2,restormer_deblur,deep,0.6089622378349304,0.44492604288066245,1.4458186602618082,-3.220078855433216,23.771728772724856,23.754694414256818,0.8919947743415833,34.96561052697575
bottle,1,scratch,0.001251220703125,defocus,3,identity,classical,0.3184151351451874,0.2344869702127473,1.0,0.0,32.01300676278521,31.81857901907735,0.905354917049408,31.81857901907735
bottle,1,scratch,0.001251220703125,defocus,3,bilateral,classical,0.30950966477394104,0.13624275345517428,0.9961821856604794,-0.05952192871313167,31.522549412411863,31.347092511265476,0.8882770538330078,31.81857901907735
bottle,1,scratch,0.001251220703125,defocus,3,restormer_deblur,deep,0.5214457511901855,0.3179739554951676,1.8502244983265703,-1.4724838555262396,24.510579617544703,24.488024014504486,0.889083206653595,31.81857901907735
bottle,1,scratch,0.001251220703125,defocus,4,identity,classical,0.21486850082874298,0.201616787088432,1.0,0.0,28.441217856621744,28.324326221336854,0.830695629119873,28.324326221336854
bottle,1,scratch,0.001251220703125,defocus,4,bilateral,classical,0.21152697503566742,0.2464553657153137,1.0487209944218652,-0.03861567678505162,28.191837175081744,28.081586615945827,0.8180124163627625,28.324326221336854
bottle,1,scratch,0.001251220703125,defocus,4,restormer_deblur,deep,0.557550847530365,0.3518800017787775,3.229209555308067,-0.42971997085927605,25.554743671186163,25.530676782905157,0.8802714943885803,28.324326221336854
bottle,1,scratch,0.001251220703125,motion,2,identity,classical,0.2789195775985718,0.27358632943833955,1.0,0.0,32.972123436115496,32.71075565785071,0.9268729090690613,32.71075565785071
bottle,1,scratch,0.001251220703125,motion,2,bilateral,classical,0.27605119347572327,0.24796870377062147,1.012960677891382,-0.11473921636937834,32.36500887159486,32.13794694670068,0.9072205424308777,32.71075565785071
bottle,1,scratch,0.001251220703125,motion,2,restormer_deblur,deep,0.2789195775985718,0.27358632943833955,1.0,0.0,32.972123436115496,32.71075565785071,0.9268729090690613,32.71075565785071
bottle,1,scratch,0.001251220703125,motion,3,identity,classical,0.29629841446876526,0.32421917527411864,1.0,0.0,28.848327172885995,28.754001676845412,0.8520548939704895,28.754001676845412
bottle,1,scratch,0.001251220703125,motion,3,bilateral,classical,0.2893783748149872,0.3283112522640463,0.9951393418212886,-0.04653334674580023,28.647893405954132,28.557860038608702,0.83860182762146,28.754001676845412
bottle,1,scratch,0.001251220703125,motion,3,restormer_deblur,deep,0.5397788286209106,0.38598621220931223,1.9945984009957396,0.5166511920329946,33.3451838654966,33.2282979786801,0.9339917302131653,28.754001676845412
bottle,1,scratch,0.001251220703125,motion,4,identity,classical,0.7212936282157898,0.35979252170116155,1.0,0.0,25.89566220829607,25.878382304893194,0.7663952708244324,25.878382304893194
bottle,1,scratch,0.001251220703125,motion,4,bilateral,classical,0.669460117816925,0.29727424739706776,0.9507172597423995,-0.011486142227991936,25.95865187431146,25.938116354701116,0.762726366519928,25.878382304893194
bottle,1,scratch,0.001251220703125,motion,4,restormer_deblur,deep,0.7212936282157898,0.35979252170116155,1.0,0.0,25.89566220829607,25.878382304893194,0.7663952708244324,25.878382304893194
bottle,2,blob,0.0081939697265625,defocus,2,identity,classical,0.9854157567024231,0.999493426286322,1.0,0.0,33.854173918284246,33.8610354726169,0.9299927353858948,33.8610354726169
bottle,2,blob,0.0081939697265625,defocus,2,bilateral,classical,0.9797264337539673,0.9766022672626327,0.9831776528036016,-0.12013393636546721,32.88245081561691,32.885221462297636,0.9018735885620117,33.8610354726169
bottle,2,blob,0.0081939697265625,defocus,2,restormer_deblur,deep,1.01863431930542,0.8454832981874302,1.0503186053265907,-2.7641734981631525,22.91256177300759,22.930294297851756,0.8694726824760437,33.8610354726169
bottle,2,blob,0.0081939697265625,defocus,3,identity,classical,0.9709394574165344,0.9980752422322327,1.0,0.0,31.176319098165102,31.175880965213967,0.8832530379295349,31.175880965213967
bottle,2,blob,0.0081939697265625,defocus,3,bilateral,classical,0.9677760004997253,0.9754421141294595,0.9858947983712761,-0.04253830370479794,30.85599902066845,30.848019954619105,0.8695096373558044,31.175880965213967
bottle,2,blob,0.0081939697265625,defocus,3,restormer_deblur,deep,1.0568856000900269,0.8647228357823048,1.0819502228766733,-1.4333373385203787,24.007078187711475,24.02431598960412,0.8719282150268555,31.175880965213967
bottle,2,blob,0.0081939697265625,defocus,4,identity,classical,0.9403043389320374,0.9925905325200532,1.0,0.0,28.19040041715394,28.174084104493996,0.8172013759613037,28.174084104493996
bottle,2,blob,0.0081939697265625,defocus,4,bilateral,classical,0.9372731447219849,0.9706060146075332,0.9842918834433745,-0.025748651831380087,28.055791493377747,28.03021902679088,0.8083509802818298,28.174084104493996
bottle,2,blob,0.0081939697265625,defocus,4,restormer_deblur,deep,1.0328055620193481,0.8673123944223532,1.0171345452546419,-0.473179592138254,25.184052855915215,25.189140275351626,0.8670689463615417,28.174084104493996
bottle,2,blob,0.0081939697265625,motion,2,identity,classical,0.9766998887062073,0.9983289281234693,1.0,0.0,32.138822583071864,32.143887944154365,0.9114876389503479,32.143887944154365
bottle,2,blob,0.0081939697265625,motion,2,bilateral,classical,0.9725576639175415,0.9751328025660381,0.9843323882130245,-0.0944379716758681,31.64779448687177,31.64611644520876,0.8908879160881042,32.143887944154365
bottle,2,blob,0.0081939697265625,motion,2,restormer_deblur,deep,0.9766998887062073,0.9983289281234693,1.0,0.0,32.138822583071864,32.143887944154365,0.9114876389503479,32.143887944154365
bottle,2,blob,0.0081939697265625,motion,3,identity,classical,0.9414470791816711,0.9914407082114902,1.0,0.0,28.726971763179428,28.664848118544114,0.8416730761528015,28.664848118544114
bottle,2,blob,0.0081939697265625,motion,3,bilateral,classical,0.9369287490844727,0.9729027108297756,0.9800446730604407,-0.04086692811291193,28.575159186395847,28.503714406581082,0.8293744921684265,28.664848118544114
bottle,2,blob,0.0081939697265625,motion,3,restormer_deblur,deep,0.9948363900184631,0.93907631413468,0.8270875322885098,0.4933753115240356,33.185256875864376,33.16204587874229,0.9244280457496643,28.664848118544114
bottle,2,blob,0.0081939697265625,motion,4,identity,classical,0.9338482022285461,0.9849456999504015,1.0,0.0,25.516777025018527,25.550766688211304,0.7626516222953796,25.550766688211304
bottle,2,blob,0.0081939697265625,motion,4,bilateral,classical,0.927253782749176,0.9648476621913528,0.9846786767820118,-0.013695304556342158,25.558161024802768,25.590535039232552,0.7565814852714539,25.550766688211304
bottle,2,blob,0.0081939697265625,motion,4,restormer_deblur,deep,0.9338482022285461,0.9849456999504015,1.0,0.0,25.516777025018527,25.550766688211304,0.7626516222953796,25.550766688211304
bottle,3,texture,0.005035400390625,defocus,2,identity,classical,0.9150198698043823,0.8406427193686359,1.0,0.0,34.046287462063205,33.88445706339201,0.9375231862068176,33.88445706339201
bottle,3,texture,0.005035400390625,defocus,2,bilateral,classical,0.9193118214607239,0.8497707140247865,1.0111746758498446,-0.10869730607611094,33.229258706672255,33.10524558736213,0.9125199317932129,33.88445706339201
bottle,3,texture,0.005035400390625,defocus,2,restormer_deblur,deep,0.802282989025116,0.7436822346125618,0.6940840911945532,-2.7018408874102224,24.444678307740006,24.44371862868728,0.8783525824546814,33.88445706339201
bottle,3,texture,0.005035400390625,defocus,3,identity,classical,0.8765609860420227,0.7737929396328,1.0,0.0,31.291164261866925,31.170935978942794,0.8942718505859375,31.170935978942794
bottle,3,texture,0.005035400390625,defocus,3,bilateral,classical,0.8803446888923645,0.7877118118274513,1.0138481592035185,-0.04257262297963438,30.99367440726338,30.88897183569236,0.8806309103965759,31.170935978942794
bottle,3,texture,0.005035400390625,defocus,3,restormer_deblur,deep,0.8211807608604431,0.7068575021171278,0.8763994597987217,-1.380901461510411,24.559112281863506,24.561476640570984,0.8877307772636414,31.170935978942794
bottle,3,texture,0.005035400390625,defocus,4,identity,classical,0.8212924003601074,0.6911246307080711,1.0,0.0,28.168384895030396,28.092574917789165,0.8254629969596863,28.092574917789165
bottle,3,texture,0.005035400390625,defocus,4,bilateral,classical,0.822852611541748,0.707830901971645,1.0117985691791902,-0.032678101296873985,27.96669616766374,27.898422456482997,0.8147826194763184,28.092574917789165
bottle,3,texture,0.005035400390625,defocus,4,restormer_deblur,deep,0.7938318252563477,0.6865801514883108,0.9305362227240561,-0.44027296833208474,24.837678851446658,24.833039941086064,0.8694078922271729,28.092574917789165
bottle,3,texture,0.005035400390625,motion,2,identity,classical,0.9460135102272034,0.8861437652280868,1.0,0.0,32.48146720146996,32.43193093468914,0.9198763370513916,32.43193093468914
bottle,3,texture,0.005035400390625,motion,2,bilateral,classical,0.9491842985153198,0.8923887761961188,1.0092866908516525,-0.09901746443760406,31.978334384106955,31.938633298890963,0.9015178680419922,32.43193093468914
bottle,3,texture,0.005035400390625,motion,2,restormer_deblur,deep,0.9610575437545776,0.9159411704057527,0.9362569600135671,0.40903865404819195,35.570827426036956,35.460533684095395,0.9577605128288269,32.43193093468914
bottle,3,texture,0.005035400390625,motion,3,identity,classical,0.9123749136924744,0.7713695882477601,1.0,0.0,28.40361790820119,28.374515157690876,0.8474476337432861,28.374515157690876
bottle,3,texture,0.005035400390625,motion,3,bilateral,classical,0.9157360792160034,0.7800278615783738,1.0116846660977763,-0.04831886183145073,28.19292255912588,28.16826087314051,0.8311086297035217,28.374515157690876
bottle,3,texture,0.005035400390625,motion,3,restormer_deblur,deep,0.962460994720459,0.9269144030104663,0.9571149461538841,0.5592638953223102,34.26615448932191,34.200673005989486,0.9386377334594727,28.374515157690876
bottle,3,texture,0.005035400390625,motion,4,identity,classical,0.7632887959480286,0.6431507401941322,1.0,0.0,25.58945558529213,25.53519961301062,0.7661582827568054,25.53519961301062
bottle,3,texture,0.005035400390625,motion,4,bilateral,classical,0.7609462738037109,0.6567366436670556,0.9916913560608791,-0.014006220660700563,25.609921444461094,25.55583996999222,0.7611543536186218,25.53519961301062
bottle,3,texture,0.005035400390625,motion,4,restormer_deblur,deep,0.7632887959480286,0.6431507401941322,1.0,0.0,25.58945558529213,25.53519961301062,0.7661582827568054,25.53519961301062
bottle,4,scratch,0.0060577392578125,defocus,2,identity,classical,0.8421359658241272,0.9548646336810718,1.0,0.0,34.446795429791116,34.37074697088421,0.9417223334312439,34.37074697088421
bottle,4,scratch,0.0060577392578125,defocus,2,bilateral,classical,0.830435037612915,0.9510967126998323,0.9694031626798182,-0.11795720770158824,33.504118362197744,33.43461321817895,0.9156543612480164,34.37074697088421
bottle,4,scratch,0.0060577392578125,defocus,2,restormer_deblur,deep,0.9185560345649719,0.7160654121412771,1.0854169446322945,-2.866135474764112,23.777807877620937,23.764106234350546,0.8762407302856445,34.37074697088421
bottle,4,scratch,0.0060577392578125,defocus,3,identity,classical,0.7427284717559814,0.924349649811698,1.0,0.0,31.47873593420721,31.39066618525534,0.895129382610321,31.39066618525534
bottle,4,scratch,0.0060577392578125,defocus,3,bilateral,classical,0.7312284111976624,0.9082379284872689,0.9605838267891974,-0.051426592852384045,31.073166911923416,30.98212023185652,0.8794646263122559,31.39066618525534
bottle,4,scratch,0.0060577392578125,defocus,3,restormer_deblur,deep,0.8851256966590881,0.6959621076270778,1.1629094371867774,-1.3622516947894177,24.00142635746385,23.956140637354245,0.8558501601219177,31.39066618525534
bottle,4,scratch,0.0060577392578125,defocus,4,identity,classical,0.5868707895278931,0.8434243673253382,1.0,0.0,28.259020073910897,28.163767303533838,0.8233882784843445,28.163767303533838
bottle,4,scratch,0.0060577392578125,defocus,4,bilateral,classical,0.5759947896003723,0.8314724542145694,0.9414633777519891,-0.0342367584136698,28.016008270984265,27.91887188663346,0.811591625213623,28.163767303533838
bottle,4,scratch,0.0060577392578125,defocus,4,restormer_deblur,deep,0.8932178020477295,0.811378337484069,2.1002439728697593,-0.43059917309273277,25.52329478678277,25.503740969033856,0.8800749778747559,28.163767303533838
bottle,4,scratch,0.0060577392578125,motion,2,identity,classical,0.9319612383842468,0.9560362549545199,1.0,0.0,32.378804833231875,32.362027430274374,0.9184281229972839,32.362027430274374
bottle,4,scratch,0.0060577392578125,motion,2,bilateral,classical,0.9209371209144592,0.954161722694944,0.9779249211925669,-0.10004403845135079,31.840272185296513,31.82393733587423,0.8991804122924805,32.362027430274374
bottle,4,scratch,0.0060577392578125,motion,2,restormer_deblur,deep,0.9192344546318054,0.9280543085274903,1.0,0.0,32.378804833231875,32.362027430274374,0.9184281229972839,32.362027430274374
bottle,4,scratch,0.0060577392578125,motion,3,identity,classical,0.4606940448284149,0.7877430425064585,1.0,0.0,28.56226142703763,28.41063830387587,0.8446758389472961,28.41063830387587
bottle,4,scratch,0.0060577392578125,motion,3,bilateral,classical,0.45638948678970337,0.7985580739963788,0.9420883162030729,-0.04951453002032591,28.334995871050943,28.1846677868165,0.828753650188446,28.41063830387587
bottle,4,scratch,0.0060577392578125,motion,3,restormer_deblur,deep,0.9130129218101501,0.9457452943322685,4.916220935182173,0.4934588272023007,33.339273208116275,33.301178657062316,0.9320654273033142,28.41063830387587
bottle,4,scratch,0.0060577392578125,motion,4,identity,classical,0.4429168701171875,0.7581159433858657,1.0,0.0,25.628436808493294,25.50400131423131,0.763749897480011,25.50400131423131
bottle,4,scratch,0.0060577392578125,motion,4,bilateral,classical,0.4299302101135254,0.7793454278379751,0.9073789413383517,-0.010197577764190058,25.69103936764629,25.562554612299955,0.7598682045936584,25.50400131423131
bottle,4,scratch,0.0060577392578125,motion,4,restormer_deblur,deep,0.9013215899467468,0.8983247168644274,7.656064197934131,0.3365883145118389,27.948789548453547,27.87087606298391,0.8562853932380676,25.50400131423131
bottle,5,blob,0.017852783203125,defocus,2,identity,classical,0.9939306378364563,0.9998742190454999,1.0,0.0,35.72881048254835,35.764780815932234,0.9520977139472961,35.764780815932234
bottle,5,blob,0.017852783203125,defocus,2,bilateral,classical,0.9838524460792542,0.9955451826930048,1.035340663473333,-0.17692285147777742,34.476511705466656,34.53217138815284,0.923586905002594,35.764780815932234
bottle,5,blob,0.017852783203125,defocus,2,restormer_deblur,deep,0.9183074235916138,0.06759696793610241,1.0040879132354388,-3.8760340517969647,22.970140997159312,23.033242529357935,0.8893294334411621,35.764780815932234
bottle,5,blob,0.017852783203125,defocus,3,identity,classical,0.987781822681427,0.9994983365866259,1.0,0.0,32.575738730362374,32.588854692169264,0.9106931686401367,32.588854692169264
bottle,5,blob,0.017852783203125,defocus,3,bilateral,classical,0.9781848788261414,0.9951571340924391,1.034956265205634,-0.0688769788930641,32.154890814751425,32.183788918016816,0.8932080268859863,32.588854692169264
bottle,5,blob,0.017852783203125,defocus,3,restormer_deblur,deep,0.9630901217460632,0.12163324297996707,1.0586410729953473,-1.9533463493650727,23.291956603671,23.361544472158663,0.8637345433235168,32.588854692169264
bottle,5,blob,0.017852783203125,defocus,4,identity,classical,0.9743726253509521,0.9978673875748328,1.0,0.0,29.113995113073805,29.09625299549421,0.8437573313713074,29.09625299549421
bottle,5,blob,0.017852783203125,defocus,4,bilateral,classical,0.9656702876091003,0.993079162023711,1.032631292190978,-0.040244555188013065,28.91346351011585,28.90617556825537,0.8306765556335449,29.09625299549421
bottle,5,blob,0.017852783203125,defocus,4,restormer_deblur,deep,0.9318453669548035,0.15810209665492983,0.8269019208140337,-0.6384601374120356,25.50065607931817,25.55559684902844,0.888293445110321,29.09625299549421
bottle,5,blob,0.017852783203125,motion,2,identity,classical,0.9891594052314758,0.9996363419005468,1.0,0.0,33.65083445841382,33.71452696166144,0.9308673739433289,33.71452696166144
bottle,5,blob,0.017852783203125,motion,2,bilateral,classical,0.9791332483291626,0.995176259053714,1.0339677313419897,-0.13625937815877487,33.05387255453927,33.12286222450996,0.9097213745117188,33.71452696166144
bottle,5,blob,0.017852783203125,motion,2,restormer_deblur,deep,0.9891594052314758,0.9996363419005468,1.0,0.0,33.65083445841382,33.71452696166144,0.9308673739433289,33.71452696166144
bottle,5,blob,0.017852783203125,motion,3,identity,classical,0.9741045236587524,0.9979589166646373,1.0,0.0,29.336245083925114,29.407740923240418,0.8624189496040344,29.407740923240418
bottle,5,blob,0.017852783203125,motion,3,bilateral,classical,0.9646546840667725,0.993292786849805,1.0300636697676102,-0.055025594998418415,29.16910668557749,29.242161224211564,0.8476548194885254,29.407740923240418
bottle,5,blob,0.017852783203125,motion,3,restormer_deblur,deep,1.0090020895004272,0.9947285844635918,0.8830233887004193,0.6250200838058796,36.42259550144346,36.49355024425475,0.9575700759887695,29.407740923240418
bottle,5,blob,0.017852783203125,motion,4,identity,classical,0.9669287204742432,0.9894783873256038,1.0,0.0,26.40728317803593,26.396400019880048,0.7818990349769592,26.396400019880048
bottle,5,blob,0.017852783203125,motion,4,bilateral,classical,0.9582489728927612,0.9844017239865843,1.030221173154208,-0.01545411677413111,26.45940336421074,26.450722161854298,0.7766762375831604,26.396400019880048
bottle,5,blob,0.017852783203125,motion,4,restormer_deblur,deep,0.9669287204742432,0.9894783873256038,1.0,0.0,26.40728317803593,26.396400019880048,0.7818990349769592,26.396400019880048
bottle,6,texture,0.0126495361328125,defocus,2,identity,classical,0.9358956217765808,0.7741443531432988,1.0,0.0,34.60576577178866,34.414332919840625,0.9323363900184631,34.414332919840625
bottle,6,texture,0.0126495361328125,defocus,2,bilateral,classical,0.9262717366218567,0.7416632495579909,1.0337284530962454,-0.11018709370943447,33.73838307418831,33.56145938778622,0.907505214214325,34.414332919840625
bottle,6,texture,0.0126495361328125,defocus,2,restormer_deblur,deep,0.8437084555625916,0.4982699360393379,1.4512821828763096,-2.3179524098635094,24.610096500497036,24.620976209175126,0.8722873330116272,34.414332919840625
bottle,6,texture,0.0126495361328125,defocus,3,identity,classical,0.90753173828125,0.6569774830890955,1.0,0.0,31.6319000054327,31.501014210655157,0.8877463936805725,31.501014210655157
bottle,6,texture,0.0126495361328125,defocus,3,bilateral,classical,0.897465705871582,0.6315491533433611,1.038432254476767,-0.04197671785238044,31.31678884595032,31.18965057012116,0.8765156865119934,31.501014210655157
bottle,6,texture,0.0126495361328125,defocus,3,restormer_deblur,deep,0.7748330235481262,0.5329404723932154,1.1803801796900322,-1.3088767617624932,24.628092866400777,24.643008584661107,0.8545426726341248,31.501014210655157
bottle,6,texture,0.0126495361328125,defocus,4,identity,classical,0.8646976351737976,0.4798621950762997,1.0,0.0,28.294629370960052,28.21842076978829,0.823589026927948,28.21842076978829
bottle,6,texture,0.0126495361328125,defocus,4,bilateral,classical,0.8542645573616028,0.47480039239066185,1.0384104191297976,-0.03000868611265428,28.114913694848454,28.044163183812238,0.8158609867095947,28.21842076978829
bottle,6,texture,0.0126495361328125,defocus,4,restormer_deblur,deep,0.7373636364936829,0.4444413518150255,1.1658159978704792,-0.4481255939975577,25.250054096722753,25.253082216257067,0.8684103488922119,28.21842076978829
bottle,6,texture,0.0126495361328125,motion,2,identity,classical,0.9206339716911316,0.7021406372355149,1.0,0.0,32.36744947851313,32.216274232891095,0.9087819457054138,32.216274232891095
bottle,6,texture,0.0126495361328125,motion,2,bilateral,classical,0.9120293855667114,0.6883965842648043,1.0354364725083356,-0.08976229988485818,31.94840780018758,31.80817388843902,0.8921418190002441,32.216274232891095
bottle,6,texture,0.0126495361328125,motion,2,restormer_deblur,deep,0.9206339716911316,0.7021406372355149,1.0,0.0,32.36744947851313,32.216274232891095,0.9087819457054138,32.216274232891095
bottle,6,texture,0.0126495361328125,motion,3,identity,classical,0.8931066393852234,0.6250099951848695,1.0,0.0,28.720428201676246,28.678649464359825,0.8491020798683167,28.678649464359825
bottle,6,texture,0.0126495361328125,motion,3,bilateral,classical,0.8796672821044922,0.6033498542559474,1.031174937543378,-0.04945630682263413,28.51897253992453,28.47483956987743,0.8350886702537537,28.678649464359825
bottle,6,texture,0.0126495361328125,motion,3,restormer_deblur,deep,0.9827587604522705,0.7639386159867143,0.7538884002254493,0.4763086530667948,33.05355747433082,32.922490544956396,0.9206056594848633,28.678649464359825
bottle,6,texture,0.0126495361328125,motion,4,identity,classical,0.8567333221435547,0.4946340801237982,1.0,0.0,25.775895965085525,25.76891908827956,0.7719414234161377,25.76891908827956
bottle,6,texture,0.0126495361328125,motion,4,bilateral,classical,0.8449651002883911,0.4533435234469216,1.0215215626402125,-0.015058458711414424,25.801483410654843,25.790247430242598,0.7664671540260315,25.76891908827956
bottle,6,texture,0.0126495361328125,motion,4,restormer_deblur,deep,0.9687440991401672,0.8232477714753141,0.7053873324171683,0.37711869169263,28.75177505023252,28.757497761076436,0.8505487442016602,25.76891908827956
bottle,7,scratch,0.01239013671875,defocus,2,identity,classical,0.8806498050689697,0.7839539493779409,1.0,0.0,34.673006971036486,34.0414815077642,0.9453816413879395,34.0414815077642
bottle,7,scratch,0.01239013671875,defocus,2,bilateral,classical,0.8823198080062866,0.8217966796516367,1.0356721841090557,-0.10703956686500993,33.859422653534914,33.39320683867284,0.9210476279258728,34.0414815077642
bottle,7,scratch,0.01239013671875,defocus,2,restormer_deblur,deep,0.9260172843933105,0.8021789292851829,1.074746491139955,-2.661638409482895,25.362316993489763,25.359570233716585,0.916692316532135,34.0414815077642
bottle,7,scratch,0.01239013671875,defocus,3,identity,classical,0.807654619216919,0.7188262301355532,1.0,0.0,31.48198846759029,30.94880613596051,0.899094820022583,30.94880613596051
bottle,7,scratch,0.01239013671875,defocus,3,bilateral,classical,0.8053002953529358,0.7602553008073095,1.0268998340832012,-0.041457887380603964,31.187288805431223,30.707893303826538,0.8854568600654602,30.94880613596051
bottle,7,scratch,0.01239013671875,defocus,3,restormer_deblur,deep,0.9052693843841553,0.7963895008158399,1.382738778093443,-1.2716496789663143,24.661126165496356,24.660647654791262,0.8826029896736145,30.94880613596051
bottle,7,scratch,0.01239013671875,defocus,4,identity,classical,0.6919785141944885,0.7202179876084809,1.0,0.0,27.942749837484993,27.484574475872073,0.8193080425262451,27.484574475872073
bottle,7,scratch,0.01239013671875,defocus,4,bilateral,classical,0.6890209913253784,0.7353923331920004,1.0128077038472618,-0.03332134524523034,27.745468042250607,27.30013296544125,0.8087404370307922,27.484574475872073
bottle,7,scratch,0.01239013671875,defocus,4,restormer_deblur,deep,0.8673969507217407,0.7757487745503874,1.5312788000760231,-0.3293659392956292,25.233896156222354,25.21562911901792,0.8748321533203125,27.484574475872073
bottle,7,scratch,0.01239013671875,motion,2,identity,classical,0.9624230861663818,0.9172687231598453,1.0,0.0,32.91323718487498,32.797417730771116,0.9277029037475586,32.797417730771116
bottle,7,scratch,0.01239013671875,motion,2,bilateral,classical,0.9679515957832336,0.9381962810460894,1.049454182434097,-0.10505701220992347,32.40667764145914,32.33474605630057,0.9100883603096008,32.797417730771116
bottle,7,scratch,0.01239013671875,motion,2,restormer_deblur,deep,0.9764917492866516,0.9478080857453371,1.0345906114912653,0.48493513286838474,37.32722323272482,37.1135482361419,0.9659960269927979,32.797417730771116
bottle,7,scratch,0.01239013671875,motion,3,identity,classical,0.9281759858131409,0.8330251076163759,1.0,0.0,28.387814730549707,28.3208390285497,0.8495769500732422,28.3208390285497
bottle,7,scratch,0.01239013671875,motion,3,bilateral,classical,0.9326604008674622,0.8581978725605001,1.04238671375481,-0.04481009400960412,28.226936632060774,28.17819183890412,0.8368485569953918,28.3208390285497
bottle,7,scratch,0.01239013671875,motion,3,restormer_deblur,deep,0.9711582064628601,0.9137819352646771,1.1207526414750968,0.6289322833515212,35.1104325760514,34.91482612142808,0.9526577591896057,28.3208390285497
bottle,7,scratch,0.01239013671875,motion,4,identity,classical,0.7672398686408997,0.6087628747632797,1.0,0.0,25.246692670791298,25.09432690864716,0.75700443983078,25.09432690864716
bottle,7,scratch,0.01239013671875,motion,4,bilateral,classical,0.7632715702056885,0.6280332136526724,1.0110979978925185,-0.009005054465307527,25.322710191147955,25.167822751156454,0.7553174495697021,25.09432690864716
bottle,7,scratch,0.01239013671875,motion,4,restormer_deblur,deep,0.9785801768302917,0.8719798176446398,1.917796803652968,0.4160926307591235,28.3152853701651,28.287649695708513,0.8675561547279358,25.09432690864716
bottle,8,blob,0.011199951171875,defocus,2,identity,classical,0.9907363057136536,0.9995284811018176,1.0,0.0,34.227829517320416,34.25960875143034,0.9351498484611511,34.25960875143034
bottle,8,blob,0.011199951171875,defocus,2,bilateral,classical,0.9772732853889465,0.993700158435642,1.0197500716744556,-0.1340903942992948,33.1894095418361,33.22949506663489,0.9035577774047852,34.25960875143034
bottle,8,blob,0.011199951171875,defocus,2,restormer_deblur,deep,0.865594208240509,0.3106266741839853,1.142153780078489,-3.0482423848721973,24.317347679978983,24.36057427967374,0.8920494914054871,34.25960875143034
bottle,8,blob,0.011199951171875,defocus,3,identity,classical,0.9814708232879639,0.9981745280580463,1.0,0.0,31.383351404874848,31.40533071446044,0.885491669178009,31.40533071446044
bottle,8,blob,0.011199951171875,defocus,3,bilateral,classical,0.9684606790542603,0.9922852798081662,1.0189617443770105,-0.04674346466212986,31.037677026302582,31.066677965604978,0.8698480129241943,31.40533071446044
bottle,8,blob,0.011199951171875,defocus,3,restormer_deblur,deep,0.8063629865646362,0.5001032223463416,1.0926953964386403,-1.267053335404221,25.67136069175134,25.713954677342553,0.9000590443611145,31.40533071446044
bottle,8,blob,0.011199951171875,defocus,4,identity,classical,0.96164870262146,0.9927142665886504,1.0,0.0,28.263640458712935,28.273745651487175,0.814487636089325,28.273745651487175
bottle,8,blob,0.011199951171875,defocus,4,bilateral,classical,0.949517548084259,0.9871021032009802,1.0171590799102896,-0.02966743339899658,28.068249096852615,28.083603708172966,0.8050561547279358,28.273745651487175
bottle,8,blob,0.011199951171875,defocus,4,restormer_deblur,deep,0.8577823042869568,0.4242728774475076,1.1113086096810498,-0.46521526677007063,25.27116232292267,25.315316159816085,0.8705556988716125,28.273745651487175
bottle,8,blob,0.011199951171875,motion,2,identity,classical,0.9818570613861084,0.9985021903222977,1.0,0.0,32.64435434810018,32.685832283840966,0.9156973958015442,32.685832283840966
bottle,8,blob,0.011199951171875,motion,2,bilateral,classical,0.9689142107963562,0.9925535825920353,1.0184775440652003,-0.10729367211317631,32.129040961830945,32.17364039317581,0.89646315574646,32.685832283840966
bottle,8,blob,0.011199951171875,motion,2,restormer_deblur,deep,1.0225685834884644,0.9934085653583784,0.9515070333983667,0.37223280811997617,35.677678423867214,35.71572088187271,0.9569953083992004,32.685832283840966
bottle,8,blob,0.011199951171875,motion,3,identity,classical,0.9642244577407837,0.9907517565247811,1.0,0.0,28.42004627121613,28.382571602601665,0.8361746668815613,28.382571602601665
bottle,8,blob,0.011199951171875,motion,3,bilateral,classical,0.9523082971572876,0.9869900209111757,1.0204625288754792,-0.04888194787584332,28.238678540945518,28.208725828995284,0.8212553858757019,28.382571602601665
bottle,8,blob,0.011199951171875,motion,3,restormer_deblur,deep,1.0271676778793335,0.9903111199260172,0.9761136823582539,0.5671198843124048,33.771604906114554,33.797602305651345,0.9339456558227539,28.382571602601665
bottle,8,blob,0.011199951171875,motion,4,identity,classical,0.9560961723327637,0.978472299916863,1.0,0.0,25.779067607992122,25.81501857363131,0.7590405941009521,25.81501857363131
bottle,8,blob,0.011199951171875,motion,4,bilateral,classical,0.9444040060043335,0.9725555004620462,1.0156864483754502,-0.011843376208243939,25.812615903137583,25.8501226134932,0.7536703944206238,25.81501857363131
bottle,8,blob,0.011199951171875,motion,4,restormer_deblur,deep,1.0100394487380981,0.9874145853592535,0.9548897612114726,0.4470544396396391,29.648878963487775,29.694766558018756,0.8742954730987549,25.81501857363131
bottle,9,texture,0.008209228515625,defocus,2,identity,classical,0.8852717280387878,0.9524565396638779,1.0,0.0,34.68584882292144,34.27415694656649,0.9455573558807373,34.27415694656649
bottle,9,texture,0.008209228515625,defocus,2,bilateral,classical,0.8836371302604675,0.9515988957190544,1.0391568803474742,-0.1318114363635372,33.77891130277857,33.440804492228054,0.9207369685173035,34.27415694656649
bottle,9,texture,0.008209228515625,defocus,2,restormer_deblur,deep,0.8900490403175354,0.8891192626996277,0.045493921477251245,-3.3048365901219627,23.584572081943925,23.582447632492794,0.8841743469238281,34.27415694656649
bottle,9,texture,0.008209228515625,defocus,3,identity,classical,0.8309420347213745,0.9312419013831351,1.0,0.0,31.599406116931142,31.30026257390682,0.9008800387382507,31.30026257390682
bottle,9,texture,0.008209228515625,defocus,3,bilateral,classical,0.8294853568077087,0.930483769039328,1.0509958612857337,-0.057086889052857304,31.240011433500385,30.961670386611516,0.8847009539604187,31.30026257390682
bottle,9,texture,0.008209228515625,defocus,3,restormer_deblur,deep,0.8355612754821777,0.8421762160054888,0.43578346300373977,-1.6279358117690013,23.651886100962557,23.63623893061288,0.8467100262641907,31.30026257390682
bottle,9,texture,0.008209228515625,defocus,4,identity,classical,0.7501135468482971,0.9124748568578696,1.0,0.0,28.320191994845775,28.124951453667578,0.8304844498634338,28.124951453667578
bottle,9,texture,0.008209228515625,defocus,4,bilateral,classical,0.7470276355743408,0.914453837126526,1.0763445676074181,-0.035557812599716465,28.138520183159194,27.95206573897438,0.8186656832695007,28.124951453667578
bottle,9,texture,0.008209228515625,defocus,4,restormer_deblur,deep,0.8511629700660706,0.8878957761760796,0.9390883211441217,-0.4421850366317859,25.48985041719812,25.452343660008793,0.8752791285514832,28.124951453667578
bottle,9,texture,0.008209228515625,motion,2,identity,classical,0.9346166849136353,0.9641898830658656,1.0,0.0,32.62291918781622,32.46045126274297,0.9274795651435852,32.46045126274297
bottle,9,texture,0.008209228515625,motion,2,bilateral,classical,0.9362202286720276,0.9643097941240564,1.0456556319826087,-0.10903964434635616,32.10477664593754,31.963263078131273,0.9074700474739075,32.46045126274297
bottle,9,texture,0.008209228515625,motion,2,restormer_deblur,deep,0.9379184246063232,0.9753648898297619,1.0041451784979332,0.5017260065301409,37.64037796742628,37.3058062880478,0.9686878323554993,32.46045126274297
bottle,9,texture,0.008209228515625,motion,3,identity,classical,0.8286423683166504,0.9144381519167014,1.0,0.0,28.44736640903725,28.30016383930171,0.8519101738929749,28.30016383930171
bottle,9,texture,0.008209228515625,motion,3,bilateral,classical,0.82533860206604,0.9152503329315868,1.0448886834483428,-0.04924638638724521,28.27547842047697,28.134312249851654,0.8379817008972168,28.30016383930171
bottle,9,texture,0.008209228515625,motion,3,restormer_deblur,deep,0.9505087733268738,0.9685465324908471,1.4636731590537992,0.6261537540959223,35.686135487305926,35.41168830959189,0.9533097147941589,28.30016383930171
bottle,9,texture,0.008209228515625,motion,4,identity,classical,0.6353980302810669,0.9003210681004845,1.0,0.0,25.541665772155696,25.38804033720718,0.769245445728302,25.38804033720718
bottle,9,texture,0.008209228515625,motion,4,bilateral,classical,0.6300023198127747,0.9009864311371238,1.3550662376834695,-0.016479937403858003,25.580400503467455,25.421042620586277,0.7635154128074646,25.38804033720718
bottle,9,texture,0.008209228515625,motion,4,restormer_deblur,deep,0.8981560468673706,0.947348050152338,30.99739655504034,0.417730814559905,28.754703021765557,28.703396949268466,0.870600700378418,25.38804033720718
screw,0,texture,0.0123291015625,defocus,2,identity,classical,0.9240555167198181,0.9013587814909735,1.0,0.0,38.648240414952085,38.43478083962284,0.9668661952018738,38.43478083962284
screw,0,texture,0.0123291015625,defocus,2,bilateral,classical,0.9268417358398438,0.8768054368752188,1.0026507158022466,-0.09994389293275385,38.31473356728759,38.12302295420408,0.958660900592804,38.43478083962284
screw,0,texture,0.0123291015625,defocus,2,restormer_deblur,deep,0.977047324180603,0.4767460786223251,0.8695319718810095,-1.9879741358888232,34.20730328134927,33.88279565819332,0.967769205570221,38.43478083962284
screw,0,texture,0.0123291015625,defocus,3,identity,classical,0.8930631279945374,0.8509764838263545,1.0,0.0,36.23478768796348,36.04245697136242,0.949360191822052,36.04245697136242
screw,0,texture,0.0123291015625,defocus,3,bilateral,classical,0.8908973932266235,0.8353466739201239,0.9948358935735323,-0.02987181092935387,36.11157760572151,35.919716036677514,0.9458006024360657,36.04245697136242
screw,0,texture,0.0123291015625,defocus,3,restormer_deblur,deep,0.9024556279182434,0.6557998377854322,0.9640269382110317,-1.7535416557277723,32.700131337785315,32.48784153460244,0.9582045674324036,36.04245697136242
screw,0,texture,0.0123291015625,defocus,4,identity,classical,0.8495938777923584,0.7831583504878735,1.0,0.0,34.11799068395687,33.92285677675352,0.9278003573417664,33.92285677675352
screw,0,texture,0.0123291015625,defocus,4,bilateral,classical,0.8401874303817749,0.775609225832598,0.9882920176501683,-0.014444019098247107,33.96235753520041,33.76551985247136,0.9260122776031494,33.92285677675352
screw,0,texture,0.0123291015625,defocus,4,restormer_deblur,deep,0.9206667542457581,0.6415703765577635,0.9616711293742752,-1.381745120119354,31.67184760280754,31.500229595476664,0.9463441371917725,33.92285677675352
screw,0,texture,0.0123291015625,motion,2,identity,classical,0.9052563905715942,0.8826812589994814,1.0,0.0,37.26204367607225,37.06631340312323,0.960107147693634,37.06631340312323
screw,0,texture,0.0123291015625,motion,2,bilateral,classical,0.9038476347923279,0.8615599820526008,0.9979629507439844,-0.09539323139443368,36.8643443188354,36.683649434697905,0.9518799781799316,37.06631340312323
screw,0,texture,0.0123291015625,motion,2,restormer_deblur,deep,0.9663243293762207,0.9254932933592659,1.044900623251167,0.2946586144603246,41.837086003778765,41.348131035530116,0.977050244808197,37.06631340312323
screw,0,texture,0.0123291015625,motion,3,identity,classical,0.9199740290641785,0.8198251932563687,1.0,0.0,34.526550270837845,34.434317554660765,0.9389141201972961,34.434317554660765
screw,0,texture,0.0123291015625,motion,3,bilateral,classical,0.9220466017723083,0.8176154039920186,0.9995338353475514,-0.05235245089174634,34.29716884759384,34.21344310179902,0.932809054851532,34.434317554660765
screw,0,texture,0.0123291015625,motion,3,restormer_deblur,deep,0.9629067182540894,0.898976675022905,0.996718114917793,0.42623654992904736,41.79435509571838,41.24545085608681,0.9732254147529602,34.434317554660765
screw,0,texture,0.0123291015625,motion,4,identity,classical,0.9040501117706299,0.7227680552833678,1.0,0.0,33.202753833520504,33.088000445612174,0.9233147501945496,33.088000445612174
screw,0,texture,0.0123291015625,motion,4,bilateral,classical,0.9047279953956604,0.6956978572201444,0.9958499561241264,-0.038970339998378734,33.02067663612626,32.916663816166796,0.9185243248939514,33.088000445612174
screw,0,texture,0.0123291015625,motion,4,restormer_deblur,deep,0.9040501117706299,0.7227680552833678,1.0,0.0,33.202753833520504,33.088000445612174,0.9233147501945496,33.088000445612174
screw,1,scratch,0.001251220703125,defocus,2,identity,classical,0.45036888122558594,0.35588554852840854,1.0,0.0,37.007533637589624,36.64870144683717,0.9602228999137878,36.64870144683717
screw,1,scratch,0.001251220703125,defocus,2,bilateral,classical,0.37404361367225647,0.2717991572735325,0.899066233738895,-0.09428706500783957,36.523777403590096,36.1164975205316,0.9496782422065735,36.64870144683717
screw,1,scratch,0.001251220703125,defocus,2,restormer_deblur,deep,0.710028886795044,0.6633206918654039,1.5864044579146428,-1.5727448284536432,33.93343600382393,33.85457489123851,0.9695138335227966,36.64870144683717
screw,1,scratch,0.001251220703125,defocus,3,identity,classical,0.3178916573524475,0.21115545023099797,1.0,0.0,34.572180602792365,34.26446094764371,0.9397031664848328,34.26446094764371
screw,1,scratch,0.001251220703125,defocus,3,bilateral,classical,0.25758254528045654,0.18144167766508273,0.8555583790364062,-0.03375108558260309,34.39056528168435,34.045318787517665,0.9345204830169678,34.26446094764371
screw,1,scratch,0.001251220703125,defocus,3,restormer_deblur,deep,0.3898859918117523,0.5042734187167485,0.8133260406759137,-1.264869042193694,32.21729006041496,32.036696078862064,0.9489872455596924,34.26446094764371
screw,1,scratch,0.001251220703125,defocus,4,identity,classical,0.21454103291034698,0.1829705518931382,1.0,0.0,32.471822270539654,32.22363973131512,0.9154888987541199,32.22363973131512
screw,1,scratch,0.001251220703125,defocus,4,bilateral,classical,0.18987470865249634,0.20868504809353255,0.96520680064948,-0.015141606089160486,32.28850772433952,32.03616842288685,0.9131490588188171,32.22363973131512
screw,1,scratch,0.001251220703125,defocus,4,restormer_deblur,deep,0.23404760658740997,0.4239392188998901,0.5002546844553747,-0.8925633644004083,30.830943261791894,30.63731570048358,0.9255073070526123,32.22363973131512
screw,1,scratch,0.001251220703125,motion,2,identity,classical,0.27830156683921814,0.2314031540325707,1.0,0.0,35.54107038834203,35.117739486312686,0.9509508013725281,35.117739486312686
screw,1,scratch,0.001251220703125,motion,2,bilateral,classical,0.2378474473953247,0.21903876432289782,0.9536571761648147,-0.09016366011408095,35.210878891619764,34.77619685856374,0.9413900375366211,35.117739486312686
screw,1,scratch,0.001251220703125,motion,2,restormer_deblur,deep,0.810108482837677,0.8487612577161207,4.1587600936285005,0.34147156519890776,41.33102521498057,41.185902373928585,0.9774394035339355,35.117739486312686
screw,1,scratch,0.001251220703125,motion,3,identity,classical,0.29530811309814453,0.28997626210258465,1.0,0.0,32.96158230091654,32.73576973135416,0.9261166453361511,32.73576973135416
screw,1,scratch,0.001251220703125,motion,3,bilateral,classical,0.2477494478225708,0.24501122600936437,0.938057020960759,-0.04203093691341597,32.68591486186446,32.446157253016324,0.9187837243080139,32.73576973135416
screw,1,scratch,0.001251220703125,motion,3,restormer_deblur,deep,0.7722498774528503,0.837727901755696,3.4915863769685798,0.45134652111607687,40.27099404138695,40.118330313379616,0.9732748866081238,32.73576973135416
screw,1,scratch,0.001251220703125,motion,4,identity,classical,0.7198508977890015,0.3331094914493024,1.0,0.0,32.1800852087187,32.13526860382892,0.9255189299583435,32.13526860382892
screw,1,scratch,0.001251220703125,motion,4,bilateral,classical,0.6779125332832336,0.29537801696693927,1.061319661114202,-0.03443864324976831,32.0588430249449,32.00380448498587,0.9200253486633301,32.13526860382892
screw,1,scratch,0.001251220703125,motion,4,restormer_deblur,deep,0.7198508977890015,0.3331094914493024,1.0,0.0,32.1800852087187,32.13526860382892,0.9255189299583435,32.13526860382892
screw,2,blob,0.0081939697265625,defocus,2,identity,classical,0.985415518283844,0.9994934254802172,1.0,0.0,36.66568774221753,36.69738077084809,0.9653186202049255,36.69738077084809
screw,2,blob,0.0081939697265625,defocus,2,bilateral,classical,0.9559864401817322,0.9975123610855776,0.9975534415184081,-0.07917199016606569,36.27773313937571,36.30654971686562,0.957832396030426,36.69738077084809
screw,2,blob,0.0081939697265625,defocus,2,restormer_deblur,deep,0.982319712638855,0.9903071521706567,1.0783826480623508,-1.6218098531558116,33.62802637139311,33.634908156795575,0.9716694951057434,36.69738077084809
screw,2,blob,0.0081939697265625,defocus,3,identity,classical,0.9709395170211792,0.998075242839729,1.0,0.0,34.048980928677025,34.08138918247716,0.9461129307746887,34.08138918247716
screw,2,blob,0.0081939697265625,defocus,3,bilateral,classical,0.941925048828125,0.9957738758361018,0.9877496286928673,-0.023452300534276382,33.90195969915757,33.93209644462824,0.9428964257240295,34.08138918247716
screw,2,blob,0.0081939697265625,defocus,3,restormer_deblur,deep,0.9187803864479065,0.995673814452627,1.06669323686631,-1.140347304245212,32.84553252779129,32.839449329958626,0.9641551971435547,34.08138918247716
screw,2,blob,0.0081939697265625,defocus,4,identity,classical,0.9403043389320374,0.9925905849769109,1.0,0.0,31.662539827074163,31.694443202386736,0.918501079082489,31.694443202386736
screw,2,blob,0.0081939697265625,defocus,4,bilateral,classical,0.9126063585281372,0.9895900920685047,0.9799366334618125,-0.011018138889065332,31.519952196161896,31.549880418456176,0.9165201187133789,31.694443202386736
screw,2,blob,0.0081939697265625,defocus,4,restormer_deblur,deep,0.9362037777900696,0.9776195648471657,1.114741259599126,-0.8695618521974593,30.629539338146405,30.64202273340623,0.9336102604866028,31.694443202386736
screw,2,blob,0.0081939697265625,motion,2,identity,classical,0.9766996502876282,0.9983290142746915,1.0,0.0,35.24146601278587,35.27393349581334,0.9606180191040039,35.27393349581334
screw,2,blob,0.0081939697265625,motion,2,bilateral,classical,0.9477730393409729,0.9957640399236076,0.99748471316827,-0.10054985535292404,34.77035040352957,34.80018921803634,0.9504420161247253,35.27393349581334
screw,2,blob,0.0081939697265625,motion,2,restormer_deblur,deep,1.0001213550567627,0.9987681159125246,1.051345380106029,0.2939369790617832,39.569306873192794,39.59938176123511,0.9777836799621582,35.27393349581334
screw,2,blob,0.0081939697265625,motion,3,identity,classical,0.9414469003677368,0.9914406996282735,1.0,0.0,32.11971662292793,32.151190915659555,0.9274609088897705,32.151190915659555
screw,2,blob,0.0081939697265625,motion,3,bilateral,classical,0.9138674139976501,0.9887043572678944,0.9942785447798771,-0.031284804157936774,31.922532217486076,31.95196261863138,0.9221938252449036,32.151190915659555
screw,2,blob,0.0081939697265625,motion,3,restormer_deblur,deep,1.0022960901260376,0.9989009457066288,1.1680841560521817,0.4794819932265686,40.08996672415903,40.117587744851654,0.9753124117851257,32.151190915659555
screw,2,blob,0.0081939697265625,motion,4,identity,classical,0.9338481426239014,0.9849456742544659,1.0,0.0,31.85191183808575,31.882767468350668,0.9269728064537048,31.882767468350668
screw,2,blob,0.0081939697265625,motion,4,bilateral,classical,0.9066089391708374,0.9831224621963756,0.9854996279749262,-0.023724222929744965,31.716532753074862,31.74531543758581,0.9233412742614746,31.882767468350668
screw,2,blob,0.0081939697265625,motion,4,restormer_deblur,deep,0.9338481426239014,0.9849456742544659,1.0,0.0,31.85191183808575,31.882767468350668,0.9269728064537048,31.882767468350668
screw,3,texture,0.005035400390625,defocus,2,identity,classical,0.9087453484535217,0.3494935540542343,1.0,0.0,38.844100083125774,38.5526812028682,0.9705232977867126,38.5526812028682
screw,3,texture,0.005035400390625,defocus,2,bilateral,classical,0.91056227684021,0.32840068691259555,1.129647277895707,-0.11603577163113843,38.30693907491677,38.07029550315749,0.9618213176727295,38.5526812028682
screw,3,texture,0.005035400390625,defocus,2,restormer_deblur,deep,0.9188353419303894,0.5876976718665357,1.0971751174590996,-2.346040921403831,33.66781807708816,33.58166022790408,0.9762701988220215,38.5526812028682
screw,3,texture,0.005035400390625,defocus,3,identity,classical,0.8683357834815979,0.19113298136708262,1.0,0.0,36.16479921262468,35.93171497894973,0.9536593556404114,35.93171497894973
screw,3,texture,0.005035400390625,defocus,3,bilateral,classical,0.8665162920951843,0.19268285634460205,1.088990857451902,-0.04264502144843729,35.85809847127922,35.65059168457617,0.9490194320678711,35.93171497894973
screw,3,texture,0.005035400390625,defocus,3,restormer_deblur,deep,0.8796115517616272,0.2893543410822431,0.8528418267745114,-1.673055490934423,32.647507285269064,32.52702885306317,0.9623283743858337,35.93171497894973
screw,3,texture,0.005035400390625,defocus,4,identity,classical,0.8084670901298523,0.07636279493481395,1.0,0.0,33.59962063553413,33.41104228881646,0.9291079640388489,33.41104228881646
screw,3,texture,0.005035400390625,defocus,4,bilateral,classical,0.8001794219017029,0.08603057948591557,1.0486894713877868,-0.020106387627649935,33.358875188986865,33.17993749347713,0.9265205264091492,33.41104228881646
screw,3,texture,0.005035400390625,defocus,4,restormer_deblur,deep,0.8549304008483887,0.24806849150461113,1.1425393477871202,-0.874009616342349,32.473835693009704,32.33618346347546,0.9486568570137024,33.41104228881646
screw,3,texture,0.005035400390625,motion,2,identity,classical,0.9444281458854675,0.49058960028492493,1.0,0.0,37.50123730621632,37.37018516215061,0.9650996327400208,37.37018516215061
screw,3,texture,0.005035400390625,motion,2,bilateral,classical,0.9474310278892517,0.470118007608221,1.1751023688500248,-0.10563504301332882,36.93871466444196,36.83840274891438,0.9560208916664124,37.37018516215061
screw,3,texture,0.005035400390625,motion,2,restormer_deblur,deep,0.9013853669166565,0.4865729891605953,1.1734383037134433,-2.3094856333111884,32.218277477055665,32.13859176523056,0.9653245806694031,37.37018516215061
screw,3,texture,0.005035400390625,motion,3,identity,classical,0.9092733263969421,0.3097808205820438,1.0,0.0,34.34672219132339,34.244463859323474,0.9403690695762634,34.244463859323474
screw,3,texture,0.005035400390625,motion,3,bilateral,classical,0.9099726676940918,0.30309003965202735,1.1286926455071493,-0.055119433961446695,34.03740710883292,33.9500238331802,0.9335741400718689,34.244463859323474
screw,3,texture,0.005035400390625,motion,3,restormer_deblur,deep,0.9618054628372192,0.6151750884087958,1.514206840689732,0.43097083150994164,41.7267961767849,41.47942871514645,0.9758210182189941,34.244463859323474
screw,3,texture,0.005035400390625,motion,4,identity,classical,0.7480844259262085,-0.01770775565348119,1.0,0.0,33.1843618779322,32.95091208352279,0.9335569739341736,32.95091208352279
screw,3,texture,0.005035400390625,motion,4,bilateral,classical,0.7359755635261536,-0.024956301178603778,1.0019421600593499,-0.027215981286455193,33.057447787962836,32.82451053718133,0.9303016662597656,32.95091208352279
screw,3,texture,0.005035400390625,motion,4,restormer_deblur,deep,0.7480844259262085,-0.01770775565348119,1.0,0.0,33.1843618779322,32.95091208352279,0.9335569739341736,32.95091208352279
screw,4,scratch,0.0060577392578125,defocus,2,identity,classical,0.8425893187522888,0.8869227244637623,1.0,0.0,38.007574578209486,37.85013832379001,0.9671289920806885,37.85013832379001
screw,4,scratch,0.0060577392578125,defocus,2,bilateral,classical,0.8097372651100159,0.886493838783796,1.1202907794062151,-0.10393067653607502,37.53693768228536,37.350915355321035,0.958035945892334,37.85013832379001
screw,4,scratch,0.0060577392578125,defocus,2,restormer_deblur,deep,0.8102483749389648,0.94984363772213,2.2296670322742482,-1.7803887682161537,34.38451797948752,34.363009958021735,0.9754672646522522,37.85013832379001
screw,4,scratch,0.0060577392578125,defocus,3,identity,classical,0.742302417755127,0.8381164878023025,1.0,0.0,35.23325765658606,35.050287049313674,0.9464110732078552,35.050287049313674
screw,4,scratch,0.0060577392578125,defocus,3,bilateral,classical,0.7012424468994141,0.7163294493999621,1.0183106801494415,-0.03952801449144894,35.00245777492902,34.762874653026174,0.9410565495491028,35.050287049313674
screw,4,scratch,0.0060577392578125,defocus,3,restormer_deblur,deep,0.7822563648223877,0.9079316904689582,2.5209856800193142,-1.6743487120361888,32.3936461070534,32.39361540088876,0.9647467732429504,35.050287049313674
screw,4,scratch,0.0060577392578125,defocus,4,identity,classical,0.5854489207267761,0.5398072310578199,1.0,0.0,32.6949257628092,32.464404299400364,0.9152409434318542,32.464404299400364
screw,4,scratch,0.0060577392578125,defocus,4,bilateral,classical,0.5378216505050659,0.3664650831974872,0.9255483292892803,-0.017783500370688543,32.52751198166934,32.25930778722123,0.9121754169464111,32.464404299400364
screw,4,scratch,0.0060577392578125,defocus,4,restormer_deblur,deep,0.6860672235488892,0.7818976174593011,1.887560211533366,-1.1744260149534735,31.270357986296574,31.227063886181092,0.9465482831001282,32.464404299400364
screw,4,scratch,0.0060577392578125,motion,2,identity,classical,0.9175988435745239,0.8951367339730076,1.0,0.0,36.84096511878667,36.790501669682364,0.9623448848724365,36.790501669682364
screw,4,scratch,0.0060577392578125,motion,2,bilateral,classical,0.8911653161048889,0.8760207756385646,1.1865613782201936,-0.0848435431775405,36.60823323815009,36.542871032922065,0.9546332955360413,36.790501669682364
screw,4,scratch,0.0060577392578125,motion,2,restormer_deblur,deep,0.9734293818473816,0.9459560773091995,1.2509239548624531,0.32720937266334527,42.6621398839427,42.55406241861321,0.9818882346153259,36.790501669682364
screw,4,scratch,0.0060577392578125,motion,3,identity,classical,0.4742242097854614,0.08834862882941812,1.0,0.0,32.46864611524094,32.13837460910684,0.9124158024787903,32.13837460910684
screw,4,scratch,0.0060577392578125,motion,3,bilateral,classical,0.4473685324192047,0.3254994767927719,1.04297319390188,-0.03544836230445103,32.349277919032836,32.008385523865726,0.9071071743965149,32.13837460910684
screw,4,scratch,0.0060577392578125,motion,3,restormer_deblur,deep,1.010854959487915,0.9351238244209391,5.855663030893954,0.5329684206097187,42.12823074054377,42.018890430489535,0.977220356464386,32.13837460910684
screw,4,scratch,0.0060577392578125,motion,4,identity,classical,0.42841625213623047,0.10505438369545939,1.0,0.0,31.45206023186524,31.1569469951117,0.8934633135795593,31.1569469951117
screw,4,scratch,0.0060577392578125,motion,4,bilateral,classical,0.4092126488685608,0.24983065830698106,1.1120531341167397,-0.007758022878342263,31.505226127051216,31.193709715969952,0.89348965883255,31.1569469951117
screw,4,scratch,0.0060577392578125,motion,4,restormer_deblur,deep,0.9785115122795105,0.9312090054022284,7.320018591040299,0.5841355239070194,41.81023299727731,41.72623282102454,0.9767465591430664,31.1569469951117
screw,5,blob,0.017852783203125,defocus,2,identity,classical,0.9939330816268921,0.9998741471009328,1.0,0.0,38.496381565564064,38.3271981533215,0.9660932421684265,38.3271981533215
screw,5,blob,0.017852783203125,defocus,2,bilateral,classical,0.9826067090034485,0.9971072469082826,0.9568505142134339,-0.111013805655654,38.02584783888966,37.892046630175,0.9553421139717102,38.3271981533215
screw,5,blob,0.017852783203125,defocus,2,restormer_deblur,deep,0.9468445777893066,0.9411893868288733,0.9938146245723654,-1.715064514234459,34.57587266215733,34.515798514151356,0.9728970527648926,38.3271981533215
screw,5,blob,0.017852783203125,defocus,3,identity,classical,0.9877846240997314,0.9994983157512048,1.0,0.0,36.06318700410305,35.87748796178014,0.9491135478019714,35.87748796178014
screw,5,blob,0.017852783203125,defocus,3,bilateral,classical,0.9769455194473267,0.9968931329431393,0.9491097011404123,-0.03661976925576882,35.898867505968944,35.72593910896921,0.9442164897918701,35.87748796178014
screw,5,blob,0.017852783203125,defocus,3,restormer_deblur,deep,1.0758949518203735,0.8972592200951444,1.1147709943674622,-1.4105015430057364,32.807315998597126,32.73618836193317,0.954589307308197,35.87748796178014
screw,5,blob,0.017852783203125,defocus,4,identity,classical,0.9743725657463074,0.9978674267446743,1.0,0.0,33.86264304629517,33.668286038290624,0.9287921786308289,33.668286038290624
screw,5,blob,0.017852783203125,defocus,4,bilateral,classical,0.9641721248626709,0.9946790061266456,0.9473550806676628,-0.010803323801516607,33.74209081849342,33.55407487090982,0.9271451830863953,33.668286038290624
screw,5,blob,0.017852783203125,defocus,4,restormer_deblur,deep,1.0965373516082764,0.6651406009514734,1.087523497821651,-0.8156084242613983,32.15929579017191,31.99459205343871,0.9362072348594666,33.668286038290624
screw,5,blob,0.017852783203125,motion,2,identity,classical,0.9891591668128967,0.9996363769627409,1.0,0.0,37.405775989516684,37.096824490911146,0.9617330431938171,37.096824490911146
screw,5,blob,0.017852783203125,motion,2,bilateral,classical,0.9779903888702393,0.9973195941986012,0.9481272044113669,-0.10260574623036711,36.94739285601302,36.666664747076545,0.950935423374176,37.096824490911146
screw,5,blob,0.017852783203125,motion,2,restormer_deblur,deep,1.0004454851150513,0.9983588842900009,1.0416790528808773,0.3217235941950276,42.71779073206247,42.64910328026293,0.979415237903595,37.096824490911146
screw,5,blob,0.017852783203125,motion,3,identity,classical,0.9741054177284241,0.9979589518822265,1.0,0.0,34.14437320728641,33.85871020329502,0.9386168122291565,33.85871020329502
screw,5,blob,0.017852783203125,motion,3,bilateral,classical,0.9635345935821533,0.9950968327660972,0.9542534038275813,-0.042844114104505504,33.898701656098794,33.6241182798276,0.9318937659263611,33.85871020329502
screw,5,blob,0.017852783203125,motion,3,restormer_deblur,deep,0.9985508322715759,0.9985774447542459,1.1130811343710107,0.4447239301938358,41.69414978996364,41.644164778405674,0.9740063548088074,33.85871020329502
screw,5,blob,0.017852783203125,motion,4,identity,classical,0.9669287204742432,0.9894784647038738,1.0,0.0,32.790802075756595,32.64913997603197,0.9230718016624451,32.64913997603197
screw,5,blob,0.017852783203125,motion,4,bilateral,classical,0.9577109217643738,0.9857605670482282,0.9611841439290048,-0.03006831015530742,32.63061130362878,32.491569230864656,0.9176969528198242,32.64913997603197
screw,5,blob,0.017852783203125,motion,4,restormer_deblur,deep,0.9669287204742432,0.9894784647038738,1.0,0.0,32.790802075756595,32.64913997603197,0.9230718016624451,32.64913997603197
screw,6,texture,0.0126495361328125,defocus,2,identity,classical,0.6593921184539795,0.8079573437969781,1.0,0.0,38.828587601869444,38.383667827478305,0.964724600315094,38.383667827478305
screw,6,texture,0.0126495361328125,defocus,2,bilateral,classical,0.5146564841270447,0.7604618996031659,1.0066491252519412,-0.0985153843147728,38.47032881565687,37.93298212429209,0.9545442461967468,38.383667827478305
screw,6,texture,0.0126495361328125,defocus,2,restormer_deblur,deep,0.7985552549362183,0.8707765350214797,1.2151234173726566,-1.8107090983697316,34.95413137727178,34.8248772409858,0.9740174412727356,38.383667827478305
screw,6,texture,0.0126495361328125,defocus,3,identity,classical,0.5488830208778381,0.7197004303365919,1.0,0.0,36.30757285718716,35.96728119724482,0.9469764828681946,35.96728119724482
screw,6,texture,0.0126495361328125,defocus,3,bilateral,classical,0.4339759945869446,0.6946667727204403,0.977846124188246,-0.03514829013350296,36.163521250002475,35.77891447989172,0.9417802691459656,35.96728119724482
screw,6,texture,0.0126495361328125,defocus,3,restormer_deblur,deep,0.67331862449646,0.6158023194262693,0.6549504616670899,-0.3992413191784725,33.114044844016945,32.939570084152734,0.9385755062103271,35.96728119724482
screw,6,texture,0.0126495361328125,defocus,4,identity,classical,0.4182664155960083,0.6013939474607265,1.0,0.0,34.04672165496102,33.7868880468477,0.9245462417602539,33.7868880468477
screw,6,texture,0.0126495361328125,defocus,4,bilateral,classical,0.3433730900287628,0.6086333796806214,0.972350660931917,-0.017810360502772182,33.86936211107894,33.604832151806775,0.922116219997406,33.7868880468477
screw,6,texture,0.0126495361328125,defocus,4,restormer_deblur,deep,0.7451989054679871,0.6813543126238674,1.49951089026656,-1.348918366818487,31.239215077087486,31.121676502684057,0.939537763595581,33.7868880468477
screw,6,texture,0.0126495361328125,motion,2,identity,classical,0.6064284443855286,0.7446851343208463,1.0,0.0,37.335825967484865,36.9406013833638,0.9575493335723877,36.9406013833638
screw,6,texture,0.0126495361328125,motion,2,bilateral,classical,0.4767318069934845,0.7176160510608645,1.0638135610911235,-0.09406303732581112,36.931836335043705,36.50405976403578,0.9471901059150696,36.9406013833638
screw,6,texture,0.0126495361328125,motion,2,restormer_deblur,deep,0.8416627645492554,0.9107388242867253,1.8234041417138291,0.3033886064473821,42.07646746638646,41.64554231822099,0.9779922366142273,36.9406013833638
screw,6,texture,0.0126495361328125,motion,3,identity,classical,0.5377605557441711,0.686063163769793,1.0,0.0,34.890740264038264,34.63749353301795,0.9374394416809082,34.63749353301795
screw,6,texture,0.0126495361328125,motion,3,bilateral,classical,0.39626041054725647,0.6800532440074616,1.1077837325101645,-0.03510378166605488,34.754166659293546,34.47669028229235,0.9320857524871826,34.63749353301795
screw,6,texture,0.0126495361328125,motion,3,restormer_deblur,deep,0.8427761197090149,0.894245720901652,2.131846377262123,0.412457684168817,41.94607211630468,41.459297634348786,0.9753003120422363,34.63749353301795
screw,6,texture,0.0126495361328125,motion,4,identity,classical,0.43821603059768677,0.6087429887516944,1.0,0.0,33.304739478332834,33.10156523114668,0.9213011264801025,33.10156523114668
screw,6,texture,0.0126495361328125,motion,4,bilateral,classical,0.31477755308151245,0.6021224551589218,1.1515757351802594,-0.026235995512026156,33.123002838004886,32.90707575728948,0.9164277911186218,33.10156523114668
screw,6,texture,0.0126495361328125,motion,4,restormer_deblur,deep,0.8441128730773926,0.8906665210345523,2.735403153631434,0.47300572149372233,41.378941356451136,40.93571568635057,0.972191572189331,33.10156523114668
screw,7,scratch,0.01239013671875,defocus,2,identity,classical,0.8761351108551025,0.8703009979503071,1.0,0.0,37.87713527233396,36.99234200781773,0.9654856324195862,36.99234200781773
screw,7,scratch,0.01239013671875,defocus,2,bilateral,classical,0.8764532208442688,0.8937291145257976,1.0179740618002349,-0.08544834799358902,37.65168945933737,36.88870422083377,0.9576101899147034,36.99234200781773
screw,7,scratch,0.01239013671875,defocus,2,restormer_deblur,deep,0.86171555519104,0.8973416013498304,1.0523146943714163,-1.8931705233881,34.20355247989312,33.957975548680594,0.9748480319976807,36.99234200781773
screw,7,scratch,0.01239013671875,defocus,3,identity,classical,0.8047217130661011,0.8402321999742265,1.0,0.0,35.297154834991645,34.445560451361686,0.9458070397377014,34.445560451361686
screw,7,scratch,0.01239013671875,defocus,3,bilateral,classical,0.7981577515602112,0.8682967313008907,1.005169938901917,-0.026336128268361403,35.232668083131685,34.40424709415719,0.9426941871643066,34.445560451361686
screw,7,scratch,0.01239013671875,defocus,3,restormer_deblur,deep,0.7837574481964111,0.7149270834288468,1.0148522367577004,-1.8116417584018523,31.589784055478418,31.155083130299097,0.9519959092140198,34.445560451361686
screw,7,scratch,0.01239013671875,defocus,4,identity,classical,0.6921198964118958,0.8616949840266929,1.0,0.0,33.037334450852704,32.074870641789275,0.9208223223686218,32.074870641789275
screw,7,scratch,0.01239013671875,defocus,4,bilateral,classical,0.6810222864151001,0.8724555810083884,0.9871478062781529,-0.012272055892991851,32.92822637261863,31.943163866228666,0.9192935824394226,32.074870641789275
screw,7,scratch,0.01239013671875,defocus,4,restormer_deblur,deep,0.7705382704734802,0.8228480326690576,1.2470022707519912,-1.2096168479669496,30.735600292283365,30.449233815538726,0.9332160949707031,32.074870641789275
screw,7,scratch,0.01239013671875,motion,2,identity,classical,0.9600675106048584,0.9529384421617754,1.0,0.0,37.48024980667075,37.223149158887225,0.9642329216003418,37.223149158887225
screw,7,scratch,0.01239013671875,motion,2,bilateral,classical,0.9648562073707581,0.9673175504586256,1.022724470970061,-0.10243268787989912,37.01397624946779,36.851695920059186,0.9550383687019348,37.223149158887225
screw,7,scratch,0.01239013671875,motion,2,restormer_deblur,deep,0.956802248954773,0.8606658288577312,0.9128912886656624,-2.099842630342763,32.32533654471998,32.06954310506809,0.9578419327735901,37.223149158887225
screw,7,scratch,0.01239013671875,motion,3,identity,classical,0.9279574155807495,0.9147140824976625,1.0,0.0,34.26799221265394,34.00824461825333,0.9392582774162292,34.00824461825333
screw,7,scratch,0.01239013671875,motion,3,bilateral,classical,0.9311193823814392,0.9300157281347118,1.020501413018597,-0.04254879589067473,34.00503557401109,33.798456042893356,0.9332364201545715,34.00824461825333
screw,7,scratch,0.01239013671875,motion,3,restormer_deblur,deep,0.9794328808784485,0.9625609419917853,1.0820116421607953,0.4499316834054061,41.93211726623463,41.47002191740367,0.9759953618049622,34.00824461825333
screw,7,scratch,0.01239013671875,motion,4,identity,classical,0.7619874477386475,0.7867318390772767,1.0,0.0,31.531596168648175,30.982349068264064,0.9131900668144226,30.982349068264064
screw,7,scratch,0.01239013671875,motion,4,bilateral,classical,0.7520447373390198,0.8074944751815257,0.9987263436393972,-0.023885903006641174,31.420959649452094,30.87804960117939,0.9088816046714783,30.982349068264064
screw,7,scratch,0.01239013671875,motion,4,restormer_deblur,deep,0.9667574763298035,0.953073293821122,1.4398980097592304,0.5630675610291286,41.320981400497494,40.78330350498929,0.9757177233695984,30.982349068264064
screw,8,blob,0.011199951171875,defocus,2,identity,classical,0.9907386302947998,0.9995284121775558,1.0,0.0,38.50330362202781,38.54367980330742,0.9673420786857605,38.54367980330742
screw,8,blob,0.011199951171875,defocus,2,bilateral,classical,0.9679297804832458,0.995558516074632,1.0112590238609833,-0.10263044933465815,38.0710789418976,38.10806457552696,0.9581406712532043,38.54367980330742
screw,8,blob,0.011199951171875,defocus,2,restormer_deblur,deep,0.9281661510467529,0.9972986741603103,0.9689752031665663,-1.7926990049770892,34.64460167954808,34.638606678411406,0.9740567207336426,38.54367980330742
screw,8,blob,0.011199951171875,defocus,3,identity,classical,0.981473445892334,0.9981745690404968,1.0,0.0,36.17868976881027,36.2210985692493,0.9515511393547058,36.2210985692493
screw,8,blob,0.011199951171875,defocus,3,bilateral,classical,0.9592174291610718,0.993119147523439,0.9964675678862164,-0.040504506502262005,35.983546137308124,36.02387106446601,0.9470335841178894,36.2210985692493
screw,8,blob,0.011199951171875,defocus,3,restormer_deblur,deep,0.9003785848617554,0.9940437078018551,0.9122496337329444,-1.7813879200463298,32.37691188614243,32.37134665612527,0.9617676138877869,36.2210985692493
screw,8,blob,0.011199951171875,defocus,4,identity,classical,0.9616484642028809,0.9927142657885416,1.0,0.0,34.08366753875831,34.12691329728513,0.9326489567756653,34.12691329728513
screw,8,blob,0.011199951171875,defocus,4,bilateral,classical,0.9406722784042358,0.9860528479728933,0.9916491178748867,-0.019998458819324494,33.89025857233682,33.93198954778785,0.9302992820739746,34.12691329728513
screw,8,blob,0.011199951171875,defocus,4,restormer_deblur,deep,0.8074684739112854,0.9810197362860804,0.8480865020444045,-1.262145815366555,31.31029630221559,31.299978847436027,0.9409897327423096,34.12691329728513
screw,8,blob,0.011199951171875,motion,2,identity,classical,0.9818565249443054,0.9985023137513871,1.0,0.0,37.27279954338264,37.3152861598648,0.963114321231842,37.3152861598648
screw,8,blob,0.011199951171875,motion,2,bilateral,classical,0.9597054123878479,0.9945576873163365,1.0213622397229754,-0.11661855265417609,36.99653535493612,37.035288329363986,0.9538543820381165,37.3152861598648
screw,8,blob,0.011199951171875,motion,2,restormer_deblur,deep,0.996900737285614,0.998003085791947,1.0197251290435432,0.2764344824170274,42.68455006270561,42.7165055981788,0.979490339756012,37.3152861598648
screw,8,blob,0.011199951171875,motion,3,identity,classical,0.9642243385314941,0.9907517455497571,1.0,0.0,34.054298935703414,34.09813047215255,0.9376757740974426,34.09813047215255
screw,8,blob,0.011199951171875,motion,3,bilateral,classical,0.9429659843444824,0.985088141857285,1.0132624718447136,-0.04497112190231567,33.80301912330805,33.845081531342025,0.9310968518257141,34.09813047215255
screw,8,blob,0.011199951171875,motion,3,restormer_deblur,deep,1.0052849054336548,0.9964056848803589,1.1148731792200497,0.4638413913723738,41.89082937746144,41.923010918633636,0.9774494171142578,34.09813047215255
screw,8,blob,0.011199951171875,motion,4,identity,classical,0.9560960531234741,0.9784722292973925,1.0,0.0,32.98235715283346,33.025833799717155,0.9238741993904114,33.025833799717155
screw,8,blob,0.011199951171875,motion,4,bilateral,classical,0.9356814622879028,0.9716122952873102,1.0103631948457723,-0.026490925176572366,32.81989266490842,32.862044705708996,0.9195831418037415,33.025833799717155
screw,8,blob,0.011199951171875,motion,4,restormer_deblur,deep,1.0005346536636353,0.9970603363489579,1.2293614576708962,0.5005435595726129,41.36690368558818,41.39826214470649,0.9743390083312988,33.025833799717155
screw,9,texture,0.008209228515625,defocus,2,identity,classical,0.8796579837799072,0.7824946603486052,1.0,0.0,38.06712711869595,37.3644659562651,0.9638175964355469,37.3644659562651
screw,9,texture,0.008209228515625,defocus,2,bilateral,classical,0.870625913143158,0.7777851793693487,1.1237496255506942,-0.09215113051276003,37.768250209785414,37.09304804886936,0.9552399516105652,37.3644659562651
screw,9,texture,0.008209228515625,defocus,2,restormer_deblur,deep,0.8377408385276794,0.7129867127724956,0.4840461115815549,-0.42206160621218203,34.31936076493004,33.839698622603365,0.9524665474891663,37.3644659562651
screw,9,texture,0.008209228515625,defocus,3,identity,classical,0.8265154957771301,0.6670695141112031,1.0,0.0,35.68753583035526,35.06377299867114,0.9452939033508301,35.06377299867114
screw,9,texture,0.008209228515625,defocus,3,bilateral,classical,0.8131163120269775,0.6627238120611937,1.0847478788105043,-0.03144172086115837,35.572186512648585,34.94146338495354,0.941373884677887,35.06377299867114
screw,9,texture,0.008209228515625,defocus,3,restormer_deblur,deep,0.8740607500076294,0.7591814275078533,0.6081694590962594,-1.776439700584152,32.02408625469773,31.772633624515912,0.956371009349823,35.06377299867114
screw,9,texture,0.008209228515625,defocus,4,identity,classical,0.7452178001403809,0.5260296859388296,1.0,0.0,33.55335836493527,32.983225287938325,0.9227640628814697,32.983225287938325
screw,9,texture,0.008209228515625,defocus,4,bilateral,classical,0.7298742532730103,0.5237198349112983,1.0199273748993225,-0.015344073122520063,33.41945296214871,32.84174959218531,0.9210261702537537,32.983225287938325
screw,9,texture,0.008209228515625,defocus,4,restormer_deblur,deep,0.7962771654129028,0.5052653043688033,0.6001545450268343,-1.4493330289799466,30.510102313039376,30.137474291640267,0.9300438761711121,32.983225287938325
screw,9,texture,0.008209228515625,motion,2,identity,classical,0.9412372708320618,0.804890931801777,1.0,0.0,36.75628674750923,36.33902733028688,0.9591745734214783,36.33902733028688
screw,9,texture,0.008209228515625,motion,2,bilateral,classical,0.9435997605323792,0.8025625888739948,1.44907445021158,-0.09808786504378508,36.524258548579354,36.1243634417928,0.9498581290245056,36.33902733028688
screw,9,texture,0.008209228515625,motion,2,restormer_deblur,deep,0.9412372708320618,0.804890931801777,1.0,0.0,36.75628674750923,36.33902733028688,0.9591745734214783,36.33902733028688
screw,9,texture,0.008209228515625,motion,3,identity,classical,0.8426775336265564,0.6067641598223087,1.0,0.0,33.69900473491841,33.27807920674491,0.9301519989967346,33.27807920674491
screw,9,texture,0.008209228515625,motion,3,bilateral,classical,0.8313456177711487,0.6147589465825558,1.0799951140515576,-0.04018702101143856,33.5074337553623,33.10239710622814,0.9243963360786438,33.27807920674491
screw,9,texture,0.008209228515625,motion,3,restormer_deblur,deep,0.9655011892318726,0.8920948521593917,2.660380928382883,0.4682000121009774,41.57647222774421,40.83332289791648,0.9756014347076416,33.27807920674491
screw,9,texture,0.008209228515625,motion,4,identity,classical,0.6297558546066284,0.48514877831217335,1.0,0.0,31.734413634328394,31.202044778229137,0.9097493290901184,31.202044778229137
screw,9,texture,0.008209228515625,motion,4,bilateral,classical,0.6126172542572021,0.4648410931095213,0.9965967591795846,-0.028765842812567,31.59892132905114,31.051364396079542,0.9048414826393127,31.202044778229137
screw,9,texture,0.008209228515625,motion,4,restormer_deblur,deep,0.9574620723724365,0.9135092253401843,4.048592402309954,0.5591662616850416,41.31405963209609,40.7402216934683,0.9739723801612854,31.202044778229137
