category,image,anomaly_kind,area_frac,family,severity,restorer,tier,drr,residual_corr,acg,dremr,psnr_normal,psnr_full,ssim_full,psnr_degraded
carpet,0,texture,0.0123291015625,defocus,2,identity,classical,0.9295088648796082,0.6486158599385995,1.0,0.0,21.42068524791039,21.4499360752465,0.6399627327919006,21.4499360752465
carpet,0,texture,0.0123291015625,defocus,2,wiener,classical,0.4297794699668884,0.014590954759233606,0.048941930165170955,-1.1399218652618228,14.919033572339115,14.867242331335737,-0.01963943988084793,21.4499360752465
carpet,0,texture,0.0123291015625,defocus,2,restormer_deblur,deep,0.9345706105232239,0.714639225416772,0.7877314158697954,0.0905333746522643,22.028150208890615,22.060469575397743,0.7726662755012512,21.4499360752465
carpet,0,texture,0.0123291015625,defocus,2,divide_lpres_on,deep,0.975028395652771,0.9343701583922153,0.6754647497714346,0.5257723111904706,26.986287466119045,27.018918608893646,0.9489290714263916,21.4499360752465
carpet,0,texture,0.0123291015625,defocus,2,divide_lpres_off,deep,1.3635934591293335,0.799562660064652,0.9155949486145062,0.44995277969313663,25.97264304130521,25.7649653842363,0.9221177101135254,21.4499360752465
carpet,0,texture,0.0123291015625,defocus,3,identity,classical,0.896259069442749,0.3332841102615191,1.0,0.0,18.964335203468163,18.99580728256529,0.2984691560268402,18.99580728256529
carpet,0,texture,0.0123291015625,defocus,3,wiener,classical,0.31008973717689514,-0.046956824970873376,0.012718391343645014,-0.5993924072876584,15.009208339889621,14.934563690576537,-0.21346861124038696,18.99580728256529
carpet,0,texture,0.0123291015625,defocus,3,restormer_deblur,deep,0.944535493850708,0.4029259935707626,0.8591774569237491,0.027895759183623192,19.108348877768353,19.143226737121886,0.42520689964294434,18.99580728256529
carpet,0,texture,0.0123291015625,defocus,3,divide_lpres_on,deep,0.9696755409240723,0.8284246005959732,0.6245589759904406,0.4527222579792445,23.99081886126496,24.02504246676333,0.8636773228645325,18.99580728256529
carpet,0,texture,0.0123291015625,defocus,3,divide_lpres_off,deep,1.369871973991394,0.7264576954205217,0.7895690816574352,0.42461371726566177,23.56636961605397,23.45662698406806,0.8404774069786072,18.99580728256529
carpet,0,texture,0.0123291015625,defocus,4,identity,classical,0.844809889793396,0.00813113276164753,1.0,0.0,17.591101960312468,17.621475132747612,0.013260760344564915,17.621475132747612
carpet,0,texture,0.0123291015625,defocus,4,wiener,classical,0.12932339310646057,0.03533570222043808,0.10391834147282313,-0.07679681574735264,16.939816271276875,16.75215192231401,0.15292735397815704,17.621475132747612
carpet,0,texture,0.0123291015625,defocus,4,restormer_deblur,deep,0.8423118591308594,-0.10297677701808002,1.0985162333816567,-0.06580758373975937,16.917969182840814,16.952379288519104,-0.09428223967552185,17.621475132747612
carpet,0,texture,0.0123291015625,defocus,4,divide_lpres_on,deep,0.9563301205635071,0.7926028173333882,0.5750386009930911,0.4435385412650369,22.497099125956318,22.527403318285074,0.7765464186668396,17.621475132747612
carpet,0,texture,0.0123291015625,defocus,4,divide_lpres_off,deep,1.377175211906433,0.7061141665786896,0.6305595126159471,0.43310219429458585,22.331689133813303,22.25064210765236,0.7622984051704407,17.621475132747612
carpet,0,texture,0.0123291015625,motion,2,identity,classical,0.9095127582550049,0.5008293459299105,1.0,0.0,19.88606445180497,19.916526391412525,0.4655543863773346,19.916526391412525
carpet,0,texture,0.0123291015625,motion,2,wiener,classical,0.4628094732761383,0.047114393550983215,0.050235627405094505,-0.6580342591841355,15.501782524399403,15.435901870352344,0.16824543476104736,19.916526391412525
carpet,0,texture,0.0123291015625,motion,2,restormer_deblur,deep,0.977820634841919,0.7238390720932543,0.8311655846365691,0.2261853954084232,22.0801821122485,22.11166169413255,0.7237774729728699,19.916526391412525
carpet,0,texture,0.0123291015625,motion,2,divide_lpres_on,deep,0.9926125407218933,0.835634146191628,0.5983477043391673,-0.06190300480096855,19.235668223709755,19.246981239317165,0.6982755661010742,19.916526391412525
carpet,0,texture,0.0123291015625,motion,2,divide_lpres_off,deep,1.3220446109771729,0.7284172796540934,0.8371555026390882,-0.012585361769412051,19.707376749091058,19.66837605859497,0.6898321509361267,19.916526391412525
carpet,0,texture,0.0123291015625,motion,3,identity,classical,0.9172256588935852,0.49174642496074283,1.0,0.0,19.520933282701392,19.553132034179082,0.46031323075294495,19.553132034179082
carpet,0,texture,0.0123291015625,motion,3,wiener,classical,0.31270498037338257,-0.06220801890398871,0.01804720273364803,-0.8436109719077229,14.273724474233067,14.213120765327831,-0.2910499572753906,19.553132034179082
carpet,0,texture,0.0123291015625,motion,3,restormer_deblur,deep,0.9744253754615784,0.6644991055119431,0.9841960018671557,0.1822906896227373,21.235169972172297,21.269160752544416,0.6658966541290283,19.553132034179082
carpet,0,texture,0.0123291015625,motion,3,divide_lpres_on,deep,0.9912546873092651,0.840907332915236,0.8314690287979452,0.23770946271861648,21.610530322691645,21.64499481265766,0.782115638256073,19.553132034179082
carpet,0,texture,0.0123291015625,motion,3,divide_lpres_off,deep,1.368618130683899,0.7342360837507228,1.0822379474972414,0.23476068324742871,21.65580519669071,21.59686105462816,0.7652104496955872,19.553132034179082
carpet,0,texture,0.0123291015625,motion,4,identity,classical,0.9055846333503723,0.44594305300126336,1.0,0.0,19.635219530717496,19.665462362223725,0.4558984339237213,19.665462362223725
carpet,0,texture,0.0123291015625,motion,4,wiener,classical,0.79948490858078,-0.047694948700700394,0.5427175742089657,-0.41088727698589667,16.67519951752618,16.693149214071976,-0.05973926559090614,19.665462362223725
carpet,0,texture,0.0123291015625,motion,4,restormer_deblur,deep,0.9055846333503723,0.44594305300126336,1.0,0.0,19.635219530717496,19.665462362223725,0.4558984339237213,19.665462362223725
carpet,0,texture,0.0123291015625,motion,4,divide_lpres_on,deep,0.9117034673690796,0.48097091288662525,0.9334422228767495,0.015123435728702228,19.728822134694134,19.760734354143022,0.49680933356285095,19.665462362223725
carpet,0,texture,0.0123291015625,motion,4,divide_lpres_off,deep,0.4562142491340637,0.30703971786860856,0.019341063227454075,0.0024451860528824643,19.594115191315176,19.338427428606238,0.4705795347690582,19.665462362223725
carpet,0,texture,0.0123291015625,noise,2,identity,classical,0.9987888336181641,0.9899197041158434,1.0,0.0,25.12393398654812,25.085114266224316,0.9066166281700134,25.085114266224316
carpet,0,texture,0.0123291015625,noise,2,wiener,classical,0.8287442326545715,-0.11587333759668754,0.5657092353335142,-5.733536360507101,13.455524885173569,13.479038687860927,-0.22812719643115997,25.085114266224316
carpet,0,texture,0.0123291015625,noise,2,restormer_deblur,deep,0.9987888336181641,0.9899197041158434,1.0,0.0,25.12393398654812,25.085114266224316,0.9066166281700134,25.085114266224316
carpet,0,texture,0.0123291015625,noise,2,divide_lpres_on,deep,0.9967447519302368,0.9786215964727688,1.0301322037797194,-0.0010753547296291632,27.809631365139428,27.78088420380829,0.949962854385376,25.085114266224316
carpet,0,texture,0.0123291015625,noise,2,divide_lpres_off,deep,0.6331048011779785,0.6312463736982059,0.5477173481758763,-0.3168366286906299,26.87237273364626,25.75944355108237,0.9265243411064148,25.085114266224316
carpet,0,texture,0.0123291015625,noise,3,identity,classical,1.0008183717727661,0.9817998011516461,1.0,0.0,22.45341378551936,22.42142559257795,0.8413875699043274,22.42142559257795
carpet,0,texture,0.0123291015625,noise,3,wiener,classical,0.833063542842865,-0.11496616244771807,0.6007404323096449,-3.9828250137717696,13.216311303985531,13.23788141934054,-0.21209733188152313,22.42142559257795
carpet,0,texture,0.0123291015625,noise,3,restormer_deblur,deep,1.0008183717727661,0.9817998011516461,1.0,0.0,22.45341378551936,22.42142559257795,0.8413875699043274,22.42142559257795
carpet,0,texture,0.0123291015625,noise,3,divide_lpres_on,deep,0.9942231774330139,0.9735886924011297,1.0298655705476638,0.05483062488523527,25.46176799744312,25.434653698045153,0.9148746132850647,22.42142559257795
carpet,0,texture,0.0123291015625,noise,3,divide_lpres_off,deep,0.6042909026145935,0.6236982356050781,0.48324880813367016,-0.11857869154060197,25.745471239751776,24.84944363396634,0.9078214168548584,22.42142559257795
carpet,0,texture,0.0123291015625,noise,4,identity,classical,0.9906100630760193,0.9714689719837242,1.0,0.0,20.164167560218978,20.134850619279533,0.760204553604126,20.134850619279533
carpet,0,texture,0.0123291015625,noise,4,wiener,classical,0.8218676447868347,-0.11081252529590252,0.5779873515350065,-2.856638009472629,12.886893171230492,12.904520354687147,-0.19203831255435944,20.134850619279533
carpet,0,texture,0.0123291015625,noise,4,restormer_deblur,deep,0.9906100630760193,0.9714689719837242,1.0,0.0,20.164167560218978,20.134850619279533,0.760204553604126,20.134850619279533
carpet,0,texture,0.0123291015625,noise,4,divide_lpres_on,deep,0.9760996699333191,0.9564664877427244,1.0391048255463975,0.08613377195719873,23.330559732881355,23.30639108076346,0.8662452101707458,20.134850619279533
carpet,0,texture,0.0123291015625,noise,4,divide_lpres_off,deep,0.6460357904434204,0.5568484311341453,0.5868443640218868,0.003904701531888599,24.505308847501244,23.890920857192178,0.8822171092033386,20.134850619279533
carpet,0,texture,0.0123291015625,mixed,2,identity,classical,0.8908765316009521,0.5016051013137613,1.0,0.0,19.076408736620614,19.087062805391362,0.46898409724235535,19.087062805391362
carpet,0,texture,0.0123291015625,mixed,2,wiener,classical,0.809592604637146,-0.10901880515347347,0.6661306667014951,-0.6080809157958604,15.520546784522878,15.53792078537395,-0.14526987075805664,19.087062805391362
carpet,0,texture,0.0123291015625,mixed,2,restormer_deblur,deep,0.8908765316009521,0.5016051013137613,1.0,0.0,19.076408736620614,19.087062805391362,0.46898409724235535,19.087062805391362
carpet,0,texture,0.0123291015625,mixed,2,divide_lpres_on,deep,0.8935114741325378,0.523300848747201,0.9907355406561394,0.01097130629472165,19.681349565212717,19.70266838690916,0.5198580622673035,19.087062805391362
carpet,0,texture,0.0123291015625,mixed,2,divide_lpres_off,deep,0.5377547144889832,0.35318913596225615,0.0653461980154087,0.0035264147395951406,19.796679849944855,19.563778476403254,0.5174672603607178,19.087062805391362
carpet,0,texture,0.0123291015625,mixed,3,identity,classical,0.8968411684036255,0.32744106548813895,1.0,0.0,17.3541273148155,17.365812407779984,0.22238659858703613,17.365812407779984
carpet,0,texture,0.0123291015625,mixed,3,wiener,classical,0.8174790740013123,0.036153576133298476,0.7039069314202387,-0.16285451152753105,16.327466228999693,16.334163534865567,0.03784229978919029,17.365812407779984
carpet,0,texture,0.0123291015625,mixed,3,restormer_deblur,deep,0.8968411684036255,0.32744106548813895,1.0,0.0,17.3541273148155,17.365812407779984,0.22238659858703613,17.365812407779984
carpet,0,texture,0.0123291015625,mixed,3,divide_lpres_on,deep,0.8948264122009277,0.36377173197078383,1.0202091317511714,0.023493051678715515,18.177839215291154,18.199607499335528,0.2770446538925171,17.365812407779984
carpet,0,texture,0.0123291015625,mixed,3,divide_lpres_off,deep,0.47689828276634216,0.19041484010160575,0.02394004048663869,-0.005496191958172858,18.16919802251387,18.01742517404916,0.26951080560684204,17.365812407779984
carpet,0,texture,0.0123291015625,mixed,4,identity,classical,0.36144542694091797,0.6059220537559299,1.0,0.0,12.629246510771438,12.50969605196424,0.4039388597011566,12.50969605196424
carpet,0,texture,0.0123291015625,mixed,4,wiener,classical,0.31801849603652954,-0.05368941201894325,0.5620204091547563,-0.06531779552369477,11.536217979412193,11.443203998151892,-0.08779099583625793,12.50969605196424
carpet,0,texture,0.0123291015625,mixed,4,restormer_deblur,deep,0.36144542694091797,0.6059220537559299,1.0,0.0,12.629246510771438,12.50969605196424,0.4039388597011566,12.50969605196424
carpet,0,texture,0.0123291015625,mixed,4,divide_lpres_on,deep,0.3705688714981079,0.6333789970680157,0.9890820925523243,0.06256151497458307,13.146162963293051,13.018090786426193,0.45775794982910156,12.50969605196424
carpet,0,texture,0.0123291015625,mixed,4,divide_lpres_off,deep,0.35868266224861145,-0.023589878795126293,0.8675166743990249,0.5991993994259568,19.339283651662548,19.048123815676398,0.549077033996582,12.50969605196424
carpet,1,scratch,0.001251220703125,defocus,2,identity,classical,0.454721063375473,0.46419786797787316,1.0,0.0,20.817082201134255,20.809162129041713,0.6299141049385071,20.809162129041713
carpet,1,scratch,0.001251220703125,defocus,2,wiener,classical,0.01563664898276329,-0.1436333614008233,0.5218725083826077,-1.0860807763751907,14.593557053559254,14.591055382520373,-0.004801311995834112,20.809162129041713
carpet,1,scratch,0.001251220703125,defocus,2,restormer_deblur,deep,0.5580597519874573,0.5309003247457424,1.0146796398434246,0.08836288809775039,21.449543854386334,21.441183494241404,0.7607904076576233,20.809162129041713
carpet,1,scratch,0.001251220703125,defocus,2,divide_lpres_on,deep,0.7913164496421814,0.8442956261522898,1.217561191075449,0.5411859793366018,27.013492515392976,27.009663182601994,0.9499215483665466,20.809162129041713
carpet,1,scratch,0.001251220703125,defocus,2,divide_lpres_off,deep,0.6470646858215332,0.49439457125562825,1.026216126643174,0.4574679433943204,25.668681825609198,25.657230225556646,0.9221121668815613,20.809162129041713
carpet,1,scratch,0.001251220703125,defocus,3,identity,classical,0.3213426470756531,0.30599151542766445,1.0,0.0,18.37296836883603,18.366201381655767,0.27998924255371094,18.366201381655767
carpet,1,scratch,0.001251220703125,defocus,3,wiener,classical,0.019195225089788437,-0.2291024030706092,0.6193382490392126,-0.5231131877964925,14.84709522652335,14.838486395097359,-0.15830360352993011,18.366201381655767
carpet,1,scratch,0.001251220703125,defocus,3,restormer_deblur,deep,0.3916086256504059,0.06056655459687219,1.0505069351303569,0.022626160963105102,18.490419676358666,18.48368327533894,0.3956734240055084,18.366201381655767
carpet,1,scratch,0.001251220703125,defocus,3,divide_lpres_on,deep,0.6883605718612671,0.7824434327236178,1.4506548232935466,0.4652834618683035,23.699740405550088,23.695442382558575,0.8646222949028015,18.366201381655767
carpet,1,scratch,0.001251220703125,defocus,3,divide_lpres_off,deep,0.6170620918273926,0.5380703194514892,1.3223119691562437,0.43469866523166534,23.19497946584419,23.187702442143042,0.8402723670005798,18.366201381655767
carpet,1,scratch,0.001251220703125,defocus,4,identity,classical,0.2170095145702362,0.26132383257666403,1.0,0.0,17.045214829905355,17.03842737085911,-0.0034003453329205513,17.03842737085911
carpet,1,scratch,0.001251220703125,defocus,4,wiener,classical,0.011637724936008453,0.03890183700096073,1.9235506429960192,-0.05203333646969699,16.668944207954862,16.66127300212082,0.16080980002880096,17.03842737085911
carpet,1,scratch,0.001251220703125,defocus,4,restormer_deblur,deep,0.21290326118469238,0.05246129637854861,0.10165242007200272,-0.05952574860541926,16.43718020754035,16.428822656431098,-0.10089805722236633,17.03842737085911
carpet,1,scratch,0.001251220703125,defocus,4,divide_lpres_on,deep,0.5914657711982727,0.7562952225312306,5.032618638484813,0.45843309880548366,22.251878967352688,22.246162544249156,0.7869713306427002,17.03842737085911
carpet,1,scratch,0.001251220703125,defocus,4,divide_lpres_off,deep,0.5654012560844421,0.6123766821127721,4.755069115836755,0.44390246072634065,22.015229809207682,22.008657135635346,0.7679601311683655,17.03842737085911
carpet,1,scratch,0.001251220703125,motion,2,identity,classical,0.2808142602443695,0.38808393107922273,1.0,0.0,19.750372415465193,19.73878803215801,0.524133026599884,19.73878803215801
carpet,1,scratch,0.001251220703125,motion,2,wiener,classical,0.09232134371995926,-0.4034426914899674,0.005574174770351633,-0.7384923995915149,14.97850372860677,14.974602794995938,0.19458551704883575,19.73878803215801
carpet,1,scratch,0.001251220703125,motion,2,restormer_deblur,deep,0.350494921207428,0.6243686807695186,1.011590198580363,0.12069431541827358,20.810473176717743,20.79797390374376,0.6759834885597229,19.73878803215801
carpet,1,scratch,0.001251220703125,motion,2,divide_lpres_on,deep,0.6931139230728149,0.7468827948618514,1.867340365319021,0.28202955083582526,22.244698075486173,22.242477556338013,0.8690009117126465,19.73878803215801
carpet,1,scratch,0.001251220703125,motion,2,divide_lpres_off,deep,0.5839151740074158,0.5517498891872841,1.6823051391916113,0.3234065351429014,22.771069527386114,22.76402653303662,0.8643138408660889,19.73878803215801
carpet,1,scratch,0.001251220703125,motion,3,identity,classical,0.29806527495384216,0.322080447064717,1.0,0.0,17.87191985914575,17.86565044989372,0.20469851791858673,17.86565044989372
carpet,1,scratch,0.001251220703125,motion,3,wiener,classical,0.02062349207699299,0.03743784430396314,0.6633181399978805,-0.4490523566182629,14.734049872341917,14.724557476511846,-0.059122245758771896,17.86565044989372
carpet,1,scratch,0.001251220703125,motion,3,restormer_deblur,deep,0.430441290140152,0.6383978470063914,1.1319415975925613,0.2518715691889838,20.377923726149625,20.370338344995893,0.6075810790061951,17.86565044989372
carpet,1,scratch,0.001251220703125,motion,3,divide_lpres_on,deep,0.6792544722557068,0.7402186061345506,1.4453138885470644,0.42427395046829874,22.39200345666587,22.39162917332573,0.8521825671195984,17.86565044989372
carpet,1,scratch,0.001251220703125,motion,3,divide_lpres_off,deep,0.5461155772209167,0.4852085361955516,1.2633821639637084,0.4121910510136868,22.25655552340543,22.25211435699366,0.8322030901908875,17.86565044989372
carpet,1,scratch,0.001251220703125,motion,4,identity,classical,0.7276608347892761,0.3974320385373678,1.0,0.0,19.451692606991948,19.4512020972805,0.5518166422843933,19.4512020972805
carpet,1,scratch,0.001251220703125,motion,4,wiener,classical,0.07680674642324448,-0.1968683078331776,0.3654271558391776,-0.6681383739612232,14.988492868142583,14.98591323656118,0.18560796976089478,19.4512020972805
carpet,1,scratch,0.001251220703125,motion,4,restormer_deblur,deep,0.82651287317276,0.37863403827986397,0.8748639943601462,-0.07774322307198722,18.819980929511658,18.818778977738774,0.5580474138259888,19.4512020972805
carpet,1,scratch,0.001251220703125,motion,4,divide_lpres_on,deep,0.7499923706054688,0.36594922469388214,0.506871175276568,-0.26718246210937213,17.308102271019376,17.306143716137623,0.4895901381969452,19.4512020972805
carpet,1,scratch,0.001251220703125,motion,4,divide_lpres_off,deep,0.6459118127822876,0.3490243913986567,0.4939641607083706,-0.2123758589037481,17.68210576859667,17.679749695327132,0.5047041773796082,19.4512020972805
carpet,1,scratch,0.001251220703125,noise,2,identity,classical,1.0110257863998413,0.9447110133268279,1.0,0.0,24.860249739258663,24.86327437370983,0.9136033654212952,24.86327437370983
carpet,1,scratch,0.001251220703125,noise,2,wiener,classical,0.02681691199541092,0.018578307382261534,0.10039655214866651,-5.876715245997975,12.973364105738598,12.970315966125277,-0.22996453940868378,24.86327437370983
carpet,1,scratch,0.001251220703125,noise,2,restormer_deblur,deep,1.0110257863998413,0.9447110133268279,1.0,0.0,24.860249739258663,24.86327437370983,0.9136033654212952,24.86327437370983
carpet,1,scratch,0.001251220703125,noise,2,divide_lpres_on,deep,0.8816825747489929,0.7982769479463969,0.9457347047304654,-0.0013632180348825962,27.534248893954597,27.531999101547335,0.953066349029541,24.86327437370983
carpet,1,scratch,0.001251220703125,noise,2,divide_lpres_off,deep,0.5911582112312317,0.5522731527903602,0.7458962944598171,-0.3138785783394238,26.61933850083907,26.59560104312486,0.9339263439178467,24.86327437370983
carpet,1,scratch,0.001251220703125,noise,3,identity,classical,0.9957361221313477,0.930463800442188,1.0,0.0,22.189171671677684,22.192134898388254,0.8517977595329285,22.192134898388254
carpet,1,scratch,0.001251220703125,noise,3,wiener,classical,0.026984605938196182,0.017973299027886445,0.09928620003475758,-4.09134377551847,12.760017046987729,12.756691618496102,-0.2135642021894455,22.192134898388254
carpet,1,scratch,0.001251220703125,noise,3,restormer_deblur,deep,0.9957361221313477,0.930463800442188,1.0,0.0,22.189171671677684,22.192134898388254,0.8517977595329285,22.192134898388254
carpet,1,scratch,0.001251220703125,noise,3,divide_lpres_on,deep,0.8711152672767639,0.8001897042178394,0.9636833924966067,0.049814379404563236,25.192598488252138,25.192171659315488,0.9202497005462646,22.192134898388254
carpet,1,scratch,0.001251220703125,noise,3,divide_lpres_off,deep,0.5769303441047668,0.6140515478134742,0.7849986927274483,-0.08759456308149849,25.690954638547034,25.67123156085623,0.9181609749794006,22.192134898388254
carpet,1,scratch,0.001251220703125,noise,4,identity,classical,0.9866374135017395,0.8848578776190028,1.0,0.0,19.97177599380338,19.974811410180788,0.7759659886360168,19.974811410180788
carpet,1,scratch,0.001251220703125,noise,4,wiener,classical,0.02673393301665783,0.023045908073763152,0.09241888770810362,-2.9966938270149357,12.45273477454618,12.45029767022732,-0.19520826637744904,19.974811410180788
carpet,1,scratch,0.001251220703125,noise,4,restormer_deblur,deep,0.9866374135017395,0.8848578776190028,1.0,0.0,19.97177599380338,19.974811410180788,0.7759659886360168,19.974811410180788
carpet,1,scratch,0.001251220703125,noise,4,divide_lpres_on,deep,0.8654685020446777,0.7761093040524416,0.9646576260032497,0.0824412320864728,23.17967127475523,23.18057303574024,0.8762046694755554,19.974811410180788
carpet,1,scratch,0.001251220703125,noise,4,divide_lpres_off,deep,0.5549893379211426,0.5905167544705655,0.8060115504966221,0.03522922288290842,24.59448314437902,24.578913530013928,0.8948118686676025,19.974811410180788
carpet,1,scratch,0.001251220703125,mixed,2,identity,classical,0.30099526047706604,0.06942755029333175,1.0,0.0,19.243333700708078,19.233291785483676,0.499904066324234,19.233291785483676
carpet,1,scratch,0.001251220703125,mixed,2,wiener,classical,0.1878545880317688,-0.19317682889045323,0.07683682446034573,-0.9277146450759814,13.577545013164237,13.574296682158991,0.11870002746582031,19.233291785483676
carpet,1,scratch,0.001251220703125,mixed,2,restormer_deblur,deep,0.3643452823162079,0.34940825719620106,1.1084723977786122,0.0897795239225252,20.025255583047784,20.015722294387295,0.6529841423034668,19.233291785483676
carpet,1,scratch,0.001251220703125,mixed,2,divide_lpres_on,deep,0.6298964619636536,0.2550374948408073,1.4831882601984332,-0.5123516996833459,15.519214661043073,15.519016319163603,0.487405389547348,19.233291785483676
carpet,1,scratch,0.001251220703125,mixed,2,divide_lpres_off,deep,0.47584787011146545,0.22998681728887221,1.443926903944133,-0.1676432661475331,17.676969864133216,17.673324891926462,0.5787882208824158,19.233291785483676
carpet,1,scratch,0.001251220703125,mixed,3,identity,classical,0.16089370846748352,0.2994660103037029,1.0,0.0,12.822671359787757,12.827090200082775,0.13924364745616913,12.827090200082775
carpet,1,scratch,0.001251220703125,mixed,3,wiener,classical,0.009511955082416534,-0.23162197577290888,0.6379727007406868,-0.059060348420576725,12.173418041657072,12.17741560104254,-0.06865572184324265,12.827090200082775
carpet,1,scratch,0.001251220703125,mixed,3,restormer_deblur,deep,0.25508826971054077,0.3606449550351508,1.2687236299485996,0.07978882193514925,13.579121585418765,13.58352463494834,0.316490113735199,12.827090200082775
carpet,1,scratch,0.001251220703125,mixed,3,divide_lpres_on,deep,0.3575371503829956,0.8009474524882385,1.5230956149852286,0.06681593359889226,13.721995702914459,13.726559064204256,0.5235810875892639,12.827090200082775
carpet,1,scratch,0.001251220703125,mixed,3,divide_lpres_off,deep,0.3023203909397125,0.5470306549536067,1.4254501446947259,0.5582530972033644,19.14694865081085,19.144124368533,0.643862783908844,12.827090200082775
carpet,1,scratch,0.001251220703125,mixed,4,identity,classical,0.23117345571517944,0.13148485757120676,1.0,0.0,16.34198566272589,16.336097738917395,-0.00876286718994379,16.336097738917395
carpet,1,scratch,0.001251220703125,mixed,4,wiener,classical,0.2185390442609787,0.19771398503795454,15.094550320600026,0.05593218913012066,16.849449071888557,16.84506324086653,0.1152525544166565,16.336097738917395
carpet,1,scratch,0.001251220703125,mixed,4,restormer_deblur,deep,0.23117345571517944,0.13148485757120676,1.0,0.0,16.34198566272589,16.336097738917395,-0.00876286718994379,16.336097738917395
carpet,1,scratch,0.001251220703125,mixed,4,divide_lpres_on,deep,0.23636026680469513,0.13470391273660068,2.0982779346214313,0.00352280927658577,16.33522097854396,16.32826848532889,-0.015993019565939903,16.336097738917395
carpet,1,scratch,0.001251220703125,mixed,4,divide_lpres_off,deep,0.20351542532444,0.23687802760455265,4.250819462966824,0.00038915789045101956,16.31930691932191,16.31220750070421,-0.020230425521731377,16.336097738917395
carpet,2,blob,0.0081939697265625,defocus,2,identity,classical,0.9853667616844177,0.993662418644037,1.0,0.0,21.885782272125894,21.886455427142643,0.6372044086456299,21.886455427142643
carpet,2,blob,0.0081939697265625,defocus,2,wiener,classical,0.4466722309589386,0.003913196649140751,0.03170936682762508,-1.2108212371891627,15.091287011766967,15.081267665906253,-0.12221122533082962,21.886455427142643
carpet,2,blob,0.0081939697265625,defocus,2,restormer_deblur,deep,1.034317135810852,0.9442975632008018,0.7186799217058277,0.19139303544416653,23.602526655561185,23.605198053272364,0.8395926356315613,21.886455427142643
carpet,2,blob,0.0081939697265625,defocus,2,divide_lpres_on,deep,0.9921093583106995,0.995248972745383,0.5926831740194297,0.5323275574015318,27.643743710161072,27.65679832238764,0.9492483139038086,21.886455427142643
carpet,2,blob,0.0081939697265625,defocus,2,divide_lpres_off,deep,0.38358405232429504,-0.04221363499177583,0.24619566506065196,0.4604734361615992,26.642494113223215,26.511886712973727,0.9244739413261414,21.886455427142643
carpet,2,blob,0.0081939697265625,defocus,3,identity,classical,0.9708417654037476,0.9914328350198106,1.0,0.0,19.46030586753398,19.46141155137972,0.3010583221912384,19.46141155137972
carpet,2,blob,0.0081939697265625,defocus,3,wiener,classical,0.2883700132369995,-0.15726967748348458,0.13243899677118084,-0.5614198445131737,15.733204806395111,15.715867386309343,-0.1618715077638626,19.46141155137972
carpet,2,blob,0.0081939697265625,defocus,3,restormer_deblur,deep,1.0033737421035767,0.9586225021415896,0.562429790784065,0.14058013637568534,20.664136735023114,20.665758783716356,0.5760579705238342,19.46141155137972
carpet,2,blob,0.0081939697265625,defocus,3,divide_lpres_on,deep,0.994149923324585,0.9934293095699239,0.4464672186693743,0.44895701833643187,24.408892037143588,24.41355808699671,0.8618490695953369,19.46141155137972
carpet,2,blob,0.0081939697265625,defocus,3,divide_lpres_off,deep,0.34057721495628357,-0.25796746031754536,0.1110629189837828,0.4297458536787353,24.141501596475,24.03852629864701,0.8435556292533875,19.46141155137972
carpet,2,blob,0.0081939697265625,defocus,4,identity,classical,0.9401053190231323,0.9851883688075901,1.0,0.0,18.11519415752248,18.116290238620845,0.02078614942729473,18.116290238620845
carpet,2,blob,0.0081939697265625,defocus,4,wiener,classical,0.06437443196773529,-0.31755510159728956,0.09296019906759437,-0.12751074912104876,17.09749053422,17.07434285510348,0.05271162465214729,18.116290238620845
carpet,2,blob,0.0081939697265625,defocus,4,restormer_deblur,deep,0.9919474124908447,0.9705894262200604,0.8041342552749151,-0.06444891135853537,17.48020609421939,17.482247478046435,-0.08139292150735855,18.116290238620845
carpet,2,blob,0.0081939697265625,defocus,4,divide_lpres_on,deep,0.9953567385673523,0.9923913011281125,0.3880788591150616,0.4302875877514756,22.75095421375059,22.75585119906884,0.7679046988487244,18.116290238620845
carpet,2,blob,0.0081939697265625,defocus,4,divide_lpres_off,deep,0.4021284580230713,-0.29173741771473494,0.07811730004246822,0.4261091296614049,22.725367154046854,22.654264190300154,0.7567080855369568,18.116290238620845
carpet,2,blob,0.0081939697265625,motion,2,identity,classical,0.9766216278076172,0.9928068884077017,1.0,0.0,20.643214799969442,20.648263619856813,0.543822705745697,20.648263619856813
carpet,2,blob,0.0081939697265625,motion,2,wiener,classical,0.6204339861869812,0.1935809674899976,0.2260112663729784,-0.4390740576374459,17.417575249677814,17.40999754769572,0.3464704751968384,20.648263619856813
carpet,2,blob,0.0081939697265625,motion,2,restormer_deblur,deep,0.9923073053359985,0.9771386532482808,0.9015661321477072,0.059805527219258914,21.19759846465425,21.200284836016227,0.6303732991218567,20.648263619856813
carpet,2,blob,0.0081939697265625,motion,2,divide_lpres_on,deep,0.9962287545204163,0.9949528928681594,0.7329185273987345,0.39677499170175434,24.484792137451336,24.49995640564981,0.8798366189002991,20.648263619856813
carpet,2,blob,0.0081939697265625,motion,2,divide_lpres_off,deep,0.3768163323402405,-0.09954501060435077,0.2810448926573716,0.38688148686729174,24.51587395395368,24.439087522871752,0.8664595484733582,20.648263619856813
carpet,2,blob,0.0081939697265625,motion,3,identity,classical,0.9412522912025452,0.985215407618064,1.0,0.0,18.07859878893123,18.079275004900765,0.05942797288298607,18.079275004900765
carpet,2,blob,0.0081939697265625,motion,3,wiener,classical,0.2896069884300232,-0.15598205000414261,0.1266496901374312,-0.24998517788592922,16.210096711990047,16.189270477061854,-0.0153637221083045,18.079275004900765
carpet,2,blob,0.0081939697265625,motion,3,restormer_deblur,deep,1.0045307874679565,0.9460217489108954,0.7282825111944174,0.23940992659221838,20.36900612164377,20.368363277389236,0.5048103928565979,18.079275004900765
carpet,2,blob,0.0081939697265625,motion,3,divide_lpres_on,deep,0.9910354614257812,0.9935862098377028,0.4896525675628883,0.5522005699317809,24.37203328300184,24.387684325732025,0.8762187957763672,18.079275004900765
carpet,2,blob,0.0081939697265625,motion,3,divide_lpres_off,deep,0.3936782777309418,-0.2724779821698374,0.15579189511874192,0.5347521940653974,24.19651997557049,24.113273051108447,0.856863796710968,18.079275004900765
carpet,2,blob,0.0081939697265625,motion,4,identity,classical,0.93363356590271,0.9783063376198753,1.0,0.0,18.52480154777039,18.524825162317956,0.13295094668865204,18.524825162317956
carpet,2,blob,0.0081939697265625,motion,4,wiener,classical,0.8757417798042297,0.7063127696236929,0.7941109414645474,-0.050736645796410684,18.142529460709547,18.14108796158027,0.07127394527196884,18.524825162317956
carpet,2,blob,0.0081939697265625,motion,4,restormer_deblur,deep,0.93363356590271,0.9783063376198753,1.0,0.0,18.52480154777039,18.524825162317956,0.13295094668865204,18.524825162317956
carpet,2,blob,0.0081939697265625,motion,4,divide_lpres_on,deep,0.9353962540626526,0.978359746882576,0.954742382653804,-0.0003276642890184256,18.470022767362263,18.46938667395095,0.13481822609901428,18.524825162317956
carpet,2,blob,0.0081939697265625,motion,4,divide_lpres_off,deep,0.5550717115402222,-0.8216551972352004,0.47418028554690195,-0.0032376182399311837,18.48298499587804,18.420110788337865,0.12397769838571548,18.524825162317956
carpet,2,blob,0.0081939697265625,noise,2,identity,classical,0.9950170516967773,0.9787614447996117,1.0,0.0,25.060877644521145,25.072955147682286,0.8969953656196594,25.072955147682286
carpet,2,blob,0.0081939697265625,noise,2,wiener,classical,0.9287658929824829,0.6849563119323404,0.809868339824054,-5.352289201521343,13.849857704629509,13.851325030806072,-0.24344603717327118,25.072955147682286
carpet,2,blob,0.0081939697265625,noise,2,restormer_deblur,deep,0.9950170516967773,0.9787614447996117,1.0,0.0,25.060877644521145,25.072955147682286,0.8969953656196594,25.072955147682286
carpet,2,blob,0.0081939697265625,noise,2,divide_lpres_on,deep,0.9743156433105469,0.9771201422538993,1.005480968168039,0.022648557543065717,27.873950504875943,27.883313611733065,0.9458410143852234,25.072955147682286
carpet,2,blob,0.0081939697265625,noise,2,divide_lpres_off,deep,0.30817827582359314,-0.04652000555464416,0.3664153847371748,-0.2159725494036031,27.543018817807233,27.32352079953752,0.9360319972038269,25.072955147682286
carpet,2,blob,0.0081939697265625,noise,3,identity,classical,0.9886446595191956,0.9528106460478692,1.0,0.0,22.366720247656687,22.3780620667413,0.825202465057373,22.3780620667413
carpet,2,blob,0.0081939697265625,noise,3,wiener,classical,2.925924062728882,0.023276318348924345,0.799724194097306,-3.67684075665084,13.57638295721415,13.577756664692618,-0.22570019960403442,22.3780620667413
carpet,2,blob,0.0081939697265625,noise,3,restormer_deblur,deep,1.180003046989441,0.625079384262855,1.0,0.0,22.366720247656687,22.3780620667413,0.825202465057373,22.3780620667413
carpet,2,blob,0.0081939697265625,noise,3,divide_lpres_on,deep,2.6406116485595703,0.11731465774671675,1.0115734765003905,0.06603250771177827,25.4326739430345,25.443019401284715,0.9066023230552673,22.3780620667413
carpet,2,blob,0.0081939697265625,noise,3,divide_lpres_off,deep,1.5134949684143066,0.05101689226542873,0.485296113752295,-0.0325592535708934,26.32736126941068,26.18916594551058,0.9167429804801941,22.3780620667413
carpet,2,blob,0.0081939697265625,noise,4,identity,classical,0.9889402389526367,0.9288123131883087,1.0,0.0,20.126517472673736,20.135786554030485,0.7397885322570801,20.135786554030485
carpet,2,blob,0.0081939697265625,noise,4,wiener,classical,0.9249150156974792,0.6630258763953149,0.7940399467208317,-2.646703545437824,13.214320785850948,13.215537444420647,-0.20289333164691925,20.135786554030485
carpet,2,blob,0.0081939697265625,noise,4,restormer_deblur,deep,0.9889402389526367,0.9288123131883087,1.0,0.0,20.126517472673736,20.135786554030485,0.7397885322570801,20.135786554030485
carpet,2,blob,0.0081939697265625,noise,4,divide_lpres_on,deep,0.9649101495742798,0.9391499299469621,1.0391428724219187,0.0947034469820821,23.338419241608367,23.34581013890378,0.8549006581306458,20.135786554030485
carpet,2,blob,0.0081939697265625,noise,4,divide_lpres_off,deep,0.3491477072238922,0.1367729963785607,0.5162931514847197,0.05926769550699218,24.92724359073641,24.821048185764226,0.8877376914024353,20.135786554030485
carpet,2,blob,0.0081939697265625,mixed,2,identity,classical,0.6379627585411072,0.9406165037029478,1.0,0.0,15.776905147599841,15.791073880758965,0.43451187014579773,15.791073880758965
carpet,2,blob,0.0081939697265625,mixed,2,wiener,classical,0.3224557042121887,-0.0009568909661085149,0.028778561501477076,-0.17071111716008236,14.137687146665968,14.15099922913258,-0.04865559935569763,15.791073880758965
carpet,2,blob,0.0081939697265625,mixed,2,restormer_deblur,deep,0.664578914642334,0.8310563278457392,0.7889103621240116,0.08314556715832211,16.520585608658802,16.5355591119391,0.5229848027229309,15.791073880758965
carpet,2,blob,0.0081939697265625,mixed,2,divide_lpres_on,deep,0.6424035429954529,0.6285753232266895,0.7268509842256083,0.04135134972680876,16.148663678495694,16.163609334005216,0.542742908000946,15.791073880758965
carpet,2,blob,0.0081939697265625,mixed,2,divide_lpres_off,deep,0.3183366656303406,-0.23764739163049187,0.062008899540732854,0.3952145063967871,19.459246175697263,19.4465606832619,0.5438157916069031,15.791073880758965
carpet,2,blob,0.0081939697265625,mixed,3,identity,classical,0.9664823412895203,0.7507984030133257,1.0,0.0,18.76846894624552,18.773055917517066,0.2723775804042816,18.773055917517066
carpet,2,blob,0.0081939697265625,mixed,3,wiener,classical,0.9118101596832275,0.6137107037963604,0.7515669419819335,-0.1787882296005061,17.413680393294808,17.413472587333136,0.026771822944283485,18.773055917517066
carpet,2,blob,0.0081939697265625,mixed,3,restormer_deblur,deep,0.9664823412895203,0.7507984030133257,1.0,0.0,18.76846894624552,18.773055917517066,0.2723775804042816,18.773055917517066
carpet,2,blob,0.0081939697265625,mixed,3,divide_lpres_on,deep,0.9662491083145142,0.7686023505435295,0.9912963757998539,0.019470758589003156,18.8983652394045,18.902798737840676,0.3019926846027374,18.773055917517066
carpet,2,blob,0.0081939697265625,mixed,3,divide_lpres_off,deep,0.7369600534439087,-0.16777763324705383,0.09875914314614187,-0.008722901163420671,18.68354848775327,18.622245800931495,0.2809640169143677,18.773055917517066
carpet,2,blob,0.0081939697265625,mixed,4,identity,classical,0.9156121015548706,0.6978148637120438,1.0,0.0,17.396686122538874,17.399725989828745,0.06619893014431,17.399725989828745
carpet,2,blob,0.0081939697265625,mixed,4,wiener,classical,0.8522516489028931,0.5717118192107047,0.790639429456711,-0.0013922854885657365,17.402720834963926,17.40032790570127,0.07761386781930923,17.399725989828745
carpet,2,blob,0.0081939697265625,mixed,4,restormer_deblur,deep,0.9156121015548706,0.6978148637120438,1.0,0.0,17.396686122538874,17.399725989828745,0.06619893014431,17.399725989828745
carpet,2,blob,0.0081939697265625,mixed,4,divide_lpres_on,deep,0.9109588265419006,0.7146011617254685,1.0240352039958522,0.004332805302176612,17.405543704654505,17.407809467973543,0.06490755081176758,17.399725989828745
carpet,2,blob,0.0081939697265625,mixed,4,divide_lpres_off,deep,0.5416806936264038,-0.36174444256463095,0.2020480447917035,-0.008422075980286214,17.302330093587372,17.27707615293149,0.05688048526644707,17.399725989828745
carpet,3,texture,0.005035400390625,defocus,2,identity,classical,0.6926053166389465,0.7774028089859147,1.0,0.0,22.109768489266767,22.127554636668112,0.6411659121513367,22.127554636668112
carpet,3,texture,0.005035400390625,defocus,2,wiener,classical,0.41049331426620483,-0.07096624478981799,0.37960522488127624,-1.1753846516000745,15.471967765275378,15.484508737878134,-0.06445394456386566,22.127554636668112
carpet,3,texture,0.005035400390625,defocus,2,restormer_deblur,deep,0.9327478408813477,0.8755351935870318,0.7493991085281746,0.1814118648570615,23.74282119676176,23.75333692807907,0.8380947113037109,22.127554636668112
carpet,3,texture,0.005035400390625,defocus,2,divide_lpres_on,deep,0.9376765489578247,0.7832095061894369,0.5228172611536887,0.54335308295369,28.2272646928597,28.139456602020164,0.9510709643363953,22.127554636668112
carpet,3,texture,0.005035400390625,defocus,2,divide_lpres_off,deep,0.8822051882743835,0.7687212343943658,0.5245025973091192,0.47169927684009916,27.123865790946482,27.0802590462312,0.9281670451164246,22.127554636668112
carpet,3,texture,0.005035400390625,defocus,3,identity,classical,0.6154541969299316,0.5287975720927341,1.0,0.0,19.69260631587888,19.710648284158804,0.3092760741710663,19.710648284158804
carpet,3,texture,0.005035400390625,defocus,3,wiener,classical,0.258216917514801,-0.15278220425776162,0.13048284724679432,-0.5922806861753243,15.792461063011082,15.804392716494247,-0.18464772403240204,19.710648284158804
carpet,3,texture,0.005035400390625,defocus,3,restormer_deblur,deep,0.8107905387878418,0.6589470880956894,0.6045784416615375,0.13979243300647748,20.89132259235489,20.908359942369916,0.5844614505767822,19.710648284158804
carpet,3,texture,0.005035400390625,defocus,3,divide_lpres_on,deep,0.9543824791908264,0.7115911264569491,0.408159492285094,0.4691966395296102,24.977467535328334,24.94935801031759,0.8708810210227966,19.710648284158804
carpet,3,texture,0.005035400390625,defocus,3,divide_lpres_off,deep,0.9101228713989258,0.7252174318424153,0.42136906517368317,0.4466666455236543,24.642995920012893,24.63016794249517,0.853912889957428,19.710648284158804
carpet,3,texture,0.005035400390625,defocus,4,identity,classical,0.5590993165969849,0.23328921212139164,1.0,0.0,18.34687776209212,18.36481888275226,0.031469736248254776,18.36481888275226
carpet,3,texture,0.005035400390625,defocus,4,wiener,classical,0.14242641627788544,-0.08891221728360237,0.13031048034899584,-0.09719940879028166,17.582042634136602,17.593134340847524,0.12830661237239838,18.36481888275226
carpet,3,texture,0.005035400390625,defocus,4,restormer_deblur,deep,0.5916178226470947,0.057424807792109706,0.8082889491798323,-0.06810618423458803,17.67320843208077,17.69122625253412,-0.07722178846597672,18.36481888275226
carpet,3,texture,0.005035400390625,defocus,4,divide_lpres_on,deep,0.9370318651199341,0.48294767598172234,0.44305206074588344,0.4423628903397213,23.216347863015997,23.18902394107727,0.7789503931999207,18.36481888275226
carpet,3,texture,0.005035400390625,defocus,4,divide_lpres_off,deep,0.8689000010490417,0.5330252040235169,0.4381280163592345,0.437853273129843,23.16559085270827,23.15285519279659,0.7705514430999756,18.36481888275226
carpet,3,texture,0.005035400390625,motion,2,identity,classical,0.7106373906135559,0.6698418845726951,1.0,0.0,20.552847772669132,20.570963364586667,0.49114975333213806,20.570963364586667
carpet,3,texture,0.005035400390625,motion,2,wiener,classical,0.573383092880249,0.21207488148865705,0.3165468688945923,-0.48269859302352813,17.081310234938524,17.092190617905242,0.28947126865386963,20.570963364586667
carpet,3,texture,0.005035400390625,motion,2,restormer_deblur,deep,0.8221954703330994,0.7866463234827171,0.7199388511526561,0.21563761848395335,22.677772253057928,22.69489886903717,0.730487585067749,20.570963364586667
carpet,3,texture,0.005035400390625,motion,2,divide_lpres_on,deep,1.1500296592712402,0.7910874682694858,0.4967821767742497,0.32366836961394607,23.609607760371905,23.55661158156785,0.8445019721984863,20.570963364586667
carpet,3,texture,0.005035400390625,motion,2,divide_lpres_off,deep,1.0655033588409424,0.8030989463338681,0.5002031677799117,0.32410471180072575,23.682056764829518,23.650519589473085,0.833454430103302,20.570963364586667
carpet,3,texture,0.005035400390625,motion,3,identity,classical,0.6796948313713074,0.6167439921048634,1.0,0.0,20.291502822935183,20.308602640686857,0.47164830565452576,20.308602640686857
carpet,3,texture,0.005035400390625,motion,3,wiener,classical,0.3003852069377899,-0.17129322911159547,0.17374921862055173,-0.7858651912194414,15.301177677819002,15.312373338790376,-0.24299311637878418,20.308602640686857
carpet,3,texture,0.005035400390625,motion,3,restormer_deblur,deep,0.8010677695274353,0.7719854381733885,0.7749376657512161,0.20559418501719695,22.246144905281582,22.26323669768588,0.700524628162384,20.308602640686857
carpet,3,texture,0.005035400390625,motion,3,divide_lpres_on,deep,1.0291893482208252,0.5297204065452571,0.4917085724944021,0.3073791754799058,23.157382441265337,23.10127362203538,0.8080584406852722,20.308602640686857
carpet,3,texture,0.005035400390625,motion,3,divide_lpres_off,deep,0.9631585478782654,0.6086220620343794,0.5700972019188627,0.301984920165156,23.188227032460752,23.159247654899136,0.7964454293251038,20.308602640686857
carpet,3,texture,0.005035400390625,motion,4,identity,classical,0.5314792394638062,0.37082756234066017,1.0,0.0,18.902186150106377,18.91907176148197,0.17043791711330414,18.91907176148197
carpet,3,texture,0.005035400390625,motion,4,wiener,classical,0.45150718092918396,0.14553337998479102,0.8296257659755122,-0.09118282655299392,18.142947735301295,18.16002215059504,0.03170385956764221,18.91907176148197
carpet,3,texture,0.005035400390625,motion,4,restormer_deblur,deep,0.5314792394638062,0.37082756234066017,1.0,0.0,18.902186150106377,18.91907176148197,0.17043791711330414,18.91907176148197
carpet,3,texture,0.005035400390625,motion,4,divide_lpres_on,deep,0.5398837327957153,0.3751357217018176,0.9531938908138742,0.0033520215953249943,18.86948036426927,18.886596164686896,0.17908340692520142,18.91907176148197
carpet,3,texture,0.005035400390625,motion,4,divide_lpres_off,deep,0.5389299392700195,0.36372471437850085,1.0171922716817667,8.726612247778043e-05,18.89066675612959,18.90759152709516,0.1698663979768753,18.91907176148197
carpet,3,texture,0.005035400390625,noise,2,identity,classical,1.0026440620422363,0.9984953840613008,1.0,0.0,25.066265880804863,25.063128365366218,0.8922249674797058,25.063128365366218
carpet,3,texture,0.005035400390625,noise,2,wiener,classical,0.8315024971961975,-0.16098463341709673,1.0418802593312102,-5.145959785024451,14.094718949705838,14.110437282526107,-0.2267223447561264,25.063128365366218
carpet,3,texture,0.005035400390625,noise,2,restormer_deblur,deep,1.0026440620422363,0.9984953840613008,1.0,0.0,25.066265880804863,25.063128365366218,0.8922249674797058,25.063128365366218
carpet,3,texture,0.005035400390625,noise,2,divide_lpres_on,deep,0.9913291931152344,0.9935881236242855,1.0551032591519702,0.02168883429117263,27.88728575715718,27.885366184083917,0.9433957934379578,25.063128365366218
carpet,3,texture,0.005035400390625,noise,2,divide_lpres_off,deep,0.9172608256340027,0.9524214070805044,1.208660051156411,-0.18889564703286532,27.75091763767085,27.759087521094674,0.9375474452972412,25.063128365366218
carpet,3,texture,0.005035400390625,noise,3,identity,classical,0.9986963868141174,0.9974253132297812,1.0,0.0,22.350226668127213,22.346553024871145,0.8176023960113525,22.346553024871145
carpet,3,texture,0.005035400390625,noise,3,wiener,classical,0.8301329016685486,-0.164835897631195,1.0900255423307754,-3.542232548196858,13.805539906599675,13.819731281174183,-0.20824289321899414,22.346553024871145
carpet,3,texture,0.005035400390625,noise,3,restormer_deblur,deep,0.9986963868141174,0.9974253132297812,1.0,0.0,22.350226668127213,22.346553024871145,0.8176023960113525,22.346553024871145
carpet,3,texture,0.005035400390625,noise,3,divide_lpres_on,deep,0.9727455377578735,0.9876173461583241,1.063846441070413,0.06818180098845339,25.44137279261905,25.437399570822002,0.9028008580207825,22.346553024871145
carpet,3,texture,0.005035400390625,noise,3,divide_lpres_off,deep,0.9254024028778076,0.9345470904285004,1.2475473513846773,-0.017188187105190655,26.47481786883535,26.479960875693806,0.9171082973480225,22.346553024871145
carpet,3,texture,0.005035400390625,noise,4,identity,classical,0.9978224635124207,0.9943724060675196,1.0,0.0,20.135738980479477,20.13185306357996,0.7307868003845215,20.13185306357996
carpet,3,texture,0.005035400390625,noise,4,wiener,classical,0.8304461240768433,-0.16094745490141907,1.1467238639667943,-2.5504707092741716,13.426164449201929,13.438820181292071,-0.18708790838718414,20.13185306357996
carpet,3,texture,0.005035400390625,noise,4,restormer_deblur,deep,0.9978224635124207,0.9943724060675196,1.0,0.0,20.135738980479477,20.13185306357996,0.7307868003845215,20.13185306357996
carpet,3,texture,0.005035400390625,noise,4,divide_lpres_on,deep,0.9567204117774963,0.9833025566086515,1.0254754900167449,0.0964488006501869,23.353956912537658,23.349859091275604,0.8495106101036072,20.13185306357996
carpet,3,texture,0.005035400390625,noise,4,divide_lpres_off,deep,0.9996579885482788,0.8819797171331935,1.5665100923352682,0.06201421364755377,25.013750051849144,25.005405754030683,0.8865313529968262,20.13185306357996
carpet,3,texture,0.005035400390625,mixed,2,identity,classical,0.7151277661323547,0.7645119767969837,1.0,0.0,22.145472257925206,22.163047112768815,0.6487454771995544,22.163047112768815
carpet,3,texture,0.005035400390625,mixed,2,wiener,classical,0.4200141727924347,-0.042433940066545016,0.4693019652084833,-0.9839367241707033,16.334243877633092,16.347426985284585,-0.034119367599487305,22.163047112768815
carpet,3,texture,0.005035400390625,mixed,2,restormer_deblur,deep,0.8682163953781128,0.7777738933494903,0.8052694771723773,0.05857330342106437,22.524852274376315,22.539946227363693,0.7446611523628235,22.163047112768815
carpet,3,texture,0.005035400390625,mixed,2,divide_lpres_on,deep,0.8864736557006836,0.5870757579520934,0.6858660126384932,0.06868885227205312,22.69770235937077,22.69798427593576,0.7438206076622009,22.163047112768815
carpet,3,texture,0.005035400390625,mixed,2,divide_lpres_off,deep,0.86790531873703,0.5959615703451969,0.7044171657639593,0.0723808099800114,22.752254454881307,22.75505708921567,0.7401554584503174,22.163047112768815
carpet,3,texture,0.005035400390625,mixed,3,identity,classical,0.5938289761543274,0.4072077785629225,1.0,0.0,18.944968024674086,18.95910447979922,0.27535954117774963,18.95910447979922
carpet,3,texture,0.005035400390625,mixed,3,wiener,classical,0.49199843406677246,0.15609655078590245,1.0065658466290954,-0.16855104258963505,17.644962774544602,17.659855215270795,0.046276599168777466,18.95910447979922
carpet,3,texture,0.005035400390625,mixed,3,restormer_deblur,deep,0.5938289761543274,0.4072077785629225,1.0,0.0,18.944968024674086,18.95910447979922,0.27535954117774963,18.95910447979922
carpet,3,texture,0.005035400390625,mixed,3,divide_lpres_on,deep,0.5993802547454834,0.4515306659112522,0.9827871293524847,0.01963033617335641,19.072388052191794,19.087028715755928,0.30472058057785034,18.95910447979922
carpet,3,texture,0.005035400390625,mixed,3,divide_lpres_off,deep,0.6176705956459045,0.4514498806752387,0.8780024509030887,-0.016104882579164537,18.77891896675509,18.79498391190308,0.28423812985420227,18.95910447979922
carpet,3,texture,0.005035400390625,mixed,4,identity,classical,0.5651757121086121,0.5637287616888764,1.0,0.0,17.212265306585476,17.219697359610226,0.27998313307762146,17.219697359610226
carpet,3,texture,0.005035400390625,mixed,4,wiener,classical,0.30262550711631775,-0.05348079968890208,0.23331696077000147,-1.0731910157429763,9.378900631549772,9.380821056784555,-0.013459193520247936,17.219697359610226
carpet,3,texture,0.005035400390625,mixed,4,restormer_deblur,deep,0.5405179858207703,0.5518457467937994,1.1779160419200088,-0.011508152342801115,17.89328886242911,17.90395750672505,0.3007718622684479,17.219697359610226
carpet,3,texture,0.005035400390625,mixed,4,divide_lpres_on,deep,0.48411867022514343,0.46789198548823613,0.5758504753321816,-1.0557385552583138,10.294683650879513,10.296247441973094,0.07494872808456421,17.219697359610226
carpet,3,texture,0.005035400390625,mixed,4,divide_lpres_off,deep,0.5037250518798828,0.4133327721656113,0.4605534601048231,-0.468769201670749,14.294022195641833,14.29457362956203,0.17479979991912842,17.219697359610226
carpet,4,scratch,0.0060577392578125,defocus,2,identity,classical,0.842589795589447,0.8869226870368013,1.0,0.0,22.018576532824838,22.01431257322146,0.6433596611022949,22.01431257322146
carpet,4,scratch,0.0060577392578125,defocus,2,wiener,classical,0.008960113860666752,0.07287756322697947,0.11752150659048678,-1.207455597032176,15.228179541814363,15.205480296694532,-0.10414993017911911,22.01431257322146
carpet,4,scratch,0.0060577392578125,defocus,2,restormer_deblur,deep,0.9409804940223694,0.8483436503903873,0.7825390482867992,0.20273328820824554,23.845492818475908,23.846302761122892,0.8465132117271423,22.01431257322146
carpet,4,scratch,0.0060577392578125,defocus,2,divide_lpres_on,deep,0.98421710729599,0.9620357683832835,0.6849640367898742,0.5312256914273792,27.797535200632403,27.806653058012007,0.9499492645263672,22.01431257322146
carpet,4,scratch,0.0060577392578125,defocus,2,divide_lpres_off,deep,0.9519246220588684,0.9139883359786349,0.7043906786925777,0.46086398342305,26.785253395900938,26.789276495000898,0.9270529747009277,22.01431257322146
carpet,4,scratch,0.0060577392578125,defocus,3,identity,classical,0.7423022389411926,0.8381166703894094,1.0,0.0,19.57359341840744,19.568040490336486,0.3087315261363983,19.568040490336486
carpet,4,scratch,0.0060577392578125,defocus,3,wiener,classical,0.020214153453707695,-0.021204680334616657,0.024714611283681246,-0.5932798353093744,15.65026305072163,15.627041554242796,-0.18228094279766083,19.568040490336486
carpet,4,scratch,0.0060577392578125,defocus,3,restormer_deblur,deep,0.8362299203872681,0.7690757363741517,0.7358044725359669,0.12855445867760695,20.678101652935243,20.679693925214302,0.5735815167427063,19.568040490336486
carpet,4,scratch,0.0060577392578125,defocus,3,divide_lpres_on,deep,0.9750826954841614,0.9414246441662887,0.6815305264473274,0.45156587705383355,24.56688725720188,24.56932998360921,0.8652140498161316,19.568040490336486
carpet,4,scratch,0.0060577392578125,defocus,3,divide_lpres_off,deep,0.9520798325538635,0.9079969250705868,0.6956704363238557,0.43122473473762524,24.27835811298172,24.278224336268526,0.8478315472602844,19.568040490336486
carpet,4,scratch,0.0060577392578125,defocus,4,identity,classical,0.5854488611221313,0.5398074023821317,1.0,0.0,18.210923948799273,18.20244882172925,0.02732877992093563,18.20244882172925
carpet,4,scratch,0.0060577392578125,defocus,4,wiener,classical,0.03253303840756416,-0.15960150729960695,0.01794673138463449,-0.1349171347062088,17.158575136328665,17.129112066193688,0.05198153853416443,18.20244882172925
carpet,4,scratch,0.0060577392578125,defocus,4,restormer_deblur,deep,0.6090148091316223,0.39623518941555363,0.9032239173429507,-0.0695731534162245,17.531761269807234,17.52829150768644,-0.08279717713594437,18.20244882172925
carpet,4,scratch,0.0060577392578125,defocus,4,divide_lpres_on,deep,0.9229284524917603,0.9267008613609724,0.9109380355115915,0.4356085335836444,22.937767119359815,22.939229565163277,0.7720775604248047,18.20244882172925
carpet,4,scratch,0.0060577392578125,defocus,4,divide_lpres_off,deep,0.9037147164344788,0.9143934914875107,0.9026456827350277,0.4296277324119552,22.86710895172034,22.865697581619813,0.7614572048187256,18.20244882172925
carpet,4,scratch,0.0060577392578125,motion,2,identity,classical,0.9175987839698792,0.8951366695746915,1.0,0.0,21.123733153309235,21.118198676983337,0.5767650604248047,21.118198676983337
carpet,4,scratch,0.0060577392578125,motion,2,wiener,classical,0.012038455344736576,-0.10052532356443455,0.23939612057485105,-0.6339514963503572,16.892112139917323,16.859937428442763,0.2416178435087204,21.118198676983337
carpet,4,scratch,0.0060577392578125,motion,2,restormer_deblur,deep,0.9319993853569031,0.8427689120523235,0.8350605515358459,-0.04762258590371449,20.65300005089196,20.646858859791173,0.5662729144096375,21.118198676983337
carpet,4,scratch,0.0060577392578125,motion,2,divide_lpres_on,deep,0.9986222982406616,0.9592673417588609,0.689800011693221,0.423136854751491,25.215132484428274,25.222543545251455,0.9069693684577942,21.118198676983337
carpet,4,scratch,0.0060577392578125,motion,2,divide_lpres_off,deep,0.9725440740585327,0.9324839413637255,0.7120936893837637,0.4039243624383887,25.143983419048222,25.14658653307646,0.8909174799919128,21.118198676983337
carpet,4,scratch,0.0060577392578125,motion,3,identity,classical,0.4742242097854614,0.08834896196550827,1.0,0.0,19.607075328342173,19.594668164792143,0.3558236062526703,19.594668164792143
carpet,4,scratch,0.0060577392578125,motion,3,wiener,classical,0.09688522666692734,-0.2843267394620397,0.21727038772305554,-0.6387921065406625,15.356308485460655,15.330513478248713,-0.23180828988552094,19.594668164792143
carpet,4,scratch,0.0060577392578125,motion,3,restormer_deblur,deep,0.7739701271057129,0.7742427910375047,1.6171881602713798,0.22566966395794552,21.799279441463298,21.791750887010927,0.6652683019638062,19.594668164792143
carpet,4,scratch,0.0060577392578125,motion,3,divide_lpres_on,deep,0.949529767036438,0.9249815306701543,1.6438822767121983,0.3384112970232498,22.871896234422195,22.86783809798046,0.79803866147995,19.594668164792143
carpet,4,scratch,0.0060577392578125,motion,3,divide_lpres_off,deep,0.919908881187439,0.8887592218824323,1.663028352883732,0.3326376731865037,22.85759353309786,22.852235754197906,0.7851771712303162,19.594668164792143
carpet,4,scratch,0.0060577392578125,motion,4,identity,classical,0.42841628193855286,0.10505429489407353,1.0,0.0,18.30436744869681,18.29132305672993,0.07043197751045227,18.29132305672993
carpet,4,scratch,0.0060577392578125,motion,4,wiener,classical,0.040819935500621796,0.046894172246266096,0.2209282549495189,-0.1364715707112245,17.178170693303688,17.14506387954072,0.10282380133867264,18.29132305672993
carpet,4,scratch,0.0060577392578125,motion,4,restormer_deblur,deep,0.7463477253913879,0.740507024442551,1.8654012359874537,0.28551513395262207,21.149350280249543,21.1465366909622,0.5771284699440002,18.29132305672993
carpet,4,scratch,0.0060577392578125,motion,4,divide_lpres_on,deep,0.87423175573349,0.9366846706636351,1.9101468116071327,0.42879301349488186,22.84138864611284,22.848228669543097,0.7895913124084473,18.29132305672993
carpet,4,scratch,0.0060577392578125,motion,4,divide_lpres_off,deep,0.8504048585891724,0.9047830358066754,1.942473589297295,0.4246471353930281,22.798007197131298,22.802970282172723,0.7775937914848328,18.29132305672993
carpet,4,scratch,0.0060577392578125,noise,2,identity,classical,0.9942226409912109,0.9897580110801656,1.0,0.0,25.10543008497831,25.096844834453652,0.8963358998298645,25.096844834453652
carpet,4,scratch,0.0060577392578125,noise,2,wiener,classical,0.5323274731636047,-0.06050683032742146,0.2579867979029222,-5.304670916589466,13.963691576193453,13.954070351854517,-0.23689937591552734,25.096844834453652
carpet,4,scratch,0.0060577392578125,noise,2,restormer_deblur,deep,0.9942226409912109,0.9897580110801656,1.0,0.0,25.10543008497831,25.096844834453652,0.8963358998298645,25.096844834453652
carpet,4,scratch,0.0060577392578125,noise,2,divide_lpres_on,deep,0.9902454018592834,0.9836482812880825,1.022152391859866,0.023380585548782307,27.907266737620443,27.90242467075729,0.9455845952033997,25.096844834453652
carpet,4,scratch,0.0060577392578125,noise,2,divide_lpres_off,deep,0.8657893538475037,0.89575069115593,1.077693023220242,-0.20245252960608529,27.6944845117111,27.6848945270377,0.9382992386817932,25.096844834453652
carpet,4,scratch,0.0060577392578125,noise,3,identity,classical,1.000712513923645,0.9855723428744463,1.0,0.0,22.422752695341316,22.41560342753814,0.82505863904953,22.41560342753814
carpet,4,scratch,0.0060577392578125,noise,3,wiener,classical,0.5397209525108337,-0.06076316248756781,0.2919824614350147,-3.644720496624954,13.685751891225681,13.675454254884112,-0.2189037799835205,22.41560342753814
carpet,4,scratch,0.0060577392578125,noise,3,restormer_deblur,deep,1.000712513923645,0.9855723428744463,1.0,0.0,22.422752695341316,22.41560342753814,0.82505863904953,22.41560342753814
carpet,4,scratch,0.0060577392578125,noise,3,divide_lpres_on,deep,0.9901881814002991,0.9766155839352524,1.0238988353916174,0.06729518439602622,25.499453085320805,25.494249930242173,0.9071963429450989,22.41560342753814
carpet,4,scratch,0.0060577392578125,noise,3,divide_lpres_off,deep,0.8203237056732178,0.8763413478177895,1.0867019912487181,-0.03491853534769618,26.38665149905863,26.383264532054405,0.9181787371635437,22.41560342753814
carpet,4,scratch,0.0060577392578125,noise,4,identity,classical,1.0029512643814087,0.9773019996747491,1.0,0.0,20.128111421395825,20.120609099626098,0.7380034327507019,20.120609099626098
carpet,4,scratch,0.0060577392578125,noise,4,wiener,classical,0.536773681640625,-0.06381588205284433,0.20780001924742567,-2.6218164263616774,13.304112077337338,13.293682531527821,-0.1965177208185196,20.120609099626098
carpet,4,scratch,0.0060577392578125,noise,4,restormer_deblur,deep,1.0029512643814087,0.9773019996747491,1.0,0.0,20.128111421395825,20.120609099626098,0.7380034327507019,20.120609099626098
carpet,4,scratch,0.0060577392578125,noise,4,divide_lpres_on,deep,0.9804960489273071,0.9653910087147999,1.0381137094607045,0.09523986813147645,23.342748172859476,23.336166797264806,0.8543928265571594,20.120609099626098
carpet,4,scratch,0.0060577392578125,noise,4,divide_lpres_off,deep,0.8027743101119995,0.8391815916454528,1.0491631354936686,0.05869267056248684,24.975490959390903,24.974515247387252,0.8896387219429016,20.120609099626098
carpet,4,scratch,0.0060577392578125,mixed,2,identity,classical,0.6189292669296265,0.8326731302573738,1.0,0.0,17.040429634441917,17.01372270813667,0.7969455718994141,17.01372270813667
carpet,4,scratch,0.0060577392578125,mixed,2,wiener,classical,0.375983327627182,-0.11020097772315039,0.29580389590785683,-0.3233953812226831,13.590714320367471,13.56495704077621,-0.20200471580028534,17.01372270813667
carpet,4,scratch,0.0060577392578125,mixed,2,restormer_deblur,deep,0.6189292669296265,0.8326731302573738,1.0,0.0,17.040429634441917,17.01372270813667,0.7969455718994141,17.01372270813667
carpet,4,scratch,0.0060577392578125,mixed,2,divide_lpres_on,deep,0.6377818584442139,0.8557023764942064,0.9945911810269209,0.09439862205426264,17.868752329641914,17.84042233707386,0.8360329270362854,17.01372270813667
carpet,4,scratch,0.0060577392578125,mixed,2,divide_lpres_off,deep,0.34228140115737915,0.7054801631727001,0.6846773200602224,0.45775072624852753,21.18530167731876,21.11199795435118,0.7679929733276367,17.01372270813667
carpet,4,scratch,0.0060577392578125,mixed,3,identity,classical,0.7349756956100464,0.7704213249599648,1.0,0.0,19.675835152245394,19.66987225079836,0.32823970913887024,19.66987225079836
carpet,4,scratch,0.0060577392578125,mixed,3,wiener,classical,0.06861831992864609,-0.00017025357558997218,0.02896946783088861,-0.6129266932364552,15.653304903833266,15.628955016362703,-0.1682431548833847,19.66987225079836
carpet,4,scratch,0.0060577392578125,mixed,3,restormer_deblur,deep,0.7691771388053894,0.575217088586629,0.8530123668024773,0.030707811572049826,19.878637692897133,19.878615273602456,0.4261007308959961,19.66987225079836
carpet,4,scratch,0.0060577392578125,mixed,3,divide_lpres_on,deep,0.947413444519043,0.5835612592709258,0.6459614437907,0.2162128740839705,21.690139840852737,21.688462887836412,0.7261674404144287,19.66987225079836
carpet,4,scratch,0.0060577392578125,mixed,3,divide_lpres_off,deep,0.9314902424812317,0.5799283797111248,0.6713849973677407,0.2248074383355224,21.81757583859862,21.81508130224058,0.7198269367218018,19.66987225079836
carpet,4,scratch,0.0060577392578125,mixed,4,identity,classical,0.25540098547935486,0.38572013942011996,1.0,0.0,11.856360355140785,11.835882113398142,0.027308747172355652,11.835882113398142
carpet,4,scratch,0.0060577392578125,mixed,4,wiener,classical,0.20393070578575134,0.21070740416562142,0.3580093322371259,-0.0011563147134616703,11.862485142676956,11.839019947737071,0.048719871789216995,11.835882113398142
carpet,4,scratch,0.0060577392578125,mixed,4,restormer_deblur,deep,0.25540098547935486,0.38572013942011996,1.0,0.0,11.856360355140785,11.835882113398142,0.027308747172355652,11.835882113398142
carpet,4,scratch,0.0060577392578125,mixed,4,divide_lpres_on,deep,0.26129642128944397,0.40813906293377056,1.048125334827954,0.047467977495945224,12.340771302693035,12.319618704682966,0.031231140717864037,11.835882113398142
carpet,4,scratch,0.0060577392578125,mixed,4,divide_lpres_off,deep,0.12786434590816498,0.07435166923452446,0.25914574283575303,0.49058941791169586,17.113417548177285,17.09962890648723,0.0358474962413311,11.835882113398142
carpet,5,blob,0.017852783203125,defocus,2,identity,classical,0.9939320087432861,0.9998391630861473,1.0,0.0,22.06342755535081,22.067677853326874,0.6384783983230591,22.067677853326874
carpet,5,blob,0.017852783203125,defocus,2,wiener,classical,0.7419420480728149,0.36304800271554066,0.049532787635866694,-1.2259479401119364,15.242222634266223,15.230524414220026,-0.13495738804340363,22.067677853326874
carpet,5,blob,0.017852783203125,defocus,2,restormer_deblur,deep,1.006345510482788,0.9388253538390863,0.662601294072677,0.18722150412249017,23.73545422702702,23.748217053548704,0.8404140472412109,22.067677853326874
carpet,5,blob,0.017852783203125,defocus,2,divide_lpres_on,deep,0.9898850321769714,0.9840399741076088,0.5402026752720671,0.5399467107801228,28.217631847179717,28.24206190586945,0.9506843090057373,22.067677853326874
carpet,5,blob,0.017852783203125,defocus,2,divide_lpres_off,deep,0.539234459400177,-0.1574849752722652,0.06790270777774605,0.46701717041887914,27.035283156297552,26.916709497287314,0.9260244369506836,22.067677853326874
carpet,5,blob,0.017852783203125,defocus,3,identity,classical,0.9877833724021912,0.9994608424285049,1.0,0.0,19.660456928667827,19.65888021839014,0.3046327531337738,19.65888021839014
carpet,5,blob,0.017852783203125,defocus,3,wiener,classical,0.6437738537788391,0.24314627025052804,0.12119315601743418,-0.5666607495144913,15.91685762567865,15.886816970242734,-0.16645988821983337,19.65888021839014
carpet,5,blob,0.017852783203125,defocus,3,restormer_deblur,deep,0.9871025085449219,0.8779611610908211,0.6246000134195977,0.14755673825321636,20.943176711365112,20.942447534190354,0.5918349623680115,19.65888021839014
carpet,5,blob,0.017852783203125,defocus,3,divide_lpres_on,deep,0.99213045835495,0.9689110437609804,0.42033596386506267,0.4622895128828127,24.864428719385913,24.87256307635051,0.8673153519630432,19.65888021839014
carpet,5,blob,0.017852783203125,defocus,3,divide_lpres_off,deep,0.5166091322898865,-0.24367092413204416,0.01842687530130404,0.43863739160207715,24.488603824915355,24.398631866986605,0.8489820957183838,19.65888021839014
carpet,5,blob,0.017852783203125,defocus,4,identity,classical,0.9743698835372925,0.9978280630526893,1.0,0.0,18.326276614046243,18.319203153679297,0.025256985798478127,18.319203153679297
carpet,5,blob,0.017852783203125,defocus,4,wiener,classical,0.44818389415740967,0.03151346764530806,0.14438169687562588,-0.14656084262458768,17.179963760361893,17.169079869795837,0.01758444495499134,18.319203153679297
carpet,5,blob,0.017852783203125,defocus,4,restormer_deblur,deep,1.0196805000305176,0.9795128308300898,0.9352633687162026,-0.06633186174222039,17.67858066971489,17.67555243244016,-0.07868831604719162,18.319203153679297
carpet,5,blob,0.017852783203125,defocus,4,divide_lpres_on,deep,0.9967780113220215,0.9570629630287986,0.42570053074304026,0.4410900085163033,23.236935891504082,23.242037175223196,0.7744461894035339,18.319203153679297
carpet,5,blob,0.017852783203125,defocus,4,divide_lpres_off,deep,0.5949705243110657,-0.25517503200362274,0.10662278439815742,0.434573803067827,23.146653260246307,23.06084990362976,0.7642121911048889,18.319203153679297
carpet,5,blob,0.017852783203125,motion,2,identity,classical,0.9891582131385803,0.9996059619183867,1.0,0.0,21.179964738927662,21.164915470678856,0.5773997902870178,21.164915470678856
carpet,5,blob,0.017852783203125,motion,2,wiener,classical,0.8349047899246216,0.49912602454856775,0.3138523797551589,-0.660082381774046,16.905608313589255,16.901878443239937,0.1883639097213745,21.164915470678856
carpet,5,blob,0.017852783203125,motion,2,restormer_deblur,deep,0.9911616444587708,0.9937050672005628,0.9447686966948382,0.12478367425822245,22.411844838967113,22.40288509259132,0.6967058181762695,21.164915470678856
carpet,5,blob,0.017852783203125,motion,2,divide_lpres_on,deep,0.9952980279922485,0.9971705291728594,0.7049527143326823,0.32757567999395776,24.690698648887675,24.7027608495171,0.8687601089477539,21.164915470678856
carpet,5,blob,0.017852783203125,motion,2,divide_lpres_off,deep,0.5180413126945496,-0.24749737505072608,0.05029571975264471,0.3209530383902177,24.60769559823909,24.516325619079097,0.8531484603881836,21.164915470678856
carpet,5,blob,0.017852783203125,motion,3,identity,classical,0.9741026759147644,0.9979300501147012,1.0,0.0,19.148461049599568,19.13386895310824,0.23399652540683746,19.13386895310824
carpet,5,blob,0.017852783203125,motion,3,wiener,classical,0.6436026096343994,0.2441271902838349,0.08159135194164566,-0.42328131525572665,16.196258517753915,16.164598622603062,-0.04024787247180939,19.13386895310824
carpet,5,blob,0.017852783203125,motion,3,restormer_deblur,deep,0.9982578754425049,0.975092139207749,0.58385599495724,0.30542795389902844,22.203788033198734,22.20646881405292,0.6755525469779968,19.13386895310824
carpet,5,blob,0.017852783203125,motion,3,divide_lpres_on,deep,0.9893850088119507,0.9903515535286116,0.38169601187351637,0.5239614626918558,25.004718428140613,25.03565441333604,0.8827319145202637,19.13386895310824
carpet,5,blob,0.017852783203125,motion,3,divide_lpres_off,deep,0.523185133934021,-0.23936416446287218,0.06384424285473461,0.4992035017240072,24.676733248184494,24.599388602108284,0.8638293743133545,19.13386895310824
carpet,5,blob,0.017852783203125,motion,4,identity,classical,0.9669253826141357,0.9894489454896637,1.0,0.0,19.704347226760245,19.7093346836602,0.334968239068985,19.7093346836602
carpet,5,blob,0.017852783203125,motion,4,wiener,classical,0.9381639361381531,0.8743735837001767,0.923749790324941,-0.24010634143794607,17.82999090165835,17.818304743170984,-0.020954862236976624,19.7093346836602
carpet,5,blob,0.017852783203125,motion,4,restormer_deblur,deep,0.9669253826141357,0.9894489454896637,1.0,0.0,19.704347226760245,19.7093346836602,0.334968239068985,19.7093346836602
carpet,5,blob,0.017852783203125,motion,4,divide_lpres_on,deep,0.9647684097290039,0.9891988626509332,0.8884719333826355,0.013165256953167725,19.7890447650239,19.79545534294616,0.371560662984848,19.7093346836602
carpet,5,blob,0.017852783203125,motion,4,divide_lpres_off,deep,1.652670979499817,-0.7031685511417383,2.684741096326644,0.011023714330518297,19.786903074966244,19.511048568085865,0.36011195182800293,19.7093346836602
carpet,5,blob,0.017852783203125,noise,2,identity,classical,0.9989526271820068,0.9781684949068032,1.0,0.0,25.14240075588775,25.152954584103107,0.8947610855102539,25.152954584103107
carpet,5,blob,0.017852783203125,noise,2,wiener,classical,0.9693944454193115,0.85294838638757,0.6796767764369639,-5.246535905578992,14.059405965983105,14.05422089205149,-0.23870356380939484,25.152954584103107
carpet,5,blob,0.017852783203125,noise,2,restormer_deblur,deep,0.9989526271820068,0.9781684949068032,1.0,0.0,25.14240075588775,25.152954584103107,0.8947610855102539,25.152954584103107
carpet,5,blob,0.017852783203125,noise,2,divide_lpres_on,deep,0.9686992168426514,0.9715492485669259,0.96263224760205,0.018583267763189082,27.92575612447765,27.933041100325738,0.9444889426231384,25.152954584103107
carpet,5,blob,0.017852783203125,noise,2,divide_lpres_off,deep,0.5029469132423401,-0.13487286257497427,0.04213036087848116,-0.21586242593733695,27.613616801498896,27.38399493552544,0.9356712698936462,25.152954584103107
carpet,5,blob,0.017852783203125,noise,3,identity,classical,0.9937462210655212,0.9605162201501152,1.0,0.0,22.429212788285508,22.43978453339464,0.8203907608985901,22.43978453339464
carpet,5,blob,0.017852783203125,noise,3,wiener,classical,0.9640126824378967,0.8392613263117206,0.7288876546149461,-3.5881157643084194,13.792341885131027,13.78774567887439,-0.2205139845609665,22.43978453339464
carpet,5,blob,0.017852783203125,noise,3,restormer_deblur,deep,0.9937462210655212,0.9605162201501152,1.0,0.0,22.429212788285508,22.43978453339464,0.8203907608985901,22.43978453339464
carpet,5,blob,0.017852783203125,noise,3,divide_lpres_on,deep,0.9629806280136108,0.9593182268867441,0.957224059930693,0.06752005060580302,25.50113335088501,25.50758920335379,0.9040894508361816,22.43978453339464
carpet,5,blob,0.017852783203125,noise,3,divide_lpres_off,deep,0.5101631879806519,-0.26336709436790184,0.27678821629918293,-0.04652036512510982,26.313541630578086,26.108364693729932,0.9142642021179199,22.43978453339464
carpet,5,blob,0.017852783203125,noise,4,identity,classical,0.9928464293479919,0.9433527043032458,1.0,0.0,20.185440511853514,20.196359510042832,0.7336764335632324,20.196359510042832
carpet,5,blob,0.017852783203125,noise,4,wiener,classical,0.963713526725769,0.8349196721895782,0.7928665341329736,-2.6140820667913984,13.397727040942858,13.395179959137643,-0.20058168470859528,20.196359510042832
carpet,5,blob,0.017852783203125,noise,4,restormer_deblur,deep,0.9928464293479919,0.9433527043032458,1.0,0.0,20.185440511853514,20.196359510042832,0.7336764335632324,20.196359510042832
carpet,5,blob,0.017852783203125,noise,4,divide_lpres_on,deep,0.9588241577148438,0.9439554306762732,0.9975357967134293,0.0899999145671545,23.37712299651293,23.38453778822162,0.8510646224021912,20.196359510042832
carpet,5,blob,0.017852783203125,noise,4,divide_lpres_off,deep,0.4729158878326416,-0.2485295447385934,0.06609690689695961,0.03153052942734369,24.820894148681898,24.693086302932837,0.8835328221321106,20.196359510042832
carpet,5,blob,0.017852783203125,mixed,2,identity,classical,0.9962217807769775,0.731353461215959,1.0,0.0,19.873570336774396,19.88431743470087,0.43837758898735046,19.88431743470087
carpet,5,blob,0.017852783203125,mixed,2,wiener,classical,0.9751416444778442,0.23311983298600564,0.19041968878385052,-0.7842126640507965,14.809760946579951,14.815238635175675,0.20264779031276703,19.88431743470087
carpet,5,blob,0.017852783203125,mixed,2,restormer_deblur,deep,1.0491018295288086,0.6217007779928523,0.7102337956193883,0.10686389189321022,20.85579275409686,20.868002367030215,0.6309989094734192,19.88431743470087
carpet,5,blob,0.017852783203125,mixed,2,divide_lpres_on,deep,1.2197707891464233,0.2383571236619354,0.39800851865523174,-0.644074191154882,15.416342842385962,15.432280219661738,0.4035598933696747,19.88431743470087
carpet,5,blob,0.017852783203125,mixed,2,divide_lpres_off,deep,0.8510565161705017,0.09438515996498036,0.2556765068240325,-0.2654415289238756,17.614146653962536,17.61464031491018,0.48860740661621094,19.88431743470087
carpet,5,blob,0.017852783203125,mixed,3,identity,classical,0.9729040861129761,0.9242595704697306,1.0,0.0,19.913191246835733,19.89119848418544,0.4656825065612793,19.89119848418544
carpet,5,blob,0.017852783203125,mixed,3,wiener,classical,0.9488993287086487,0.8212705089626477,0.8230586528560875,-0.561571856411373,16.26521854360632,16.26297519474732,-0.1616567224264145,19.89119848418544
carpet,5,blob,0.017852783203125,mixed,3,restormer_deblur,deep,0.9729040861129761,0.9242595704697306,1.0,0.0,19.913191246835733,19.89119848418544,0.4656825065612793,19.89119848418544
carpet,5,blob,0.017852783203125,mixed,3,divide_lpres_on,deep,0.9713476896286011,0.9177421520804128,0.9630193912366228,-0.02748962393985077,19.74940294203921,19.726655619714396,0.46290692687034607,19.89119848418544
carpet,5,blob,0.017852783203125,mixed,3,divide_lpres_off,deep,1.0002312660217285,-0.6096619871160711,1.5503570742629356,-0.010951500727901742,19.83597738266652,19.653766208784873,0.46963581442832947,19.89119848418544
carpet,5,blob,0.017852783203125,mixed,4,identity,classical,0.9733890891075134,0.9604705433535291,1.0,0.0,16.13538366968895,16.134725218583398,0.01347386371344328,16.134725218583398
carpet,5,blob,0.017852783203125,mixed,4,wiener,classical,0.9454432129859924,0.8554778594479605,0.9131355095205799,0.04207421204581285,16.449290492328878,16.44902014265612,0.0839192271232605,16.134725218583398
carpet,5,blob,0.017852783203125,mixed,4,restormer_deblur,deep,0.9733890891075134,0.9604705433535291,1.0,0.0,16.13538366968895,16.134725218583398,0.01347386371344328,16.134725218583398
carpet,5,blob,0.017852783203125,mixed,4,divide_lpres_on,deep,0.9640543460845947,0.971677219624925,1.0484850035355515,0.0139213768330404,17.10284840380701,17.098648342879876,0.014369589276611805,16.134725218583398
carpet,5,blob,0.017852783203125,mixed,4,divide_lpres_off,deep,0.906817615032196,-0.3688245435257169,0.6241438491757892,-0.011144908509264972,17.22315737488849,17.12894375140583,0.005724042188376188,16.134725218583398
carpet,6,texture,0.0126495361328125,defocus,2,identity,classical,0.942513644695282,0.6917433722974062,1.0,0.0,22.156303210262056,22.179772595619763,0.640195906162262,22.179772595619763
carpet,6,texture,0.0126495361328125,defocus,2,wiener,classical,0.6492313742637634,-0.07536859545898321,0.26690135018642125,-1.2023100959048079,15.408569291341456,15.394458072695347,-0.095753014087677,22.179772595619763
carpet,6,texture,0.0126495361328125,defocus,2,restormer_deblur,deep,1.0388269424438477,0.7992603108137426,0.770610817375808,0.18485734191788428,23.80872105031669,23.813946376027708,0.84442138671875,22.179772595619763
carpet,6,texture,0.0126495361328125,defocus,2,divide_lpres_on,deep,0.9744153618812561,0.9406469822287846,0.6328360044067811,0.542506833517342,28.335753330873906,28.35886307043608,0.9518148303031921,22.179772595619763
carpet,6,texture,0.0126495361328125,defocus,2,divide_lpres_off,deep,0.9629421234130859,0.8974596507689855,0.6565254899672657,0.472537617671446,27.231790679055482,27.24596032798459,0.9284146428108215,22.179772595619763
carpet,6,texture,0.0126495361328125,defocus,3,identity,classical,0.9174366593360901,0.4506071625595932,1.0,0.0,19.730449155966816,19.75567073037764,0.3069615662097931,19.75567073037764
carpet,6,texture,0.0126495361328125,defocus,3,wiener,classical,0.5590695738792419,-0.02120353062069619,0.1818315314500136,-0.5864725281951677,15.855530818565606,15.835268229805756,-0.18637414276599884,19.75567073037764
carpet,6,texture,0.0126495361328125,defocus,3,restormer_deblur,deep,0.9526470303535461,0.5655341841385517,0.6969170543119347,0.13154034391510094,20.841280935199187,20.863576344176767,0.5724753141403198,19.75567073037764
carpet,6,texture,0.0126495361328125,defocus,3,divide_lpres_on,deep,0.9687506556510925,0.8756246449402416,0.5644395140616976,0.46400296619151515,24.973944355643567,25.00012730842097,0.8684261441230774,19.75567073037764
carpet,6,texture,0.0126495361328125,defocus,3,divide_lpres_off,deep,0.9579799771308899,0.8551214055078475,0.5813315164179624,0.4418406129443363,24.617325334249983,24.63662557321182,0.8508937954902649,19.75567073037764
carpet,6,texture,0.0126495361328125,defocus,4,identity,classical,0.8787509202957153,0.21292735212164474,1.0,0.0,18.384885174708742,18.408878180148353,0.02916664071381092,18.408878180148353
carpet,6,texture,0.0126495361328125,defocus,4,wiener,classical,0.38895460963249207,-0.007560743524469705,0.0933070854593451,-0.11943811538455518,17.45890162053067,17.394135360552184,0.08881714940071106,18.408878180148353
carpet,6,texture,0.0126495361328125,defocus,4,restormer_deblur,deep,0.8857147693634033,0.11422011474952079,0.8052515434898162,-0.07597673554321638,17.64402925256312,17.67194982350771,-0.0907231792807579,18.408878180148353
carpet,6,texture,0.0126495361328125,defocus,4,divide_lpres_on,deep,0.9614381790161133,0.8107346905277029,0.5799161363502134,0.4456855456468526,23.33673230607679,23.36228566745873,0.7785325646400452,18.408878180148353
carpet,6,texture,0.0126495361328125,defocus,4,divide_lpres_off,deep,0.954814612865448,0.8062082609852439,0.5881713284242588,0.4410994557095612,23.279149279931666,23.298571979852575,0.7703484892845154,18.408878180148353
carpet,6,texture,0.0126495361328125,motion,2,identity,classical,0.9279420375823975,0.6200412140879482,1.0,0.0,21.138930612091524,21.159942400133755,0.5432846546173096,21.159942400133755
carpet,6,texture,0.0126495361328125,motion,2,wiener,classical,0.7454692721366882,0.046921214804287015,0.3388463177691232,-0.5710285360531069,17.224715921992516,17.206134346315554,0.2970291078090668,21.159942400133755
carpet,6,texture,0.0126495361328125,motion,2,restormer_deblur,deep,0.9791380167007446,0.6363752034204724,0.8813385515046833,0.10935048359332633,22.12722259599318,22.14348541309952,0.6781578063964844,21.159942400133755
carpet,6,texture,0.0126495361328125,motion,2,divide_lpres_on,deep,0.984518826007843,0.8511661884929695,0.5828034212724176,0.2970997636768933,23.764816444601806,23.782848253346742,0.8797464370727539,21.159942400133755
carpet,6,texture,0.0126495361328125,motion,2,divide_lpres_off,deep,0.9674134254455566,0.8350417325650354,0.6343969273956241,0.3472570701099116,24.44290963572349,24.46350111309306,0.8781186938285828,21.159942400133755
carpet,6,texture,0.0126495361328125,motion,3,identity,classical,0.9073828458786011,0.3116797229063553,1.0,0.0,18.784600076635535,18.811353057370773,0.14197991788387299,18.811353057370773
carpet,6,texture,0.0126495361328125,motion,3,wiener,classical,0.5734805464744568,0.021283021531165732,0.16591859858568747,-0.22168356672757272,17.063122807419397,17.025609656546084,0.100440114736557,18.811353057370773
carpet,6,texture,0.0126495361328125,motion,3,restormer_deblur,deep,0.9610177874565125,0.5477535440987262,0.7856654953502951,0.18511429011780756,20.53691552027308,20.5586420830079,0.48181435465812683,18.811353057370773
carpet,6,texture,0.0126495361328125,motion,3,divide_lpres_on,deep,0.9825721383094788,0.8541571995080691,0.5262236252367966,0.36931776647540515,22.536938035271206,22.541934933106536,0.7719770073890686,18.811353057370773
carpet,6,texture,0.0126495361328125,motion,3,divide_lpres_off,deep,0.9730401635169983,0.8306712502696054,0.5537906187159285,0.3695460110212426,22.584591153348264,22.59610545239291,0.7595764994621277,18.811353057370773
carpet,6,texture,0.0126495361328125,motion,4,identity,classical,0.8745291829109192,0.25219221145031145,1.0,0.0,18.42772970098078,18.45185589520533,0.05966566503047943,18.45185589520533
carpet,6,texture,0.0126495361328125,motion,4,wiener,classical,0.4066682457923889,-0.014937032213469283,0.09061044383304517,-0.12044742018749677,17.422143327821097,17.351156989633317,0.15309858322143555,18.45185589520533
carpet,6,texture,0.0126495361328125,motion,4,restormer_deblur,deep,0.9538614153862,0.5735491240511283,0.7628766276336433,0.2658738450622192,21.088596015816297,21.115808371157534,0.5498226284980774,18.45185589520533
carpet,6,texture,0.0126495361328125,motion,4,divide_lpres_on,deep,0.9632857441902161,0.8519250946817672,0.4958880889223783,0.4550061157282762,23.349276127786595,23.37176481521825,0.8105487823486328,18.45185589520533
carpet,6,texture,0.0126495361328125,motion,4,divide_lpres_off,deep,0.9543213844299316,0.8306902049798284,0.5179833424361125,0.4473906943141134,23.251513720929058,23.274597821538194,0.7974126935005188,18.45185589520533
carpet,6,texture,0.0126495361328125,noise,2,identity,classical,0.999292254447937,0.9934371070524459,1.0,0.0,25.116762413308127,25.08363863905511,0.8907470703125,25.08363863905511
carpet,6,texture,0.0126495361328125,noise,2,wiener,classical,0.9044939279556274,-0.09823127065611738,0.7671358510162652,-5.127770656017171,14.131001141323907,14.151868205288125,-0.23221343755722046,25.08363863905511
carpet,6,texture,0.0126495361328125,noise,2,restormer_deblur,deep,0.999292254447937,0.9934371070524459,1.0,0.0,25.116762413308127,25.08363863905511,0.8907470703125,25.08363863905511
carpet,6,texture,0.0126495361328125,noise,2,divide_lpres_on,deep,0.9858874678611755,0.9867860954837995,1.0079221046908562,0.021360429467546127,27.902662044920564,27.884473034369762,0.9424477219581604,25.08363863905511
carpet,6,texture,0.0126495361328125,noise,2,divide_lpres_off,deep,0.9434191584587097,0.9173335966526821,1.1562611757394772,-0.1906797653312693,27.727440433941464,27.730114867260415,0.9364970326423645,25.08363863905511
carpet,6,texture,0.0126495361328125,noise,3,identity,classical,0.9978993535041809,0.9886219853056577,1.0,0.0,22.448588018354915,22.416755876083577,0.8170290589332581,22.416755876083577
carpet,6,texture,0.0126495361328125,noise,3,wiener,classical,0.9037123918533325,-0.09669452959614112,0.7635566625551382,-3.5880032772672257,13.837006334929043,13.85510773289058,-0.21545152366161346,22.416755876083577
carpet,6,texture,0.0126495361328125,noise,3,restormer_deblur,deep,0.9978993535041809,0.9886219853056577,1.0,0.0,22.448588018354915,22.416755876083577,0.8170290589332581,22.416755876083577
carpet,6,texture,0.0126495361328125,noise,3,divide_lpres_on,deep,0.9790021777153015,0.9838533430505368,1.011046053497941,0.06399058491980314,25.504618304891878,25.483731103296176,0.9024350047111511,22.416755876083577
carpet,6,texture,0.0126495361328125,noise,3,divide_lpres_off,deep,0.932470440864563,0.9148048858831012,1.183879045290263,-0.03926110072740863,26.432364263740638,26.43751152834119,0.91605144739151,22.416755876083577
carpet,6,texture,0.0126495361328125,noise,4,identity,classical,1.0027060508728027,0.9815682272516073,1.0,0.0,20.182626353740933,20.152264542337,0.7281589508056641,20.152264542337
carpet,6,texture,0.0126495361328125,noise,4,wiener,classical,0.9077016115188599,-0.10003238856195198,0.7702570884930707,-2.564280543861084,13.466228007224114,13.48026151560893,-0.1884845495223999,20.152264542337
carpet,6,texture,0.0126495361328125,noise,4,restormer_deblur,deep,1.0027060508728027,0.9815682272516073,1.0,0.0,20.182626353740933,20.152264542337,0.7281589508056641,20.152264542337
carpet,6,texture,0.0126495361328125,noise,4,divide_lpres_on,deep,0.9776089191436768,0.9762126326801194,1.018317500769521,0.09466346280572246,23.396132199077503,23.373254343670084,0.848039448261261,20.152264542337
carpet,6,texture,0.0126495361328125,noise,4,divide_lpres_off,deep,0.8871468901634216,0.887186281122411,1.1343573319210547,0.05406506894913321,24.96932975444061,24.972957233305323,0.8853588104248047,20.152264542337
carpet,6,texture,0.0126495361328125,mixed,2,identity,classical,1.3661853075027466,0.6043697055296279,1.0,0.0,14.416620674133778,14.362321988229965,0.5578747391700745,14.362321988229965
carpet,6,texture,0.0126495361328125,mixed,2,wiener,classical,1.074421763420105,0.09558471875755489,0.35445158008417366,-0.12253897618518494,12.80704187084358,12.783131077185626,0.29312917590141296,14.362321988229965
carpet,6,texture,0.0126495361328125,mixed,2,restormer_deblur,deep,1.4066842794418335,0.757349223963153,0.8782422997564054,0.011642356801251696,14.740612500021328,14.67215117324951,0.7276137471199036,14.362321988229965
carpet,6,texture,0.0126495361328125,mixed,2,divide_lpres_on,deep,1.3813978433609009,0.7899672919762436,0.7003843869421641,-0.03859676699567638,13.864023543319433,13.81300658921658,0.6629953980445862,14.362321988229965
carpet,6,texture,0.0126495361328125,mixed,2,divide_lpres_off,deep,1.3528577089309692,0.7549293937882932,0.7973844009150846,0.07291929775113415,14.888774724236537,14.84130100207128,0.695824146270752,14.362321988229965
carpet,6,texture,0.0126495361328125,mixed,3,identity,classical,0.8771423101425171,0.3603777733600341,1.0,0.0,18.676258793274055,18.699944728685402,0.12557461857795715,18.699944728685402
carpet,6,texture,0.0126495361328125,mixed,3,wiener,classical,0.5539267659187317,0.01219780078088929,0.18376453918840327,-0.15860291691302342,17.418318033476705,17.377946086695108,0.17393679916858673,18.699944728685402
carpet,6,texture,0.0126495361328125,mixed,3,restormer_deblur,deep,0.9680404663085938,0.7592633724618344,0.9134650921401609,0.24666418150075764,21.1868459098537,21.21037161651627,0.5591223835945129,18.699944728685402
carpet,6,texture,0.0126495361328125,mixed,3,divide_lpres_on,deep,0.9783201813697815,0.8743959715712027,0.7177304388706284,0.2741192093232315,21.57427640338704,21.58304860810813,0.6903706192970276,18.699944728685402
carpet,6,texture,0.0126495361328125,mixed,3,divide_lpres_off,deep,0.9697872996330261,0.8580132311978349,0.7444217421709264,0.28234867717396106,21.662595876740948,21.6743011817448,0.6838533878326416,18.699944728685402
carpet,6,texture,0.0126495361328125,mixed,4,identity,classical,0.8595085144042969,0.3087515240701025,1.0,0.0,16.804963089547815,16.801681928652805,0.16277654469013214,16.801681928652805
carpet,6,texture,0.0126495361328125,mixed,4,wiener,classical,0.8333892822265625,0.13858431072791166,0.9273796666222129,-0.12783283105526122,16.090165381269827,16.09172219648421,0.018211813643574715,16.801681928652805
carpet,6,texture,0.0126495361328125,mixed,4,restormer_deblur,deep,0.8595085144042969,0.3087515240701025,1.0,0.0,16.804963089547815,16.801681928652805,0.16277654469013214,16.801681928652805
carpet,6,texture,0.0126495361328125,mixed,4,divide_lpres_on,deep,0.8419024348258972,0.31646880933707494,1.0275634294973537,0.024681652421061906,18.017534328642398,18.02461884258375,0.21701757609844208,16.801681928652805
carpet,6,texture,0.0126495361328125,mixed,4,divide_lpres_off,deep,0.8035975098609924,0.27509459169395023,1.1261821713070705,-0.0027205289636553776,18.203018913836274,18.224392447781614,0.22745735943317413,16.801681928652805
carpet,7,scratch,0.01239013671875,defocus,2,identity,classical,0.8805534243583679,0.7815493188659058,1.0,0.0,22.01386013719609,21.973386538654363,0.6463621258735657,21.973386538654363
carpet,7,scratch,0.01239013671875,defocus,2,wiener,classical,0.014614056795835495,-0.16018059583035965,0.022946290629357817,-1.2115990862110602,15.19494816874717,14.992202019514512,-0.05563977360725403,21.973386538654363
carpet,7,scratch,0.01239013671875,defocus,2,restormer_deblur,deep,0.9195826649665833,0.812782800083922,0.8761032726820467,0.17755230610656525,23.542460800667286,23.520574842345713,0.8310161232948303,21.973386538654363
carpet,7,scratch,0.01239013671875,defocus,2,divide_lpres_on,deep,0.9868174195289612,0.9554529047004624,0.7919914624813568,0.5451218115050317,28.29321417712623,28.281659693834452,0.9528467655181885,21.973386538654363
carpet,7,scratch,0.01239013671875,defocus,2,divide_lpres_off,deep,0.9177559614181519,0.8425661704065943,0.7630692807468189,0.4680916627867584,27.039756007409895,26.9655354956739,0.9284716248512268,21.973386538654363
carpet,7,scratch,0.01239013671875,defocus,3,identity,classical,0.807586669921875,0.7152748268833995,1.0,0.0,19.561340999196617,19.523798336314623,0.3130258619785309,19.523798336314623
carpet,7,scratch,0.01239013671875,defocus,3,wiener,classical,0.011565840803086758,-0.26762366459220843,0.006122206241557039,-0.6274602633653183,15.436990284321372,15.211923000714778,-0.19955889880657196,19.523798336314623
carpet,7,scratch,0.01239013671875,defocus,3,restormer_deblur,deep,0.7890531420707703,0.5259185158097635,0.791148904940792,0.10948558219983806,20.46800941639228,20.40309925195666,0.5493819117546082,19.523798336314623
carpet,7,scratch,0.01239013671875,defocus,3,divide_lpres_on,deep,0.9810239672660828,0.9227993180912699,0.929778555369267,0.4653844680453526,24.876894417437406,24.865989510680578,0.8714172840118408,19.523798336314623
carpet,7,scratch,0.01239013671875,defocus,3,divide_lpres_off,deep,0.9286026358604431,0.8126421013970441,0.8855745065323767,0.4419429164328119,24.495238213758572,24.440838614213316,0.8531854748725891,19.523798336314623
carpet,7,scratch,0.01239013671875,defocus,4,identity,classical,0.6919266581535339,0.7158145898837124,1.0,0.0,18.182376519079835,18.129290519126315,0.030685653910040855,18.129290519126315
carpet,7,scratch,0.01239013671875,defocus,4,wiener,classical,0.022190488874912262,0.02691388897043729,0.01305388682232215,-0.10306630475023004,17.29184837543653,16.927958955303183,0.14986659586429596,18.129290519126315
carpet,7,scratch,0.01239013671875,defocus,4,restormer_deblur,deep,0.6942758560180664,0.7390995265843248,1.0275614915596007,-0.06916659369964306,17.504993053313708,17.474497399287078,-0.07993897795677185,18.129290519126315
carpet,7,scratch,0.01239013671875,defocus,4,divide_lpres_on,deep,0.9556142091751099,0.877792154773446,1.2292222306317993,0.44983663067472224,23.216020878444933,23.20252320497901,0.7834013104438782,18.129290519126315
carpet,7,scratch,0.01239013671875,defocus,4,divide_lpres_off,deep,0.9180198907852173,0.7603652455980837,1.1478931637314542,0.4428141307169663,23.102405472261694,23.056647370720174,0.7730502486228943,18.129290519126315
carpet,7,scratch,0.01239013671875,motion,2,identity,classical,0.9623532295227051,0.9134184788303837,1.0,0.0,21.09022034960645,21.077491206020774,0.6084420084953308,21.077491206020774
carpet,7,scratch,0.01239013671875,motion,2,wiener,classical,0.008310738950967789,-0.11034468613705248,0.14823818588246807,-0.7164485718554305,16.55927874036192,16.286450922310593,0.14293734729290009,21.077491206020774
carpet,7,scratch,0.01239013671875,motion,2,restormer_deblur,deep,0.9704691767692566,0.9130715117392414,0.9884245314975838,0.04959329696372383,21.59174316022298,21.574068345250026,0.6545418500900269,21.077491206020774
carpet,7,scratch,0.01239013671875,motion,2,divide_lpres_on,deep,0.9977130889892578,0.9847474889225972,0.927201825820737,0.29932395647387067,24.232473412489988,24.22615225668241,0.8411825299263,21.077491206020774
carpet,7,scratch,0.01239013671875,motion,2,divide_lpres_off,deep,0.937433123588562,0.8957038427304704,0.8966233033403065,0.2922587063403038,24.14157533333104,24.096469959497078,0.8290405869483948,21.077491206020774
carpet,7,scratch,0.01239013671875,motion,3,identity,classical,0.9280546307563782,0.828998059931427,1.0,0.0,19.82360574705157,19.80634948101078,0.46449121832847595,19.80634948101078
carpet,7,scratch,0.01239013671875,motion,3,wiener,classical,0.006920496001839638,-0.041674940035213576,0.00020470159623658,-0.6693927492670413,15.535311668059018,15.302278641015548,-0.04480075463652611,19.80634948101078
carpet,7,scratch,0.01239013671875,motion,3,restormer_deblur,deep,0.9649930000305176,0.8706252659998311,1.0029067509660794,0.3714426390203428,23.659778083568153,23.635949292608643,0.7956863045692444,19.80634948101078
carpet,7,scratch,0.01239013671875,motion,3,divide_lpres_on,deep,1.000115990638733,0.9474879421986149,0.864186273962165,0.5569271309036992,26.024978968330576,26.025293163698304,0.9138055443763733,19.80634948101078
carpet,7,scratch,0.01239013671875,motion,3,divide_lpres_off,deep,0.9255850315093994,0.8468206170429662,0.8355746688336905,0.5260227393813706,25.709663968071087,25.6611830771466,0.8979900479316711,19.80634948101078
carpet,7,scratch,0.01239013671875,motion,4,identity,classical,0.7671189904212952,0.6039152612154635,1.0,0.0,18.070673189720495,18.034250923269507,0.03972058370709419,18.034250923269507
carpet,7,scratch,0.01239013671875,motion,4,wiener,classical,0.020086688920855522,-0.06530097439037715,0.014392903327196803,-0.1026865470423961,17.094833137523757,16.74961684011677,0.20974142849445343,18.034250923269507
carpet,7,scratch,0.01239013671875,motion,4,restormer_deblur,deep,0.9326399564743042,0.8185476221564748,1.307753257599569,0.324130033750735,21.406715037246503,21.375669565332846,0.6021660566329956,18.034250923269507
carpet,7,scratch,0.01239013671875,motion,4,divide_lpres_on,deep,1.0343743562698364,0.8987994676853546,1.0613044766737012,0.49894469575403655,23.796425047882042,23.782008992185165,0.8377073407173157,18.034250923269507
carpet,7,scratch,0.01239013671875,motion,4,divide_lpres_off,deep,0.9578467607498169,0.749853022862905,0.9679112029096134,0.4831973185198657,23.53701035501453,23.478726096493467,0.8187491297721863,18.034250923269507
carpet,7,scratch,0.01239013671875,noise,2,identity,classical,0.9947436451911926,0.9833044229982879,1.0,0.0,25.06851354933985,25.023317408676785,0.8960244655609131,25.023317408676785
carpet,7,scratch,0.01239013671875,noise,2,wiener,classical,0.5875434875488281,0.1755307398792836,0.2647648391518726,-5.224941870195167,13.923203290327402,13.849745820247099,-0.22643084824085236,25.023317408676785
carpet,7,scratch,0.01239013671875,noise,2,restormer_deblur,deep,0.9947436451911926,0.9833044229982879,1.0,0.0,25.06851354933985,25.023317408676785,0.8960244655609131,25.023317408676785
carpet,7,scratch,0.01239013671875,noise,2,divide_lpres_on,deep,0.9720622897148132,0.9648850820063408,1.0275605468562383,0.01902808984096349,27.83539065327402,27.797374442164312,0.9448328018188477,25.023317408676785
carpet,7,scratch,0.01239013671875,noise,2,divide_lpres_off,deep,0.7849758863449097,0.7467701714430774,0.9859877605926091,-0.1961638334692366,27.632483058781926,27.358526951594545,0.9368505477905273,25.023317408676785
carpet,7,scratch,0.01239013671875,noise,3,identity,classical,0.9847240447998047,0.9695247323203214,1.0,0.0,22.407721925823907,22.366783024881713,0.8245607018470764,22.366783024881713
carpet,7,scratch,0.01239013671875,noise,3,wiener,classical,0.5831760764122009,0.17705398371945083,0.2780285338230542,-3.625247217948915,13.658519905654334,13.589664466714911,-0.20876525342464447,22.366783024881713
carpet,7,scratch,0.01239013671875,noise,3,restormer_deblur,deep,0.9847240447998047,0.9695247323203214,1.0,0.0,22.407721925823907,22.366783024881713,0.8245607018470764,22.366783024881713
carpet,7,scratch,0.01239013671875,noise,3,divide_lpres_on,deep,0.9585970640182495,0.9486234354197489,1.0325052877054328,0.06724295471815112,25.471154380204858,25.433124370174202,0.9063846468925476,22.366783024881713
carpet,7,scratch,0.01239013671875,noise,3,divide_lpres_off,deep,0.7512503862380981,0.7267823852674079,0.9960080338985281,-0.025538024720539898,26.42293011541383,26.18482712103683,0.9175786972045898,22.366783024881713
carpet,7,scratch,0.01239013671875,noise,4,identity,classical,0.978737473487854,0.9512314188578546,1.0,0.0,20.146560351594513,20.115681480437637,0.7383686900138855,20.115681480437637
carpet,7,scratch,0.01239013671875,noise,4,wiener,classical,0.5777835249900818,0.1698374680151914,0.27782260863825614,-2.6240425333821373,13.29235401046448,13.228127993956818,-0.18822485208511353,20.115681480437637
carpet,7,scratch,0.01239013671875,noise,4,restormer_deblur,deep,0.978737473487854,0.9512314188578546,1.0,0.0,20.146560351594513,20.115681480437637,0.7383686900138855,20.115681480437637
carpet,7,scratch,0.01239013671875,noise,4,divide_lpres_on,deep,0.9554948210716248,0.9370588310711632,1.0460897589932647,0.09197107794548809,23.32607937472249,23.298147986106063,0.8533409237861633,20.115681480437637
carpet,7,scratch,0.01239013671875,noise,4,divide_lpres_off,deep,0.7396436929702759,0.7125756000026251,1.0327349849598417,0.058212155343108196,24.970712730721925,24.818700173718305,0.8879523873329163,20.115681480437637
carpet,7,scratch,0.01239013671875,mixed,2,identity,classical,0.5734432339668274,0.7789019343878825,1.0,0.0,15.974605454543616,15.83924125404802,0.4368709623813629,15.83924125404802
carpet,7,scratch,0.01239013671875,mixed,2,wiener,classical,0.009474237449467182,-0.16252394813675866,0.023026663547634794,-0.18911474572108555,14.133726527884141,13.8492884982685,-0.02877204120159149,15.83924125404802
carpet,7,scratch,0.01239013671875,mixed,2,restormer_deblur,deep,0.6129139065742493,0.8201492996348448,0.9159343473419075,0.08687355382549977,16.83890433423123,16.701662325459523,0.6027094721794128,15.83924125404802
carpet,7,scratch,0.01239013671875,mixed,2,divide_lpres_on,deep,0.6468504667282104,0.952279270050754,0.7803660175821281,0.08673429155758983,17.26522583684072,17.129999690034488,0.780393123626709,15.83924125404802
carpet,7,scratch,0.01239013671875,mixed,2,divide_lpres_off,deep,0.40993383526802063,0.8335402854627283,0.5702179457188796,0.5303212889000979,21.810508584153116,21.3833033646269,0.810075581073761,15.83924125404802
carpet,7,scratch,0.01239013671875,mixed,3,identity,classical,0.8732848167419434,0.25354128167533735,1.0,0.0,10.675104166231208,10.67918047540628,0.6573410630226135,10.67918047540628
carpet,7,scratch,0.01239013671875,mixed,3,wiener,classical,1.0862541198730469,0.1340500648761312,0.3446785244530706,-0.16380522163634947,8.455413757541288,8.477701166306385,-0.17651979625225067,10.67918047540628
carpet,7,scratch,0.01239013671875,mixed,3,restormer_deblur,deep,0.8886315226554871,0.24012629186313778,1.0,0.0,10.675104166231208,10.67918047540628,0.6573410630226135,10.67918047540628
carpet,7,scratch,0.01239013671875,mixed,3,divide_lpres_on,deep,0.6068248152732849,0.14780680367562946,1.1396539725537578,-0.01876136962693198,10.9781199265286,10.982649185520811,0.7478534579277039,10.67918047540628
carpet,7,scratch,0.01239013671875,mixed,3,divide_lpres_off,deep,0.849707841873169,0.15866016781491346,1.2762657881435062,0.6105722966963627,18.049856858700075,18.02644505585265,0.8048319816589355,10.67918047540628
carpet,7,scratch,0.01239013671875,mixed,4,identity,classical,0.600243091583252,0.15816665287775244,1.0,0.0,8.509084460580596,8.533007206760422,0.645049512386322,8.533007206760422
carpet,7,scratch,0.01239013671875,mixed,4,wiener,classical,0.35894575715065,0.10539618283992261,0.3748413455799723,-0.07394503127302143,7.09577752708983,7.129177890326764,-0.16991956532001495,8.533007206760422
carpet,7,scratch,0.01239013671875,mixed,4,restormer_deblur,deep,0.600243091583252,0.15816665287775244,1.0,0.0,8.509084460580596,8.533007206760422,0.645049512386322,8.533007206760422
carpet,7,scratch,0.01239013671875,mixed,4,divide_lpres_on,deep,0.5888676643371582,0.18747251327152392,1.1418560077779476,-0.012199732645014505,8.582137769440834,8.60601628373295,0.6898317933082581,8.533007206760422
carpet,7,scratch,0.01239013671875,mixed,4,divide_lpres_off,deep,0.8584250211715698,0.30215468626737,1.6837548140584422,0.7157609957219601,17.83066925424824,17.778983792764947,0.726057231426239,8.533007206760422
bottle,0,texture,0.0123291015625,defocus,2,identity,classical,0.9080094695091248,0.9883241753831127,1.0,0.0,35.236106280302614,35.008563344205335,0.9475024342536926,35.008563344205335
bottle,0,texture,0.0123291015625,defocus,2,wiener,classical,0.40078720450401306,0.48647297812284995,0.4518109231241084,-9.43748935982293,14.41343745656968,14.403101729217525,0.48575249314308167,35.008563344205335
bottle,0,texture,0.0123291015625,defocus,2,restormer_deblur,deep,0.9685803651809692,0.8630346403293939,1.6563412467686474,-3.2392331715936002,24.040253306984102,24.039422268303067,0.9019495844841003,35.008563344205335
bottle,0,texture,0.0123291015625,defocus,2,divide_lpres_on,deep,0.9743545651435852,0.9971016929814266,1.0822246159221254,0.3484848008088325,37.44623960994768,37.369099478189604,0.9710569381713867,35.008563344205335
bottle,0,texture,0.0123291015625,defocus,2,divide_lpres_off,deep,0.9304454326629639,0.9733582921709535,2.152406834904697,-1.5147750488892062,28.06006533804392,27.546543476914678,0.8913667798042297,35.008563344205335
bottle,0,texture,0.0123291015625,defocus,3,identity,classical,0.860062301158905,0.9831823046167556,1.0,0.0,32.12168240260694,31.964515468137385,0.9040997624397278,31.964515468137385
bottle,0,texture,0.0123291015625,defocus,3,wiener,classical,0.2760430574417114,0.35265728953879183,0.34587331968014684,-6.486770597524095,13.590586357028007,13.579982949075244,0.5225608944892883,31.964515468137385
bottle,0,texture,0.0123291015625,defocus,3,restormer_deblur,deep,1.1204713582992554,0.7627276286946224,1.4913386422789914,-1.3968869848382917,24.644716883435898,24.640694218178496,0.8841748833656311,31.964515468137385
bottle,0,texture,0.0123291015625,defocus,3,divide_lpres_on,deep,0.9564862847328186,0.9939018394130327,1.1122189437022327,0.40499130479923173,35.822986589062275,35.71791821304126,0.9562276005744934,31.964515468137385
bottle,0,texture,0.0123291015625,defocus,3,divide_lpres_off,deep,0.9233040809631348,0.9683896875757939,2.290574035626166,-0.8544411465739365,27.401042122193708,26.932389830592676,0.8513920903205872,31.964515468137385
bottle,0,texture,0.0123291015625,defocus,4,identity,classical,0.7838484048843384,0.9752424307771638,1.0,0.0,28.583152171129868,28.48978537364086,0.8310341835021973,28.48978537364086
bottle,0,texture,0.0123291015625,defocus,4,wiener,classical,0.08581023663282394,0.15272430466981166,0.2387100983588078,-5.166130288211193,12.088970631967086,12.081688546771453,0.4623223841190338,28.48978537364086
bottle,0,texture,0.0123291015625,defocus,4,restormer_deblur,deep,1.0568568706512451,0.9057800845823794,1.4568082988343731,-0.40214123199487317,25.70294635821151,25.714330080590905,0.8798177242279053,28.48978537364086
bottle,0,texture,0.0123291015625,defocus,4,divide_lpres_on,deep,0.9295620918273926,0.9897967516819278,1.1359836659464053,0.36381472215985267,32.68153429543858,32.61966251198617,0.9066764712333679,28.48978537364086
bottle,0,texture,0.0123291015625,defocus,4,divide_lpres_off,deep,0.9378017783164978,0.957563494355233,2.6535008235501474,-0.39484036304938974,26.323053951154787,25.926376483363104,0.7746355533599854,28.48978537364086
bottle,0,texture,0.0123291015625,motion,2,identity,classical,0.8992623090744019,0.9856280922771734,1.0,0.0,33.11538617443061,32.943428776770226,0.9274362921714783,32.943428776770226
bottle,0,texture,0.0123291015625,motion,2,wiener,classical,0.8286757469177246,0.9321065808330542,0.950294571511729,-2.2822511378729073,23.215856759282243,23.18529477458398,0.7707376480102539,32.943428776770226
bottle,0,texture,0.0123291015625,motion,2,restormer_deblur,deep,0.8992623090744019,0.9856280922771734,1.0,0.0,33.11538617443061,32.943428776770226,0.9274362921714783,32.943428776770226
bottle,0,texture,0.0123291015625,motion,2,divide_lpres_on,deep,0.8774085640907288,0.9850509026304732,1.0799804532465471,-0.08734588613031047,33.22432865626034,33.04494987463365,0.9348445534706116,32.943428776770226
bottle,0,texture,0.0123291015625,motion,2,divide_lpres_off,deep,1.0609382390975952,0.6649841082731208,0.4595435771645537,-2.3139034871492634,24.240444796244674,23.404025472000853,0.792192280292511,32.943428776770226
bottle,0,texture,0.0123291015625,motion,3,identity,classical,0.901548445224762,0.9861506758112327,1.0,0.0,28.849970277729167,28.8198144085218,0.8523290157318115,28.8198144085218
bottle,0,texture,0.0123291015625,motion,3,wiener,classical,0.27235788106918335,0.3418813317705004,0.31373281165100664,-4.368613205545972,13.571867458881604,13.560282621680262,0.5140836238861084,28.8198144085218
bottle,0,texture,0.0123291015625,motion,3,restormer_deblur,deep,0.944656491279602,0.9913030343272753,1.0077030775826012,0.565684863098056,34.61610800877114,34.46184743166769,0.9420609474182129,28.8198144085218
bottle,0,texture,0.0123291015625,motion,3,divide_lpres_on,deep,0.9839982986450195,0.9954560157255455,1.0693166226465987,0.294002344307706,32.20659578727744,32.20745974073044,0.9104936718940735,28.8198144085218
bottle,0,texture,0.0123291015625,motion,3,divide_lpres_off,deep,0.9218887090682983,0.971253681055092,2.1696058260245255,-0.5143196677485906,26.392306139135172,26.047164456724193,0.792336642742157,28.8198144085218
bottle,0,texture,0.0123291015625,motion,4,identity,classical,0.8098669052124023,0.9765728789554792,1.0,0.0,25.90147972677663,25.891345695817304,0.7666597366333008,25.891345695817304
bottle,0,texture,0.0123291015625,motion,4,wiener,classical,0.7266152501106262,0.9159942968307396,0.9487472766235473,-0.6365032179633061,22.16154985420531,22.14093526032852,0.6614755988121033,25.891345695817304
bottle,0,texture,0.0123291015625,motion,4,restormer_deblur,deep,0.8098669052124023,0.9765728789554792,1.0,0.0,25.90147972677663,25.891345695817304,0.7666597366333008,25.891345695817304
bottle,0,texture,0.0123291015625,motion,4,divide_lpres_on,deep,0.7946386933326721,0.9765302765392739,1.0659599041419157,-0.017604351214165037,25.902277081793113,25.88939879715125,0.7721166014671326,25.891345695817304
bottle,0,texture,0.0123291015625,motion,4,divide_lpres_off,deep,0.9279781579971313,0.6265936862816971,0.4616533537058666,-0.8015175795412641,22.353016447488233,21.802483362535025,0.6909136772155762,25.891345695817304
bottle,0,texture,0.0123291015625,noise,2,identity,classical,0.9568686485290527,0.99745428001198,1.0,0.0,25.125500388152034,25.090931018708964,0.5308105945587158,25.090931018708964
bottle,0,texture,0.0123291015625,noise,2,wiener,classical,0.8014072775840759,0.8841419591563278,0.8187859080510191,-1.0522593594241183,20.39703974310473,20.353436890103602,0.3427222669124603,25.090931018708964
bottle,0,texture,0.0123291015625,noise,2,restormer_deblur,deep,0.9568686485290527,0.99745428001198,1.0,0.0,25.125500388152034,25.090931018708964,0.5308105945587158,25.090931018708964
bottle,0,texture,0.0123291015625,noise,2,divide_lpres_on,deep,0.941353440284729,0.9969834506980767,0.9883522545534302,0.22979646536445186,28.993049817591462,28.93987637334299,0.7149632573127747,25.090931018708964
bottle,0,texture,0.0123291015625,noise,2,divide_lpres_off,deep,0.915215790271759,0.6446911292933746,0.49232284536462473,-0.28229098845378164,25.529034532246918,24.688920378022672,0.7409222722053528,25.090931018708964
bottle,0,texture,0.0123291015625,noise,3,identity,classical,0.9484079480171204,0.9960563344194101,1.0,0.0,22.51034480699073,22.48276164788262,0.41510918736457825,22.48276164788262
bottle,0,texture,0.0123291015625,noise,3,wiener,classical,0.4071000814437866,0.39635550930515173,0.3260420082253036,-3.2938089228426293,11.248405794811019,11.235944727246368,0.027757981792092323,22.48276164788262
bottle,0,texture,0.0123291015625,noise,3,restormer_deblur,deep,1.035144567489624,0.9764715617553518,1.049745022904722,-0.2986095059385896,21.80405327394146,21.776515135722438,0.421923965215683,22.48276164788262
bottle,0,texture,0.0123291015625,noise,3,divide_lpres_on,deep,0.9262382388114929,0.8950775200928905,0.9661804929602907,-2.1440690167953713,13.709620792032812,13.68735538791155,0.13309583067893982,22.48276164788262
bottle,0,texture,0.0123291015625,noise,3,divide_lpres_off,deep,0.8865482807159424,0.8273601492997904,1.22595027043441,-1.1730775927781796,17.610640334061756,17.538568678669165,0.23208878934383392,22.48276164788262
bottle,0,texture,0.0123291015625,noise,4,identity,classical,0.9246102571487427,0.9926205816333994,1.0,0.0,20.305284030407186,20.277337496435713,0.3231448233127594,20.277337496435713
bottle,0,texture,0.0123291015625,noise,4,wiener,classical,0.7740923166275024,0.8785149702204958,0.7963885954961856,-0.4868210874569421,18.158126468349536,18.12609282361896,0.2059800773859024,20.277337496435713
bottle,0,texture,0.0123291015625,noise,4,restormer_deblur,deep,0.9246102571487427,0.9926205816333994,1.0,0.0,20.305284030407186,20.277337496435713,0.3231448233127594,20.277337496435713
bottle,0,texture,0.0123291015625,noise,4,divide_lpres_on,deep,0.9045586585998535,0.9930065058568196,0.9785563962787418,0.18636882687055922,23.82449886346059,23.790048304534487,0.4804128408432007,20.277337496435713
bottle,0,texture,0.0123291015625,noise,4,divide_lpres_off,deep,0.8905737996101379,0.6977979262091245,0.9789306056881133,0.07056260442128115,23.98713615481753,23.52401931425581,0.6071124076843262,20.277337496435713
bottle,0,texture,0.0123291015625,mixed,2,identity,classical,0.8107060194015503,0.9791089393779466,1.0,0.0,24.393149502715023,24.333133808861263,0.4668149948120117,24.333133808861263
bottle,0,texture,0.0123291015625,mixed,2,wiener,classical,0.7477062344551086,0.9303113178173132,0.9167307320440135,-0.7124275473376702,20.666972534570252,20.640814469550598,0.3457060754299164,24.333133808861263
bottle,0,texture,0.0123291015625,mixed,2,restormer_deblur,deep,0.8107060194015503,0.9791089393779466,1.0,0.0,24.393149502715023,24.333133808861263,0.4668149948120117,24.333133808861263
bottle,0,texture,0.0123291015625,mixed,2,divide_lpres_on,deep,0.8054624795913696,0.9794425491202305,1.0091363382848877,0.18915397844952575,27.528493090281398,27.43623276488439,0.6490256190299988,24.333133808861263
bottle,0,texture,0.0123291015625,mixed,2,divide_lpres_off,deep,0.8725894093513489,0.643349146997697,0.43579851869657116,-0.26862036229375086,24.505503450460246,23.85761556900171,0.6806486248970032,24.333133808861263
bottle,0,texture,0.0123291015625,mixed,3,identity,classical,0.8141812086105347,0.9787816649082471,1.0,0.0,21.97481106010594,21.93798392154695,0.347506046295166,21.93798392154695
bottle,0,texture,0.0123291015625,mixed,3,wiener,classical,0.7519628405570984,0.9291342257988308,0.9754740794106987,-0.4507052036295265,19.677534817637593,19.65655322331557,0.27123311161994934,21.93798392154695
bottle,0,texture,0.0123291015625,mixed,3,restormer_deblur,deep,0.8141812086105347,0.9787816649082471,1.0,0.0,21.97481106010594,21.93798392154695,0.347506046295166,21.93798392154695
bottle,0,texture,0.0123291015625,mixed,3,divide_lpres_on,deep,0.8076310157775879,0.9790781850221746,0.9957484980611726,0.17474814802086258,25.166839746118434,25.112609862984534,0.5155940651893616,21.93798392154695
bottle,0,texture,0.0123291015625,mixed,3,divide_lpres_off,deep,0.9296151995658875,0.6872186072666295,0.5249046936204099,-0.04320124010928739,24.268717792325226,23.68236885291283,0.61733078956604,21.93798392154695
bottle,0,texture,0.0123291015625,mixed,4,identity,classical,0.38190093636512756,0.9278683342860888,1.0,0.0,7.819823704248126,7.788586166188537,0.34403195977211,7.788586166188537
bottle,0,texture,0.0123291015625,mixed,4,wiener,classical,0.34215590357780457,0.8250363450531284,0.6991022190025747,-0.0060798427785362374,7.700182624328708,7.667848505594907,0.2694953978061676,7.788586166188537
bottle,0,texture,0.0123291015625,mixed,4,restormer_deblur,deep,0.38190093636512756,0.9278683342860888,1.0,0.0,7.819823704248126,7.788586166188537,0.34403195977211,7.788586166188537
bottle,0,texture,0.0123291015625,mixed,4,divide_lpres_on,deep,0.3843507170677185,0.933064125531121,0.97383494490689,0.05003816268290251,8.231135448967958,8.197639870657946,0.3649888038635254,7.788586166188537
bottle,0,texture,0.0123291015625,mixed,4,divide_lpres_off,deep,1.209147334098816,0.7833330388734446,1.4029617100653107,0.7289043592624713,17.24965904824025,16.92364572961524,0.4310734272003174,7.788586166188537
bottle,1,scratch,0.001251220703125,defocus,2,identity,classical,0.451081246137619,0.40046396229667675,1.0,0.0,35.231419194019026,34.96561052697575,0.9493157267570496,34.96561052697575
bottle,1,scratch,0.001251220703125,defocus,2,wiener,classical,0.016037600114941597,-0.15388774427527802,0.0866871478517401,-9.26386772241662,14.607538603961688,14.601476318592386,0.4983230531215668,34.96561052697575
bottle,1,scratch,0.001251220703125,defocus,2,restormer_deblur,deep,0.6089622378349304,0.44492604288066245,1.4458186602618082,-3.220078855433216,23.771728772724856,23.754694414256818,0.8919947743415833,34.96561052697575
bottle,1,scratch,0.001251220703125,defocus,2,divide_lpres_on,deep,0.7979800701141357,0.8854835433961826,1.7505911790885211,0.2914476507679159,36.13279198990014,36.07390682364953,0.9664447903633118,34.96561052697575
bottle,1,scratch,0.001251220703125,defocus,2,divide_lpres_off,deep,0.5482097864151001,0.31483621635731485,1.4042718555100249,-1.2901958051222588,28.750548218780416,28.66845768691035,0.8981850147247314,34.96561052697575
bottle,1,scratch,0.001251220703125,defocus,3,identity,classical,0.3184151351451874,0.2344869702127473,1.0,0.0,32.01300676278521,31.81857901907735,0.905354917049408,31.81857901907735
bottle,1,scratch,0.001251220703125,defocus,3,wiener,classical,0.019247956573963165,-0.20203341377782746,0.5976174204761557,-6.474549506490325,13.725504469352188,13.72301703689702,0.5197615623474121,31.81857901907735
bottle,1,scratch,0.001251220703125,defocus,3,restormer_deblur,deep,0.5214457511901855,0.3179739554951676,1.8502244983265703,-1.4724838555262396,24.510579617544703,24.488024014504486,0.889083206653595,31.81857901907735
bottle,1,scratch,0.001251220703125,defocus,3,divide_lpres_on,deep,0.6862544417381287,0.7831082702037055,2.1456930475501705,0.3565699679975144,35.14756455053809,35.04647363152907,0.9463581442832947,31.81857901907735
bottle,1,scratch,0.001251220703125,defocus,3,divide_lpres_off,deep,0.4859345555305481,0.24435472175965556,1.7620386615470116,-0.7057239400023014,28.03306734504124,27.9522496800747,0.8583018183708191,31.81857901907735
bottle,1,scratch,0.001251220703125,defocus,4,identity,classical,0.21486850082874298,0.201616787088432,1.0,0.0,28.441217856621744,28.324326221336854,0.830695629119873,28.324326221336854
bottle,1,scratch,0.001251220703125,defocus,4,wiener,classical,0.011490869335830212,0.004772265471944686,0.5779945512341482,-5.124483893124787,12.180820953057632,12.177034455444355,0.4688394367694855,28.324326221336854
bottle,1,scratch,0.001251220703125,defocus,4,restormer_deblur,deep,0.557550847530365,0.3518800017787775,3.229209555308067,-0.42971997085927605,25.554743671186163,25.530676782905157,0.8802714943885803,28.324326221336854
bottle,1,scratch,0.001251220703125,defocus,4,divide_lpres_on,deep,0.5818988680839539,0.6898678759132745,2.789162452129446,0.3680490380283634,33.08419581554055,32.97652635725546,0.9048362374305725,28.324326221336854
bottle,1,scratch,0.001251220703125,defocus,4,divide_lpres_off,deep,0.40976303815841675,0.11561627370817096,2.2946546088314843,-0.28757827879054565,26.950226212179082,26.877220255743303,0.788531482219696,28.324326221336854
bottle,1,scratch,0.001251220703125,motion,2,identity,classical,0.2789195775985718,0.27358632943833955,1.0,0.0,32.972123436115496,32.71075565785071,0.9268729090690613,32.71075565785071
bottle,1,scratch,0.001251220703125,motion,2,wiener,classical,0.2352668195962906,0.4272222962732745,0.6156048398673631,-2.335083997797208,23.246751935329613,23.20980437498234,0.7607676982879639,32.71075565785071
bottle,1,scratch,0.001251220703125,motion,2,restormer_deblur,deep,0.2789195775985718,0.27358632943833955,1.0,0.0,32.972123436115496,32.71075565785071,0.9268729090690613,32.71075565785071
bottle,1,scratch,0.001251220703125,motion,2,divide_lpres_on,deep,0.2911965548992157,0.2654433845052431,1.0368813983362049,-0.09163388131346051,33.07731119929295,32.789153699444384,0.9335351586341858,32.71075565785071
bottle,1,scratch,0.001251220703125,motion,2,divide_lpres_off,deep,0.1499134749174118,-0.05714409927428723,0.6185221693734388,-2.0169502492529823,24.80492422615113,24.71670608233934,0.8063786029815674,32.71075565785071
bottle,1,scratch,0.001251220703125,motion,3,identity,classical,0.29629841446876526,0.32421917527411864,1.0,0.0,28.848327172885995,28.754001676845412,0.8520548939704895,28.754001676845412
bottle,1,scratch,0.001251220703125,motion,3,wiener,classical,0.020238567143678665,-0.06303671660966781,0.7566880605108842,-4.462965094054924,13.69733865521259,13.6950824722544,0.5113608837127686,28.754001676845412
bottle,1,scratch,0.001251220703125,motion,3,restormer_deblur,deep,0.5397788286209106,0.38598621220931223,1.9945984009957396,0.5166511920329946,33.3451838654966,33.2282979786801,0.9339917302131653,28.754001676845412
bottle,1,scratch,0.001251220703125,motion,3,divide_lpres_on,deep,0.7314382791519165,0.7496083896428073,2.6394329041899485,0.08908932702947392,30.62563929241682,30.599805116441164,0.8615152835845947,28.754001676845412
bottle,1,scratch,0.001251220703125,motion,3,divide_lpres_off,deep,0.49096736311912537,0.3893766917600354,2.0715926622473315,-0.5443641484760084,26.6053021185312,26.54897592626813,0.7607436776161194,28.754001676845412
bottle,1,scratch,0.001251220703125,motion,4,identity,classical,0.7212936282157898,0.35979252170116155,1.0,0.0,25.89566220829607,25.878382304893194,0.7663952708244324,25.878382304893194
bottle,1,scratch,0.001251220703125,motion,4,wiener,classical,0.05220268666744232,0.18709722324728847,0.15460876192903603,-0.5689489590094712,22.45413574690346,22.398550737210652,0.6828444004058838,25.878382304893194
bottle,1,scratch,0.001251220703125,motion,4,restormer_deblur,deep,0.7212936282157898,0.35979252170116155,1.0,0.0,25.89566220829607,25.878382304893194,0.7663952708244324,25.878382304893194
bottle,1,scratch,0.001251220703125,motion,4,divide_lpres_on,deep,0.7597392797470093,0.3536297088305829,1.0274562474761966,-0.01747970714071334,25.89741730029248,25.879512924204796,0.7714859843254089,25.878382304893194
bottle,1,scratch,0.001251220703125,motion,4,divide_lpres_off,deep,0.5241209268569946,0.2905037610297351,0.8041636016555019,-0.6879292559168604,22.66940602534167,22.64895965216649,0.6980000138282776,25.878382304893194
bottle,1,scratch,0.001251220703125,noise,2,identity,classical,1.0093753337860107,0.926531303100068,1.0,0.0,25.070207620045586,25.073844923392556,0.5304261445999146,25.073844923392556
bottle,1,scratch,0.001251220703125,noise,2,wiener,classical,0.026093842461705208,0.04782413949168714,0.13237215923810194,-1.0262557210208096,20.464552829264896,20.428796562855645,0.3439241647720337,25.073844923392556
bottle,1,scratch,0.001251220703125,noise,2,restormer_deblur,deep,1.0093753337860107,0.926531303100068,1.0,0.0,25.070207620045586,25.073844923392556,0.5304261445999146,25.073844923392556
bottle,1,scratch,0.001251220703125,noise,2,divide_lpres_on,deep,0.9365323185920715,0.6750811007097611,0.9262677920260028,0.23135916193882,28.945453580148914,28.94295222553157,0.7148807644844055,25.073844923392556
bottle,1,scratch,0.001251220703125,noise,2,divide_lpres_off,deep,0.5646989941596985,0.4878834775819549,0.6586478749764412,-0.20916443722981715,25.99351288449259,25.95258370652775,0.7558359503746033,25.073844923392556
bottle,1,scratch,0.001251220703125,noise,3,identity,classical,0.9859926104545593,0.8770884573700435,1.0,0.0,22.475150036165687,22.47881746255156,0.4139736592769623,22.47881746255156
bottle,1,scratch,0.001251220703125,noise,3,wiener,classical,0.026186902076005936,0.04687042151238529,0.1282665243188422,-0.6933703024507367,19.37637396874289,19.348584452952572,0.26449015736579895,22.47881746255156
bottle,1,scratch,0.001251220703125,noise,3,restormer_deblur,deep,0.9859926104545593,0.8770884573700435,1.0,0.0,22.475150036165687,22.47881746255156,0.4139736592769623,22.47881746255156
bottle,1,scratch,0.001251220703125,noise,3,divide_lpres_on,deep,0.8832558393478394,0.620384870877662,0.9144978062252085,0.2056842923124792,26.169919745733992,26.169701233376813,0.5899931192398071,22.47881746255156
bottle,1,scratch,0.001251220703125,noise,3,divide_lpres_off,deep,0.575481653213501,0.5101250292314979,0.7278802742447418,-0.010508609865417018,25.263226896545543,25.23114677983579,0.6939284205436707,22.47881746255156
bottle,1,scratch,0.001251220703125,noise,4,identity,classical,0.9757172465324402,0.8042797259924094,1.0,0.0,20.288409905735527,20.292036620481284,0.3242925703525543,20.292036620481284
bottle,1,scratch,0.001251220703125,noise,4,wiener,classical,0.026147739961743355,0.046271189291391,0.12272533073643323,-0.48271480275473966,18.211675212505064,18.190877594749498,0.2054959386587143,20.292036620481284
bottle,1,scratch,0.001251220703125,noise,4,restormer_deblur,deep,0.9757172465324402,0.8042797259924094,1.0,0.0,20.288409905735527,20.292036620481284,0.3242925703525543,20.292036620481284
bottle,1,scratch,0.001251220703125,noise,4,divide_lpres_on,deep,0.8639761209487915,0.625044869574029,0.9053561958980275,0.18723725149580828,23.831719487869982,23.83300246776163,0.48361119627952576,20.292036620481284
bottle,1,scratch,0.001251220703125,noise,4,divide_lpres_off,deep,0.5712772607803345,0.4754929335297303,0.7005979299061386,0.09799410862076974,24.259062965691463,24.23461441360346,0.6198171973228455,20.292036620481284
bottle,1,scratch,0.001251220703125,mixed,2,identity,classical,0.27685487270355225,-0.10552759475934412,1.0,0.0,26.786807761019308,26.722872526584585,0.6638901829719543,26.722872526584585
bottle,1,scratch,0.001251220703125,mixed,2,wiener,classical,0.22754566371440887,0.12370409568497397,0.6065498327894859,-0.6374923411534745,21.915066156640375,21.888850406839673,0.5338302254676819,26.722872526584585
bottle,1,scratch,0.001251220703125,mixed,2,restormer_deblur,deep,0.27685487270355225,-0.10552759475934412,1.0,0.0,26.786807761019308,26.722872526584585,0.6638901829719543,26.722872526584585
bottle,1,scratch,0.001251220703125,mixed,2,divide_lpres_on,deep,0.28876152634620667,-0.10203967287938893,1.0353732547794827,0.21529370367706568,28.22879574683131,28.131250458365326,0.7136637568473816,26.722872526584585
bottle,1,scratch,0.001251220703125,mixed,2,divide_lpres_off,deep,0.150665283203125,-0.16007481917701352,0.34662131109700456,-0.3127841056515688,24.001423816684454,23.925145066340527,0.6689956784248352,26.722872526584585
bottle,1,scratch,0.001251220703125,mixed,3,identity,classical,0.15935637056827545,0.20905001948931778,1.0,0.0,9.379894680809572,9.38512840987209,0.6539178490638733,9.38512840987209
bottle,1,scratch,0.001251220703125,mixed,3,wiener,classical,0.009538016282022,-0.20415379563845015,0.5988038301463352,-0.034981680120951486,8.74968546515123,8.754611688705465,0.3873562812805176,9.38512840987209
bottle,1,scratch,0.001251220703125,mixed,3,restormer_deblur,deep,0.2809685170650482,0.10556305315778225,1.5182141227361086,0.06283370046452941,9.92927030658339,9.934537056574676,0.7393364906311035,9.38512840987209
bottle,1,scratch,0.001251220703125,mixed,3,divide_lpres_on,deep,0.3546377420425415,0.7971948826928246,2.2205731009374485,0.01509326729071414,9.520318051818828,9.525625826751218,0.6746922135353088,9.38512840987209
bottle,1,scratch,0.001251220703125,mixed,3,divide_lpres_off,deep,0.2166193425655365,0.39483432837706195,1.1024917783103705,0.5113876480365116,14.219722034453985,14.221014928888911,0.6454593539237976,9.38512840987209
bottle,1,scratch,0.001251220703125,mixed,4,identity,classical,0.21283221244812012,-0.21578493688839473,1.0,0.0,22.618609896086795,22.591229501032913,0.4365551173686981,22.591229501032913
bottle,1,scratch,0.001251220703125,mixed,4,wiener,classical,0.1860392540693283,0.24342583266298704,0.8461799377161198,-0.23931665748050013,20.499829402806846,20.479051894421524,0.3768531084060669,22.591229501032913
bottle,1,scratch,0.001251220703125,mixed,4,restormer_deblur,deep,0.21283221244812012,-0.21578493688839473,1.0,0.0,22.618609896086795,22.591229501032913,0.4365551173686981,22.591229501032913
bottle,1,scratch,0.001251220703125,mixed,4,divide_lpres_on,deep,0.2170933037996292,-0.23781530908639803,0.9599308190116168,0.14790310099944814,23.631024200132977,23.591849605347903,0.4696563482284546,22.591229501032913
bottle,1,scratch,0.001251220703125,mixed,4,divide_lpres_off,deep,0.14049503207206726,-0.1656914519430232,0.06305050220500535,-0.013567714228001737,22.290619796122005,22.234840524279093,0.5017244219779968,22.591229501032913
bottle,2,blob,0.0081939697265625,defocus,2,identity,classical,0.9854157567024231,0.999493426286322,1.0,0.0,33.854173918284246,33.8610354726169,0.9299927353858948,33.8610354726169
bottle,2,blob,0.0081939697265625,defocus,2,wiener,classical,0.4468359053134918,0.0008267641586203515,0.17385241677765242,-8.485306286608052,14.2045149831199,14.2259506195634,0.5029879212379456,33.8610354726169
bottle,2,blob,0.0081939697265625,defocus,2,restormer_deblur,deep,1.01863431930542,0.8454832981874302,1.0503186053265907,-2.7641734981631525,22.91256177300759,22.930294297851756,0.8694726824760437,33.8610354726169
bottle,2,blob,0.0081939697265625,defocus,2,divide_lpres_on,deep,0.9974473118782043,0.999632176248078,0.9602434307881392,0.33192222221574885,36.56448255718293,36.58575758375975,0.9681336283683777,33.8610354726169
bottle,2,blob,0.0081939697265625,defocus,2,divide_lpres_off,deep,0.5964778661727905,0.2544676819853773,0.7546109770020956,-1.3798422740440421,27.436249855134577,27.27926877831107,0.8792157173156738,33.8610354726169
bottle,2,blob,0.0081939697265625,defocus,3,identity,classical,0.9709394574165344,0.9980752422322327,1.0,0.0,31.176319098165102,31.175880965213967,0.8832530379295349,31.175880965213967
bottle,2,blob,0.0081939697265625,defocus,3,wiener,classical,0.2876814901828766,-0.1595067155866002,0.10546035138580687,-6.217819799412354,13.328290557736436,13.356290875924532,0.5143697261810303,31.175880965213967
bottle,2,blob,0.0081939697265625,defocus,3,restormer_deblur,deep,1.0568856000900269,0.8647228357823048,1.0819502228766733,-1.4333373385203787,24.007078187711475,24.02431598960412,0.8719282150268555,31.175880965213967
bottle,2,blob,0.0081939697265625,defocus,3,divide_lpres_on,deep,0.9956374764442444,0.998892541041979,0.9361857137274984,0.35792288373467274,34.36513052158497,34.386634150195576,0.9435515403747559,31.175880965213967
bottle,2,blob,0.0081939697265625,defocus,3,divide_lpres_off,deep,0.6323498487472534,0.2583404407070022,0.714086772343138,-0.8253249946652221,26.867852109101694,26.70944025036277,0.8319547772407532,31.175880965213967
bottle,2,blob,0.0081939697265625,defocus,4,identity,classical,0.9403043389320374,0.9925905325200532,1.0,0.0,28.19040041715394,28.174084104493996,0.8172013759613037,28.174084104493996
bottle,2,blob,0.0081939697265625,defocus,4,wiener,classical,0.06401237100362778,-0.3195282759441124,0.5820438118652489,-5.184721306061435,11.871581502706164,11.895113139723914,0.4675496518611908,28.174084104493996
bottle,2,blob,0.0081939697265625,defocus,4,restormer_deblur,deep,1.0328055620193481,0.8673123944223532,1.0171345452546419,-0.473179592138254,25.184052855915215,25.189140275351626,0.8670689463615417,28.174084104493996
bottle,2,blob,0.0081939697265625,defocus,4,divide_lpres_on,deep,0.9921268224716187,0.9902059474951456,0.9276300236308362,0.2799143081863493,31.144323663290393,31.16798789664426,0.8843858242034912,28.174084104493996
bottle,2,blob,0.0081939697265625,defocus,4,divide_lpres_off,deep,0.6623324751853943,0.23961168381161305,0.6611076401715571,-0.5068003319905965,25.526410965535163,25.408958200746067,0.7245180606842041,28.174084104493996
bottle,2,blob,0.0081939697265625,motion,2,identity,classical,0.9766998887062073,0.9983289281234693,1.0,0.0,32.138822583071864,32.143887944154365,0.9114876389503479,32.143887944154365
bottle,2,blob,0.0081939697265625,motion,2,wiener,classical,0.9148670434951782,0.7180970052120548,0.8197977980081383,-2.284272367497923,22.61303531485254,22.593751127451668,0.717339813709259,32.143887944154365
bottle,2,blob,0.0081939697265625,motion,2,restormer_deblur,deep,0.9766998887062073,0.9983289281234693,1.0,0.0,32.138822583071864,32.143887944154365,0.9114876389503479,32.143887944154365
bottle,2,blob,0.0081939697265625,motion,2,divide_lpres_on,deep,0.9750796556472778,0.998050494918805,0.9854642521012725,-0.11607482018013648,31.94498564595524,31.948045946217665,0.9151387214660645,32.143887944154365
bottle,2,blob,0.0081939697265625,motion,2,divide_lpres_off,deep,0.5647015571594238,0.22237934199790496,0.6522391835035493,-2.479146451602067,23.139861725707576,23.098350352275894,0.7639322280883789,32.143887944154365
bottle,2,blob,0.0081939697265625,motion,3,identity,classical,0.9414470791816711,0.9914407082114902,1.0,0.0,28.726971763179428,28.664848118544114,0.8416730761528015,28.664848118544114
bottle,2,blob,0.0081939697265625,motion,3,wiener,classical,0.28877952694892883,-0.15804273861572235,0.12123572443319192,-4.549076974603494,13.352511622731974,13.380615132871931,0.5105412006378174,28.664848118544114
bottle,2,blob,0.0081939697265625,motion,3,restormer_deblur,deep,0.9948363900184631,0.93907631413468,0.8270875322885098,0.4933753115240356,33.185256875864376,33.16204587874229,0.9244280457496643,28.664848118544114
bottle,2,blob,0.0081939697265625,motion,3,divide_lpres_on,deep,0.9936745762825012,0.9958060808108383,0.8672115844287126,0.24008610107077388,31.499098099324442,31.513549043156083,0.8912560939788818,28.664848118544114
bottle,2,blob,0.0081939697265625,motion,3,divide_lpres_off,deep,0.5786870718002319,0.0370252857152469,0.5785667077785093,-0.6519164107991029,25.923176137563416,25.786647546086037,0.7488407492637634,28.664848118544114
bottle,2,blob,0.0081939697265625,motion,4,identity,classical,0.9338482022285461,0.9849456999504015,1.0,0.0,25.516777025018527,25.550766688211304,0.7626516222953796,25.550766688211304
bottle,2,blob,0.0081939697265625,motion,4,wiener,classical,0.8761147260665894,0.7121768541866937,0.7596854735772446,-0.6457661131468337,21.925779170563565,21.907676683710232,0.6506059765815735,25.550766688211304
bottle,2,blob,0.0081939697265625,motion,4,restormer_deblur,deep,0.9338482022285461,0.9849456999504015,1.0,0.0,25.516777025018527,25.550766688211304,0.7626516222953796,25.550766688211304
bottle,2,blob,0.0081939697265625,motion,4,divide_lpres_on,deep,0.9307551383972168,0.9844969963252318,0.9822546964094899,-0.02142960669876781,25.50125070313086,25.531640891952026,0.7677357792854309,25.550766688211304
bottle,2,blob,0.0081939697265625,motion,4,divide_lpres_off,deep,0.5335322022438049,0.13896838651186308,0.694180644962094,-0.8433008082472542,21.935633702956864,21.909965667788565,0.6775210499763489,25.550766688211304
bottle,2,blob,0.0081939697265625,noise,2,identity,classical,0.9976853132247925,0.984936743093188,1.0,0.0,25.098404110982653,25.10931343607446,0.5314241051673889,25.10931343607446
bottle,2,blob,0.0081939697265625,noise,2,wiener,classical,0.9312717914581299,0.6989225964584243,0.7392998217047391,-1.0501212299033487,20.334657769179152,20.32161807000508,0.3381476104259491,25.10931343607446
bottle,2,blob,0.0081939697265625,noise,2,restormer_deblur,deep,0.9976853132247925,0.984936743093188,1.0,0.0,25.098404110982653,25.10931343607446,0.5314241051673889,25.10931343607446
bottle,2,blob,0.0081939697265625,noise,2,divide_lpres_on,deep,0.9950945973396301,0.9864266106707391,0.989911985792807,0.22812470777562266,28.94152675304534,28.942006613836444,0.7141706347465515,25.10931343607446
bottle,2,blob,0.0081939697265625,noise,2,divide_lpres_off,deep,0.4866044819355011,0.08081651512575264,0.6312799644212117,-0.3354309367431687,25.050540425752153,24.940460749928846,0.735656201839447,25.10931343607446
bottle,2,blob,0.0081939697265625,noise,3,identity,classical,0.9947253465652466,0.9733985525691343,1.0,0.0,22.454503356400156,22.46521112527105,0.4133591651916504,22.46521112527105
bottle,2,blob,0.0081939697265625,noise,3,wiener,classical,0.9301869869232178,0.7045132518754212,0.7147627136788696,-0.6998648626908412,19.27391603885286,19.26605946528163,0.2603895962238312,22.46521112527105
bottle,2,blob,0.0081939697265625,noise,3,restormer_deblur,deep,0.9947253465652466,0.9733985525691343,1.0,0.0,22.454503356400156,22.46521112527105,0.4133591651916504,22.46521112527105
bottle,2,blob,0.0081939697265625,noise,3,divide_lpres_on,deep,0.9906262159347534,0.9800989703499945,0.982947067634144,0.20188181719461384,26.109465571184884,26.114168596502708,0.585608720779419,22.46521112527105
bottle,2,blob,0.0081939697265625,noise,3,divide_lpres_off,deep,0.5981007814407349,0.26993295194115596,0.62409207965645,-0.0725262029633682,24.672247895938135,24.58462111126385,0.6719655990600586,22.46521112527105
bottle,2,blob,0.0081939697265625,noise,4,identity,classical,1.000465989112854,0.9575637494719027,1.0,0.0,20.27956921859923,20.287177762943816,0.324878066778183,20.287177762943816
bottle,2,blob,0.0081939697265625,noise,4,wiener,classical,0.9361281991004944,0.6911704689424327,0.6559829313057969,-0.49194392701265865,18.118974734912435,18.1135065448693,0.20305855572223663,20.287177762943816
bottle,2,blob,0.0081939697265625,noise,4,restormer_deblur,deep,1.000465989112854,0.9575637494719027,1.0,0.0,20.27956921859923,20.287177762943816,0.324878066778183,20.287177762943816
bottle,2,blob,0.0081939697265625,noise,4,divide_lpres_on,deep,0.9914200305938721,0.9686191359430387,1.0008468393081835,0.184154506563869,23.791544654219553,23.795577343605565,0.479860782623291,20.287177762943816
bottle,2,blob,0.0081939697265625,noise,4,divide_lpres_off,deep,0.4767456650733948,0.24293677132237862,0.7256186538578464,0.05133225465801916,23.758986150395245,23.666884070233873,0.6002001166343689,20.287177762943816
bottle,2,blob,0.0081939697265625,mixed,2,identity,classical,0.6213520169258118,0.9639575575464959,1.0,0.0,12.159465731263175,12.189788531352313,0.7774049639701843,12.189788531352313
bottle,2,blob,0.0081939697265625,mixed,2,wiener,classical,0.712382972240448,0.49184025992915326,0.7906886835439368,-0.025150086659102344,11.809834212551923,11.838940881248366,0.6423428654670715,12.189788531352313
bottle,2,blob,0.0081939697265625,mixed,2,restormer_deblur,deep,0.7666247487068176,0.7182269087886717,1.0,0.0,12.159465731263175,12.189788531352313,0.7774049639701843,12.189788531352313
bottle,2,blob,0.0081939697265625,mixed,2,divide_lpres_on,deep,0.5352125763893127,0.6177301711475383,0.9815780471920516,0.08047805001062447,12.848920669334996,12.879867682701798,0.7991657257080078,12.189788531352313
bottle,2,blob,0.0081939697265625,mixed,2,divide_lpres_off,deep,0.4932616055011749,-0.16854644150605538,0.6688601532691203,0.4471290159668153,16.530782729050937,16.545635202515868,0.5966704487800598,12.189788531352313
bottle,2,blob,0.0081939697265625,mixed,3,identity,classical,0.9617002010345459,0.8005113076265756,1.0,0.0,24.775393116181213,24.78922938722304,0.553016722202301,24.78922938722304
bottle,2,blob,0.0081939697265625,mixed,3,wiener,classical,0.9122963547706604,0.6393138721153623,0.784197599401112,-0.44277911499686007,21.090140548141108,21.08612845110423,0.45584580302238464,24.78922938722304
bottle,2,blob,0.0081939697265625,mixed,3,restormer_deblur,deep,0.9617002010345459,0.8005113076265756,1.0,0.0,24.775393116181213,24.78922938722304,0.553016722202301,24.78922938722304
bottle,2,blob,0.0081939697265625,mixed,3,divide_lpres_on,deep,0.9588028788566589,0.8219582669640775,0.9814955738282091,0.17760037120084649,25.986561842155357,25.995223533196004,0.5909123420715332,24.78922938722304
bottle,2,blob,0.0081939697265625,mixed,3,divide_lpres_off,deep,0.8266382217407227,0.4659255185695007,0.5940958941804282,-0.19197415426760656,23.077292099108394,23.004037335689627,0.5705915093421936,24.78922938722304
bottle,2,blob,0.0081939697265625,mixed,4,identity,classical,0.9626381397247314,0.6762048738359266,1.0,0.0,21.616300337171282,21.639340549575472,0.39358648657798767,21.639340549575472
bottle,2,blob,0.0081939697265625,mixed,4,wiener,classical,0.8984920382499695,0.5431633717342308,0.6236402071905843,-0.2303448467420146,19.695866362013383,19.69317008963428,0.31726929545402527,21.639340549575472
bottle,2,blob,0.0081939697265625,mixed,4,restormer_deblur,deep,0.9626381397247314,0.6762048738359266,1.0,0.0,21.616300337171282,21.639340549575472,0.39358648657798767,21.639340549575472
bottle,2,blob,0.0081939697265625,mixed,4,divide_lpres_on,deep,0.9472702741622925,0.6884216774420089,0.9846847451120678,0.1296108184237189,22.387643846509427,22.40807471235746,0.42282721400260925,21.639340549575472
bottle,2,blob,0.0081939697265625,mixed,4,divide_lpres_off,deep,0.5587418079376221,0.14884659595348865,0.6323267990058868,-0.010492416243507607,21.211761722665898,21.172023392929447,0.45668816566467285,21.639340549575472
bottle,3,texture,0.005035400390625,defocus,2,identity,classical,0.9150198698043823,0.8406427193686359,1.0,0.0,34.046287462063205,33.88445706339201,0.9375231862068176,33.88445706339201
bottle,3,texture,0.005035400390625,defocus,2,wiener,classical,0.46404221653938293,0.15095676324155838,0.06016922093794085,-8.660008987630183,14.337659444137552,14.328755784106955,0.48596981167793274,33.88445706339201
bottle,3,texture,0.005035400390625,defocus,2,restormer_deblur,deep,0.802282989025116,0.7436822346125618,0.6940840911945532,-2.7018408874102224,24.444678307740006,24.44371862868728,0.8783525824546814,33.88445706339201
bottle,3,texture,0.005035400390625,defocus,2,divide_lpres_on,deep,0.9448406100273132,0.6726989269794933,1.1322060195455885,0.3623313833854984,36.920069665921616,35.71270554561631,0.9700877070426941,33.88445706339201
bottle,3,texture,0.005035400390625,defocus,2,divide_lpres_off,deep,0.908561646938324,0.6458188050389942,1.3811233193834898,-1.3566768631593886,27.752163669247718,27.550121330658573,0.8906035423278809,33.88445706339201
bottle,3,texture,0.005035400390625,defocus,3,identity,classical,0.8765609860420227,0.7737929396328,1.0,0.0,31.291164261866925,31.170935978942794,0.8942718505859375,31.170935978942794
bottle,3,texture,0.005035400390625,defocus,3,wiener,classical,0.36063557863235474,0.09327696572501021,0.35119430914090854,-6.224171718947167,13.47743136622158,13.471909021378352,0.5008665323257446,31.170935978942794
bottle,3,texture,0.005035400390625,defocus,3,restormer_deblur,deep,0.8211807608604431,0.7068575021171278,0.8763994597987217,-1.380901461510411,24.559112281863506,24.561476640570984,0.8877307772636414,31.170935978942794
bottle,3,texture,0.005035400390625,defocus,3,divide_lpres_on,deep,0.9246957302093506,0.5397673171687898,1.2285740921939585,0.3431569254501142,34.2219343034384,33.13313951299992,0.9393846988677979,31.170935978942794
bottle,3,texture,0.005035400390625,defocus,3,divide_lpres_off,deep,0.9067572355270386,0.6629669253870238,1.573349577072003,-0.8113114242315331,27.01961650160055,26.871103768728034,0.8393001556396484,31.170935978942794
bottle,3,texture,0.005035400390625,defocus,4,identity,classical,0.8212924003601074,0.6911246307080711,1.0,0.0,28.168384895030396,28.092574917789165,0.8254629969596863,28.092574917789165
bottle,3,texture,0.005035400390625,defocus,4,wiener,classical,0.17799705266952515,0.014537425744553228,0.7717179256541277,-5.021409023663282,12.021740996445768,12.02198375893009,0.4669821262359619,28.092574917789165
bottle,3,texture,0.005035400390625,defocus,4,restormer_deblur,deep,0.7938318252563477,0.6865801514883108,0.9305362227240561,-0.44027296833208474,24.837678851446658,24.833039941086064,0.8694078922271729,28.092574917789165
bottle,3,texture,0.005035400390625,defocus,4,divide_lpres_on,deep,0.8976591229438782,0.47993325445461743,1.4460658575979155,0.2633515424123455,30.477037495557045,29.86038476414357,0.8774569034576416,28.092574917789165
bottle,3,texture,0.005035400390625,defocus,4,divide_lpres_off,deep,0.872422456741333,0.5998020534207327,1.8545101104902062,-0.4969785164222955,25.499062802765607,25.355278968432557,0.73630690574646,28.092574917789165
bottle,3,texture,0.005035400390625,motion,2,identity,classical,0.9460135102272034,0.8861437652280868,1.0,0.0,32.48146720146996,32.43193093468914,0.9198763370513916,32.43193093468914
bottle,3,texture,0.005035400390625,motion,2,wiener,classical,0.5908629894256592,0.22010125692147942,0.15142929621464588,-6.174721630679153,15.452436776650075,15.4391772708985,0.4610065519809723,32.43193093468914
bottle,3,texture,0.005035400390625,motion,2,restormer_deblur,deep,0.9610575437545776,0.9159411704057527,0.9362569600135671,0.40903865404819195,35.570827426036956,35.460533684095395,0.9577605128288269,32.43193093468914
bottle,3,texture,0.005035400390625,motion,2,divide_lpres_on,deep,0.9589582085609436,0.5546638942311116,0.9778576977440807,0.15961019982873592,34.5224877144588,33.31990019534918,0.9395527243614197,32.43193093468914
bottle,3,texture,0.005035400390625,motion,2,divide_lpres_off,deep,0.942916214466095,0.6411652938496971,1.2277040432311894,-1.2273292680660948,27.04073860692324,26.861898030784385,0.8395431637763977,32.43193093468914
bottle,3,texture,0.005035400390625,motion,3,identity,classical,0.9123749136924744,0.7713695882477601,1.0,0.0,28.40361790820119,28.374515157690876,0.8474476337432861,28.374515157690876
bottle,3,texture,0.005035400390625,motion,3,wiener,classical,0.34391453862190247,0.05953596944588662,0.3220953637594545,-4.329973383955628,13.476041116446266,13.467649271891784,0.4928896427154541,28.374515157690876
bottle,3,texture,0.005035400390625,motion,3,restormer_deblur,deep,0.962460994720459,0.9269144030104663,0.9571149461538841,0.5592638953223102,34.26615448932191,34.200673005989486,0.9386377334594727,28.374515157690876
bottle,3,texture,0.005035400390625,motion,3,divide_lpres_on,deep,0.9073303937911987,0.4334512963758788,0.9701549433538177,0.3456798777536383,32.26450678623851,31.355156233248263,0.9135252833366394,28.374515157690876
bottle,3,texture,0.005035400390625,motion,3,divide_lpres_off,deep,0.8646653890609741,0.578792771068903,1.1815146914087036,-0.473064416535502,26.292891694023876,26.113317742369414,0.7984569072723389,28.374515157690876
bottle,3,texture,0.005035400390625,motion,4,identity,classical,0.7632887959480286,0.6431507401941322,1.0,0.0,25.58945558529213,25.53519961301062,0.7661582827568054,25.53519961301062
bottle,3,texture,0.005035400390625,motion,4,wiener,classical,0.6731768846511841,0.5401481607830968,0.42148946035656654,-0.6595794561221962,21.786514193936632,21.770745209260728,0.6545233130455017,25.53519961301062
bottle,3,texture,0.005035400390625,motion,4,restormer_deblur,deep,0.7632887959480286,0.6431507401941322,1.0,0.0,25.58945558529213,25.53519961301062,0.7661582827568054,25.53519961301062
bottle,3,texture,0.005035400390625,motion,4,divide_lpres_on,deep,0.7151415944099426,0.6249365643855245,0.9477290172743704,-0.01657615561857173,25.59918768455187,25.517758226770443,0.7715713381767273,25.53519961301062
bottle,3,texture,0.005035400390625,motion,4,divide_lpres_off,deep,0.7495118379592896,0.7365994189644369,1.4758835680119142,-0.7390190132971695,22.291619229652454,22.265865841485606,0.6933698654174805,25.53519961301062
bottle,3,texture,0.005035400390625,noise,2,identity,classical,0.9003216028213501,0.9695596655495412,1.0,0.0,25.14256398575823,25.12842475241313,0.5360516905784607,25.12842475241313
bottle,3,texture,0.005035400390625,noise,2,wiener,classical,0.7523465156555176,0.5501929553835841,0.5284481882892449,-1.0769366273627812,20.30806723742638,20.288703406935515,0.34279870986938477,25.12842475241313
bottle,3,texture,0.005035400390625,noise,2,restormer_deblur,deep,0.9003216028213501,0.9695596655495412,1.0,0.0,25.14256398575823,25.12842475241313,0.5360516905784607,25.12842475241313
bottle,3,texture,0.005035400390625,noise,2,divide_lpres_on,deep,0.8861314654350281,0.959431658349907,0.9566424758555468,0.22725076714302905,28.990853521356165,28.960135078831534,0.7178248763084412,25.12842475241313
bottle,3,texture,0.005035400390625,noise,2,divide_lpres_off,deep,0.8526241779327393,0.9431677854345111,1.0916358486778297,-0.2957245001547202,25.357741761262357,25.36195969482025,0.7478300929069519,25.12842475241313
bottle,3,texture,0.005035400390625,noise,3,identity,classical,0.8730078935623169,0.9528410432974004,1.0,0.0,22.459791407104476,22.44503017930848,0.4174986779689789,22.44503017930848
bottle,3,texture,0.005035400390625,noise,3,wiener,classical,0.7278938293457031,0.5548315665713647,0.5257880739306102,-0.7170282938768082,19.231117236258555,19.21580796136,0.26241105794906616,22.44503017930848
bottle,3,texture,0.005035400390625,noise,3,restormer_deblur,deep,0.8730078935623169,0.9528410432974004,1.0,0.0,22.459791407104476,22.44503017930848,0.4174986779689789,22.44503017930848
bottle,3,texture,0.005035400390625,noise,3,divide_lpres_on,deep,0.8613966107368469,0.9400690050771997,0.9558341104539874,0.2033703548200152,26.117990197387037,26.09405394114671,0.5890612602233887,22.44503017930848
bottle,3,texture,0.005035400390625,noise,3,divide_lpres_off,deep,0.7940788269042969,0.9148892709953143,1.1335599491419852,-0.07279748698821886,24.660085812115085,24.634707911861767,0.6813347935676575,22.44503017930848
bottle,3,texture,0.005035400390625,noise,4,identity,classical,0.833820641040802,0.9126401556016345,1.0,0.0,20.326451099255532,20.311264135681405,0.32889044284820557,20.311264135681405
bottle,3,texture,0.005035400390625,noise,4,wiener,classical,0.6941419243812561,0.5450505565688781,0.47296158071796995,-0.5089463753443806,18.09371582803131,18.079538554933386,0.2053304761648178,20.311264135681405
bottle,3,texture,0.005035400390625,noise,4,restormer_deblur,deep,0.833820641040802,0.9126401556016345,1.0,0.0,20.326451099255532,20.311264135681405,0.32889044284820557,20.311264135681405
bottle,3,texture,0.005035400390625,noise,4,divide_lpres_on,deep,0.8225681185722351,0.9070749033602917,0.962641995990285,0.18398798311241782,23.819560035042993,23.797850863159518,0.4838038980960846,20.311264135681405
bottle,3,texture,0.005035400390625,noise,4,divide_lpres_off,deep,0.6037151217460632,0.6212099529587661,0.612763057347951,0.06779213981463783,23.993653955971613,23.9031861631833,0.617515504360199,20.311264135681405
bottle,3,texture,0.005035400390625,mixed,2,identity,classical,0.9058636426925659,0.8438157674550929,1.0,0.0,33.056752231189044,32.93437020642158,0.921774685382843,32.93437020642158
bottle,3,texture,0.005035400390625,mixed,2,wiener,classical,0.7959804534912109,0.6263588861136626,0.632457170977345,-2.551690419926566,22.638774678181303,22.620358389488704,0.7324464917182922,32.93437020642158
bottle,3,texture,0.005035400390625,mixed,2,restormer_deblur,deep,0.9058636426925659,0.8438157674550929,1.0,0.0,33.056752231189044,32.93437020642158,0.921774685382843,32.93437020642158
bottle,3,texture,0.005035400390625,mixed,2,divide_lpres_on,deep,0.8684213161468506,0.8368758823342519,0.9549824860713082,0.07357693616295569,33.18455396720631,32.99983966336984,0.9273731112480164,32.93437020642158
bottle,3,texture,0.005035400390625,mixed,2,divide_lpres_off,deep,0.8991174697875977,0.8623492895882386,1.4010839632986738,-1.9950463878750733,24.48785775962333,24.461031312630425,0.8054594993591309,32.93437020642158
bottle,3,texture,0.005035400390625,mixed,3,identity,classical,0.7396568059921265,0.6360599664128878,1.0,0.0,24.78998976600256,24.75411589622582,0.5634174942970276,24.75411589622582
bottle,3,texture,0.005035400390625,mixed,3,wiener,classical,0.6539580821990967,0.583357371892096,0.5918109279378829,-0.4509845953487448,21.04741008111736,21.03558306795638,0.460071325302124,24.75411589622582
bottle,3,texture,0.005035400390625,mixed,3,restormer_deblur,deep,0.7396568059921265,0.6360599664128878,1.0,0.0,24.78998976600256,24.75411589622582,0.5634174942970276,24.75411589622582
bottle,3,texture,0.005035400390625,mixed,3,divide_lpres_on,deep,0.7372269630432129,0.6510256031074685,0.971930066012282,0.1793470908972774,26.029150792343202,25.96336234931135,0.6012277007102966,24.75411589622582
bottle,3,texture,0.005035400390625,mixed,3,divide_lpres_off,deep,0.7250574231147766,0.7373371813753464,1.376578303641746,-0.1551251612380955,23.25178266991469,23.22392756864599,0.5973668694496155,24.75411589622582
bottle,3,texture,0.005035400390625,mixed,4,identity,classical,0.5791501998901367,0.6121473339255447,1.0,0.0,19.0765342999485,19.05268725292143,0.21380774676799774,19.05268725292143
bottle,3,texture,0.005035400390625,mixed,4,wiener,classical,0.5184081792831421,0.5542541645158946,0.1292445710171169,-0.18749140017556187,18.082659225634224,18.066676545935984,0.1810600757598877,19.05268725292143
bottle,3,texture,0.005035400390625,mixed,4,restormer_deblur,deep,0.5791501998901367,0.6121473339255447,1.0,0.0,19.0765342999485,19.05268725292143,0.21380774676799774,19.05268725292143
bottle,3,texture,0.005035400390625,mixed,4,divide_lpres_on,deep,0.5650181174278259,0.6137066484911698,0.857325000569441,0.13163427914177028,21.550926663372955,21.507947552103587,0.3379545509815216,19.05268725292143
bottle,3,texture,0.005035400390625,mixed,4,divide_lpres_off,deep,0.3992554843425751,0.5311037990492891,1.072827939395155,0.06999813723980519,21.88405302933961,21.79753565278161,0.4768580496311188,19.05268725292143
bottle,4,scratch,0.0060577392578125,defocus,2,identity,classical,0.8421359658241272,0.9548646336810718,1.0,0.0,34.446795429791116,34.37074697088421,0.9417223334312439,34.37074697088421
bottle,4,scratch,0.0060577392578125,defocus,2,wiener,classical,0.009871475398540497,-0.020784296369283677,0.3205406051712892,-8.430264639955395,14.723754696937586,14.71796822482877,0.5030279755592346,34.37074697088421
bottle,4,scratch,0.0060577392578125,defocus,2,restormer_deblur,deep,0.9185560345649719,0.7160654121412771,1.0854169446322945,-2.866135474764112,23.777807877620937,23.764106234350546,0.8762407302856445,34.37074697088421
bottle,4,scratch,0.0060577392578125,defocus,2,divide_lpres_on,deep,0.9873199462890625,0.986840803127262,1.258819783895831,0.38582530149920446,37.638217963616086,37.631457925655,0.974432647228241,34.37074697088421
bottle,4,scratch,0.0060577392578125,defocus,2,divide_lpres_off,deep,0.6809965968132019,0.7673290085103902,0.9401277989531636,-0.9722137660202745,29.818466777702458,29.699088381615365,0.9181108474731445,34.37074697088421
bottle,4,scratch,0.0060577392578125,defocus,3,identity,classical,0.7427284717559814,0.924349649811698,1.0,0.0,31.47873593420721,31.39066618525534,0.895129382610321,31.39066618525534
bottle,4,scratch,0.0060577392578125,defocus,3,wiener,classical,0.024208789691329002,-0.06257953722127357,0.18175658640192466,-5.912389735206811,13.883430793221097,13.881405647811981,0.5365755558013916,31.39066618525534
bottle,4,scratch,0.0060577392578125,defocus,3,restormer_deblur,deep,0.8851256966590881,0.6959621076270778,1.1629094371867774,-1.3622516947894177,24.00142635746385,23.956140637354245,0.8558501601219177,31.39066618525534
bottle,4,scratch,0.0060577392578125,defocus,3,divide_lpres_on,deep,0.9728372097015381,0.9771641222296898,1.5359275987861756,0.37989051377841787,35.1962068184421,35.18936464151981,0.9499990344047546,31.39066618525534
bottle,4,scratch,0.0060577392578125,defocus,3,divide_lpres_off,deep,0.6915659308433533,0.7118462329408128,1.1762845411751668,-0.5564790955166101,28.652783716194726,28.564041321661556,0.8702700734138489,31.39066618525534
bottle,4,scratch,0.0060577392578125,defocus,4,identity,classical,0.5868707895278931,0.8434243673253382,1.0,0.0,28.259020073910897,28.163767303533838,0.8233882784843445,28.163767303533838
bottle,4,scratch,0.0060577392578125,defocus,4,wiener,classical,0.03538072854280472,-0.2557901312588079,0.24576694614964592,-4.936800805968561,12.244304265808656,12.250337871055683,0.46861132979393005,28.163767303533838
bottle,4,scratch,0.0060577392578125,defocus,4,restormer_deblur,deep,0.8932178020477295,0.811378337484069,2.1002439728697593,-0.43059917309273277,25.52329478678277,25.503740969033856,0.8800749778747559,28.163767303533838
bottle,4,scratch,0.0060577392578125,defocus,4,divide_lpres_on,deep,0.9222250580787659,0.9719071297120553,2.3036798716130216,0.3465910241601776,32.06761624278356,32.0611247707848,0.899117648601532,28.163767303533838
bottle,4,scratch,0.0060577392578125,defocus,4,divide_lpres_off,deep,0.6417701244354248,0.6504272498431437,1.6684010398678364,-0.27612266649274964,27.199090509774333,27.139927897766015,0.7920279502868652,28.163767303533838
bottle,4,scratch,0.0060577392578125,motion,2,identity,classical,0.9319612383842468,0.9560362549545199,1.0,0.0,32.378804833231875,32.362027430274374,0.9184281229972839,32.362027430274374
bottle,4,scratch,0.0060577392578125,motion,2,wiener,classical,0.7958989143371582,0.19832189963729113,0.3438723608558095,-2.3109610451792455,22.81287755601777,22.77301951822269,0.7252373099327087,32.362027430274374
bottle,4,scratch,0.0060577392578125,motion,2,restormer_deblur,deep,0.9192344546318054,0.9280543085274903,1.0,0.0,32.378804833231875,32.362027430274374,0.9184281229972839,32.362027430274374
bottle,4,scratch,0.0060577392578125,motion,2,divide_lpres_on,deep,0.9886749386787415,0.8896473628116413,1.0556485975969134,-0.0921786658977799,32.26257531902837,32.24720871402766,0.9223001599311829,32.362027430274374
bottle,4,scratch,0.0060577392578125,motion,2,divide_lpres_off,deep,0.6900638341903687,0.3635099606560043,0.5655716995048197,-1.8162823378311326,24.679266185006586,24.57800497037141,0.8133624196052551,32.362027430274374
bottle,4,scratch,0.0060577392578125,motion,3,identity,classical,0.4606940448284149,0.7877430425064585,1.0,0.0,28.56226142703763,28.41063830387587,0.8446758389472961,28.41063830387587
bottle,4,scratch,0.0060577392578125,motion,3,wiener,classical,0.10502614080905914,-0.18355943505835515,1.3126711350366622,-4.199646517844307,13.862738159980319,13.857971702028482,0.5252417922019958,28.41063830387587
bottle,4,scratch,0.0060577392578125,motion,3,restormer_deblur,deep,0.9130129218101501,0.9457452943322685,4.916220935182173,0.4934588272023007,33.339273208116275,33.301178657062316,0.9320654273033142,28.41063830387587
bottle,4,scratch,0.0060577392578125,motion,3,divide_lpres_on,deep,0.9548295736312866,0.9707696228393435,4.858117988575416,0.29875362677627326,31.990844658035023,31.97474119317595,0.910648763179779,28.41063830387587
bottle,4,scratch,0.0060577392578125,motion,3,divide_lpres_off,deep,0.6071114540100098,0.5723069680937422,2.7295686976632196,-0.3672816305617914,27.305792490228917,27.20220866169103,0.8120958209037781,28.41063830387587
bottle,4,scratch,0.0060577392578125,motion,4,identity,classical,0.4429168701171875,0.7581159433858657,1.0,0.0,25.628436808493294,25.50400131423131,0.763749897480011,25.50400131423131
bottle,4,scratch,0.0060577392578125,motion,4,wiener,classical,0.03275346755981445,0.40795159544782744,1.1847798792052446,-3.7762724036874715,12.340368892609423,12.350092072794885,0.458005428314209,25.50400131423131
bottle,4,scratch,0.0060577392578125,motion,4,restormer_deblur,deep,0.9013215899467468,0.8983247168644274,7.656064197934131,0.3365883145118389,27.948789548453547,27.87087606298391,0.8562853932380676,25.50400131423131
bottle,4,scratch,0.0060577392578125,motion,4,divide_lpres_on,deep,0.8869579434394836,0.9723700489605024,7.1625434219624236,0.19823633582371059,28.826977264041407,28.79868783458738,0.8334545493125916,25.50400131423131
bottle,4,scratch,0.0060577392578125,motion,4,divide_lpres_off,deep,0.7298838496208191,0.6629976499365656,4.641687014387602,-0.12671756172200688,26.571837408858926,26.479401167192556,0.7700901627540588,25.50400131423131
bottle,4,scratch,0.0060577392578125,noise,2,identity,classical,0.979699432849884,0.9867712951318937,1.0,0.0,25.055787256198393,25.044850176478274,0.5325419306755066,25.044850176478274
bottle,4,scratch,0.0060577392578125,noise,2,wiener,classical,0.48936498165130615,0.24827306593874648,0.28884808222031544,-1.0554622904743658,20.420977494646376,20.39115198892865,0.3387461006641388,25.044850176478274
bottle,4,scratch,0.0060577392578125,noise,2,restormer_deblur,deep,0.979699432849884,0.9867712951318937,1.0,0.0,25.055787256198393,25.044850176478274,0.5325419306755066,25.044850176478274
bottle,4,scratch,0.0060577392578125,noise,2,divide_lpres_on,deep,0.9850573539733887,0.9847071039890115,1.006691206863256,0.2320686942308492,28.943069549637727,28.926728245445005,0.7164425849914551,25.044850176478274
bottle,4,scratch,0.0060577392578125,noise,2,divide_lpres_off,deep,0.5433722138404846,0.5848804017231981,0.5368639463464113,-0.19255932763096073,26.06579913801793,25.928913430645217,0.7608205676078796,25.044850176478274
bottle,4,scratch,0.0060577392578125,noise,3,identity,classical,0.988962709903717,0.9899122083468764,1.0,0.0,22.45165653003484,22.444004755538725,0.4176669418811798,22.444004755538725
bottle,4,scratch,0.0060577392578125,noise,3,wiener,classical,0.5005677342414856,0.2485358056559685,0.33089769248734785,-0.7074486074312112,19.326367250911034,19.302422683156294,0.2603740990161896,22.444004755538725
bottle,4,scratch,0.0060577392578125,noise,3,restormer_deblur,deep,0.988962709903717,0.9899122083468764,1.0,0.0,22.45165653003484,22.444004755538725,0.4176669418811798,22.444004755538725
bottle,4,scratch,0.0060577392578125,noise,3,divide_lpres_on,deep,0.9827892780303955,0.9888667102260845,0.9968708711054889,0.20836799610968093,26.154131469936846,26.144428117011522,0.593484103679657,22.444004755538725
bottle,4,scratch,0.0060577392578125,noise,3,divide_lpres_off,deep,0.5576450824737549,0.6126312273904779,0.6322792176471289,0.01211062342864444,25.518941799156025,25.38780747925706,0.6960377097129822,22.444004755538725
bottle,4,scratch,0.0060577392578125,noise,4,identity,classical,0.9890813231468201,0.9824792499304521,1.0,0.0,20.256360684077528,20.247116510449757,0.3272700607776642,20.247116510449757
bottle,4,scratch,0.0060577392578125,noise,4,wiener,classical,0.4940562844276428,0.24740465180553242,0.22255368022739935,-0.49493871135176404,18.133076024832516,18.112649758004228,0.20381765067577362,20.247116510449757
bottle,4,scratch,0.0060577392578125,noise,4,restormer_deblur,deep,0.9890813231468201,0.9824792499304521,1.0,0.0,20.256360684077528,20.247116510449757,0.3272700607776642,20.247116510449757
bottle,4,scratch,0.0060577392578125,noise,4,divide_lpres_on,deep,0.9792982935905457,0.9818789250755031,0.9992811358586887,0.1900436107971054,23.793105938568473,23.779835011634884,0.4857248067855835,20.247116510449757
bottle,4,scratch,0.0060577392578125,noise,4,divide_lpres_off,deep,0.5585417747497559,0.6321369404568163,0.597281789408849,0.12141979872775333,24.479180138729202,24.40550572304715,0.6262795925140381,20.247116510449757
bottle,4,scratch,0.0060577392578125,mixed,2,identity,classical,0.60769122838974,0.9586595248922988,1.0,0.0,12.129582748162024,12.12765121708155,0.8351249694824219,12.12765121708155
bottle,4,scratch,0.0060577392578125,mixed,2,wiener,classical,0.3422439694404602,0.2441984968171561,0.3490534912811699,-0.019872015135457444,11.79802643753436,11.790112119596488,0.6306968331336975,12.12765121708155
bottle,4,scratch,0.0060577392578125,mixed,2,restormer_deblur,deep,0.60769122838974,0.9586595248922988,1.0,0.0,12.129582748162024,12.12765121708155,0.8351249694824219,12.12765121708155
bottle,4,scratch,0.0060577392578125,mixed,2,divide_lpres_on,deep,0.6342809200286865,0.9600288800083885,1.0446852092316885,0.0806626079921271,12.82884478256139,12.8258241142555,0.8550383448600769,12.12765121708155
bottle,4,scratch,0.0060577392578125,mixed,2,divide_lpres_off,deep,0.3733915090560913,0.6090795677280093,0.5439836243974103,0.6280136959566234,19.645119548423608,19.62493761658419,0.6699385046958923,12.12765121708155
bottle,4,scratch,0.0060577392578125,mixed,3,identity,classical,0.7462436556816101,0.9128017183559375,1.0,0.0,30.983147237526723,30.893402091756247,0.884340763092041,30.893402091756247
bottle,4,scratch,0.0060577392578125,mixed,3,wiener,classical,0.4977691173553467,0.47891206390979807,0.45545206880583156,-1.601183438831817,23.102390186187872,23.074838937214174,0.7394830584526062,30.893402091756247
bottle,4,scratch,0.0060577392578125,mixed,3,restormer_deblur,deep,0.7462436556816101,0.9128017183559375,1.0,0.0,30.983147237526723,30.893402091756247,0.884340763092041,30.893402091756247
bottle,4,scratch,0.0060577392578125,mixed,3,divide_lpres_on,deep,0.7673691511154175,0.9163398101748453,1.0772407844618184,0.027359764952759047,31.18004700423541,31.112631790098547,0.8936489224433899,30.893402091756247
bottle,4,scratch,0.0060577392578125,mixed,3,divide_lpres_off,deep,0.44922155141830444,0.456070232582603,0.5136025328549461,-1.3855016309986956,24.371523332978704,24.25161176930111,0.7835690975189209,30.893402091756247
bottle,4,scratch,0.0060577392578125,mixed,4,identity,classical,0.2585749626159668,0.8172117892590861,1.0,0.0,7.553652555558472,7.554596239231813,0.14589032530784607,7.554596239231813
bottle,4,scratch,0.0060577392578125,mixed,4,wiener,classical,0.2058362513780594,0.6666727797286465,0.23072882266896155,-0.006178111292265198,7.471827862649549,7.472268633590058,0.131045401096344,7.554596239231813
bottle,4,scratch,0.0060577392578125,mixed,4,restormer_deblur,deep,0.2585749626159668,0.8172117892590861,1.0,0.0,7.553652555558472,7.554596239231813,0.14589032530784607,7.554596239231813
bottle,4,scratch,0.0060577392578125,mixed,4,divide_lpres_on,deep,0.26548969745635986,0.8220068404470363,0.9762677358256494,0.04380945051837715,7.992083770466014,7.992685400127572,0.21198971569538116,7.554596239231813
bottle,4,scratch,0.0060577392578125,mixed,4,divide_lpres_off,deep,0.1980363428592682,0.48951444149655604,0.32910518173124975,0.6415309576689938,14.565616239771986,14.558050848642418,0.3565552234649658,7.554596239231813
bottle,5,blob,0.017852783203125,defocus,2,identity,classical,0.9939306378364563,0.9998742190454999,1.0,0.0,35.72881048254835,35.764780815932234,0.9520977139472961,35.764780815932234
bottle,5,blob,0.017852783203125,defocus,2,wiener,classical,0.741966187953949,0.3628104676946606,0.991253694009642,-10.074050526567017,14.37429045470651,14.432483411012171,0.4987024962902069,35.764780815932234
bottle,5,blob,0.017852783203125,defocus,2,restormer_deblur,deep,0.9183074235916138,0.06759696793610241,1.0040879132354388,-3.8760340517969647,22.970140997159312,23.033242529357935,0.8893294334411621,35.764780815932234
bottle,5,blob,0.017852783203125,defocus,2,divide_lpres_on,deep,0.9207023978233337,0.9291948915431041,1.0568745383749525,0.36039514040171894,37.88919374036896,37.829524825750674,0.976015031337738,35.764780815932234
bottle,5,blob,0.017852783203125,defocus,2,divide_lpres_off,deep,0.9503094553947449,0.8124356546766632,1.148790281088779,-1.816575467755659,27.71114028959365,27.67524841049031,0.8837847709655762,35.764780815932234
bottle,5,blob,0.017852783203125,defocus,3,identity,classical,0.987781822681427,0.9994983365866259,1.0,0.0,32.575738730362374,32.588854692169264,0.9106931686401367,32.588854692169264
bottle,5,blob,0.017852783203125,defocus,3,wiener,classical,0.6437274217605591,0.24283088492746827,1.016549057977232,-7.112892884695002,13.435641458496871,13.492343893499568,0.515381932258606,32.588854692169264
bottle,5,blob,0.017852783203125,defocus,3,restormer_deblur,deep,0.9630901217460632,0.12163324297996707,1.0586410729953473,-1.9533463493650727,23.291956603671,23.361544472158663,0.8637345433235168,32.588854692169264
bottle,5,blob,0.017852783203125,defocus,3,divide_lpres_on,deep,0.8960773348808289,0.8757276728503868,1.0515574790269502,0.3897246498453686,35.80831610903876,35.71016439520403,0.9567777514457703,32.588854692169264
bottle,5,blob,0.017852783203125,defocus,3,divide_lpres_off,deep,0.9357507824897766,0.725375652796811,1.126251826751952,-1.056923344924087,27.173306176745765,27.136392595780862,0.8440095782279968,32.588854692169264
bottle,5,blob,0.017852783203125,defocus,4,identity,classical,0.9743726253509521,0.9978673875748328,1.0,0.0,29.113995113073805,29.09625299549421,0.8437573313713074,29.09625299549421
bottle,5,blob,0.017852783203125,defocus,4,wiener,classical,0.4435952603816986,0.025334303028669545,1.0956920221027395,-5.712008060931658,11.93474928878661,11.991601348143725,0.4829586446285248,29.09625299549421
bottle,5,blob,0.017852783203125,defocus,4,restormer_deblur,deep,0.9318453669548035,0.15810209665492983,0.8269019208140337,-0.6384601374120356,25.50065607931817,25.55559684902844,0.888293445110321,29.09625299549421
bottle,5,blob,0.017852783203125,defocus,4,divide_lpres_on,deep,0.85382479429245,0.7742380213755728,1.0198233286634935,0.3049381284259969,32.422826709949305,32.347982018138936,0.8989465832710266,29.09625299549421
bottle,5,blob,0.017852783203125,defocus,4,divide_lpres_off,deep,0.8957775235176086,0.5139272409455335,1.0780181690638557,-0.641215263533343,25.80388146757009,25.773920643626557,0.7312123775482178,29.09625299549421
bottle,5,blob,0.017852783203125,motion,2,identity,classical,0.9891594052314758,0.9996363419005468,1.0,0.0,33.65083445841382,33.71452696166144,0.9308673739433289,33.71452696166144
bottle,5,blob,0.017852783203125,motion,2,wiener,classical,0.9603776335716248,0.8770508409786888,0.9147064295610575,-2.495303333200642,23.25354685794852,23.315006907567913,0.7645403742790222,33.71452696166144
bottle,5,blob,0.017852783203125,motion,2,restormer_deblur,deep,0.9891594052314758,0.9996363419005468,1.0,0.0,33.65083445841382,33.71452696166144,0.9308673739433289,33.71452696166144
bottle,5,blob,0.017852783203125,motion,2,divide_lpres_on,deep,0.7396242618560791,0.8587759266687554,1.0903461061431179,-0.14623119015884667,33.507002081097475,33.48418001715259,0.9353377819061279,33.71452696166144
bottle,5,blob,0.017852783203125,motion,2,divide_lpres_off,deep,0.9722310304641724,0.5635038560046265,1.1051402631860132,-2.7808011987028607,23.816739880010868,23.84202677447336,0.7793598175048828,33.71452696166144
bottle,5,blob,0.017852783203125,motion,3,identity,classical,0.9741045236587524,0.9979589166646373,1.0,0.0,29.336245083925114,29.407740923240418,0.8624189496040344,29.407740923240418
bottle,5,blob,0.017852783203125,motion,3,wiener,classical,0.6436977982521057,0.24204674071900867,0.9860266329745591,-4.898099183589204,13.417789437642709,13.473878989859694,0.5104179978370667,29.407740923240418
bottle,5,blob,0.017852783203125,motion,3,restormer_deblur,deep,1.0090020895004272,0.9947285844635918,0.8830233887004193,0.6250200838058796,36.42259550144346,36.49355024425475,0.9575700759887695,29.407740923240418
bottle,5,blob,0.017852783203125,motion,3,divide_lpres_on,deep,0.8841329216957092,0.9152838986279945,1.028447222005249,0.18600972437715135,31.243041141654892,31.282493193962765,0.8974416851997375,29.407740923240418
bottle,5,blob,0.017852783203125,motion,3,divide_lpres_off,deep,0.9124119281768799,0.8068308786884385,1.1232870371994303,-0.8306762394569558,25.73239338191261,25.730488061616924,0.738043487071991,29.407740923240418
bottle,5,blob,0.017852783203125,motion,4,identity,classical,0.9669287204742432,0.9894783873256038,1.0,0.0,26.40728317803593,26.396400019880048,0.7818990349769592,26.396400019880048
bottle,5,blob,0.017852783203125,motion,4,wiener,classical,0.9381687045097351,0.8743843862713386,0.936036030476679,-0.5430785762573134,23.041590537554736,23.066773070920167,0.7255347371101379,26.396400019880048
bottle,5,blob,0.017852783203125,motion,4,restormer_deblur,deep,0.9669287204742432,0.9894783873256038,1.0,0.0,26.40728317803593,26.396400019880048,0.7818990349769592,26.396400019880048
bottle,5,blob,0.017852783203125,motion,4,divide_lpres_on,deep,0.7347632646560669,0.8437856966789273,1.070924572945382,-0.02655081053225894,26.394325927689035,26.366160290564395,0.7859001755714417,26.396400019880048
bottle,5,blob,0.017852783203125,motion,4,divide_lpres_off,deep,0.9878354072570801,0.5691672515497054,1.0142885698549398,-0.9406399927270424,22.384233261685957,22.416904407921745,0.693953275680542,26.396400019880048
bottle,5,blob,0.017852783203125,noise,2,identity,classical,0.7182623744010925,0.6123964367617922,1.0,0.0,25.210287062077583,25.158944567120635,0.5221793055534363,25.158944567120635
bottle,5,blob,0.017852783203125,noise,2,wiener,classical,0.6973557472229004,0.6033218912314704,0.9738537838743999,-0.9999963345271261,20.66057751684776,20.684541960620592,0.35147950053215027,25.158944567120635
bottle,5,blob,0.017852783203125,noise,2,restormer_deblur,deep,0.7182623744010925,0.6123964367617922,1.0,0.0,25.210287062077583,25.158944567120635,0.5221793055534363,25.158944567120635
bottle,5,blob,0.017852783203125,noise,2,divide_lpres_on,deep,0.657341718673706,0.525488267388549,1.0258367696090498,0.2264083645527062,29.087896691697715,29.02632541421792,0.7075732350349426,25.158944567120635
bottle,5,blob,0.017852783203125,noise,2,divide_lpres_off,deep,0.6844490766525269,0.3814471439224779,1.0393509001836296,-0.35369818369475015,25.266159845973615,25.235617848259942,0.7298685908317566,25.158944567120635
bottle,5,blob,0.017852783203125,noise,3,identity,classical,0.6805869340896606,0.541604742134623,1.0,0.0,22.551624284580814,22.512294034022332,0.4020521640777588,22.512294034022332
bottle,5,blob,0.017852783203125,noise,3,wiener,classical,0.6625244617462158,0.5247316475032995,0.9168672717432673,-0.665017148456639,19.527048312361284,19.5376025637128,0.26712289452552795,22.512294034022332
bottle,5,blob,0.017852783203125,noise,3,restormer_deblur,deep,0.6805869340896606,0.541604742134623,1.0,0.0,22.551624284580814,22.512294034022332,0.4020521640777588,22.512294034022332
bottle,5,blob,0.017852783203125,noise,3,divide_lpres_on,deep,0.6405446529388428,0.5068904282409878,1.0112766513228397,0.20318636375357801,26.227080019917853,26.193520894146914,0.5771241784095764,22.512294034022332
bottle,5,blob,0.017852783203125,noise,3,divide_lpres_off,deep,0.6347238421440125,0.32482671264559776,1.2188419087388433,-0.07516872534103514,24.812297603992235,24.766714860239098,0.6671139597892761,22.512294034022332
bottle,5,blob,0.017852783203125,noise,4,identity,classical,0.6549885869026184,0.4963899471218055,1.0,0.0,20.380713271087735,20.350254405798726,0.31085067987442017,20.350254405798726
bottle,5,blob,0.017852783203125,noise,4,wiener,classical,0.6380344033241272,0.46787075119028515,0.9023660434933864,-0.46555416079734946,18.3210666122571,18.32631072827,0.20613859593868256,20.350254405798726
bottle,5,blob,0.017852783203125,noise,4,restormer_deblur,deep,0.6549885869026184,0.4963899471218055,1.0,0.0,20.380713271087735,20.350254405798726,0.31085067987442017,20.350254405798726
bottle,5,blob,0.017852783203125,noise,4,divide_lpres_on,deep,0.6212947368621826,0.47057445347637716,1.0175280870756498,0.1861984522845609,23.91920037541745,23.896783284822085,0.46909356117248535,20.350254405798726
bottle,5,blob,0.017852783203125,noise,4,divide_lpres_off,deep,0.5436503291130066,0.3582722790028192,1.2008548067781013,0.05956145329839957,24.117927590133377,24.081685259153257,0.596368134021759,20.350254405798726
bottle,5,blob,0.017852783203125,mixed,2,identity,classical,0.7337245941162109,0.3916130990914859,1.0,0.0,27.195583606164547,27.174651828888287,0.6713559627532959,27.174651828888287
bottle,5,blob,0.017852783203125,mixed,2,wiener,classical,0.7252334356307983,0.37707573169739006,0.9255452801976953,-0.6545261220537923,22.08102682941645,22.114469154403075,0.5510085225105286,27.174651828888287
bottle,5,blob,0.017852783203125,mixed,2,restormer_deblur,deep,0.7337245941162109,0.3916130990914859,1.0,0.0,27.195583606164547,27.174651828888287,0.6713559627532959,27.174651828888287
bottle,5,blob,0.017852783203125,mixed,2,divide_lpres_on,deep,0.6846030354499817,0.4086422395859591,1.0066392574389338,0.21168592104864525,28.684968603660902,28.64702396836005,0.7186773419380188,27.174651828888287
bottle,5,blob,0.017852783203125,mixed,2,divide_lpres_off,deep,0.6738671064376831,0.30423099233445083,1.0662239735235097,-0.39163940550396914,24.128822533776034,24.109592393509274,0.663097620010376,27.174651828888287
bottle,5,blob,0.017852783203125,mixed,3,identity,classical,0.9943878650665283,0.9396847822725833,1.0,0.0,28.998097609953657,29.028867585120945,0.8506047129631042,29.028867585120945
bottle,5,blob,0.017852783203125,mixed,3,wiener,classical,0.690451443195343,0.1868640713789954,0.9722008556938131,-4.8453988923184586,13.393179273650988,13.448446212057155,0.4739267826080322,29.028867585120945
bottle,5,blob,0.017852783203125,mixed,3,restormer_deblur,deep,0.2913402020931244,0.042263848416288996,1.5494563879843182,-0.09678689126028828,28.612291088673814,28.480317563893557,0.8428936004638672,29.028867585120945
bottle,5,blob,0.017852783203125,mixed,3,divide_lpres_on,deep,0.9015485048294067,0.5260321278407841,0.9176253364284556,-0.27298409475292873,27.85995146178128,27.87303150659111,0.761925995349884,29.028867585120945
bottle,5,blob,0.017852783203125,mixed,3,divide_lpres_off,deep,0.9432322978973389,0.5128955783180806,0.9698085501269381,-0.7575420093935947,25.777213982744968,25.78553011473595,0.7058200240135193,29.028867585120945
bottle,5,blob,0.017852783203125,mixed,4,identity,classical,0.6537113785743713,0.5116214497403808,1.0,0.0,19.716766374186864,19.687154376453652,0.22931505739688873,19.687154376453652
bottle,5,blob,0.017852783203125,mixed,4,wiener,classical,0.24828940629959106,-0.07219322764106813,0.8826983351404651,-2.4872647071571703,10.104266465494687,10.141556330986905,0.03388858214020729,19.687154376453652
bottle,5,blob,0.017852783203125,mixed,4,restormer_deblur,deep,0.629763662815094,0.5473524058661671,1.0118638781251568,-0.028351349714319962,21.231622658597615,21.21318810633857,0.30933108925819397,19.687154376453652
bottle,5,blob,0.017852783203125,mixed,4,divide_lpres_on,deep,0.6607301831245422,0.19320283617982642,0.7291407070659539,-1.1830055135516009,13.019485851958663,13.005266048168508,0.10303172469139099,19.687154376453652
bottle,5,blob,0.017852783203125,mixed,4,divide_lpres_off,deep,0.6351834535598755,0.2159324126975699,0.9684190039844093,-0.5555765945789151,17.20178398367584,17.159985321070906,0.20921678841114044,19.687154376453652
bottle,6,texture,0.0126495361328125,defocus,2,identity,classical,0.9358956217765808,0.7741443531432988,1.0,0.0,34.60576577178866,34.414332919840625,0.9323363900184631,34.414332919840625
bottle,6,texture,0.0126495361328125,defocus,2,wiener,classical,0.6139175295829773,-0.1061658667471603,1.790707316737679,-8.89227527797324,14.299846227598263,14.340331776079008,0.49552807211875916,34.414332919840625
bottle,6,texture,0.0126495361328125,defocus,2,restormer_deblur,deep,0.8437084555625916,0.4982699360393379,1.4512821828763096,-2.3179524098635094,24.610096500497036,24.620976209175126,0.8722873330116272,34.414332919840625
bottle,6,texture,0.0126495361328125,defocus,2,divide_lpres_on,deep,0.9493197798728943,0.9425897913646102,0.9273530073684871,0.38791168872077697,38.3194787038258,38.210961338108895,0.9721899032592773,34.414332919840625
bottle,6,texture,0.0126495361328125,defocus,2,divide_lpres_off,deep,0.9621518850326538,0.9049424617157253,0.7422961586933572,-1.373815720952209,28.23527187910992,28.265098943248084,0.8936491012573242,34.414332919840625
bottle,6,texture,0.0126495361328125,defocus,3,identity,classical,0.90753173828125,0.6569774830890955,1.0,0.0,31.6319000054327,31.501014210655157,0.8877463936805725,31.501014210655157
bottle,6,texture,0.0126495361328125,defocus,3,wiener,classical,0.5377506017684937,0.02044135953488596,1.6944120483757623,-6.354618948985629,13.471739170091773,13.515373949766396,0.512507975101471,31.501014210655157
bottle,6,texture,0.0126495361328125,defocus,3,restormer_deblur,deep,0.7748330235481262,0.5329404723932154,1.1803801796900322,-1.3088767617624932,24.628092866400777,24.643008584661107,0.8545426726341248,31.501014210655157
bottle,6,texture,0.0126495361328125,defocus,3,divide_lpres_on,deep,0.9362679719924927,0.8897334376358474,0.8721854357536899,0.3977117464783313,35.88509428502263,35.76796085352668,0.949669361114502,31.501014210655157
bottle,6,texture,0.0126495361328125,defocus,3,divide_lpres_off,deep,0.955562949180603,0.8593367217196495,0.7101745929858603,-0.8129176734322892,27.44978373211396,27.47487819785659,0.8477625250816345,31.501014210655157
bottle,6,texture,0.0126495361328125,defocus,4,identity,classical,0.8646976351737976,0.4798621950762997,1.0,0.0,28.294629370960052,28.21842076978829,0.823589026927948,28.21842076978829
bottle,6,texture,0.0126495361328125,defocus,4,wiener,classical,0.3910987675189972,0.07063587159386751,1.6467517879545956,-5.271560172481379,11.987876236225553,12.034162993954705,0.4631737470626831,28.21842076978829
bottle,6,texture,0.0126495361328125,defocus,4,restormer_deblur,deep,0.7373636364936829,0.4444413518150255,1.1658159978704792,-0.4481255939975577,25.250054096722753,25.253082216257067,0.8684103488922119,28.21842076978829
bottle,6,texture,0.0126495361328125,defocus,4,divide_lpres_on,deep,0.9011680483818054,0.8350677452883469,0.8424847597703723,0.3295952761506984,32.15422779677284,32.09261900895858,0.8914482593536377,28.21842076978829
bottle,6,texture,0.0126495361328125,defocus,4,divide_lpres_off,deep,0.9105011224746704,0.7942873576843691,0.739127859426173,-0.450348502068592,26.159440193576224,26.180740219798064,0.7579987049102783,28.21842076978829
bottle,6,texture,0.0126495361328125,motion,2,identity,classical,0.9206339716911316,0.7021406372355149,1.0,0.0,32.36744947851313,32.216274232891095,0.9087819457054138,32.216274232891095
bottle,6,texture,0.0126495361328125,motion,2,wiener,classical,0.8533316850662231,0.2513948584158203,1.2486947301614024,-2.3137210455363104,22.613799812758955,22.621891580412736,0.7262160181999207,32.216274232891095
bottle,6,texture,0.0126495361328125,motion,2,restormer_deblur,deep,0.9206339716911316,0.7021406372355149,1.0,0.0,32.36744947851313,32.216274232891095,0.9087819457054138,32.216274232891095
bottle,6,texture,0.0126495361328125,motion,2,divide_lpres_on,deep,0.7947434186935425,0.696277039776898,1.1314886145800005,-0.12122714067372264,32.18851327466537,32.01469888541747,0.9114659428596497,32.216274232891095
bottle,6,texture,0.0126495361328125,motion,2,divide_lpres_off,deep,0.8690900206565857,0.6860465510811744,0.836663193714968,-2.458367281712129,23.36104500418813,23.387575105526707,0.7825499176979065,32.216274232891095
bottle,6,texture,0.0126495361328125,motion,3,identity,classical,0.8931066393852234,0.6250099951848695,1.0,0.0,28.720428201676246,28.678649464359825,0.8491020798683167,28.678649464359825
bottle,6,texture,0.0126495361328125,motion,3,wiener,classical,0.5514918565750122,0.03856951337630651,1.503153884732015,-4.57409840559999,13.418947856601458,13.462569869454493,0.4991507828235626,28.678649464359825
bottle,6,texture,0.0126495361328125,motion,3,restormer_deblur,deep,0.9827587604522705,0.7639386159867143,0.7538884002254493,0.4763086530667948,33.05355747433082,32.922490544956396,0.9206056594848633,28.678649464359825
bottle,6,texture,0.0126495361328125,motion,3,divide_lpres_on,deep,0.9301857352256775,0.8700089649845363,0.8294806124397753,0.12223179959677832,31.09486962576661,31.07538386113714,0.8738777041435242,28.678649464359825
bottle,6,texture,0.0126495361328125,motion,3,divide_lpres_off,deep,0.9376604557037354,0.8470788762277465,0.6697001053494543,-0.6688374707388933,26.15882050800277,26.187528080531173,0.7473946213722229,28.678649464359825
bottle,6,texture,0.0126495361328125,motion,4,identity,classical,0.8567333221435547,0.4946340801237982,1.0,0.0,25.775895965085525,25.76891908827956,0.7719414234161377,25.76891908827956
bottle,6,texture,0.0126495361328125,motion,4,wiener,classical,0.415182501077652,0.10111732294635431,1.3799405697441642,-4.032917819482026,12.04667531163555,12.092863670350877,0.4581146240234375,25.76891908827956
bottle,6,texture,0.0126495361328125,motion,4,restormer_deblur,deep,0.9687440991401672,0.8232477714753141,0.7053873324171683,0.37711869169263,28.75177505023252,28.757497761076436,0.8505487442016602,25.76891908827956
bottle,6,texture,0.0126495361328125,motion,4,divide_lpres_on,deep,0.8590128421783447,0.8372457883904172,0.792433352520497,0.05426553894565611,27.634043607213492,27.64064350992991,0.7795740962028503,25.76891908827956
bottle,6,texture,0.0126495361328125,motion,4,divide_lpres_off,deep,0.8699632883071899,0.8091706447252242,0.6556277155492715,-0.3060663068426832,25.36583628731134,25.390278647895194,0.7024889588356018,25.76891908827956
bottle,6,texture,0.0126495361328125,noise,2,identity,classical,0.7483675479888916,0.9348938668997773,1.0,0.0,25.096063771517798,25.04293602896309,0.5220177173614502,25.04293602896309
bottle,6,texture,0.0126495361328125,noise,2,wiener,classical,0.661944568157196,0.2571299977931723,1.2755346536904375,-1.0313770641711386,20.366962118624137,20.358674467173724,0.3397982120513916,25.04293602896309
bottle,6,texture,0.0126495361328125,noise,2,restormer_deblur,deep,0.7483675479888916,0.9348938668997773,1.0,0.0,25.096063771517798,25.04293602896309,0.5220177173614502,25.04293602896309
bottle,6,texture,0.0126495361328125,noise,2,divide_lpres_on,deep,0.71889328956604,0.9232901165520032,1.0140460615150577,0.2214446906373302,28.93293429851945,28.872647685739675,0.7053842544555664,25.04293602896309
bottle,6,texture,0.0126495361328125,noise,2,divide_lpres_off,deep,0.7018141746520996,0.9016447998255575,0.8245807197931128,-0.31611954447337887,25.369823930248025,25.397325663638846,0.7371874451637268,25.04293602896309
bottle,6,texture,0.0126495361328125,noise,3,identity,classical,0.7017348408699036,0.8972832812529047,1.0,0.0,22.44867331437237,22.40866451432649,0.4052528440952301,22.40866451432649
bottle,6,texture,0.0126495361328125,noise,3,wiener,classical,0.6211840510368347,0.24932714769278985,1.2775327417036026,-0.6922642880401813,19.286886170239164,19.27762224323363,0.2589336335659027,22.40866451432649
bottle,6,texture,0.0126495361328125,noise,3,restormer_deblur,deep,0.7017348408699036,0.8972832812529047,1.0,0.0,22.44867331437237,22.40866451432649,0.4052528440952301,22.40866451432649
bottle,6,texture,0.0126495361328125,noise,3,divide_lpres_on,deep,0.6810951828956604,0.9000970033552294,0.9970524360357035,0.19890450679084204,26.109700064824533,26.07185497529429,0.5785234570503235,22.40866451432649
bottle,6,texture,0.0126495361328125,noise,3,divide_lpres_off,deep,0.6528101563453674,0.8799159049969419,0.9367168329741894,-0.07095365953261479,24.797552053203052,24.821749706593184,0.6696417331695557,22.40866451432649
bottle,6,texture,0.0126495361328125,noise,4,identity,classical,0.6533154845237732,0.8655192820448122,1.0,0.0,20.28628855542359,20.256706093086365,0.3157865107059479,20.256706093086365
bottle,6,texture,0.0126495361328125,noise,4,wiener,classical,0.5784779191017151,0.24877195279279515,1.2155342606820716,-0.48531647882841855,18.142401823774403,18.133345228602593,0.20236574113368988,20.256706093086365
bottle,6,texture,0.0126495361328125,noise,4,restormer_deblur,deep,0.6533154845237732,0.8655192820448122,1.0,0.0,20.28628855542359,20.256706093086365,0.3157865107059479,20.256706093086365
bottle,6,texture,0.0126495361328125,noise,4,divide_lpres_on,deep,0.6381942629814148,0.8657439144124544,0.9915691217402941,0.18153020168061929,23.77752360416158,23.750082226066183,0.470554918050766,20.256706093086365
bottle,6,texture,0.0126495361328125,noise,4,divide_lpres_off,deep,0.5791893005371094,0.8132983331216458,0.9471757714950166,0.06777095811684941,24.02986215812824,24.0443924118607,0.6023157238960266,20.256706093086365
bottle,6,texture,0.0126495361328125,mixed,2,identity,classical,0.0012954538688063622,-0.1315689448763458,1.0,0.0,18.41011883051645,18.39544108859435,0.8390496373176575,18.39544108859435
bottle,6,texture,0.0126495361328125,mixed,2,wiener,classical,0.002291917335242033,-0.20321409810184154,1.0057235123184278,-0.038543233410279765,17.3507310651388,17.358176912333153,0.6853060722351074,18.39544108859435
bottle,6,texture,0.0126495361328125,mixed,2,restormer_deblur,deep,0.0012954538688063622,-0.1315689448763458,1.0,0.0,18.41011883051645,18.39544108859435,0.8390496373176575,18.39544108859435
bottle,6,texture,0.0126495361328125,mixed,2,divide_lpres_on,deep,0.0010830913670361042,-0.12168627595936458,0.9937867485582754,-0.04231699094070307,18.07529484947687,18.065728676755114,0.8316560387611389,18.39544108859435
bottle,6,texture,0.0126495361328125,mixed,2,divide_lpres_off,deep,0.003570971079170704,-0.1834781571358042,1.0224500384675526,0.06794129218980827,18.793479116261242,18.7740244606207,0.7454771995544434,18.39544108859435
bottle,6,texture,0.0126495361328125,mixed,3,identity,classical,0.8628429770469666,0.5358602891974487,1.0,0.0,28.31811520096947,28.21730551931225,0.8407805562019348,28.21730551931225
bottle,6,texture,0.0126495361328125,mixed,3,wiener,classical,0.8110570907592773,0.14588481498518474,1.1966119563240236,-1.167765898874363,22.323452079464747,22.318660199597492,0.6963326334953308,28.21730551931225
bottle,6,texture,0.0126495361328125,mixed,3,restormer_deblur,deep,0.8628429770469666,0.5358602891974487,1.0,0.0,28.31811520096947,28.21730551931225,0.8407805562019348,28.21730551931225
bottle,6,texture,0.0126495361328125,mixed,3,divide_lpres_on,deep,0.7455015778541565,0.540156042414178,1.0843009155749022,-0.0452992601293527,28.277419643628686,28.167956470789242,0.8451230525970459,28.21730551931225
bottle,6,texture,0.0126495361328125,mixed,3,divide_lpres_off,deep,0.8200709819793701,0.5322159839774937,0.9514871462010069,-1.364462652522711,22.68255923617125,22.693525815374183,0.7398254871368408,28.21730551931225
bottle,6,texture,0.0126495361328125,mixed,4,identity,classical,0.5231442451477051,0.2917723492818483,1.0,0.0,19.042561545313184,19.02318229353279,0.2037385255098343,19.02318229353279
bottle,6,texture,0.0126495361328125,mixed,4,wiener,classical,0.5027608871459961,0.20160740801617122,1.0185738363476855,-0.16402198789720046,18.180114057857068,18.173740114808364,0.1835232377052307,19.02318229353279
bottle,6,texture,0.0126495361328125,mixed,4,restormer_deblur,deep,0.5231442451477051,0.2917723492818483,1.0,0.0,19.042561545313184,19.02318229353279,0.2037385255098343,19.02318229353279
bottle,6,texture,0.0126495361328125,mixed,4,divide_lpres_on,deep,0.5025636553764343,0.305838261064919,0.9900840687067199,0.1283173912879988,21.501828045991672,21.48616053589983,0.32442793250083923,19.02318229353279
bottle,6,texture,0.0126495361328125,mixed,4,divide_lpres_off,deep,0.4718888998031616,0.2708853194181726,0.95453159875162,0.062723008480294,21.815826532762088,21.82664184271912,0.46145471930503845,19.02318229353279
bottle,7,scratch,0.01239013671875,defocus,2,identity,classical,0.8806498050689697,0.7839539493779409,1.0,0.0,34.673006971036486,34.0414815077642,0.9453816413879395,34.0414815077642
bottle,7,scratch,0.01239013671875,defocus,2,wiener,classical,0.014587929472327232,-0.15826371115150265,0.08846355202795768,-9.479074502771937,14.129497778435722,14.013000792515871,0.4497772753238678,34.0414815077642
bottle,7,scratch,0.01239013671875,defocus,2,restormer_deblur,deep,0.9260172843933105,0.8021789292851829,1.074746491139955,-2.661638409482895,25.362316993489763,25.359570233716585,0.916692316532135,34.0414815077642
bottle,7,scratch,0.01239013671875,defocus,2,divide_lpres_on,deep,0.9892382621765137,0.9752854172751713,1.2605111489800007,0.3861308166518428,37.454950407909735,37.352000280713696,0.9752200245857239,34.0414815077642
bottle,7,scratch,0.01239013671875,defocus,2,divide_lpres_off,deep,0.4453044533729553,0.6920334471869564,0.6369165310333643,-1.3907009136313553,27.69296065085921,26.710675641992758,0.8882992267608643,34.0414815077642
bottle,7,scratch,0.01239013671875,defocus,3,identity,classical,0.807654619216919,0.7188262301355532,1.0,0.0,31.48198846759029,30.94880613596051,0.899094820022583,30.94880613596051
bottle,7,scratch,0.01239013671875,defocus,3,wiener,classical,0.011552980169653893,-0.2698620737586594,0.013864588316346474,-6.468409098572751,13.322469815603794,13.239388825245177,0.46731218695640564,30.94880613596051
bottle,7,scratch,0.01239013671875,defocus,3,restormer_deblur,deep,0.9052693843841553,0.7963895008158399,1.382738778093443,-1.2716496789663143,24.661126165496356,24.660647654791262,0.8826029896736145,30.94880613596051
bottle,7,scratch,0.01239013671875,defocus,3,divide_lpres_on,deep,0.9801531434059143,0.9389650763160696,1.453694722857428,0.37485548060166074,34.792854414917834,34.68812302740807,0.9487178921699524,30.94880613596051
bottle,7,scratch,0.01239013671875,defocus,3,divide_lpres_off,deep,0.4375494420528412,0.6103039482477483,0.7383624814470645,-0.7477430402620653,27.1132589436065,26.156047204168708,0.8454784750938416,30.94880613596051
bottle,7,scratch,0.01239013671875,defocus,4,identity,classical,0.6919785141944885,0.7202179876084809,1.0,0.0,27.942749837484993,27.484574475872073,0.8193080425262451,27.484574475872073
bottle,7,scratch,0.01239013671875,defocus,4,wiener,classical,0.022224949672818184,0.027711814029592535,0.09047152908904799,-5.002079918276879,11.889609092498645,11.850071780347669,0.4198683798313141,27.484574475872073
bottle,7,scratch,0.01239013671875,defocus,4,restormer_deblur,deep,0.8673969507217407,0.7757487745503874,1.5312788000760231,-0.3293659392956292,25.233896156222354,25.21562911901792,0.8748321533203125,27.484574475872073
bottle,7,scratch,0.01239013671875,defocus,4,divide_lpres_on,deep,0.954275369644165,0.885573289276314,1.7745526562510583,0.280513238623344,30.95333188663301,30.88163309862727,0.8727450370788574,27.484574475872073
bottle,7,scratch,0.01239013671875,defocus,4,divide_lpres_off,deep,0.40333324670791626,0.41616668133483115,0.729848513343313,-0.38902028120894605,25.698144870082302,24.85180524063673,0.7339285016059875,27.484574475872073
bottle,7,scratch,0.01239013671875,motion,2,identity,classical,0.9624230861663818,0.9172687231598453,1.0,0.0,32.91323718487498,32.797417730771116,0.9277029037475586,32.797417730771116
bottle,7,scratch,0.01239013671875,motion,2,wiener,classical,0.008288316428661346,-0.10618795960757242,0.14174958682659056,-6.895249544455071,15.292597814757979,15.118830450892823,0.4280569553375244,32.797417730771116
bottle,7,scratch,0.01239013671875,motion,2,restormer_deblur,deep,0.9764917492866516,0.9478080857453371,1.0345906114912653,0.48493513286838474,37.32722323272482,37.1135482361419,0.9659960269927979,32.797417730771116
bottle,7,scratch,0.01239013671875,motion,2,divide_lpres_on,deep,0.9958949089050293,0.9859894983518038,1.0690293068165788,0.3838465850751659,37.39101634684526,37.34973560482334,0.9657140374183655,32.797417730771116
bottle,7,scratch,0.01239013671875,motion,2,divide_lpres_off,deep,0.4571644067764282,0.7714866169974448,0.5118759162387709,-1.120586025965824,27.491871985033608,26.610689657178987,0.8679260611534119,32.797417730771116
bottle,7,scratch,0.01239013671875,motion,3,identity,classical,0.9281759858131409,0.8330251076163759,1.0,0.0,28.387814730549707,28.3208390285497,0.8495769500732422,28.3208390285497
bottle,7,scratch,0.01239013671875,motion,3,wiener,classical,0.0069206273183226585,-0.04198439908544455,0.016726617797594427,-4.567638588263352,13.35260089986583,13.268396201826517,0.46526670455932617,28.3208390285497
bottle,7,scratch,0.01239013671875,motion,3,restormer_deblur,deep,0.9711582064628601,0.9137819352646771,1.1207526414750968,0.6289322833515212,35.1104325760514,34.91482612142808,0.9526577591896057,28.3208390285497
bottle,7,scratch,0.01239013671875,motion,3,divide_lpres_on,deep,1.001177430152893,0.9513106484335778,1.152631318592442,0.3141495123786242,31.02393441570234,31.015855387425447,0.9105982184410095,28.3208390285497
bottle,7,scratch,0.01239013671875,motion,3,divide_lpres_off,deep,0.4525092840194702,0.7470600232465604,0.5468718118667422,-0.5070524854921756,25.937319931989606,25.296078704219923,0.7852453589439392,28.3208390285497
bottle,7,scratch,0.01239013671875,motion,4,identity,classical,0.7672398686408997,0.6087628747632797,1.0,0.0,25.246692670791298,25.09432690864716,0.75700443983078,25.09432690864716
bottle,7,scratch,0.01239013671875,motion,4,wiener,classical,0.01719929836690426,-0.04667233481110476,0.06690928499297506,-3.8481488153265797,11.897940414198105,11.857811827954754,0.3993837535381317,25.09432690864716
bottle,7,scratch,0.01239013671875,motion,4,restormer_deblur,deep,0.9785801768302917,0.8719798176446398,1.917796803652968,0.4160926307591235,28.3152853701651,28.287649695708513,0.8675561547279358,25.09432690864716
bottle,7,scratch,0.01239013671875,motion,4,divide_lpres_on,deep,1.0177879333496094,0.9198651430333528,1.7861217070600632,-0.007029627431865304,26.209120829993296,26.222942587794567,0.7577268481254578,25.09432690864716
bottle,7,scratch,0.01239013671875,motion,4,divide_lpres_off,deep,0.43427255749702454,0.5865521720091863,0.759744028802248,-0.3086945810197941,24.451298580476934,23.907265733022506,0.6840896606445312,25.09432690864716
bottle,7,scratch,0.01239013671875,noise,2,identity,classical,1.0018422603607178,0.9809684961201754,1.0,0.0,25.078216772734034,25.05180583084289,0.5467775464057922,25.05180583084289
bottle,7,scratch,0.01239013671875,noise,2,wiener,classical,0.5929220914840698,0.17479022135067132,0.135311760215301,-1.1132576932142646,20.090049815107243,19.824625724890005,0.3416084945201874,25.05180583084289
bottle,7,scratch,0.01239013671875,noise,2,restormer_deblur,deep,1.0018422603607178,0.9809684961201754,1.0,0.0,25.078216772734034,25.05180583084289,0.5467775464057922,25.05180583084289
bottle,7,scratch,0.01239013671875,noise,2,divide_lpres_on,deep,0.9598165154457092,0.9744293644913766,0.955106391669375,0.21839054058266572,28.834079667928894,28.798741512294626,0.7238054275512695,25.05180583084289
bottle,7,scratch,0.01239013671875,noise,2,divide_lpres_off,deep,0.16300128400325775,0.5316410419445488,0.22333203253881873,-0.3290134627489778,25.101983603392164,23.812932726856026,0.7277857661247253,25.05180583084289
bottle,7,scratch,0.01239013671875,noise,3,identity,classical,0.9954909086227417,0.9669868246659483,1.0,0.0,22.493106716137778,22.468063283620886,0.43339577317237854,22.468063283620886
bottle,7,scratch,0.01239013671875,noise,3,wiener,classical,0.5899200439453125,0.17900510720861537,0.15057904773488223,-0.7519642236329309,19.107798490651785,18.898579289803866,0.26755067706108093,22.468063283620886
bottle,7,scratch,0.01239013671875,noise,3,restormer_deblur,deep,0.9954909086227417,0.9669868246659483,1.0,0.0,22.493106716137778,22.468063283620886,0.43339577317237854,22.468063283620886
bottle,7,scratch,0.01239013671875,noise,3,divide_lpres_on,deep,0.9558941125869751,0.9568422517906991,0.9469349170468726,0.1972775534298552,26.10149948741297,26.0678271708828,0.6026878356933594,22.468063283620886
bottle,7,scratch,0.01239013671875,noise,3,divide_lpres_off,deep,0.16157078742980957,0.4732492095298125,0.22384803528944106,-0.07709858637983413,24.65673637279458,23.457519983386476,0.6752381920814514,22.468063283620886
bottle,7,scratch,0.01239013671875,noise,4,identity,classical,0.9969030618667603,0.9487112250194146,1.0,0.0,20.285531705875886,20.263167943283253,0.3432581424713135,20.263167943283253
bottle,7,scratch,0.01239013671875,noise,4,wiener,classical,0.5891571044921875,0.1712117593436454,0.1520996991119224,-0.5259195297848434,17.971856089537233,17.809124743955653,0.21081246435642242,20.263167943283253
bottle,7,scratch,0.01239013671875,noise,4,restormer_deblur,deep,0.9969030618667603,0.9487112250194146,1.0,0.0,20.285531705875886,20.263167943283253,0.3432581424713135,20.263167943283253
bottle,7,scratch,0.01239013671875,noise,4,divide_lpres_on,deep,0.9615766406059265,0.9326010829557192,0.9450577439239178,0.1762122439977839,23.720888194912163,23.700446804547465,0.49630144238471985,20.263167943283253
bottle,7,scratch,0.01239013671875,noise,4,divide_lpres_off,deep,0.21733206510543823,0.5366736638957755,0.3010232108487299,0.05691555294310946,23.861013886523928,22.981314514834665,0.6079995036125183,20.263167943283253
bottle,7,scratch,0.01239013671875,mixed,2,identity,classical,0.5735246539115906,0.781303696067126,1.0,0.0,12.171848111246724,12.182283155683438,0.8052637577056885,12.182283155683438
bottle,7,scratch,0.01239013671875,mixed,2,wiener,classical,0.00945719238370657,-0.16056326585067046,0.08823061968325861,-0.13372639306504608,10.715743224541143,10.660377947808339,0.40428492426872253,12.182283155683438
bottle,7,scratch,0.01239013671875,mixed,2,restormer_deblur,deep,0.646989107131958,0.8739507237375341,1.3146991756529638,0.07525445877227166,12.75105175643638,12.771047555254476,0.869424045085907,12.182283155683438
bottle,7,scratch,0.01239013671875,mixed,2,divide_lpres_on,deep,0.6480440497398376,0.9728602955141736,1.2630605020820895,0.018729423061332517,12.36196834488765,12.382150885389633,0.8398579955101013,12.182283155683438
bottle,7,scratch,0.01239013671875,mixed,2,divide_lpres_off,deep,0.4421709477901459,0.7539517218202068,0.9877984899326112,0.3147158398940637,14.424202894475247,14.403482113580878,0.7068376541137695,12.182283155683438
bottle,7,scratch,0.01239013671875,mixed,3,identity,classical,1.6278666257858276,0.8642221039910611,1.0,0.0,14.342261693039637,14.18472704814395,0.5711246132850647,14.18472704814395
bottle,7,scratch,0.01239013671875,mixed,3,wiener,classical,0.962171733379364,0.17693613538183872,0.15303811438662207,-0.030944075792451287,13.586087477461135,13.506140810828718,0.4472787082195282,14.18472704814395
bottle,7,scratch,0.01239013671875,mixed,3,restormer_deblur,deep,1.6278666257858276,0.8642221039910611,1.0,0.0,14.342261693039637,14.18472704814395,0.5711246132850647,14.18472704814395
bottle,7,scratch,0.01239013671875,mixed,3,divide_lpres_on,deep,1.542332410812378,0.8168107349514229,0.9317035234744222,-5.822195957572163e-06,14.68128426861872,14.550095907197209,0.6600866317749023,14.18472704814395
bottle,7,scratch,0.01239013671875,mixed,3,divide_lpres_off,deep,0.09133892506361008,0.6102130477626665,0.17249478305655824,0.5721421023367383,20.80015536231536,20.369232901053994,0.7330445647239685,14.18472704814395
bottle,7,scratch,0.01239013671875,mixed,4,identity,classical,1.6016498804092407,0.6335231102646672,1.0,0.0,12.088751313829846,11.988283330949933,0.6981492042541504,11.988283330949933
bottle,7,scratch,0.01239013671875,mixed,4,wiener,classical,0.595984160900116,-0.001735545504082675,0.11685524558915532,-0.12295397948297926,10.275885056643993,10.276747133619114,0.27599918842315674,11.988283330949933
bottle,7,scratch,0.01239013671875,mixed,4,restormer_deblur,deep,1.6053929328918457,0.6257466232899781,1.0006046455603468,0.0006848295989887454,12.076774219330364,11.975585232234934,0.6930696964263916,11.988283330949933
bottle,7,scratch,0.01239013671875,mixed,4,divide_lpres_on,deep,1.4375286102294922,0.3451509366277926,0.43462619858323503,-0.06404582144237358,11.191591315772602,11.13767415135979,0.3647187650203705,11.988283330949933
bottle,7,scratch,0.01239013671875,mixed,4,divide_lpres_off,deep,0.860567033290863,0.2096643592608423,0.27797706921922805,0.19624091651853515,13.485418338044553,13.414696739682876,0.44227877259254456,11.988283330949933
screw,0,texture,0.0123291015625,defocus,2,identity,classical,0.9240555167198181,0.9013587814909735,1.0,0.0,38.648240414952085,38.43478083962284,0.9668661952018738,38.43478083962284
screw,0,texture,0.0123291015625,defocus,2,wiener,classical,0.5065785050392151,-0.36823973904268886,0.5362320174025021,-6.392197044695306,22.026145689001506,21.875248945644422,0.788642168045044,38.43478083962284
screw,0,texture,0.0123291015625,defocus,2,restormer_deblur,deep,0.977047324180603,0.4767460786223251,0.8695319718810095,-1.9879741358888232,34.20730328134927,33.88279565819332,0.967769205570221,38.43478083962284
screw,0,texture,0.0123291015625,defocus,2,divide_lpres_on,deep,0.9851773381233215,0.9757540963483907,1.0217983276389782,0.09462186745931411,40.40359602547145,40.307520653035326,0.9749062657356262,38.43478083962284
screw,0,texture,0.0123291015625,defocus,2,divide_lpres_off,deep,2.4553661346435547,0.7195326860753267,1.8195126413256544,0.20860208618544263,41.69239654346393,39.06053990647566,0.9780426025390625,38.43478083962284
screw,0,texture,0.0123291015625,defocus,3,identity,classical,0.8930631279945374,0.8509764838263545,1.0,0.0,36.23478768796348,36.04245697136242,0.949360191822052,36.04245697136242
screw,0,texture,0.0123291015625,defocus,3,wiener,classical,0.3772803843021393,-0.4309357167331984,0.5152151896943167,-5.889885266926432,20.909930202511152,20.776653203885118,0.7773690223693848,36.04245697136242
screw,0,texture,0.0123291015625,defocus,3,restormer_deblur,deep,0.9024556279182434,0.6557998377854322,0.9640269382110317,-1.7535416557277723,32.700131337785315,32.48784153460244,0.9582045674324036,36.04245697136242
screw,0,texture,0.0123291015625,defocus,3,divide_lpres_on,deep,0.9767653346061707,0.9578111503498171,1.031408563834766,0.06707789414042509,38.16477155656761,38.0838568049468,0.9531939625740051,36.04245697136242
screw,0,texture,0.0123291015625,defocus,3,divide_lpres_off,deep,2.49084734916687,0.6267782322568966,1.8779238509031042,0.22626158569416166,40.10413507340069,38.01586026993266,0.9664759635925293,36.04245697136242
screw,0,texture,0.0123291015625,defocus,4,identity,classical,0.8495938777923584,0.7831583504878735,1.0,0.0,34.11799068395687,33.92285677675352,0.9278003573417664,33.92285677675352
screw,0,texture,0.0123291015625,defocus,4,wiener,classical,0.15043692290782928,-0.2879631466509649,0.4516508123311879,-6.125306810640207,19.097983283275568,18.99327427996623,0.758478581905365,33.92285677675352
screw,0,texture,0.0123291015625,defocus,4,restormer_deblur,deep,0.9206667542457581,0.6415703765577635,0.9616711293742752,-1.381745120119354,31.67184760280754,31.500229595476664,0.9463441371917725,33.92285677675352
screw,0,texture,0.0123291015625,defocus,4,divide_lpres_on,deep,0.9688460230827332,0.9404975137993874,1.0914388457937831,-0.04462435526117736,35.81625359289311,35.757341220070856,0.914634644985199,33.92285677675352
screw,0,texture,0.0123291015625,defocus,4,divide_lpres_off,deep,2.539193630218506,0.47638776922210124,2.0751103369207926,0.11760169352489747,37.47303733551286,36.10698919551701,0.9348526000976562,33.92285677675352
screw,0,texture,0.0123291015625,motion,2,identity,classical,0.9052563905715942,0.8826812589994814,1.0,0.0,37.26204367607225,37.06631340312323,0.960107147693634,37.06631340312323
screw,0,texture,0.0123291015625,motion,2,wiener,classical,0.5467206239700317,-0.35134716636406094,0.550951089067397,-5.677000503511029,21.918939579558888,21.77020192596167,0.7779555320739746,37.06631340312323
screw,0,texture,0.0123291015625,motion,2,restormer_deblur,deep,0.9663243293762207,0.9254932933592659,1.044900623251167,0.2946586144603246,41.837086003778765,41.348131035530116,0.977050244808197,37.06631340312323
screw,0,texture,0.0123291015625,motion,2,divide_lpres_on,deep,1.0129683017730713,0.9565611429837173,1.061328251158943,-0.45197335530400196,36.181141434117656,36.14455052374885,0.9208423495292664,37.06631340312323
screw,0,texture,0.0123291015625,motion,2,divide_lpres_off,deep,2.4447741508483887,0.6173572519239141,1.885344010919827,-0.10392545059175196,38.44685891227513,36.970071934228265,0.9510471224784851,37.06631340312323
screw,0,texture,0.0123291015625,motion,3,identity,classical,0.9199740290641785,0.8198251932563687,1.0,0.0,34.526550270837845,34.434317554660765,0.9389141201972961,34.434317554660765
screw,0,texture,0.0123291015625,motion,3,wiener,classical,0.38264888525009155,-0.4239822425812474,0.4904719382198216,-4.916449910963601,20.9076934141892,20.77279136001774,0.7724226117134094,34.434317554660765
screw,0,texture,0.0123291015625,motion,3,restormer_deblur,deep,0.9629067182540894,0.898976675022905,0.996718114917793,0.42623654992904736,41.79435509571838,41.24545085608681,0.9732254147529602,34.434317554660765
screw,0,texture,0.0123291015625,motion,3,divide_lpres_on,deep,0.9991648197174072,0.9651639434666353,0.9977674794773697,-0.08927094394899204,36.66422132762614,36.65087221530429,0.9222539067268372,34.434317554660765
screw,0,texture,0.0123291015625,motion,3,divide_lpres_off,deep,2.4880194664001465,0.5621895181574832,1.8034969481038012,0.06782402654821129,38.132020801051006,36.69407980074604,0.9384896159172058,34.434317554660765
screw,0,texture,0.0123291015625,motion,4,identity,classical,0.9040501117706299,0.7227680552833678,1.0,0.0,33.202753833520504,33.088000445612174,0.9233147501945496,33.088000445612174
screw,0,texture,0.0123291015625,motion,4,wiener,classical,0.8514363765716553,0.27317895505745865,0.8128316609630796,-0.8693775401200778,29.640734896137772,29.449536613571766,0.8877363204956055,33.088000445612174
screw,0,texture,0.0123291015625,motion,4,restormer_deblur,deep,0.9040501117706299,0.7227680552833678,1.0,0.0,33.202753833520504,33.088000445612174,0.9233147501945496,33.088000445612174
screw,0,texture,0.0123291015625,motion,4,divide_lpres_on,deep,0.9248562455177307,0.7184212846825767,1.0067271086545784,-0.25088178904820824,32.74767799522302,32.64105463096596,0.9227784276008606,33.088000445612174
screw,0,texture,0.0123291015625,motion,4,divide_lpres_off,deep,9.23376750946045,0.06861099816034381,4.476537438810159,-0.09652275667491828,32.25947025480578,25.532751255683266,0.9050003886222839,33.088000445612174
screw,0,texture,0.0123291015625,noise,2,identity,classical,0.9458196759223938,0.9539047228469165,1.0,0.0,22.393269664459435,22.392370054092087,0.23235054314136505,22.392370054092087
screw,0,texture,0.0123291015625,noise,2,wiener,classical,0.8348657488822937,0.3614014017344144,0.8115434067662076,-0.2141324853662423,21.52887031324259,21.49270998313387,0.17376525700092316,22.392370054092087
screw,0,texture,0.0123291015625,noise,2,restormer_deblur,deep,0.9458196759223938,0.9539047228469165,1.0,0.0,22.393269664459435,22.392370054092087,0.23235054314136505,22.392370054092087
screw,0,texture,0.0123291015625,noise,2,divide_lpres_on,deep,0.953708291053772,0.9515943708628501,1.0104816835362143,0.13729615499904035,26.342479761684878,26.3368151962632,0.3941563069820404,22.392370054092087
screw,0,texture,0.0123291015625,noise,2,divide_lpres_off,deep,8.272502899169922,0.01049846373162837,3.864334405176441,0.5832966162539537,32.933704514950534,26.295150984500125,0.8052718043327332,22.392370054092087
screw,0,texture,0.0123291015625,noise,3,identity,classical,0.9038142561912537,0.8835712212850207,1.0,0.0,19.89505329143298,19.90010468237064,0.1622268706560135,19.90010468237064
screw,0,texture,0.0123291015625,noise,3,wiener,classical,0.7941271662712097,0.35422437185265854,0.9409341396773966,-0.13566186261315227,19.414471546044723,19.397780037170904,0.1157519593834877,19.90010468237064
screw,0,texture,0.0123291015625,noise,3,restormer_deblur,deep,0.9038142561912537,0.8835712212850207,1.0,0.0,19.89505329143298,19.90010468237064,0.1622268706560135,19.90010468237064
screw,0,texture,0.0123291015625,noise,3,divide_lpres_on,deep,0.9079774022102356,0.8973973359716564,1.0406421515099202,0.1560310744429404,23.901895693864038,23.900707887087247,0.287699431180954,19.90010468237064
screw,0,texture,0.0123291015625,noise,3,divide_lpres_off,deep,8.755983352661133,-0.1730517204524963,4.437950471424805,0.5750807865281433,30.344566362786047,25.319435593762858,0.6835656762123108,19.90010468237064
screw,0,texture,0.0123291015625,noise,4,identity,classical,0.8178227543830872,0.7939047190178936,1.0,0.0,17.891857800158043,17.89734311066049,0.11759201437234879,17.89734311066049
screw,0,texture,0.0123291015625,noise,4,wiener,classical,0.7150712013244629,0.34276920243181375,0.875422730372123,-0.0894198424006214,17.620372663692493,17.610971191763316,0.08224599808454514,17.89734311066049
screw,0,texture,0.0123291015625,noise,4,restormer_deblur,deep,0.8178227543830872,0.7939047190178936,1.0,0.0,17.891857800158043,17.89734311066049,0.11759201437234879,17.89734311066049
screw,0,texture,0.0123291015625,noise,4,divide_lpres_on,deep,0.832495927810669,0.8285049843644201,1.0527579961871574,0.16470867478775397,21.866026623327652,21.865898893436103,0.21543097496032715,17.89734311066049
screw,0,texture,0.0123291015625,noise,4,divide_lpres_off,deep,8.22690486907959,-0.1428934462291568,4.781532199102891,0.5580641674214173,28.118694027994415,24.605131640546382,0.5445801615715027,17.89734311066049
screw,0,texture,0.0123291015625,mixed,2,identity,classical,0.8440117835998535,0.8623314660854554,1.0,0.0,22.25615567319664,22.244893399887957,0.20844469964504242,22.244893399887957
screw,0,texture,0.0123291015625,mixed,2,wiener,classical,0.813922643661499,0.46303023780130725,0.8693989899762815,-0.14570977020406106,21.65785082487546,21.628526001288897,0.1742730587720871,22.244893399887957
screw,0,texture,0.0123291015625,mixed,2,restormer_deblur,deep,0.8440117835998535,0.8623314660854554,1.0,0.0,22.25615567319664,22.244893399887957,0.20844469964504242,22.244893399887957
screw,0,texture,0.0123291015625,mixed,2,divide_lpres_on,deep,0.8803601861000061,0.8701324460633286,1.0447137263141568,0.13054526347032813,26.020472604717643,25.996950544543616,0.3662549555301666,22.244893399887957
screw,0,texture,0.0123291015625,mixed,2,divide_lpres_off,deep,8.432783126831055,0.03587450779370356,5.406130953743933,0.5527225811876755,31.53750119718552,25.81521416246013,0.7788267731666565,22.244893399887957
screw,0,texture,0.0123291015625,mixed,3,identity,classical,0.8056538701057434,0.7537045596941869,1.0,0.0,19.794885464834223,19.793901761865115,0.13742099702358246,19.793901761865115
screw,0,texture,0.0123291015625,mixed,3,wiener,classical,0.7765568494796753,0.4729904542839323,1.0102079162095003,-0.07682462330248652,19.552940090510237,19.541637318310528,0.11981645226478577,19.793901761865115
screw,0,texture,0.0123291015625,mixed,3,restormer_deblur,deep,0.8056538701057434,0.7537045596941869,1.0,0.0,19.794885464834223,19.793901761865115,0.13742099702358246,19.793901761865115
screw,0,texture,0.0123291015625,mixed,3,divide_lpres_on,deep,0.8500999808311462,0.7784986591021773,1.0827308547625347,0.1503143644050019,23.666193457825337,23.655155284345998,0.2577281892299652,19.793901761865115
screw,0,texture,0.0123291015625,mixed,3,divide_lpres_off,deep,8.935428619384766,-0.1556358094163922,5.632067813330618,0.5489445131229127,29.28532334008721,24.84605608778857,0.651399552822113,19.793901761865115
screw,0,texture,0.0123291015625,mixed,4,identity,classical,0.5045055747032166,0.23804133245305148,1.0,0.0,7.26306157763574,7.241208254449686,0.23148345947265625,7.241208254449686
screw,0,texture,0.0123291015625,mixed,4,wiener,classical,0.4908113479614258,0.0701746546443204,0.6675166278159776,-0.006226919578182333,7.199297506907404,7.175782636201129,0.20620761811733246,7.241208254449686
screw,0,texture,0.0123291015625,mixed,4,restormer_deblur,deep,0.5045055747032166,0.23804133245305148,1.0,0.0,7.26306157763574,7.241208254449686,0.23148345947265625,7.241208254449686
screw,0,texture,0.0123291015625,mixed,4,divide_lpres_on,deep,0.5202546119689941,0.2551624972925002,1.0398329014097216,0.03017627355420216,7.510754405641617,7.488278037750456,0.243610218167305,7.241208254449686
screw,0,texture,0.0123291015625,mixed,4,divide_lpres_off,deep,5.516970157623291,-0.13840333794307422,1.281029827651382,0.6552564717748547,14.60198744902556,14.371721107897969,0.20852987468242645,7.241208254449686
screw,1,scratch,0.001251220703125,defocus,2,identity,classical,0.45036888122558594,0.35588554852840854,1.0,0.0,37.007533637589624,36.64870144683717,0.9602228999137878,36.64870144683717
screw,1,scratch,0.001251220703125,defocus,2,wiener,classical,0.015987016260623932,-0.1226509443158629,0.012110101935722522,-6.175682401236964,20.49502401932294,20.473807490470037,0.7417728304862976,36.64870144683717
screw,1,scratch,0.001251220703125,defocus,2,restormer_deblur,deep,0.710028886795044,0.6633206918654039,1.5864044579146428,-1.5727448284536432,33.93343600382393,33.85457489123851,0.9695138335227966,36.64870144683717
screw,1,scratch,0.001251220703125,defocus,2,divide_lpres_on,deep,0.8089346885681152,0.8972286124343136,1.8960906320598145,0.14704948344172675,39.1594483028721,39.07217806294274,0.9710173010826111,36.64870144683717
screw,1,scratch,0.001251220703125,defocus,2,divide_lpres_off,deep,0.6527411341667175,0.7557563378713831,1.510871387754978,0.2012662129252335,39.90772830290184,39.60451379170756,0.9743664264678955,36.64870144683717
screw,1,scratch,0.001251220703125,defocus,3,identity,classical,0.3178916573524475,0.21115545023099797,1.0,0.0,34.572180602792365,34.26446094764371,0.9397031664848328,34.26446094764371
screw,1,scratch,0.001251220703125,defocus,3,wiener,classical,0.019130373373627663,-0.18638435934434022,0.13371556205348065,-5.544994281881734,19.492227172276902,19.47576774075031,0.7231078743934631,34.26446094764371
screw,1,scratch,0.001251220703125,defocus,3,restormer_deblur,deep,0.3898859918117523,0.5042734187167485,0.8133260406759137,-1.264869042193694,32.21729006041496,32.036696078862064,0.9489872455596924,34.26446094764371
screw,1,scratch,0.001251220703125,defocus,3,divide_lpres_on,deep,0.6941369771957397,0.8246653702873702,2.288559044300977,0.11623698375710467,36.91333658853274,36.792857747843065,0.9458949565887451,34.26446094764371
screw,1,scratch,0.001251220703125,defocus,3,divide_lpres_off,deep,0.5435448288917542,0.6042430211501881,1.719868407048676,0.22552097216609202,38.286644143175515,37.943513906660215,0.95988529920578,34.26446094764371
screw,1,scratch,0.001251220703125,defocus,4,identity,classical,0.21454103291034698,0.1829705518931382,1.0,0.0,32.471822270539654,32.22363973131512,0.9154888987541199,32.22363973131512
screw,1,scratch,0.001251220703125,defocus,4,wiener,classical,0.011477175168693066,-0.027570378130760333,0.37765610890760914,-5.6330757166015095,17.927787633305257,17.917492529010005,0.6976072192192078,32.22363973131512
screw,1,scratch,0.001251220703125,defocus,4,restormer_deblur,deep,0.23404760658740997,0.4239392188998901,0.5002546844553747,-0.8925633644004083,30.830943261791894,30.63731570048358,0.9255073070526123,32.22363973131512
screw,1,scratch,0.001251220703125,defocus,4,divide_lpres_on,deep,0.5919821858406067,0.7786478688440366,3.2519653747052946,6.441284059588437e-05,34.49762002500756,34.38140545003865,0.9028802514076233,32.22363973131512
screw,1,scratch,0.001251220703125,defocus,4,divide_lpres_off,deep,0.45130455493927,0.4804925796398197,2.3805598786706956,0.13127025238405432,35.84877625977504,35.572317839087624,0.9243097901344299,32.22363973131512
screw,1,scratch,0.001251220703125,motion,2,identity,classical,0.27830156683921814,0.2314031540325707,1.0,0.0,35.54107038834203,35.117739486312686,0.9509508013725281,35.117739486312686
screw,1,scratch,0.001251220703125,motion,2,wiener,classical,0.09160719066858292,-0.3255878983877318,0.9021059651708546,-4.5631635115588125,21.783638851821546,21.747504151482513,0.7501103281974792,35.117739486312686
screw,1,scratch,0.001251220703125,motion,2,restormer_deblur,deep,0.810108482837677,0.8487612577161207,4.1587600936285005,0.34147156519890776,41.33102521498057,41.185902373928585,0.9774394035339355,35.117739486312686
screw,1,scratch,0.001251220703125,motion,2,divide_lpres_on,deep,0.7347434163093567,0.8414875127208973,2.9032359010342694,-0.04535032069223699,37.551651910425164,37.44495718237055,0.9424322247505188,35.117739486312686
screw,1,scratch,0.001251220703125,motion,2,divide_lpres_off,deep,0.5782148838043213,0.6669444636107121,2.3108528026494914,0.09946515836436565,38.26708344837086,37.97215838367759,0.9592307209968567,35.117739486312686
screw,1,scratch,0.001251220703125,motion,3,identity,classical,0.29530811309814453,0.28997626210258465,1.0,0.0,32.96158230091654,32.73576973135416,0.9261166453361511,32.73576973135416
screw,1,scratch,0.001251220703125,motion,3,wiener,classical,0.02020396664738655,-0.01866301577038318,0.07200057830490454,-4.743188609126093,19.419384845944112,19.403687312827685,0.6934609413146973,32.73576973135416
screw,1,scratch,0.001251220703125,motion,3,restormer_deblur,deep,0.7722498774528503,0.837727901755696,3.4915863769685798,0.45134652111607687,40.27099404138695,40.118330313379616,0.9732748866081238,32.73576973135416
screw,1,scratch,0.001251220703125,motion,3,divide_lpres_on,deep,0.7464637756347656,0.7126554414770138,2.608392307065108,-0.28160323633710904,33.67577792607091,33.637664219287345,0.8705596923828125,32.73576973135416
screw,1,scratch,0.001251220703125,motion,3,divide_lpres_off,deep,0.5883103609085083,0.5278484957282998,2.1068960817049027,-0.08492712499055632,35.15010427305384,35.01172715946684,0.9046470522880554,32.73576973135416
screw,1,scratch,0.001251220703125,motion,4,identity,classical,0.7198508977890015,0.3331094914493024,1.0,0.0,32.1800852087187,32.13526860382892,0.9255189299583435,32.13526860382892
screw,1,scratch,0.001251220703125,motion,4,wiener,classical,0.05187208205461502,0.20156771890710137,0.09195697306002024,-1.022609531888199,27.784537256437098,27.66968977604659,0.8670522570610046,32.13526860382892
screw,1,scratch,0.001251220703125,motion,4,restormer_deblur,deep,0.7198508977890015,0.3331094914493024,1.0,0.0,32.1800852087187,32.13526860382892,0.9255189299583435,32.13526860382892
screw,1,scratch,0.001251220703125,motion,4,divide_lpres_on,deep,0.8075345158576965,0.3178675226836479,0.8632212277605635,-0.13929800838792183,31.910677278236687,31.872271398343305,0.9244308471679688,32.13526860382892
screw,1,scratch,0.001251220703125,motion,4,divide_lpres_off,deep,0.5068309307098389,0.2929548931499817,0.5966937419632335,-0.058830913893673564,31.936450133388654,31.838227448498422,0.9199050068855286,32.13526860382892
screw,1,scratch,0.001251220703125,noise,2,identity,classical,1.0023118257522583,0.9864172875972511,1.0,0.0,22.146056621586773,22.146776328900756,0.2374652624130249,22.146776328900756
screw,1,scratch,0.001251220703125,noise,2,wiener,classical,0.0258399099111557,0.03474206587814152,0.10532865930797956,-0.28297839209803755,20.97522485640144,20.948815760212376,0.16864649951457977,22.146776328900756
screw,1,scratch,0.001251220703125,noise,2,restormer_deblur,deep,1.0023118257522583,0.9864172875972511,1.0,0.0,22.146056621586773,22.146776328900756,0.2374652624130249,22.146776328900756
screw,1,scratch,0.001251220703125,noise,2,divide_lpres_on,deep,1.135327696800232,0.8556386347188892,1.0870460585577593,0.15775989951261538,26.23828897378496,26.236679667292172,0.4010290205478668,22.146776328900756
screw,1,scratch,0.001251220703125,noise,2,divide_lpres_off,deep,0.7317426800727844,0.4661704205803795,0.8579580326683021,0.6152979585904776,33.46543897974256,33.40665153803296,0.8313207626342773,22.146776328900756
screw,1,scratch,0.001251220703125,noise,3,identity,classical,0.9912261366844177,0.9739359960427239,1.0,0.0,19.8765402200655,19.877326162167453,0.174247607588768,19.877326162167453
screw,1,scratch,0.001251220703125,noise,3,wiener,classical,0.023923326283693314,0.03538442718769972,0.10525709099975405,-0.1938799088189791,19.16088796081372,19.143228397386082,0.11791235953569412,19.877326162167453
screw,1,scratch,0.001251220703125,noise,3,restormer_deblur,deep,0.9912261366844177,0.9739359960427239,1.0,0.0,19.8765402200655,19.877326162167453,0.174247607588768,19.877326162167453
screw,1,scratch,0.001251220703125,noise,3,divide_lpres_on,deep,1.09212064743042,0.7893896098134774,1.133711151451778,0.16620509665842464,23.960856736320494,23.959485102950136,0.3052574694156647,19.877326162167453
screw,1,scratch,0.001251220703125,noise,3,divide_lpres_off,deep,0.7628377079963684,0.3531470861354279,0.9589257180267742,0.5989859023673714,30.95604166349977,30.927686755690274,0.7387802004814148,19.877326162167453
screw,1,scratch,0.001251220703125,noise,4,identity,classical,0.9818805456161499,0.9659763421633214,1.0,0.0,18.08034151944771,18.08078972606584,0.13282589614391327,18.08078972606584
screw,1,scratch,0.001251220703125,noise,4,wiener,classical,0.024573294445872307,0.02538230078958569,0.10050228863496845,-0.14165640218985898,17.60173485207124,17.59057195066274,0.08725902438163757,18.08078972606584
screw,1,scratch,0.001251220703125,noise,4,restormer_deblur,deep,0.9818805456161499,0.9659763421633214,1.0,0.0,18.08034151944771,18.08078972606584,0.13282589614391327,18.08078972606584
screw,1,scratch,0.001251220703125,noise,4,divide_lpres_on,deep,1.0296292304992676,0.8405771346792088,1.1517980342153957,0.16273279456841028,22.08106079133109,22.080774082740874,0.23904092609882355,18.08078972606584
screw,1,scratch,0.001251220703125,noise,4,divide_lpres_off,deep,0.7428848743438721,0.40862278863668683,1.108113977168754,0.5453866143431553,28.370474988548256,28.360894970044527,0.6265711784362793,18.08078972606584
screw,1,scratch,0.001251220703125,mixed,2,identity,classical,0.26794174313545227,0.21085061237428107,1.0,0.0,24.718926446863403,24.681544150106237,0.31719890236854553,24.681544150106237
screw,1,scratch,0.001251220703125,mixed,2,wiener,classical,0.2402513176202774,0.3677366247642881,0.9239453860329673,-0.13146282932582065,23.490352342519166,23.463948987998414,0.283231645822525,24.681544150106237
screw,1,scratch,0.001251220703125,mixed,2,restormer_deblur,deep,0.26794174313545227,0.21085061237428107,1.0,0.0,24.718926446863403,24.681544150106237,0.31719890236854553,24.681544150106237
screw,1,scratch,0.001251220703125,mixed,2,divide_lpres_on,deep,0.27291449904441833,0.20270982757077669,1.2623219088914894,0.16744425493375537,26.16440755328267,26.11445211382677,0.3873883783817291,24.681544150106237
screw,1,scratch,0.001251220703125,mixed,2,divide_lpres_off,deep,0.2569775879383087,0.1669155886509928,2.437194900644377,0.6263615340579674,31.607662756103345,31.42312678946795,0.8050670623779297,24.681544150106237
screw,1,scratch,0.001251220703125,mixed,3,identity,classical,0.15915653109550476,0.18856740079296022,1.0,0.0,8.11678060299822,8.120214757273626,0.7189993858337402,8.120214757273626
screw,1,scratch,0.001251220703125,mixed,3,wiener,classical,0.009480653330683708,-0.18847668339851084,0.14507056199822918,-0.01704266461808679,7.9020827624730146,7.905987295540409,0.5669330954551697,8.120214757273626
screw,1,scratch,0.001251220703125,mixed,3,restormer_deblur,deep,0.47862663865089417,0.6011941983196791,3.0402001547594497,0.03845037191518286,8.450322493377964,8.45262039170047,0.7567058205604553,8.120214757273626
screw,1,scratch,0.001251220703125,mixed,3,divide_lpres_on,deep,0.3614450693130493,0.8269901468629685,2.409407977960058,0.00753130005204361,8.185442500346925,8.188154000526936,0.7426416277885437,8.120214757273626
screw,1,scratch,0.001251220703125,mixed,3,divide_lpres_off,deep,0.6016180515289307,0.6838528666570614,2.1921398552733553,0.2764794521769368,10.674658156276944,10.67701988401853,0.7985559105873108,8.120214757273626
screw,1,scratch,0.001251220703125,mixed,4,identity,classical,0.20042943954467773,0.010963616787778904,1.0,0.0,21.714979223893344,21.690449043814517,0.19380074739456177,21.690449043814517
screw,1,scratch,0.001251220703125,mixed,4,wiener,classical,0.16552546620368958,0.1978844381157633,5.523552020147706,-0.0577669322723251,21.194690613302352,21.178736252154643,0.18377111852169037,21.690449043814517
screw,1,scratch,0.001251220703125,mixed,4,restormer_deblur,deep,0.20042943954467773,0.010963616787778904,1.0,0.0,21.714979223893344,21.690449043814517,0.19380074739456177,21.690449043814517
screw,1,scratch,0.001251220703125,mixed,4,divide_lpres_on,deep,0.19268330931663513,0.006074796255859544,0.761014321829551,0.1345540656147579,22.817849548016866,22.790127559513778,0.23708754777908325,21.690449043814517
screw,1,scratch,0.001251220703125,mixed,4,divide_lpres_off,deep,0.156699538230896,0.062178414840788454,5.809280458159929,0.5011254117453476,26.8155409459866,26.759579916506215,0.6151149868965149,21.690449043814517
screw,2,blob,0.0081939697265625,defocus,2,identity,classical,0.985415518283844,0.9994934254802172,1.0,0.0,36.66568774221753,36.69738077084809,0.9653186202049255,36.69738077084809
screw,2,blob,0.0081939697265625,defocus,2,wiener,classical,0.4468354284763336,0.0008266082431767168,0.02756007700978066,-5.57939785925569,21.70587083111986,21.720092150986105,0.8022845387458801,36.69738077084809
screw,2,blob,0.0081939697265625,defocus,2,restormer_deblur,deep,0.982319712638855,0.9903071521706567,1.0783826480623508,-1.6218098531558116,33.62802637139311,33.634908156795575,0.9716694951057434,36.69738077084809
screw,2,blob,0.0081939697265625,defocus,2,divide_lpres_on,deep,0.9979402422904968,0.9999766202812069,0.9970272255611955,0.2527921201759967,40.46475833337405,40.49655503055378,0.9792507290840149,36.69738077084809
screw,2,blob,0.0081939697265625,defocus,2,divide_lpres_off,deep,0.99039626121521,0.9998823540073568,1.0022598699805922,0.25941276792459134,40.59939648931467,40.626814312013366,0.9792780876159668,36.69738077084809
screw,2,blob,0.0081939697265625,defocus,3,identity,classical,0.9709395170211792,0.998075242839729,1.0,0.0,34.048980928677025,34.08138918247716,0.9461129307746887,34.08138918247716
screw,2,blob,0.0081939697265625,defocus,3,wiener,classical,0.2876804769039154,-0.15950657107660385,0.031260167839774325,-4.822563642063652,20.77256955816335,20.787204711804467,0.7933736443519592,34.08138918247716
screw,2,blob,0.0081939697265625,defocus,3,restormer_deblur,deep,0.9187803864479065,0.995673814452627,1.06669323686631,-1.140347304245212,32.84553252779129,32.839449329958626,0.9641551971435547,34.08138918247716
screw,2,blob,0.0081939697265625,defocus,3,divide_lpres_on,deep,0.997582197189331,0.9999775199918687,1.0300414189750187,0.2458007019256475,38.16810195454533,38.200298848068044,0.9614580273628235,34.08138918247716
screw,2,blob,0.0081939697265625,defocus,3,divide_lpres_off,deep,0.989936351776123,0.9998645260376794,1.0290434043691306,0.3098486925603703,39.0479059210051,39.07679210035946,0.9699902534484863,34.08138918247716
screw,2,blob,0.0081939697265625,defocus,4,identity,classical,0.9403043389320374,0.9925905849769109,1.0,0.0,31.662539827074163,31.694443202386736,0.918501079082489,31.694443202386736
screw,2,blob,0.0081939697265625,defocus,4,wiener,classical,0.06401235610246658,-0.31952871103220937,0.1198293561550359,-4.865698733223291,18.89695816775159,18.916774735391666,0.7524788975715637,31.694443202386736
screw,2,blob,0.0081939697265625,defocus,4,restormer_deblur,deep,0.9362037777900696,0.9776195648471657,1.114741259599126,-0.8695618521974593,30.629539338146405,30.64202273340623,0.9336102604866028,31.694443202386736
screw,2,blob,0.0081939697265625,defocus,4,divide_lpres_on,deep,0.9965486526489258,0.9998424789078251,1.1100999434739278,0.15897848763129907,35.418004191079284,35.451438946281314,0.9259739518165588,31.694443202386736
screw,2,blob,0.0081939697265625,defocus,4,divide_lpres_off,deep,0.9886230230331421,0.9997229864066558,1.095615845834833,0.26475362398306646,36.47863809052468,36.51014103433017,0.9442370533943176,31.694443202386736
screw,2,blob,0.0081939697265625,motion,2,identity,classical,0.9766996502876282,0.9983290142746915,1.0,0.0,35.24146601278587,35.27393349581334,0.9606180191040039,35.27393349581334
screw,2,blob,0.0081939697265625,motion,2,wiener,classical,0.6205637454986572,0.1941903816256687,0.11649781800103891,-4.182426730976085,22.39032171488793,22.407760301412978,0.7847914695739746,35.27393349581334
screw,2,blob,0.0081939697265625,motion,2,restormer_deblur,deep,1.0001213550567627,0.9987681159125246,1.051345380106029,0.2939369790617832,39.569306873192794,39.59938176123511,0.9777836799621582,35.27393349581334
screw,2,blob,0.0081939697265625,motion,2,divide_lpres_on,deep,1.0003222227096558,0.9998448774732097,1.0072413025230955,0.11353383366323022,38.521806816936895,38.55489312535316,0.9589433670043945,35.27393349581334
screw,2,blob,0.0081939697265625,motion,2,divide_lpres_off,deep,0.9926385283470154,0.9998395297097179,1.0220702449176493,0.22965541333700068,39.545149520188986,39.574829789638464,0.9714556336402893,35.27393349581334
screw,2,blob,0.0081939697265625,motion,3,identity,classical,0.9414469003677368,0.9914406996282735,1.0,0.0,32.11971662292793,32.151190915659555,0.9274609088897705,32.151190915659555
screw,2,blob,0.0081939697265625,motion,3,wiener,classical,0.28877970576286316,-0.15804280484909614,0.03618583918507294,-3.8287418514709666,20.835595853158424,20.850111284561102,0.7910344004631042,32.151190915659555
screw,2,blob,0.0081939697265625,motion,3,restormer_deblur,deep,1.0022960901260376,0.9989009457066288,1.1680841560521817,0.4794819932265686,40.08996672415903,40.117587744851654,0.9753124117851257,32.151190915659555
screw,2,blob,0.0081939697265625,motion,3,divide_lpres_on,deep,0.9966068267822266,0.9997701269258544,1.1075353266568015,0.20721942248033898,36.68573462443388,36.71883491711465,0.9375854134559631,32.151190915659555
screw,2,blob,0.0081939697265625,motion,3,divide_lpres_off,deep,0.9885219931602478,0.9994761351576594,1.1305073982496319,0.3167938018550839,38.030197905957124,38.060186308310826,0.9548187851905823,32.151190915659555
screw,2,blob,0.0081939697265625,motion,4,identity,classical,0.9338481426239014,0.9849456742544659,1.0,0.0,31.85191183808575,31.882767468350668,0.9269728064537048,31.882767468350668
screw,2,blob,0.0081939697265625,motion,4,wiener,classical,0.8761149644851685,0.7121766459391743,0.7769088909662314,-0.9161468076980059,27.86662623140839,27.89040481338541,0.8785416483879089,31.882767468350668
screw,2,blob,0.0081939697265625,motion,4,restormer_deblur,deep,0.9338481426239014,0.9849456742544659,1.0,0.0,31.85191183808575,31.882767468350668,0.9269728064537048,31.882767468350668
screw,2,blob,0.0081939697265625,motion,4,divide_lpres_on,deep,0.9262446165084839,0.985552459937736,0.9957203138845765,-0.13777129655956033,31.658395935449395,31.684650602829212,0.9264697432518005,31.882767468350668
screw,2,blob,0.0081939697265625,motion,4,divide_lpres_off,deep,0.9031088948249817,0.9837905719627767,0.9563280823732689,-0.04312069267672314,31.68568167776755,31.710334036372217,0.9246014952659607,31.882767468350668
screw,2,blob,0.0081939697265625,noise,2,identity,classical,0.9863927960395813,0.9877109810316155,1.0,0.0,22.157557692294123,22.158478430193842,0.2351149320602417,22.158478430193842
screw,2,blob,0.0081939697265625,noise,2,wiener,classical,0.9214888215065002,0.7078206544399087,0.8384279879359083,-0.29764686672039353,20.86231181907687,20.870083885213052,0.15978647768497467,22.158478430193842
screw,2,blob,0.0081939697265625,noise,2,restormer_deblur,deep,0.9863927960395813,0.9877109810316155,1.0,0.0,22.157557692294123,22.158478430193842,0.2351149320602417,22.158478430193842
screw,2,blob,0.0081939697265625,noise,2,divide_lpres_on,deep,0.9596366882324219,0.9906189511681698,1.1654212415124705,0.15794668394355516,26.261968032581436,26.262473038422073,0.3980710506439209,22.158478430193842
screw,2,blob,0.0081939697265625,noise,2,divide_lpres_off,deep,0.9711485505104065,0.9664883154275687,2.360649329122789,0.624967342466908,33.800678001081,33.80723407877261,0.8347444534301758,22.158478430193842
screw,2,blob,0.0081939697265625,noise,3,identity,classical,0.9544275403022766,0.9576806593820879,1.0,0.0,19.860870758807838,19.859545001893682,0.17223966121673584,19.859545001893682
screw,2,blob,0.0081939697265625,noise,3,wiener,classical,0.8928574323654175,0.6919480041509275,0.802655063471823,-0.20196424256137724,19.06682008660631,19.070386615176453,0.10803032666444778,19.859545001893682
screw,2,blob,0.0081939697265625,noise,3,restormer_deblur,deep,0.9544275403022766,0.9576806593820879,1.0,0.0,19.860870758807838,19.859545001893682,0.17223966121673584,19.859545001893682
screw,2,blob,0.0081939697265625,noise,3,divide_lpres_on,deep,0.9278298616409302,0.9680468199529053,1.1489121291132978,0.1656027433437154,23.93864035125538,23.93904005789029,0.3003257215023041,19.859545001893682
screw,2,blob,0.0081939697265625,noise,3,divide_lpres_off,deep,0.9049919247627258,0.9427755992544953,2.5104809394210457,0.6085506263513041,31.095684192132076,31.102675443093855,0.7377151846885681,19.859545001893682
screw,2,blob,0.0081939697265625,noise,4,identity,classical,0.8973602652549744,0.8841692930262248,1.0,0.0,18.062322408989388,18.0580075484447,0.132324680685997,18.0580075484447
screw,2,blob,0.0081939697265625,noise,4,wiener,classical,0.8385552763938904,0.6849454828698817,0.7605795276319399,-0.14745920450235772,17.521951869947408,17.52279777895047,0.0784488245844841,18.0580075484447
screw,2,blob,0.0081939697265625,noise,4,restormer_deblur,deep,0.8973602652549744,0.8841692930262248,1.0,0.0,18.062322408989388,18.0580075484447,0.132324680685997,18.0580075484447
screw,2,blob,0.0081939697265625,noise,4,divide_lpres_on,deep,0.869219183921814,0.9115432403244501,1.1716044818973874,0.1637829693763566,22.036214398323423,22.034607082211302,0.2350294589996338,18.0580075484447
screw,2,blob,0.0081939697265625,noise,4,divide_lpres_off,deep,0.7870521545410156,0.7682524081053524,1.9756009195098831,0.5588152834748302,28.54700883003227,28.55348521032502,0.6244985461235046,18.0580075484447
screw,2,blob,0.0081939697265625,mixed,2,identity,classical,0.634407639503479,0.9793676805883283,1.0,0.0,10.844253994666078,10.846939059507132,0.8423025608062744,10.846939059507132
screw,2,blob,0.0081939697265625,mixed,2,wiener,classical,0.31564149260520935,-0.008426574422760878,0.024409878308365537,-0.030630941221131636,10.475982659738099,10.48604027556484,0.6825781464576721,10.846939059507132
screw,2,blob,0.0081939697265625,mixed,2,restormer_deblur,deep,0.6134935617446899,0.9789069207089247,1.0678021607718489,0.08055839623721583,11.554493289143634,11.557650953796472,0.8700354695320129,10.846939059507132
screw,2,blob,0.0081939697265625,mixed,2,divide_lpres_on,deep,0.6459432244300842,0.7417660935884215,0.6496185935861107,0.009180459036940092,10.919124793530973,10.921530501014772,0.7986751198768616,10.846939059507132
screw,2,blob,0.0081939697265625,mixed,2,divide_lpres_off,deep,0.2205425500869751,0.07157910371368924,0.04319767864892707,0.08213271492554397,11.511876265762861,11.527080337521575,0.7560269236564636,10.846939059507132
screw,2,blob,0.0081939697265625,mixed,3,identity,classical,0.9569850564002991,0.7438959532452164,1.0,0.0,23.020832224906908,23.023565414616215,0.24792973697185516,23.023565414616215
screw,2,blob,0.0081939697265625,mixed,3,wiener,classical,0.911869466304779,0.5627419405525741,0.8645998597272654,-0.08501797789854848,22.203803485453268,22.208543203080016,0.21660809218883514,23.023565414616215
screw,2,blob,0.0081939697265625,mixed,3,restormer_deblur,deep,0.9569850564002991,0.7438959532452164,1.0,0.0,23.020832224906908,23.023565414616215,0.24792973697185516,23.023565414616215
screw,2,blob,0.0081939697265625,mixed,3,divide_lpres_on,deep,0.922100305557251,0.8043675692271153,1.1798432856755352,0.15333028007188687,24.325821207395173,24.330110493756465,0.3030128479003906,23.023565414616215
screw,2,blob,0.0081939697265625,mixed,3,divide_lpres_off,deep,0.8790056705474854,0.8964128610155505,3.0089283369815414,0.5817112710032604,29.244134927800054,29.262408417277285,0.7205855846405029,23.023565414616215
screw,2,blob,0.0081939697265625,mixed,4,identity,classical,0.867829442024231,0.5601410478340311,1.0,0.0,21.49653855683273,21.497884309240373,0.189923956990242,21.497884309240373
screw,2,blob,0.0081939697265625,mixed,4,wiener,classical,0.8088386058807373,0.5000186444669941,0.7434146807408634,-0.05596389816290448,20.956290616920494,20.96193108289547,0.16680054366588593,21.497884309240373
screw,2,blob,0.0081939697265625,mixed,4,restormer_deblur,deep,0.867829442024231,0.5601410478340311,1.0,0.0,21.49653855683273,21.497884309240373,0.189923956990242,21.497884309240373
screw,2,blob,0.0081939697265625,mixed,4,divide_lpres_on,deep,0.8364637494087219,0.6459186362488893,1.1765553296591544,0.13643472798841705,22.609973504351743,22.61315084839543,0.23391203582286835,21.497884309240373
screw,2,blob,0.0081939697265625,mixed,4,divide_lpres_off,deep,0.677375316619873,0.7383930901981401,2.448322286916975,0.5033242724046443,26.611676669033656,26.629318946879764,0.6127049922943115,21.497884309240373
screw,3,texture,0.005035400390625,defocus,2,identity,classical,0.9087453484535217,0.3494935540542343,1.0,0.0,38.844100083125774,38.5526812028682,0.9705232977867126,38.5526812028682
screw,3,texture,0.005035400390625,defocus,2,wiener,classical,0.49455782771110535,-0.21452330719407237,0.18809834196875916,-6.828294069257794,21.452022867786262,21.385854195432263,0.7862499356269836,38.5526812028682
screw,3,texture,0.005035400390625,defocus,2,restormer_deblur,deep,0.9188353419303894,0.5876976718665357,1.0971751174590996,-2.346040921403831,33.66781807708816,33.58166022790408,0.9762701988220215,38.5526812028682
screw,3,texture,0.005035400390625,defocus,2,divide_lpres_on,deep,0.9692834615707397,0.39462991624716875,1.3002215764376466,-0.017013949366752046,37.24267027231094,36.709750546648245,0.9683048129081726,38.5526812028682
screw,3,texture,0.005035400390625,defocus,2,divide_lpres_off,deep,0.9489431381225586,0.28941380032325487,1.3145591788616702,0.15197410962859748,39.38695212484225,38.235635006715,0.9771437048912048,38.5526812028682
screw,3,texture,0.005035400390625,defocus,3,identity,classical,0.8683357834815979,0.19113298136708262,1.0,0.0,36.16479921262468,35.93171497894973,0.9536593556404114,35.93171497894973
screw,3,texture,0.005035400390625,defocus,3,wiener,classical,0.3906826972961426,-0.2580759767817977,0.14565940381918818,-6.132627171640014,20.2865814812319,20.229246374965236,0.7607322335243225,35.93171497894973
screw,3,texture,0.005035400390625,defocus,3,restormer_deblur,deep,0.8796115517616272,0.2893543410822431,0.8528418267745114,-1.673055490934423,32.647507285269064,32.52702885306317,0.9623283743858337,35.93171497894973
screw,3,texture,0.005035400390625,defocus,3,divide_lpres_on,deep,0.961618185043335,0.1585361126518839,1.0683831636396124,-0.05301724170736111,35.12368040438455,34.46909025728604,0.9415044784545898,35.93171497894973
screw,3,texture,0.005035400390625,defocus,3,divide_lpres_off,deep,0.9648265838623047,0.13307975887583798,1.2811764829952426,0.16260906560210509,37.90334749274756,37.04065567071939,0.9610171318054199,35.93171497894973
screw,3,texture,0.005035400390625,defocus,4,identity,classical,0.8084670901298523,0.07636279493481395,1.0,0.0,33.59962063553413,33.41104228881646,0.9291079640388489,33.41104228881646
screw,3,texture,0.005035400390625,defocus,4,wiener,classical,0.20231589674949646,-0.25621164997262835,0.025864491551616527,-6.03241312871277,18.617136008865295,18.57372450025367,0.7480040192604065,33.41104228881646
screw,3,texture,0.005035400390625,defocus,4,restormer_deblur,deep,0.8549304008483887,0.24806849150461113,1.1425393477871202,-0.874009616342349,32.473835693009704,32.33618346347546,0.9486568570137024,33.41104228881646
screw,3,texture,0.005035400390625,defocus,4,divide_lpres_on,deep,0.948428750038147,0.29019895779038946,0.8311369207088136,-0.16037571686552754,32.98478314128529,32.4588336500662,0.8978645205497742,33.41104228881646
screw,3,texture,0.005035400390625,defocus,4,divide_lpres_off,deep,0.9340699911117554,0.23785275186248533,0.9545626834802858,0.06235721251266213,35.44601098614778,34.686077863013445,0.9229649901390076,33.41104228881646
screw,3,texture,0.005035400390625,motion,2,identity,classical,0.9444281458854675,0.49058960028492493,1.0,0.0,37.50123730621632,37.37018516215061,0.9650996327400208,37.37018516215061
screw,3,texture,0.005035400390625,motion,2,wiener,classical,0.5035306215286255,-0.20314309850104262,0.11049363631894117,-5.958577492884744,21.586914849599847,21.516299919495747,0.7838017344474792,37.37018516215061
screw,3,texture,0.005035400390625,motion,2,restormer_deblur,deep,0.9013853669166565,0.4865729891605953,1.1734383037134433,-2.3094856333111884,32.218277477055665,32.13859176523056,0.9653245806694031,37.37018516215061
screw,3,texture,0.005035400390625,motion,2,divide_lpres_on,deep,0.9876987934112549,0.2671776026411104,0.5232149501262224,-0.5869041256345515,34.61167171769834,34.221749528193776,0.9213736057281494,37.37018516215061
screw,3,texture,0.005035400390625,motion,2,divide_lpres_off,deep,0.9709206223487854,0.2810233663330951,0.8345324954084106,-0.1673308742586721,36.259449599462705,35.83206619434391,0.9541654586791992,37.37018516215061
screw,3,texture,0.005035400390625,motion,3,identity,classical,0.9092733263969421,0.3097808205820438,1.0,0.0,34.34672219132339,34.244463859323474,0.9403690695762634,34.244463859323474
screw,3,texture,0.005035400390625,motion,3,wiener,classical,0.3746088743209839,-0.2858674381970624,0.09815216808051823,-5.128964414615441,20.274401995061847,20.212675177353134,0.7509642243385315,34.244463859323474
screw,3,texture,0.005035400390625,motion,3,restormer_deblur,deep,0.9618054628372192,0.6151750884087958,1.514206840689732,0.43097083150994164,41.7267961767849,41.47942871514645,0.9758210182189941,34.244463859323474
screw,3,texture,0.005035400390625,motion,3,divide_lpres_on,deep,0.954149067401886,0.1654639185228553,0.5152587053720078,-0.1349779243231064,34.084699518394686,33.33203045657453,0.9164808392524719,34.244463859323474
screw,3,texture,0.005035400390625,motion,3,divide_lpres_off,deep,0.9634270071983337,0.03479588442458457,0.5307425080293215,0.042908486678769675,36.09507075463509,34.65580673484212,0.9323315024375916,34.244463859323474
screw,3,texture,0.005035400390625,motion,4,identity,classical,0.7480844259262085,-0.01770775565348119,1.0,0.0,33.1843618779322,32.95091208352279,0.9335569739341736,32.95091208352279
screw,3,texture,0.005035400390625,motion,4,wiener,classical,0.6771038770675659,-0.13175562857015477,0.8541870064393696,-1.1948381131856225,28.04445806469012,27.948214231049917,0.8721215128898621,32.95091208352279
screw,3,texture,0.005035400390625,motion,4,restormer_deblur,deep,0.7480844259262085,-0.01770775565348119,1.0,0.0,33.1843618779322,32.95091208352279,0.9335569739341736,32.95091208352279
screw,3,texture,0.005035400390625,motion,4,divide_lpres_on,deep,0.736555814743042,0.0036966958268743882,0.9919116608402592,-0.22394212139048109,32.78761065579743,32.54570001181574,0.9330697059631348,32.95091208352279
screw,3,texture,0.005035400390625,motion,4,divide_lpres_off,deep,0.7377757430076599,-0.031349940933900006,1.0054847756279321,-0.04779623253499321,32.99675402123699,32.749103604009726,0.9309129118919373,32.95091208352279
screw,3,texture,0.005035400390625,noise,2,identity,classical,1.0010762214660645,0.9798494536941903,1.0,0.0,22.26240413805252,22.267212710331545,0.2342369109392166,22.267212710331545
screw,3,texture,0.005035400390625,noise,2,wiener,classical,0.84526127576828,-0.014197295132861948,0.589219568354366,-0.24109946683247396,21.30148683426219,21.280169007239028,0.1749388575553894,22.267212710331545
screw,3,texture,0.005035400390625,noise,2,restormer_deblur,deep,1.0010762214660645,0.9798494536941903,1.0,0.0,22.26240413805252,22.267212710331545,0.2342369109392166,22.267212710331545
screw,3,texture,0.005035400390625,noise,2,divide_lpres_on,deep,0.9844789505004883,0.9471284766793607,1.1296657136766006,0.14339179232156452,26.259258424258572,26.26116253938507,0.3946758210659027,22.267212710331545
screw,3,texture,0.005035400390625,noise,2,divide_lpres_off,deep,0.9488804936408997,0.6993990393251438,1.5542469509090793,0.6033093224446918,33.57835570087807,33.524109968198836,0.8270965218544006,22.267212710331545
screw,3,texture,0.005035400390625,noise,3,identity,classical,0.9922890067100525,0.9611962897757962,1.0,0.0,19.78632161124593,19.78985202478963,0.16617833077907562,19.78985202478963
screw,3,texture,0.005035400390625,noise,3,wiener,classical,0.8391888737678528,-0.018967963327373792,0.643338347360177,-0.15649430628313898,19.24614030004622,19.23537923797233,0.11828634142875671,19.78985202478963
screw,3,texture,0.005035400390625,noise,3,restormer_deblur,deep,0.9922890067100525,0.9611962897757962,1.0,0.0,19.78632161124593,19.78985202478963,0.16617833077907562,19.78985202478963
screw,3,texture,0.005035400390625,noise,3,divide_lpres_on,deep,0.9683489799499512,0.9347023778610157,1.1493947116520182,0.15715517844980686,23.808653482797663,23.80931607875102,0.2907039523124695,19.78985202478963
screw,3,texture,0.005035400390625,noise,3,divide_lpres_off,deep,0.929770827293396,0.7066837438388983,1.6539535808853694,0.5964683201466554,30.892157041773714,30.86843064446155,0.7078261375427246,19.78985202478963
screw,3,texture,0.005035400390625,noise,4,identity,classical,0.9789102077484131,0.930286179850671,1.0,0.0,17.92062114711484,17.92259767138404,0.12402943521738052,17.92259767138404
screw,3,texture,0.005035400390625,noise,4,wiener,classical,0.828216552734375,-0.0060062852351083175,0.6804020864034975,-0.10956051323010296,17.579382073186668,17.570853876036978,0.08571960777044296,17.92259767138404
screw,3,texture,0.005035400390625,noise,4,restormer_deblur,deep,0.9789102077484131,0.930286179850671,1.0,0.0,17.92062114711484,17.92259767138404,0.12402943521738052,17.92259767138404
screw,3,texture,0.005035400390625,noise,4,divide_lpres_on,deep,0.9514757990837097,0.9150140018847459,1.1799315249322868,0.1637247502522976,21.900978304637235,21.900134998684862,0.22331564128398895,17.92259767138404
screw,3,texture,0.005035400390625,noise,4,divide_lpres_off,deep,0.8604654669761658,0.7149484956150882,1.7427419324374296,0.5701527469937868,28.51564525940112,28.494735979747624,0.580928385257721,17.92259767138404
screw,3,texture,0.005035400390625,mixed,2,identity,classical,0.9047777652740479,0.36993497280066706,1.0,0.0,38.27720916086205,38.03061070436388,0.9621252417564392,38.03061070436388
screw,3,texture,0.005035400390625,mixed,2,wiener,classical,0.8130991458892822,0.04461467326149153,0.8476690681166187,-1.9717406150963481,28.657635371365004,28.58234155881952,0.8930628895759583,38.03061070436388
screw,3,texture,0.005035400390625,mixed,2,restormer_deblur,deep,0.9047777652740479,0.36993497280066706,1.0,0.0,38.27720916086205,38.03061070436388,0.9621252417564392,38.03061070436388
screw,3,texture,0.005035400390625,mixed,2,divide_lpres_on,deep,0.8961196541786194,0.39899834605041495,1.0166851062929274,-0.15336850601221208,37.85047001811093,37.59592860132471,0.9622167944908142,38.03061070436388
screw,3,texture,0.005035400390625,mixed,2,divide_lpres_off,deep,0.8848890662193298,0.3004734238769069,0.9295019912151108,0.008427770092619524,37.809159439851356,37.51798865221884,0.9613493084907532,38.03061070436388
screw,3,texture,0.005035400390625,mixed,3,identity,classical,0.8523988723754883,0.16213102343616187,1.0,0.0,23.078896807514134,23.069712879247977,0.2486402839422226,23.069712879247977
screw,3,texture,0.005035400390625,mixed,3,wiener,classical,0.7759758234024048,0.0220386938674303,0.9391036681233507,-0.08365638362308503,22.33207454811001,22.318393928240006,0.2180759161710739,23.069712879247977
screw,3,texture,0.005035400390625,mixed,3,restormer_deblur,deep,0.8523988723754883,0.16213102343616187,1.0,0.0,23.078896807514134,23.069712879247977,0.2486402839422226,23.069712879247977
screw,3,texture,0.005035400390625,mixed,3,divide_lpres_on,deep,0.8284738659858704,0.1802062553218988,1.1394390202820828,0.15037319273013783,24.40657302388051,24.390004386531533,0.298960417509079,23.069712879247977
screw,3,texture,0.005035400390625,mixed,3,divide_lpres_off,deep,0.8357614278793335,0.1576513930432998,1.7991729559483758,0.5970686694369283,29.66388813897882,29.60000552693517,0.6910953521728516,23.069712879247977
screw,3,texture,0.005035400390625,mixed,4,identity,classical,0.6946076154708862,0.12186286125133935,1.0,0.0,17.722126485953435,17.715379155588586,0.08277689665555954,17.715379155588586
screw,3,texture,0.005035400390625,mixed,4,wiener,classical,0.6414217352867126,-0.003632952067306426,0.880638393894418,-0.030826659250110078,17.66060615950117,17.651604329394793,0.08080226182937622,17.715379155588586
screw,3,texture,0.005035400390625,mixed,4,restormer_deblur,deep,0.6946076154708862,0.12186286125133935,1.0,0.0,17.722126485953435,17.715379155588586,0.08277689665555954,17.715379155588586
screw,3,texture,0.005035400390625,mixed,4,divide_lpres_on,deep,0.6690011620521545,0.14460644279575294,1.1395448009334075,0.1484004639017893,21.416004649771075,21.39921305636362,0.1687190979719162,17.715379155588586
screw,3,texture,0.005035400390625,mixed,4,divide_lpres_off,deep,0.6146211624145508,0.25115971979985047,1.6927314266528266,0.5221641334410554,26.66966236440842,26.601681152772073,0.5146875977516174,17.715379155588586
screw,4,scratch,0.0060577392578125,defocus,2,identity,classical,0.8425893187522888,0.8869227244637623,1.0,0.0,38.007574578209486,37.85013832379001,0.9671289920806885,37.85013832379001
screw,4,scratch,0.0060577392578125,defocus,2,wiener,classical,0.008960166946053505,0.07287529717299018,0.05293348475335465,-5.399107569594029,22.449158111889705,22.357324365998842,0.7536790370941162,37.85013832379001
screw,4,scratch,0.0060577392578125,defocus,2,restormer_deblur,deep,0.8102483749389648,0.94984363772213,2.2296670322742482,-1.7803887682161537,34.38451797948752,34.363009958021735,0.9754672646522522,37.85013832379001
screw,4,scratch,0.0060577392578125,defocus,2,divide_lpres_on,deep,0.9796940088272095,0.9636018224318781,1.650806874599542,0.17653128256735684,40.19467874467807,40.17341309075603,0.9773353934288025,37.85013832379001
screw,4,scratch,0.0060577392578125,defocus,2,divide_lpres_off,deep,0.7790634632110596,0.919133585006166,1.0577147797416617,0.24408206243562247,41.296582474778745,40.77154784240746,0.9791443943977356,37.85013832379001
screw,4,scratch,0.0060577392578125,defocus,3,identity,classical,0.742302417755127,0.8381164878023025,1.0,0.0,35.23325765658606,35.050287049313674,0.9464110732078552,35.050287049313674
screw,4,scratch,0.0060577392578125,defocus,3,wiener,classical,0.020214123651385307,-0.021206715780660603,0.011953183743043732,-4.247651337927823,22.207241635095883,22.12279099704634,0.7716953158378601,35.050287049313674
screw,4,scratch,0.0060577392578125,defocus,3,restormer_deblur,deep,0.7822563648223877,0.9079316904689582,2.5209856800193142,-1.6743487120361888,32.3936461070534,32.39361540088876,0.9647467732429504,35.050287049313674
screw,4,scratch,0.0060577392578125,defocus,3,divide_lpres_on,deep,0.9702847599983215,0.9433364301546072,1.791400326044426,0.12377099136612446,37.04801098358443,37.03682391675163,0.955634355545044,35.050287049313674
screw,4,scratch,0.0060577392578125,defocus,3,divide_lpres_off,deep,0.8147794008255005,0.8816302537812755,1.1353616443671293,0.23001734128295326,38.50007475980037,38.23192812079652,0.9647504687309265,35.050287049313674
screw,4,scratch,0.0060577392578125,defocus,4,identity,classical,0.5854489207267761,0.5398072310578199,1.0,0.0,32.6949257628092,32.464404299400364,0.9152409434318542,32.464404299400364
screw,4,scratch,0.0060577392578125,defocus,4,wiener,classical,0.03253306448459625,-0.15960175041526234,0.049618958055243745,-3.8946843942088867,20.901444393537055,20.844905451939646,0.7501043677330017,32.464404299400364
screw,4,scratch,0.0060577392578125,defocus,4,restormer_deblur,deep,0.6860672235488892,0.7818976174593011,1.887560211533366,-1.1744260149534735,31.270357986296574,31.227063886181092,0.9465482831001282,32.464404299400364
screw,4,scratch,0.0060577392578125,defocus,4,divide_lpres_on,deep,0.915215015411377,0.9299625594669932,2.574255040299831,0.04685517011459861,34.67127016787346,34.65949891199682,0.9183838963508606,32.464404299400364
screw,4,scratch,0.0060577392578125,defocus,4,divide_lpres_off,deep,0.8015773296356201,0.8878174892557332,1.5746845555066127,0.1793631616664647,36.242604943301004,36.07503094626744,0.9352846145629883,32.464404299400364
screw,4,scratch,0.0060577392578125,motion,2,identity,classical,0.9175988435745239,0.8951367339730076,1.0,0.0,36.84096511878667,36.790501669682364,0.9623448848724365,36.790501669682364
screw,4,scratch,0.0060577392578125,motion,2,wiener,classical,0.012038461863994598,-0.10052527691391665,0.08411426616668581,-4.509804063581053,22.958760725214077,22.85176815492836,0.7415309548377991,36.790501669682364
screw,4,scratch,0.0060577392578125,motion,2,restormer_deblur,deep,0.9734293818473816,0.9459560773091995,1.2509239548624531,0.32720937266334527,42.6621398839427,42.55406241861321,0.9818882346153259,36.790501669682364
screw,4,scratch,0.0060577392578125,motion,2,divide_lpres_on,deep,0.9924224019050598,0.9664543890007681,1.2535514308295992,-0.13927323936643754,36.33813137570091,36.345289755055106,0.9494875073432922,36.790501669682364
screw,4,scratch,0.0060577392578125,motion,2,divide_lpres_off,deep,0.7679435014724731,0.9237779682528202,0.9175554557450794,0.05121599474822147,38.423298885240214,38.15420065907518,0.962977945804596,36.790501669682364
screw,4,scratch,0.0060577392578125,motion,3,identity,classical,0.4742242097854614,0.08834862882941812,1.0,0.0,32.46864611524094,32.13837460910684,0.9124158024787903,32.13837460910684
screw,4,scratch,0.0060577392578125,motion,3,wiener,classical,0.09688529372215271,-0.28432608430823786,0.546765910263662,-3.0654350945370368,22.200023352993323,22.101072263780818,0.7440549731254578,32.13837460910684
screw,4,scratch,0.0060577392578125,motion,3,restormer_deblur,deep,1.010854959487915,0.9351238244209391,5.855663030893954,0.5329684206097187,42.12823074054377,42.018890430489535,0.977220356464386,32.13837460910684
screw,4,scratch,0.0060577392578125,motion,3,divide_lpres_on,deep,0.9453873038291931,0.9337871705935035,4.860702439201031,-0.02322970158994675,35.95594676867165,35.94289686790552,0.9054154753684998,32.13837460910684
screw,4,scratch,0.0060577392578125,motion,3,divide_lpres_off,deep,0.7928206920623779,0.9069514531528119,2.946928961777949,0.12144291935498941,37.015591098870544,36.80797620378443,0.9284359812736511,32.13837460910684
screw,4,scratch,0.0060577392578125,motion,4,identity,classical,0.42841625213623047,0.10505438369545939,1.0,0.0,31.45206023186524,31.1569469951117,0.8934633135795593,31.1569469951117
screw,4,scratch,0.0060577392578125,motion,4,wiener,classical,0.06403536349534988,0.05132859623194018,0.22592253441031385,-3.232035710623757,20.88484912338773,20.831301654709037,0.7316097617149353,31.1569469951117
screw,4,scratch,0.0060577392578125,motion,4,restormer_deblur,deep,0.9785115122795105,0.9312090054022284,7.320018591040299,0.5841355239070194,41.81023299727731,41.72623282102454,0.9767465591430664,31.1569469951117
screw,4,scratch,0.0060577392578125,motion,4,divide_lpres_on,deep,0.8176447749137878,0.9280288075401567,5.973916531017919,0.042957539233661635,34.40890368834517,34.38046096672481,0.8954527974128723,31.1569469951117
screw,4,scratch,0.0060577392578125,motion,4,divide_lpres_off,deep,0.7284789681434631,0.9086105381560637,3.957785340186535,0.17209248623554474,35.85786032639199,35.66350478846932,0.919064462184906,31.1569469951117
screw,4,scratch,0.0060577392578125,noise,2,identity,classical,0.9058377742767334,0.9168513572142819,1.0,0.0,22.23330207908439,22.2360671380562,0.23308205604553223,22.2360671380562
screw,4,scratch,0.0060577392578125,noise,2,wiener,classical,0.48909276723861694,-0.03291298217777747,0.2266763751744072,-0.25365114680692735,21.163031398208638,21.119498086363386,0.15984953939914703,22.2360671380562
screw,4,scratch,0.0060577392578125,noise,2,restormer_deblur,deep,0.9058377742767334,0.9168513572142819,1.0,0.0,22.23330207908439,22.2360671380562,0.23308205604553223,22.2360671380562
screw,4,scratch,0.0060577392578125,noise,2,divide_lpres_on,deep,0.8894741535186768,0.9241747955608072,1.1707005500313261,0.145289691591453,26.233843467627104,26.23274161458575,0.394082635641098,22.2360671380562
screw,4,scratch,0.0060577392578125,noise,2,divide_lpres_off,deep,0.6198675036430359,0.8004034577565344,1.4121134694254076,0.6148844143488676,33.89036847144502,33.62317033450251,0.8262457251548767,22.2360671380562
screw,4,scratch,0.0060577392578125,noise,3,identity,classical,0.8371158838272095,0.8411632453165244,1.0,0.0,19.78696315115194,19.79343274901513,0.16642923653125763,19.79343274901513
screw,4,scratch,0.0060577392578125,noise,3,wiener,classical,0.4429451525211334,-0.02697888017596691,0.2735115123474249,-0.16167156637636504,19.182530494482243,19.158369476464088,0.10824579745531082,19.79343274901513
screw,4,scratch,0.0060577392578125,noise,3,restormer_deblur,deep,0.8371158838272095,0.8411632453165244,1.0,0.0,19.78696315115194,19.79343274901513,0.16642923653125763,19.79343274901513
screw,4,scratch,0.0060577392578125,noise,3,divide_lpres_on,deep,0.8247899413108826,0.8738049795440436,1.1775735051851195,0.16175807145018073,23.835398378105616,23.83981569517133,0.29241013526916504,19.79343274901513
screw,4,scratch,0.0060577392578125,noise,3,divide_lpres_off,deep,0.5921409726142883,0.7631534054931467,1.6367666174289761,0.6151967154688895,31.37096649415723,31.23933882559578,0.7167239189147949,19.79343274901513
screw,4,scratch,0.0060577392578125,noise,4,identity,classical,0.7834598422050476,0.7466854233753277,1.0,0.0,17.855493031581336,17.862297605535954,0.12329282611608505,17.862297605535954
screw,4,scratch,0.0060577392578125,noise,4,wiener,classical,0.42858368158340454,-0.002077337214116644,0.22202844692549378,-0.11164704872509756,17.488200006819888,17.470339732480042,0.07598289847373962,17.862297605535954
screw,4,scratch,0.0060577392578125,noise,4,restormer_deblur,deep,0.7834598422050476,0.7466854233753277,1.0,0.0,17.855493031581336,17.862297605535954,0.12329282611608505,17.862297605535954
screw,4,scratch,0.0060577392578125,noise,4,divide_lpres_on,deep,0.7746254205703735,0.8042661339583352,1.2003256431668847,0.16765674244517026,21.854568579438446,21.85636209165601,0.2235405594110489,17.862297605535954
screw,4,scratch,0.0060577392578125,noise,4,divide_lpres_off,deep,0.5216736793518066,0.6558680766027265,1.3431005333492443,0.5853168398634614,28.730850018483295,28.592591138004128,0.581953763961792,17.862297605535954
screw,4,scratch,0.0060577392578125,mixed,2,identity,classical,0.6112034320831299,0.9130188853006079,1.0,0.0,11.421176139468463,11.401379882944225,0.8620357513427734,11.401379882944225
screw,4,scratch,0.0060577392578125,mixed,2,wiener,classical,0.3569493293762207,-0.06409611151591972,0.1266783651157993,-0.018966666058160886,11.22708511925225,11.19603607491959,0.7698861956596375,11.401379882944225
screw,4,scratch,0.0060577392578125,mixed,2,restormer_deblur,deep,0.6112034320831299,0.9130188853006079,1.0,0.0,11.421176139468463,11.401379882944225,0.8620357513427734,11.401379882944225
screw,4,scratch,0.0060577392578125,mixed,2,divide_lpres_on,deep,0.6345837712287903,0.9141996615257998,1.0115551591023704,0.042112739370926855,11.77220441481662,11.752376447537786,0.8723762631416321,11.401379882944225
screw,4,scratch,0.0060577392578125,mixed,2,divide_lpres_off,deep,0.3950054347515106,0.3053005697222567,0.01916629001040341,0.6271547376731959,18.42227428322125,18.30125762960052,0.8475701212882996,11.401379882944225
screw,4,scratch,0.0060577392578125,mixed,3,identity,classical,0.751986026763916,0.7764695977786089,1.0,0.0,34.96740329288749,34.7862232955388,0.9383437633514404,34.7862232955388
screw,4,scratch,0.0060577392578125,mixed,3,wiener,classical,0.051349930465221405,0.08792205347328294,0.006804688666819984,-4.225213197025102,21.5228171883911,21.452718499802778,0.739589512348175,34.7862232955388
screw,4,scratch,0.0060577392578125,mixed,3,restormer_deblur,deep,0.7304452657699585,0.5379027859229542,0.9488915499268434,-1.2759804704565059,31.76943454389864,31.71036814317108,0.9375303387641907,34.7862232955388
screw,4,scratch,0.0060577392578125,mixed,3,divide_lpres_on,deep,1.0090081691741943,0.7637523894230569,1.1811219182735326,-0.7930554486527135,32.12636686662912,32.106412939530195,0.8185315728187561,34.7862232955388
screw,4,scratch,0.0060577392578125,mixed,3,divide_lpres_off,deep,0.834633469581604,0.7846649443262045,1.0424576095332125,-0.2524896545834925,34.330544273742504,34.23624398904093,0.9066882729530334,34.7862232955388
screw,4,scratch,0.0060577392578125,mixed,4,identity,classical,0.2568179666996002,0.45819260360824504,1.0,0.0,6.867267403075967,6.853010155397415,0.08073529601097107,6.853010155397415
screw,4,scratch,0.0060577392578125,mixed,4,wiener,classical,0.5464173555374146,-0.04279049795551159,0.0961219462209179,0.005814550777582861,6.381279220606556,6.3638419841443845,0.020289329811930656,6.853010155397415
screw,4,scratch,0.0060577392578125,mixed,4,restormer_deblur,deep,0.24530543386936188,0.4350356535782938,1.3092165361000279,0.04312233411618149,7.293546550660873,7.278769771077722,0.13646872341632843,6.853010155397415
screw,4,scratch,0.0060577392578125,mixed,4,divide_lpres_on,deep,0.8373547196388245,0.09685365997613204,1.1438241724120308,0.07317901682221994,6.609906453771758,6.59866102026818,0.02362825721502304,6.853010155397415
screw,4,scratch,0.0060577392578125,mixed,4,divide_lpres_off,deep,0.6296206712722778,0.11509085582250045,0.9526313452607655,0.19186108964604398,8.144176946733474,8.129109007185551,0.047635454684495926,6.853010155397415
screw,5,blob,0.017852783203125,defocus,2,identity,classical,0.9939330816268921,0.9998741471009328,1.0,0.0,38.496381565564064,38.3271981533215,0.9660932421684265,38.3271981533215
screw,5,blob,0.017852783203125,defocus,2,wiener,classical,0.7419686317443848,0.3628110879326819,0.550105321219859,-6.821761688621381,20.534090631410006,20.503610319690267,0.7562601566314697,38.3271981533215
screw,5,blob,0.017852783203125,defocus,2,restormer_deblur,deep,0.9468445777893066,0.9411893868288733,0.9938146245723654,-1.715064514234459,34.57587266215733,34.515798514151356,0.9728970527648926,38.3271981533215
screw,5,blob,0.017852783203125,defocus,2,divide_lpres_on,deep,0.9950804710388184,0.97383176118631,1.037268831865827,0.03833216536037165,37.959538184430144,37.98626955286068,0.9691135883331299,38.3271981533215
screw,5,blob,0.017852783203125,defocus,2,divide_lpres_off,deep,0.9477764964103699,0.9252981018280649,0.9712169115286413,0.1556399564216424,39.89498764218302,39.831014383630595,0.9757040143013,38.3271981533215
screw,5,blob,0.017852783203125,defocus,3,identity,classical,0.9877846240997314,0.9994983157512048,1.0,0.0,36.06318700410305,35.87748796178014,0.9491135478019714,35.87748796178014
screw,5,blob,0.017852783203125,defocus,3,wiener,classical,0.6438031196594238,0.24292960769676186,0.43597857652478567,-6.100511149863871,19.649287570701684,19.614398328782638,0.7528724670410156,35.87748796178014
screw,5,blob,0.017852783203125,defocus,3,restormer_deblur,deep,1.0758949518203735,0.8972592200951444,1.1147709943674622,-1.4105015430057364,32.807315998597126,32.73618836193317,0.954589307308197,35.87748796178014
screw,5,blob,0.017852783203125,defocus,3,divide_lpres_on,deep,0.9953076243400574,0.9455163816419103,1.0549635172930993,-0.01274052812851778,35.713359318904125,35.71863974204127,0.9427270889282227,35.87748796178014
screw,5,blob,0.017852783203125,defocus,3,divide_lpres_off,deep,0.942541778087616,0.8621395552066137,0.9711348959769867,0.1591208664710264,38.19209790925841,38.091246851611515,0.9605920314788818,35.87748796178014
screw,5,blob,0.017852783203125,defocus,4,identity,classical,0.9743725657463074,0.9978674267446743,1.0,0.0,33.86264304629517,33.668286038290624,0.9287921786308289,33.668286038290624
screw,5,blob,0.017852783203125,defocus,4,wiener,classical,0.44822606444358826,0.031426017428806866,0.5446946227408493,-6.144602316349905,18.13877259782776,18.101858407413648,0.7357341647148132,33.668286038290624
screw,5,blob,0.017852783203125,defocus,4,restormer_deblur,deep,1.0965373516082764,0.6651406009514734,1.087523497821651,-0.8156084242613983,32.15929579017191,31.99459205343871,0.9362072348594666,33.668286038290624
screw,5,blob,0.017852783203125,defocus,4,divide_lpres_on,deep,0.9965639710426331,0.8962177626008506,1.225390367262169,-0.14008394353565579,33.58314339870378,33.57800680428283,0.8981735110282898,33.668286038290624
screw,5,blob,0.017852783203125,defocus,4,divide_lpres_off,deep,0.9433946013450623,0.783153880549469,1.1397686495227999,0.06216298026856182,35.751440903403754,35.66699364574704,0.9244223237037659,33.668286038290624
screw,5,blob,0.017852783203125,motion,2,identity,classical,0.9891591668128967,0.9996363769627409,1.0,0.0,37.405775989516684,37.096824490911146,0.9617330431938171,37.096824490911146
screw,5,blob,0.017852783203125,motion,2,wiener,classical,0.8349235653877258,0.4989501474109773,0.35361034710858896,-5.028156354872744,21.848044090459933,21.804378354809653,0.7704142928123474,37.096824490911146
screw,5,blob,0.017852783203125,motion,2,restormer_deblur,deep,1.0004454851150513,0.9983588842900009,1.0416790528808773,0.3217235941950276,42.71779073206247,42.64910328026293,0.979415237903595,37.096824490911146
screw,5,blob,0.017852783203125,motion,2,divide_lpres_on,deep,0.9950513243675232,0.9990870375010138,1.0533490984175105,-0.023432093307304225,36.95209619906653,36.96405248504091,0.9471554160118103,37.096824490911146
screw,5,blob,0.017852783203125,motion,2,divide_lpres_off,deep,0.949380099773407,0.9009242019534889,0.9884645290069515,0.1158311959620022,39.31757413671305,39.2341587545827,0.961730420589447,37.096824490911146
screw,5,blob,0.017852783203125,motion,3,identity,classical,0.9741054177284241,0.9979589518822265,1.0,0.0,34.14437320728641,33.85871020329502,0.9386168122291565,33.85871020329502
screw,5,blob,0.017852783203125,motion,3,wiener,classical,0.6444218754768372,0.2431980984231792,0.5003071015357573,-4.960982568839125,19.617426838661324,19.581866901190008,0.7404768466949463,33.85871020329502
screw,5,blob,0.017852783203125,motion,3,restormer_deblur,deep,0.9985508322715759,0.9985774447542459,1.1130811343710107,0.4447239301938358,41.69414978996364,41.644164778405674,0.9740063548088074,33.85871020329502
screw,5,blob,0.017852783203125,motion,3,divide_lpres_on,deep,0.9972480535507202,0.9921264871979825,1.1812554163354,-0.3051694305576218,33.6220962853442,33.62082668853227,0.8875656723976135,33.85871020329502
screw,5,blob,0.017852783203125,motion,3,divide_lpres_off,deep,0.9473797678947449,0.7910323538544636,1.0985638990552615,-0.056962478065840205,35.57384844972558,35.51481717632881,0.917347252368927,33.85871020329502
screw,5,blob,0.017852783203125,motion,4,identity,classical,0.9669287204742432,0.9894784647038738,1.0,0.0,32.790802075756595,32.64913997603197,0.9230718016624451,32.64913997603197
screw,5,blob,0.017852783203125,motion,4,wiener,classical,0.9381694793701172,0.8743842221769471,0.5939670105740451,-0.8496229952070993,28.916652288767636,28.78704052350431,0.8930781483650208,32.64913997603197
screw,5,blob,0.017852783203125,motion,4,restormer_deblur,deep,0.9669287204742432,0.9894784647038738,1.0,0.0,32.790802075756595,32.64913997603197,0.9230718016624451,32.64913997603197
screw,5,blob,0.017852783203125,motion,4,divide_lpres_on,deep,0.9489509463310242,0.9904223941529104,0.9954792416760754,-0.12174944941341459,32.51505558414876,32.373253332934844,0.9221605658531189,32.64913997603197
screw,5,blob,0.017852783203125,motion,4,divide_lpres_off,deep,0.8487344980239868,0.38343743203501574,0.684206905193458,-0.03076167283301623,32.62422901836886,32.32691036511914,0.9200772643089294,32.64913997603197
screw,5,blob,0.017852783203125,noise,2,identity,classical,0.9986411333084106,0.991416473566303,1.0,0.0,22.151208587998518,22.159827979684984,0.23133151233196259,22.159827979684984
screw,5,blob,0.017852783203125,noise,2,wiener,classical,0.9691007137298584,0.8659041005256098,0.6065677903092199,-0.24534231320103217,21.20478254263743,21.175491587623924,0.17708660662174225,22.159827979684984
screw,5,blob,0.017852783203125,noise,2,restormer_deblur,deep,0.9986411333084106,0.991416473566303,1.0,0.0,22.151208587998518,22.159827979684984,0.23133151233196259,22.159827979684984
screw,5,blob,0.017852783203125,noise,2,divide_lpres_on,deep,0.9630496501922607,0.9939228653497487,0.994748517187399,0.15584290612933327,26.243231166176248,26.247428465802987,0.3949347734451294,22.159827979684984
screw,5,blob,0.017852783203125,noise,2,divide_lpres_off,deep,0.8609926700592041,0.432144644279432,0.8290978276761598,0.6208423458612118,33.76512611530825,33.6164201719305,0.8320714831352234,22.159827979684984
screw,5,blob,0.017852783203125,noise,3,identity,classical,0.9912397265434265,0.9803642158323052,1.0,0.0,19.812682236808747,19.816058911337898,0.16658274829387665,19.816058911337898
screw,5,blob,0.017852783203125,noise,3,wiener,classical,0.9620372653007507,0.858196589239864,0.6538425693772617,-0.15686839219300408,19.26437820033719,19.242325644023232,0.12375900149345398,19.816058911337898
screw,5,blob,0.017852783203125,noise,3,restormer_deblur,deep,0.9912397265434265,0.9803642158323052,1.0,0.0,19.812682236808747,19.816058911337898,0.16658274829387665,19.816058911337898
screw,5,blob,0.017852783203125,noise,3,divide_lpres_on,deep,0.9491337537765503,0.9859641045521634,0.9864753084573689,0.16590019453435423,23.885176656803857,23.885576420599733,0.2940683364868164,19.816058911337898
screw,5,blob,0.017852783203125,noise,3,divide_lpres_off,deep,0.8432186245918274,0.49636941155413733,0.8641887491796069,0.6142684019060075,31.192939769934533,31.106490340190046,0.7286515235900879,19.816058911337898
screw,5,blob,0.017852783203125,noise,4,identity,classical,0.9736585021018982,0.9489521700267443,1.0,0.0,17.99836830706562,17.999590438432264,0.12569928169250488,17.999590438432264
screw,5,blob,0.017852783203125,noise,4,wiener,classical,0.9444227814674377,0.830920223801812,0.719668725240029,-0.11916886965034323,17.62764842140101,17.613201989123187,0.0899147167801857,17.999590438432264
screw,5,blob,0.017852783203125,noise,4,restormer_deblur,deep,0.9736585021018982,0.9489521700267443,1.0,0.0,17.99836830706562,17.999590438432264,0.12569928169250488,17.999590438432264
screw,5,blob,0.017852783203125,noise,4,divide_lpres_on,deep,0.9265029430389404,0.9559459661149864,1.0270308626280007,0.16356648848686373,21.999006438671852,21.999221142915037,0.22874891757965088,17.999590438432264
screw,5,blob,0.017852783203125,noise,4,divide_lpres_off,deep,0.8218864798545837,0.5862212384375369,1.0424569963794377,0.5686140666387917,28.632242792402245,28.592573952963356,0.6139702200889587,17.999590438432264
screw,5,blob,0.017852783203125,mixed,2,identity,classical,0.9861814379692078,0.7186367145916468,1.0,0.0,24.865653125914218,24.868040005926673,0.3208009898662567,24.868040005926673
screw,5,blob,0.017852783203125,mixed,2,wiener,classical,0.9587766528129578,0.671270012300252,0.6542101023853265,-0.12838048091979126,23.684608896417604,23.65320426605958,0.2901553213596344,24.868040005926673
screw,5,blob,0.017852783203125,mixed,2,restormer_deblur,deep,0.9861814379692078,0.7186367145916468,1.0,0.0,24.865653125914218,24.868040005926673,0.3208009898662567,24.868040005926673
screw,5,blob,0.017852783203125,mixed,2,divide_lpres_on,deep,0.948296844959259,0.7872025961128767,1.0150929258912804,0.16659922229983515,26.33248676231709,26.325172367979434,0.3890458643436432,24.868040005926673
screw,5,blob,0.017852783203125,mixed,2,divide_lpres_off,deep,0.8774689435958862,0.5134469458651775,0.8298266346942244,0.63931667506076,32.329814619112895,32.17242211126971,0.8099122047424316,24.868040005926673
screw,5,blob,0.017852783203125,mixed,3,identity,classical,0.9676710963249207,0.9539584388983828,1.0,0.0,33.73771411533726,33.49740777386887,0.926280677318573,33.49740777386887
screw,5,blob,0.017852783203125,mixed,3,wiener,classical,0.9388646483421326,0.8461439937206687,0.6575795237761535,-0.956879649897763,28.734955784276185,28.657877743836476,0.8888340592384338,33.49740777386887
screw,5,blob,0.017852783203125,mixed,3,restormer_deblur,deep,0.9676710963249207,0.9539584388983828,1.0,0.0,33.73771411533726,33.49740777386887,0.926280677318573,33.49740777386887
screw,5,blob,0.017852783203125,mixed,3,divide_lpres_on,deep,0.9501916766166687,0.9491838274654627,0.9909872088597191,-0.03539444316674789,33.61634082408119,33.37695003453319,0.9253737330436707,33.49740777386887
screw,5,blob,0.017852783203125,mixed,3,divide_lpres_off,deep,0.8020777702331543,0.18812700690481823,0.5982594718122568,0.02493229269948416,33.66381761155743,33.262512944461484,0.9277787208557129,33.49740777386887
screw,5,blob,0.017852783203125,mixed,4,identity,classical,0.9488581418991089,0.9490254755221303,1.0,0.0,17.885875750032557,17.880582660285953,0.09781990200281143,17.880582660285953
screw,5,blob,0.017852783203125,mixed,4,wiener,classical,0.22524002194404602,-0.14432940380717416,0.2937260071835893,-1.4116825646225366,11.61362889786323,11.603923550394398,0.019069552421569824,17.880582660285953
screw,5,blob,0.017852783203125,mixed,4,restormer_deblur,deep,0.921703040599823,0.943996150630782,0.9520794377305388,0.14407478592319323,20.377568099683362,20.356648053283738,0.15244060754776,17.880582660285953
screw,5,blob,0.017852783203125,mixed,4,divide_lpres_on,deep,0.7511846423149109,0.5266206320203475,1.0341736439184674,-0.9804001435404222,12.411283639072622,12.40113128596547,0.03724518045783043,17.880582660285953
screw,5,blob,0.017852783203125,mixed,4,divide_lpres_off,deep,0.7084196209907532,0.1668853131513419,0.46061063628393867,-1.6637669111557742,13.2191646817435,13.226577897392959,0.05637117102742195,17.880582660285953
screw,6,texture,0.0126495361328125,defocus,2,identity,classical,0.6593921184539795,0.8079573437969781,1.0,0.0,38.828587601869444,38.383667827478305,0.964724600315094,38.383667827478305
screw,6,texture,0.0126495361328125,defocus,2,wiener,classical,0.5404216051101685,-0.23606248721251413,0.02882339054053211,-5.7929604710388,22.21941311523581,22.222634225916515,0.7591955065727234,38.383667827478305
screw,6,texture,0.0126495361328125,defocus,2,restormer_deblur,deep,0.7985552549362183,0.8707765350214797,1.2151234173726566,-1.8107090983697316,34.95413137727178,34.8248772409858,0.9740174412727356,38.383667827478305
screw,6,texture,0.0126495361328125,defocus,2,divide_lpres_on,deep,0.9001767039299011,0.9498246435290831,1.0844985616733263,0.1551707124852637,39.32916441422511,39.225191972733654,0.9774203300476074,38.383667827478305
screw,6,texture,0.0126495361328125,defocus,2,divide_lpres_off,deep,0.7780646681785583,0.8766030098153582,1.0180838535090804,0.21125376954791475,40.82146904111342,40.35729206130496,0.9765203595161438,38.383667827478305
screw,6,texture,0.0126495361328125,defocus,3,identity,classical,0.5488830208778381,0.7197004303365919,1.0,0.0,36.30757285718716,35.96728119724482,0.9469764828681946,35.96728119724482
screw,6,texture,0.0126495361328125,defocus,3,wiener,classical,0.50881028175354,-0.2036577895904965,0.01741999098397335,-3.5677172432835897,23.59122676626057,23.583578265926597,0.7747630476951599,35.96728119724482
screw,6,texture,0.0126495361328125,defocus,3,restormer_deblur,deep,0.67331862449646,0.6158023194262693,0.6549504616670899,-0.3992413191784725,33.114044844016945,32.939570084152734,0.9385755062103271,35.96728119724482
screw,6,texture,0.0126495361328125,defocus,3,divide_lpres_on,deep,0.8124014139175415,0.7438837583352756,0.6806128385353352,-0.3125018441322065,34.784086542282616,34.59957551131111,0.9212622046470642,35.96728119724482
screw,6,texture,0.0126495361328125,defocus,3,divide_lpres_off,deep,0.7224560379981995,0.7450881145508305,0.7933433052259975,-0.09142849927387897,36.26647239760781,35.987027487744506,0.9395080208778381,35.96728119724482
screw,6,texture,0.0126495361328125,defocus,4,identity,classical,0.4182664155960083,0.6013939474607265,1.0,0.0,34.04672165496102,33.7868880468477,0.9245462417602539,33.7868880468477
screw,6,texture,0.0126495361328125,defocus,4,wiener,classical,0.2917765974998474,-0.018445833373884453,0.142114682008431,-4.787130692451366,20.07418138628978,20.10673413536604,0.7446772456169128,33.7868880468477
screw,6,texture,0.0126495361328125,defocus,4,restormer_deblur,deep,0.7451989054679871,0.6813543126238674,1.49951089026656,-1.348918366818487,31.239215077087486,31.121676502684057,0.939537763595581,33.7868880468477
screw,6,texture,0.0126495361328125,defocus,4,divide_lpres_on,deep,0.775615930557251,0.8672852904522791,1.4027438548385913,0.0650854931488497,35.15008317152065,35.04833121871274,0.9327688217163086,33.7868880468477
screw,6,texture,0.0126495361328125,defocus,4,divide_lpres_off,deep,0.6866180300712585,0.7873025592853276,1.3378337346189373,0.17010973487774328,36.866515661166225,36.57455130706546,0.9403915405273438,33.7868880468477
screw,6,texture,0.0126495361328125,motion,2,identity,classical,0.6064284443855286,0.7446851343208463,1.0,0.0,37.335825967484865,36.9406013833638,0.9575493335723877,36.9406013833638
screw,6,texture,0.0126495361328125,motion,2,wiener,classical,0.6546469926834106,-0.15972415608016122,0.019294116445327757,-4.138567228812657,23.41528313500803,23.400318183099706,0.7673757672309875,36.9406013833638
screw,6,texture,0.0126495361328125,motion,2,restormer_deblur,deep,0.8416627645492554,0.9107388242867253,1.8234041417138291,0.3033886064473821,42.07646746638646,41.64554231822099,0.9779922366142273,36.9406013833638
screw,6,texture,0.0126495361328125,motion,2,divide_lpres_on,deep,1.0002038478851318,0.9144989194453338,0.9634812039295415,-0.10929082703329351,37.723531619425714,37.599074696600326,0.9532908797264099,36.9406013833638
screw,6,texture,0.0126495361328125,motion,2,divide_lpres_off,deep,0.8297248482704163,0.8646434594842703,1.0867899803384455,0.09543994116747923,39.368050194611826,39.02509285562416,0.9661703109741211,36.9406013833638
screw,6,texture,0.0126495361328125,motion,3,identity,classical,0.5377605557441711,0.686063163769793,1.0,0.0,34.890740264038264,34.63749353301795,0.9374394416809082,34.63749353301795
screw,6,texture,0.0126495361328125,motion,3,wiener,classical,0.480571448802948,-0.015592896469697737,0.19875806441850874,-4.5508588657139315,21.182583928908265,21.20423385095675,0.7278997302055359,34.63749353301795
screw,6,texture,0.0126495361328125,motion,3,restormer_deblur,deep,0.8427761197090149,0.894245720901652,2.131846377262123,0.412457684168817,41.94607211630468,41.459297634348786,0.9753003120422363,34.63749353301795
screw,6,texture,0.0126495361328125,motion,3,divide_lpres_on,deep,0.9211646318435669,0.9086791515679539,1.2783775650030862,-0.13890923583165193,34.66354784475277,34.625178263691005,0.9231817126274109,34.63749353301795
screw,6,texture,0.0126495361328125,motion,3,divide_lpres_off,deep,0.786418080329895,0.8492772769616254,1.3085149468046817,-0.020976631801187473,35.85648917759511,35.71156403341933,0.9338842034339905,34.63749353301795
screw,6,texture,0.0126495361328125,motion,4,identity,classical,0.43821603059768677,0.6087429887516944,1.0,0.0,33.304739478332834,33.10156523114668,0.9213011264801025,33.10156523114668
screw,6,texture,0.0126495361328125,motion,4,wiener,classical,0.33168089389801025,-0.017001878842425867,0.32073137962757736,-4.477768665519997,20.052552641847868,20.085010301129994,0.728466808795929,33.10156523114668
screw,6,texture,0.0126495361328125,motion,4,restormer_deblur,deep,0.8441128730773926,0.8906665210345523,2.735403153631434,0.47300572149372233,41.378941356451136,40.93571568635057,0.972191572189331,33.10156523114668
screw,6,texture,0.0126495361328125,motion,4,divide_lpres_on,deep,0.8301379680633545,0.9006283072037684,1.503241699646852,-0.06827200506098863,33.9761647078548,33.941764289351525,0.910418689250946,33.10156523114668
screw,6,texture,0.0126495361328125,motion,4,divide_lpres_off,deep,0.7104505300521851,0.8276230436587683,1.6070775337828485,0.05107022025491459,35.2064574339949,35.06200083190224,0.9231989979743958,33.10156523114668
screw,6,texture,0.0126495361328125,noise,2,identity,classical,0.9936903119087219,0.999108618131105,1.0,0.0,22.251027527245707,22.2457850181436,0.232550248503685,22.2457850181436
screw,6,texture,0.0126495361328125,noise,2,wiener,classical,0.891390323638916,0.25121844468081717,0.5556387288109764,-0.20213544309774312,21.444798784653372,21.4160279057254,0.17459100484848022,22.2457850181436
screw,6,texture,0.0126495361328125,noise,2,restormer_deblur,deep,0.9936903119087219,0.999108618131105,1.0,0.0,22.251027527245707,22.2457850181436,0.232550248503685,22.2457850181436
screw,6,texture,0.0126495361328125,noise,2,divide_lpres_on,deep,0.9776581525802612,0.9876149979947407,1.324528337568542,0.14881317244380432,26.266409906039925,26.263671432911075,0.3947639465332031,22.2457850181436
screw,6,texture,0.0126495361328125,noise,2,divide_lpres_off,deep,0.7419535517692566,0.8613830197203602,3.16345608895348,0.607688925523439,33.66772131453243,33.55924518095125,0.8239893317222595,22.2457850181436
screw,6,texture,0.0126495361328125,noise,3,identity,classical,0.960801362991333,0.9960998779348093,1.0,0.0,19.835450062382023,19.831804191410612,0.16527944803237915,19.831804191410612
screw,6,texture,0.0126495361328125,noise,3,wiener,classical,0.8634029030799866,0.2452473853138698,0.3361839342463829,-0.13342510020281018,19.38069858539129,19.363393060886875,0.11953079700469971,19.831804191410612
screw,6,texture,0.0126495361328125,noise,3,restormer_deblur,deep,0.960801362991333,0.9960998779348093,1.0,0.0,19.835450062382023,19.831804191410612,0.16527944803237915,19.831804191410612
screw,6,texture,0.0126495361328125,noise,3,divide_lpres_on,deep,0.9436044096946716,0.9852588232619471,1.4784919848117097,0.16118801321332998,23.89463340403999,23.893092690999858,0.2930160164833069,19.831804191410612
screw,6,texture,0.0126495361328125,noise,3,divide_lpres_off,deep,0.7670780420303345,0.8515001732646176,4.003598547157935,0.6002494856197824,30.947061856682897,30.904639822309917,0.7154111266136169,19.831804191410612
screw,6,texture,0.0126495361328125,noise,4,identity,classical,0.9205042719841003,0.9905684933850891,1.0,0.0,17.92840612636759,17.926499723483094,0.12140195816755295,17.926499723483094
screw,6,texture,0.0126495361328125,noise,4,wiener,classical,0.8240246176719666,0.2469559160617882,0.44110130711173545,-0.09010591208735952,17.657295617549153,17.645606715962167,0.08602427691221237,17.926499723483094
screw,6,texture,0.0126495361328125,noise,4,restormer_deblur,deep,0.9205042719841003,0.9905684933850891,1.0,0.0,17.92840612636759,17.926499723483094,0.12140195816755295,17.926499723483094
screw,6,texture,0.0126495361328125,noise,4,divide_lpres_on,deep,0.9059447050094604,0.9819198836689699,1.4024681317111498,0.16596245538652332,21.92809852503759,21.925460312846536,0.2218431681394577,17.926499723483094
screw,6,texture,0.0126495361328125,noise,4,divide_lpres_off,deep,0.786462664604187,0.8307647650909281,4.451001833289683,0.5745082607044949,28.578348711244278,28.547256323541568,0.5834357738494873,17.926499723483094
screw,6,texture,0.0126495361328125,mixed,2,identity,classical,0.00021836371161043644,0.08727155646083823,1.0,0.0,12.949984745262347,12.952334362937599,0.8870843052864075,12.952334362937599
screw,6,texture,0.0126495361328125,mixed,2,wiener,classical,1.468642585678026e-05,-0.027167974463720934,1.8016408842809774e-05,0.02079536971704965,12.82011146968854,12.828329348907243,0.7586989402770996,12.952334362937599
screw,6,texture,0.0126495361328125,mixed,2,restormer_deblur,deep,0.00021491319057531655,0.08902556628956267,0.9877300301313566,-0.0003842207701458822,12.944197680252776,12.94661750647079,0.8945345282554626,12.952334362937599
screw,6,texture,0.0126495361328125,mixed,2,divide_lpres_on,deep,0.0019134930334985256,0.17019861162417357,4.7864884217582184e-05,0.0070900866814601615,12.976780730854623,12.979282075356943,0.8613438010215759,12.952334362937599
screw,6,texture,0.0126495361328125,mixed,2,divide_lpres_off,deep,0.0017346832901239395,-0.056774914753154826,7.56475448241858e-05,0.23467606085086223,15.10617796970678,15.114892092300579,0.8724297881126404,12.952334362937599
screw,6,texture,0.0126495361328125,mixed,3,identity,classical,0.5193675756454468,0.6406813686276471,1.0,0.0,34.17722479771506,33.94133263261146,0.9307763576507568,33.94133263261146
screw,6,texture,0.0126495361328125,mixed,3,wiener,classical,0.4035923182964325,-0.019448124719101106,0.226474612656583,-4.1665545677810165,21.17740176111528,21.20021285083635,0.7260730266571045,33.94133263261146
screw,6,texture,0.0126495361328125,mixed,3,restormer_deblur,deep,0.8342189788818359,0.9002623288209239,2.5379268076957726,0.46835021338346294,42.415776974155214,41.89706557489841,0.9763277173042297,33.94133263261146
screw,6,texture,0.0126495361328125,mixed,3,divide_lpres_on,deep,0.8733363151550293,0.9169775815333646,1.3315232866370879,-0.05029941681851069,34.91181747397002,34.87371150782061,0.9276154637336731,33.94133263261146
screw,6,texture,0.0126495361328125,mixed,3,divide_lpres_off,deep,0.7372851967811584,0.845416383755412,1.3371961636874055,0.08571304246211708,36.49388540882562,36.3053567626078,0.9378288388252258,33.94133263261146
screw,6,texture,0.0126495361328125,mixed,4,identity,classical,0.4232514500617981,0.5758210656218031,1.0,0.0,17.804175093519014,17.795352560073237,0.0932202935218811,17.795352560073237
screw,6,texture,0.0126495361328125,mixed,4,wiener,classical,0.3982088565826416,0.43283657547168036,0.4883794521219475,-0.03249349713012406,17.739989701335702,17.732616551199698,0.08739785104990005,17.795352560073237
screw,6,texture,0.0126495361328125,mixed,4,restormer_deblur,deep,0.4232514500617981,0.5758210656218031,1.0,0.0,17.804175093519014,17.795352560073237,0.0932202935218811,17.795352560073237
screw,6,texture,0.0126495361328125,mixed,4,divide_lpres_on,deep,0.42379048466682434,0.5769496519452817,1.2032069188448145,0.15606231815384453,21.62456493523009,21.608127288046028,0.18372279405593872,17.795352560073237
screw,6,texture,0.0126495361328125,mixed,4,divide_lpres_off,deep,0.44440707564353943,0.4756286337665499,7.512558558913378,0.5431438608440916,27.31071599582039,27.26552838133916,0.5362996459007263,17.795352560073237
screw,7,scratch,0.01239013671875,defocus,2,identity,classical,0.8761351108551025,0.8703009979503071,1.0,0.0,37.87713527233396,36.99234200781773,0.9654856324195862,36.99234200781773
screw,7,scratch,0.01239013671875,defocus,2,wiener,classical,0.014654573053121567,-0.04329359463801095,0.08247481673069701,-4.172588482491921,23.420913147956675,22.579533242188926,0.7852579951286316,36.99234200781773
screw,7,scratch,0.01239013671875,defocus,2,restormer_deblur,deep,0.86171555519104,0.8973416013498304,1.0523146943714163,-1.8931705233881,34.20355247989312,33.957975548680594,0.9748480319976807,36.99234200781773
screw,7,scratch,0.01239013671875,defocus,2,divide_lpres_on,deep,0.9741044640541077,0.9769955425238356,1.1879820368175236,0.11977286418672095,39.24859966822368,39.13219129836905,0.9742543697357178,36.99234200781773
screw,7,scratch,0.01239013671875,defocus,2,divide_lpres_off,deep,0.7364250421524048,0.8789841773807227,0.8544926403740217,0.21076954096336165,40.53209230832964,37.47812624953999,0.9755892157554626,36.99234200781773
screw,7,scratch,0.01239013671875,defocus,3,identity,classical,0.8047217130661011,0.8402321999742265,1.0,0.0,35.297154834991645,34.445560451361686,0.9458070397377014,34.445560451361686
screw,7,scratch,0.01239013671875,defocus,3,wiener,classical,0.013399574905633926,-0.146537981010365,0.05294571210880401,-3.435904388392223,22.812959879914835,22.079184793451205,0.7765713334083557,34.445560451361686
screw,7,scratch,0.01239013671875,defocus,3,restormer_deblur,deep,0.7837574481964111,0.7149270834288468,1.0148522367577004,-1.8116417584018523,31.589784055478418,31.155083130299097,0.9519959092140198,34.445560451361686
screw,7,scratch,0.01239013671875,defocus,3,divide_lpres_on,deep,0.9547608494758606,0.9518476555688704,1.3525410650626228,0.09049989956513227,36.89317349349192,36.68826417586406,0.9516476988792419,34.445560451361686
screw,7,scratch,0.01239013671875,defocus,3,divide_lpres_off,deep,0.7363102436065674,0.8675721520373108,0.9715169185253734,0.21221741395637195,38.49280987488722,36.285809526320776,0.9608799815177917,34.445560451361686
screw,7,scratch,0.01239013671875,defocus,4,identity,classical,0.6921198964118958,0.8616949840266929,1.0,0.0,33.037334450852704,32.074870641789275,0.9208223223686218,32.074870641789275
screw,7,scratch,0.01239013671875,defocus,4,wiener,classical,0.02118314988911152,-0.2029134283328671,0.22622879159222595,-3.1954702421694128,21.839850109221544,21.109878699053635,0.7565717697143555,32.074870641789275
screw,7,scratch,0.01239013671875,defocus,4,restormer_deblur,deep,0.7705382704734802,0.8228480326690576,1.2470022707519912,-1.2096168479669496,30.735600292283365,30.449233815538726,0.9332160949707031,32.074870641789275
screw,7,scratch,0.01239013671875,defocus,4,divide_lpres_on,deep,0.9380853176116943,0.927401488317449,1.730994910297486,-0.016532164823291673,34.515241873275556,34.3673547385369,0.9135741591453552,32.074870641789275
screw,7,scratch,0.01239013671875,defocus,4,divide_lpres_off,deep,0.7437579035758972,0.8314943365280851,1.192288757104488,0.08387971117220605,35.44440654544421,34.205121909989344,0.9238700270652771,32.074870641789275
screw,7,scratch,0.01239013671875,motion,2,identity,classical,0.9600675106048584,0.9529384421617754,1.0,0.0,37.48024980667075,37.223149158887225,0.9642329216003418,37.223149158887225
screw,7,scratch,0.01239013671875,motion,2,wiener,classical,0.19296720623970032,0.4411251145944638,0.0035799081950689234,-5.536274944028356,21.602896067349278,21.032793206122324,0.7014290690422058,37.223149158887225
screw,7,scratch,0.01239013671875,motion,2,restormer_deblur,deep,0.956802248954773,0.8606658288577312,0.9128912886656624,-2.099842630342763,32.32533654471998,32.06954310506809,0.9578419327735901,37.223149158887225
screw,7,scratch,0.01239013671875,motion,2,divide_lpres_on,deep,0.6533231139183044,0.4677314185848582,0.516127021632203,-3.007502639798714,26.241795372235607,25.448191282796692,0.7207452654838562,37.223149158887225
screw,7,scratch,0.01239013671875,motion,2,divide_lpres_off,deep,0.570774257183075,0.20348422889878445,0.4557798493026218,-1.672730157702242,28.652691402197302,26.96135186784101,0.8381120562553406,37.223149158887225
screw,7,scratch,0.01239013671875,motion,3,identity,classical,0.9279574155807495,0.9147140824976625,1.0,0.0,34.26799221265394,34.00824461825333,0.9392582774162292,34.00824461825333
screw,7,scratch,0.01239013671875,motion,3,wiener,classical,0.0062200529500842094,-0.017601014619585582,0.03824316916217945,-2.955039528011511,22.83399619470682,22.096788190757543,0.7802632451057434,34.00824461825333
screw,7,scratch,0.01239013671875,motion,3,restormer_deblur,deep,0.9794328808784485,0.9625609419917853,1.0820116421607953,0.4499316834054061,41.93211726623463,41.47002191740367,0.9759953618049622,34.00824461825333
screw,7,scratch,0.01239013671875,motion,3,divide_lpres_on,deep,0.974821925163269,0.9778404318854528,1.0927120758002649,-0.007029929113796518,35.73207687434849,35.69056091361408,0.9269058704376221,34.00824461825333
screw,7,scratch,0.01239013671875,motion,3,divide_lpres_off,deep,0.7390979528427124,0.8946369693961086,0.79176363119038,0.11425048735065213,37.244809077892846,35.580451853815575,0.9379919171333313,34.00824461825333
screw,7,scratch,0.01239013671875,motion,4,identity,classical,0.7619874477386475,0.7867318390772767,1.0,0.0,31.531596168648175,30.982349068264064,0.9131900668144226,30.982349068264064
screw,7,scratch,0.01239013671875,motion,4,wiener,classical,0.017974797636270523,0.02832891716287892,0.16432563810800307,-2.658684180136974,21.76846582079747,21.055995901524234,0.7348256707191467,30.982349068264064
screw,7,scratch,0.01239013671875,motion,4,restormer_deblur,deep,0.9667574763298035,0.953073293821122,1.4398980097592304,0.5630675610291286,41.320981400497494,40.78330350498929,0.9757177233695984,30.982349068264064
screw,7,scratch,0.01239013671875,motion,4,divide_lpres_on,deep,0.9748823046684265,0.94716553139789,1.4452517411407177,-0.3103103052702991,32.51628544891675,32.45394305793718,0.84773850440979,30.982349068264064
screw,7,scratch,0.01239013671875,motion,4,divide_lpres_off,deep,0.7434903979301453,0.8300899011822274,0.9933457359795415,-0.20323417309613534,33.566936197848655,32.71001438320609,0.8675243854522705,30.982349068264064
screw,7,scratch,0.01239013671875,noise,2,identity,classical,0.911512017250061,0.9548393752663616,1.0,0.0,22.234825299526264,22.246490574257972,0.24077914655208588,22.246490574257972
screw,7,scratch,0.01239013671875,noise,2,wiener,classical,0.5412623882293701,0.36640576820577186,0.2155760596115207,-0.18800826650464497,21.41926590171299,21.146587778197336,0.17794764041900635,22.246490574257972
screw,7,scratch,0.01239013671875,noise,2,restormer_deblur,deep,0.911512017250061,0.9548393752663616,1.0,0.0,22.234825299526264,22.246490574257972,0.24077914655208588,22.246490574257972
screw,7,scratch,0.01239013671875,noise,2,divide_lpres_on,deep,0.8880389332771301,0.9584350428664848,1.0078778776662596,0.14668783129374618,26.240828085888772,26.23476033407367,0.39950084686279297,22.246490574257972
screw,7,scratch,0.01239013671875,noise,2,divide_lpres_off,deep,0.5413452386856079,0.7935355219631726,0.5768235664142873,0.605319017520197,33.605206112612166,31.814542349258698,0.8188827633857727,22.246490574257972
screw,7,scratch,0.01239013671875,noise,3,identity,classical,0.8865766525268555,0.9398094714260388,1.0,0.0,19.81603681277238,19.823941699585465,0.17396104335784912,19.823941699585465
screw,7,scratch,0.01239013671875,noise,3,wiener,classical,0.5301146507263184,0.372900803761016,0.22719512133853376,-0.12058359638519023,19.373423838945662,19.208317270609495,0.12331382185220718,19.823941699585465
screw,7,scratch,0.01239013671875,noise,3,restormer_deblur,deep,0.8865766525268555,0.9398094714260388,1.0,0.0,19.81603681277238,19.823941699585465,0.17396104335784912,19.823941699585465
screw,7,scratch,0.01239013671875,noise,3,divide_lpres_on,deep,0.8634963035583496,0.9470859850408722,1.018355268776868,0.1632633643849548,23.86286760653103,23.85171393375105,0.29946067929267883,19.823941699585465
screw,7,scratch,0.01239013671875,noise,3,divide_lpres_off,deep,0.5521183013916016,0.8195965955612159,0.6190899112217885,0.6052336879193009,31.130582339021533,30.04903830513058,0.7127304077148438,19.823941699585465
screw,7,scratch,0.01239013671875,noise,4,identity,classical,0.854499340057373,0.9107434313823342,1.0,0.0,17.89856306538647,17.90813716547843,0.1302453875541687,17.90813716547843
screw,7,scratch,0.01239013671875,noise,4,wiener,classical,0.5137780904769897,0.38692060999272054,0.23035838680699103,-0.08003313948591528,17.64102829272005,17.532527510387517,0.08993369340896606,17.90813716547843
screw,7,scratch,0.01239013671875,noise,4,restormer_deblur,deep,0.854499340057373,0.9107434313823342,1.0,0.0,17.89856306538647,17.90813716547843,0.1302453875541687,17.90813716547843
screw,7,scratch,0.01239013671875,noise,4,divide_lpres_on,deep,0.8323115110397339,0.9217053707846364,1.0355020920605524,0.16770597449079427,21.88247452601656,21.871818815560268,0.22995556890964508,17.90813716547843
screw,7,scratch,0.01239013671875,noise,4,divide_lpres_off,deep,0.556359052658081,0.7723233001197174,0.6928651415694385,0.5757330445957947,28.539320041570726,27.87238838543292,0.5796783566474915,17.90813716547843
screw,7,scratch,0.01239013671875,mixed,2,identity,classical,0.569690465927124,0.8668550864847798,1.0,0.0,11.452860182791492,11.415627528425823,0.8516063690185547,11.415627528425823
screw,7,scratch,0.01239013671875,mixed,2,wiener,classical,0.009491374716162682,-0.04441760680753572,0.08135060577299727,-0.017246238734222263,11.218094484824814,11.090884604238836,0.7065391540527344,11.415627528425823
screw,7,scratch,0.01239013671875,mixed,2,restormer_deblur,deep,0.6073337197303772,0.9161455072814533,1.099617940057012,0.06944156950660219,12.067160905300636,12.032006067576408,0.8772299885749817,11.415627528425823
screw,7,scratch,0.01239013671875,mixed,2,divide_lpres_on,deep,0.6450233459472656,0.9739883451909892,1.2124870170184037,0.008862111409796647,11.534306172324778,11.508064317780748,0.87149977684021,11.415627528425823
screw,7,scratch,0.01239013671875,mixed,2,divide_lpres_off,deep,0.5512046813964844,0.8669558338065092,1.1359620094541232,0.1174037724934367,12.459137619074099,12.418244740577064,0.8739919662475586,11.415627528425823
screw,7,scratch,0.01239013671875,mixed,3,identity,classical,0.2832253873348236,0.5231905219109709,1.0,0.0,11.894515471473895,11.930654180031603,0.7755696773529053,11.930654180031603
screw,7,scratch,0.01239013671875,mixed,3,wiener,classical,0.2007337361574173,0.4620414655032962,0.07343162181426544,0.03603503210874626,12.092243399340688,12.133719425207392,0.7424671053886414,11.930654180031603
screw,7,scratch,0.01239013671875,mixed,3,restormer_deblur,deep,0.2832253873348236,0.5231905219109709,1.0,0.0,11.894515471473895,11.930654180031603,0.7755696773529053,11.930654180031603
screw,7,scratch,0.01239013671875,mixed,3,divide_lpres_on,deep,0.27798545360565186,0.5350036603669623,0.9946300737040129,0.02034847141102314,12.110364638120368,12.147229961593558,0.8206620812416077,11.930654180031603
screw,7,scratch,0.01239013671875,mixed,3,divide_lpres_off,deep,0.2337510734796524,0.6125217019203263,0.4362926820801271,0.5198194737947429,17.78647016565057,17.799428944820153,0.8518722653388977,11.930654180031603
screw,7,scratch,0.01239013671875,mixed,4,identity,classical,0.17221342027187347,0.40147995270653813,1.0,0.0,11.317410929182483,11.356099089154075,0.8349331021308899,11.356099089154075
screw,7,scratch,0.01239013671875,mixed,4,wiener,classical,0.1455826461315155,0.44212788049535756,0.31609986041444427,0.03611155227225038,11.535368644269594,11.579638499955667,0.8007392883300781,11.356099089154075
screw,7,scratch,0.01239013671875,mixed,4,restormer_deblur,deep,0.17221342027187347,0.40147995270653813,1.0,0.0,11.317410929182483,11.356099089154075,0.8349331021308899,11.356099089154075
screw,7,scratch,0.01239013671875,mixed,4,divide_lpres_on,deep,0.16933825612068176,0.40958091482647163,1.0030570749827883,0.016498113202247366,11.434491635919324,11.473210550856244,0.8323680758476257,11.356099089154075
screw,7,scratch,0.01239013671875,mixed,4,divide_lpres_off,deep,0.29222723841667175,0.544657271762943,0.7630756958472351,0.5358947721254145,17.411280082343872,17.42755809121202,0.8284919261932373,11.356099089154075
