restorer,detector,category,family,severity,anomaly_kind,image_id,label,score_clean,score_degraded,score_method
identity,padim,carpet,defocus,2,good,0,0,0.798045814037323,0.6848939657211304,0.6848939657211304
identity,padim,carpet,defocus,2,good,1,0,0.47389793395996094,0.6591085195541382,0.6591085195541382
identity,padim,carpet,defocus,2,good,2,0,0.5784173011779785,0.7193189263343811,0.7193189263343811
identity,padim,carpet,defocus,2,good,3,0,0.6443159580230713,0.8799768686294556,0.8799768686294556
identity,padim,carpet,defocus,2,good,4,0,0.7448416948318481,0.7806668877601624,0.7806668877601624
identity,padim,carpet,defocus,2,good,5,0,0.5055015087127686,0.6302808523178101,0.6302808523178101
identity,padim,carpet,defocus,2,good,6,0,0.8287522792816162,0.8269393444061279,0.8269393444061279
identity,padim,carpet,defocus,2,good,7,0,0.7726420164108276,0.6723968982696533,0.6723968982696533
identity,padim,carpet,defocus,2,color,8,1,1.0,1.0,1.0
identity,padim,carpet,defocus,2,color,9,1,1.0,1.0,1.0
identity,padim,carpet,defocus,2,color,10,1,1.0,1.0,1.0
identity,padim,carpet,defocus,2,color,11,1,1.0,1.0,1.0
identity,padim,carpet,defocus,2,color,12,1,1.0,1.0,1.0
identity,padim,carpet,defocus,2,color,13,1,1.0,1.0,1.0
identity,padim,carpet,defocus,2,color,14,1,0.6828001141548157,0.7010318636894226,0.7010318636894226
identity,padim,carpet,defocus,2,color,15,1,1.0,1.0,1.0
wiener,padim,carpet,defocus,2,good,0,0,0.798045814037323,0.6848939657211304,1.0
wiener,padim,carpet,defocus,2,good,1,0,0.47389793395996094,0.6591085195541382,1.0
wiener,padim,carpet,defocus,2,good,2,0,0.5784173011779785,0.7193189263343811,1.0
wiener,padim,carpet,defocus,2,good,3,0,0.6443159580230713,0.8799768686294556,1.0
wiener,padim,carpet,defocus,2,good,4,0,0.7448416948318481,0.7806668877601624,1.0
wiener,padim,carpet,defocus,2,good,5,0,0.5055015087127686,0.6302808523178101,1.0
wiener,padim,carpet,defocus,2,good,6,0,0.8287522792816162,0.8269393444061279,1.0
wiener,padim,carpet,defocus,2,good,7,0,0.7726420164108276,0.6723968982696533,1.0
wiener,padim,carpet,defocus,2,color,8,1,1.0,1.0,1.0
wiener,padim,carpet,defocus,2,color,9,1,1.0,1.0,1.0
wiener,padim,carpet,defocus,2,color,10,1,1.0,1.0,1.0
wiener,padim,carpet,defocus,2,color,11,1,1.0,1.0,1.0
wiener,padim,carpet,defocus,2,color,12,1,1.0,1.0,1.0
wiener,padim,carpet,defocus,2,color,13,1,1.0,1.0,1.0
wiener,padim,carpet,defocus,2,color,14,1,0.6828001141548157,0.7010318636894226,1.0
wiener,padim,carpet,defocus,2,color,15,1,1.0,1.0,1.0
restormer_deblur,padim,carpet,defocus,2,good,0,0,0.798045814037323,0.6848939657211304,0.6190226078033447
restormer_deblur,padim,carpet,defocus,2,good,1,0,0.47389793395996094,0.6591085195541382,0.5191699862480164
restormer_deblur,padim,carpet,defocus,2,good,2,0,0.5784173011779785,0.7193189263343811,0.6276350021362305
restormer_deblur,padim,carpet,defocus,2,good,3,0,0.6443159580230713,0.8799768686294556,0.8546109199523926
restormer_deblur,padim,carpet,defocus,2,good,4,0,0.7448416948318481,0.7806668877601624,0.738387405872345
restormer_deblur,padim,carpet,defocus,2,good,5,0,0.5055015087127686,0.6302808523178101,0.7147087454795837
restormer_deblur,padim,carpet,defocus,2,good,6,0,0.8287522792816162,0.8269393444061279,0.7846584320068359
restormer_deblur,padim,carpet,defocus,2,good,7,0,0.7726420164108276,0.6723968982696533,0.7329902052879333
restormer_deblur,padim,carpet,defocus,2,color,8,1,1.0,1.0,1.0
restormer_deblur,padim,carpet,defocus,2,color,9,1,1.0,1.0,1.0
restormer_deblur,padim,carpet,defocus,2,color,10,1,1.0,1.0,1.0
restormer_deblur,padim,carpet,defocus,2,color,11,1,1.0,1.0,1.0
restormer_deblur,padim,carpet,defocus,2,color,12,1,1.0,1.0,1.0
restormer_deblur,padim,carpet,defocus,2,color,13,1,1.0,1.0,1.0
restormer_deblur,padim,carpet,defocus,2,color,14,1,0.6828001141548157,0.7010318636894226,0.5831440091133118
restormer_deblur,padim,carpet,defocus,2,color,15,1,1.0,1.0,1.0
divide_lpres_on,padim,carpet,defocus,2,good,0,0,0.798045814037323,0.6848939657211304,0.7464535236358643
divide_lpres_on,padim,carpet,defocus,2,good,1,0,0.47389793395996094,0.6591085195541382,0.8052605390548706
divide_lpres_on,padim,carpet,defocus,2,good,2,0,0.5784173011779785,0.7193189263343811,0.7049477696418762
divide_lpres_on,padim,carpet,defocus,2,good,3,0,0.6443159580230713,0.8799768686294556,0.7444022297859192
divide_lpres_on,padim,carpet,defocus,2,good,4,0,0.7448416948318481,0.7806668877601624,1.0
divide_lpres_on,padim,carpet,defocus,2,good,5,0,0.5055015087127686,0.6302808523178101,0.9743249416351318
divide_lpres_on,padim,carpet,defocus,2,good,6,0,0.8287522792816162,0.8269393444061279,0.9917033910751343
divide_lpres_on,padim,carpet,defocus,2,good,7,0,0.7726420164108276,0.6723968982696533,0.9604568481445312
divide_lpres_on,padim,carpet,defocus,2,color,8,1,1.0,1.0,1.0
divide_lpres_on,padim,carpet,defocus,2,color,9,1,1.0,1.0,1.0
divide_lpres_on,padim,carpet,defocus,2,color,10,1,1.0,1.0,1.0
divide_lpres_on,padim,carpet,defocus,2,color,11,1,1.0,1.0,1.0
divide_lpres_on,padim,carpet,defocus,2,color,12,1,1.0,1.0,1.0
divide_lpres_on,padim,carpet,defocus,2,color,13,1,1.0,1.0,1.0
divide_lpres_on,padim,carpet,defocus,2,color,14,1,0.6828001141548157,0.7010318636894226,0.933168351650238
divide_lpres_on,padim,carpet,defocus,2,color,15,1,1.0,1.0,1.0
divide_lpres_off,padim,carpet,defocus,2,good,0,0,0.798045814037323,0.6848939657211304,0.5414249300956726
divide_lpres_off,padim,carpet,defocus,2,good,1,0,0.47389793395996094,0.6591085195541382,0.7395715713500977
divide_lpres_off,padim,carpet,defocus,2,good,2,0,0.5784173011779785,0.7193189263343811,0.679704487323761
divide_lpres_off,padim,carpet,defocus,2,good,3,0,0.6443159580230713,0.8799768686294556,0.6733514070510864
divide_lpres_off,padim,carpet,defocus,2,good,4,0,0.7448416948318481,0.7806668877601624,1.0
divide_lpres_off,padim,carpet,defocus,2,good,5,0,0.5055015087127686,0.6302808523178101,0.7717318534851074
divide_lpres_off,padim,carpet,defocus,2,good,6,0,0.8287522792816162,0.8269393444061279,0.9488277435302734
divide_lpres_off,padim,carpet,defocus,2,good,7,0,0.7726420164108276,0.6723968982696533,0.9962642192840576
divide_lpres_off,padim,carpet,defocus,2,color,8,1,1.0,1.0,1.0
divide_lpres_off,padim,carpet,defocus,2,color,9,1,1.0,1.0,1.0
divide_lpres_off,padim,carpet,defocus,2,color,10,1,1.0,1.0,0.7804327011108398
divide_lpres_off,padim,carpet,defocus,2,color,11,1,1.0,1.0,1.0
divide_lpres_off,padim,carpet,defocus,2,color,12,1,1.0,1.0,1.0
divide_lpres_off,padim,carpet,defocus,2,color,13,1,1.0,1.0,0.9570068120956421
divide_lpres_off,padim,carpet,defocus,2,color,14,1,0.6828001141548157,0.7010318636894226,0.659053385257721
divide_lpres_off,padim,carpet,defocus,2,color,15,1,1.0,1.0,1.0
identity,padim,carpet,defocus,3,good,0,0,0.798045814037323,1.0,1.0
identity,padim,carpet,defocus,3,good,1,0,0.47389793395996094,1.0,1.0
identity,padim,carpet,defocus,3,good,2,0,0.5784173011779785,1.0,1.0
identity,padim,carpet,defocus,3,good,3,0,0.6443159580230713,1.0,1.0
identity,padim,carpet,defocus,3,good,4,0,0.7448416948318481,1.0,1.0
identity,padim,carpet,defocus,3,good,5,0,0.5055015087127686,1.0,1.0
identity,padim,carpet,defocus,3,good,6,0,0.8287522792816162,1.0,1.0
identity,padim,carpet,defocus,3,good,7,0,0.7726420164108276,1.0,1.0
identity,padim,carpet,defocus,3,color,8,1,1.0,1.0,1.0
identity,padim,carpet,defocus,3,color,9,1,1.0,1.0,1.0
identity,padim,carpet,defocus,3,color,10,1,1.0,1.0,1.0
identity,padim,carpet,defocus,3,color,11,1,1.0,1.0,1.0
identity,padim,carpet,defocus,3,color,12,1,1.0,1.0,1.0
identity,padim,carpet,defocus,3,color,13,1,1.0,1.0,1.0
identity,padim,carpet,defocus,3,color,14,1,0.6828001141548157,1.0,1.0
identity,padim,carpet,defocus,3,color,15,1,1.0,1.0,1.0
wiener,padim,carpet,defocus,3,good,0,0,0.798045814037323,1.0,1.0
wiener,padim,carpet,defocus,3,good,1,0,0.47389793395996094,1.0,1.0
wiener,padim,carpet,defocus,3,good,2,0,0.5784173011779785,1.0,1.0
wiener,padim,carpet,defocus,3,good,3,0,0.6443159580230713,1.0,1.0
wiener,padim,carpet,defocus,3,good,4,0,0.7448416948318481,1.0,1.0
wiener,padim,carpet,defocus,3,good,5,0,0.5055015087127686,1.0,1.0
wiener,padim,carpet,defocus,3,good,6,0,0.8287522792816162,1.0,1.0
wiener,padim,carpet,defocus,3,good,7,0,0.7726420164108276,1.0,1.0
wiener,padim,carpet,defocus,3,color,8,1,1.0,1.0,1.0
wiener,padim,carpet,defocus,3,color,9,1,1.0,1.0,1.0
wiener,padim,carpet,defocus,3,color,10,1,1.0,1.0,1.0
wiener,padim,carpet,defocus,3,color,11,1,1.0,1.0,1.0
wiener,padim,carpet,defocus,3,color,12,1,1.0,1.0,1.0
wiener,padim,carpet,defocus,3,color,13,1,1.0,1.0,1.0
wiener,padim,carpet,defocus,3,color,14,1,0.6828001141548157,1.0,1.0
wiener,padim,carpet,defocus,3,color,15,1,1.0,1.0,1.0
restormer_deblur,padim,carpet,defocus,3,good,0,0,0.798045814037323,1.0,1.0
restormer_deblur,padim,carpet,defocus,3,good,1,0,0.47389793395996094,1.0,1.0
restormer_deblur,padim,carpet,defocus,3,good,2,0,0.5784173011779785,1.0,0.8829749822616577
restormer_deblur,padim,carpet,defocus,3,good,3,0,0.6443159580230713,1.0,1.0
restormer_deblur,padim,carpet,defocus,3,good,4,0,0.7448416948318481,1.0,0.8741046190261841
restormer_deblur,padim,carpet,defocus,3,good,5,0,0.5055015087127686,1.0,0.8372107744216919
restormer_deblur,padim,carpet,defocus,3,good,6,0,0.8287522792816162,1.0,0.9956022500991821
restormer_deblur,padim,carpet,defocus,3,good,7,0,0.7726420164108276,1.0,1.0
restormer_deblur,padim,carpet,defocus,3,color,8,1,1.0,1.0,1.0
restormer_deblur,padim,carpet,defocus,3,color,9,1,1.0,1.0,1.0
restormer_deblur,padim,carpet,defocus,3,color,10,1,1.0,1.0,1.0
restormer_deblur,padim,carpet,defocus,3,color,11,1,1.0,1.0,1.0
restormer_deblur,padim,carpet,defocus,3,color,12,1,1.0,1.0,1.0
restormer_deblur,padim,carpet,defocus,3,color,13,1,1.0,1.0,1.0
restormer_deblur,padim,carpet,defocus,3,color,14,1,0.6828001141548157,1.0,1.0
restormer_deblur,padim,carpet,defocus,3,color,15,1,1.0,1.0,1.0
divide_lpres_on,padim,carpet,defocus,3,good,0,0,0.798045814037323,1.0,1.0
divide_lpres_on,padim,carpet,defocus,3,good,1,0,0.47389793395996094,1.0,0.9928598403930664
divide_lpres_on,padim,carpet,defocus,3,good,2,0,0.5784173011779785,1.0,0.8505305051803589
divide_lpres_on,padim,carpet,defocus,3,good,3,0,0.6443159580230713,1.0,1.0
divide_lpres_on,padim,carpet,defocus,3,good,4,0,0.7448416948318481,1.0,1.0
divide_lpres_on,padim,carpet,defocus,3,good,5,0,0.5055015087127686,1.0,1.0
divide_lpres_on,padim,carpet,defocus,3,good,6,0,0.8287522792816162,1.0,1.0
divide_lpres_on,padim,carpet,defocus,3,good,7,0,0.7726420164108276,1.0,1.0
divide_lpres_on,padim,carpet,defocus,3,color,8,1,1.0,1.0,1.0
divide_lpres_on,padim,carpet,defocus,3,color,9,1,1.0,1.0,1.0
divide_lpres_on,padim,carpet,defocus,3,color,10,1,1.0,1.0,1.0
divide_lpres_on,padim,carpet,defocus,3,color,11,1,1.0,1.0,1.0
divide_lpres_on,padim,carpet,defocus,3,color,12,1,1.0,1.0,1.0
divide_lpres_on,padim,carpet,defocus,3,color,13,1,1.0,1.0,1.0
divide_lpres_on,padim,carpet,defocus,3,color,14,1,0.6828001141548157,1.0,0.8568743467330933
divide_lpres_on,padim,carpet,defocus,3,color,15,1,1.0,1.0,1.0
divide_lpres_off,padim,carpet,defocus,3,good,0,0,0.798045814037323,1.0,1.0
divide_lpres_off,padim,carpet,defocus,3,good,1,0,0.47389793395996094,1.0,0.9726457595825195
divide_lpres_off,padim,carpet,defocus,3,good,2,0,0.5784173011779785,1.0,0.5972325205802917
divide_lpres_off,padim,carpet,defocus,3,good,3,0,0.6443159580230713,1.0,1.0
divide_lpres_off,padim,carpet,defocus,3,good,4,0,0.7448416948318481,1.0,0.9881852865219116
divide_lpres_off,padim,carpet,defocus,3,good,5,0,0.5055015087127686,1.0,1.0
divide_lpres_off,padim,carpet,defocus,3,good,6,0,0.8287522792816162,1.0,1.0
divide_lpres_off,padim,carpet,defocus,3,good,7,0,0.7726420164108276,1.0,1.0
divide_lpres_off,padim,carpet,defocus,3,color,8,1,1.0,1.0,1.0
divide_lpres_off,padim,carpet,defocus,3,color,9,1,1.0,1.0,1.0
divide_lpres_off,padim,carpet,defocus,3,color,10,1,1.0,1.0,1.0
divide_lpres_off,padim,carpet,defocus,3,color,11,1,1.0,1.0,1.0
divide_lpres_off,padim,carpet,defocus,3,color,12,1,1.0,1.0,1.0
divide_lpres_off,padim,carpet,defocus,3,color,13,1,1.0,1.0,1.0
divide_lpres_off,padim,carpet,defocus,3,color,14,1,0.6828001141548157,1.0,0.8552087545394897
divide_lpres_off,padim,carpet,defocus,3,color,15,1,1.0,1.0,1.0
identity,padim,carpet,defocus,4,good,0,0,0.798045814037323,1.0,1.0
identity,padim,carpet,defocus,4,good,1,0,0.47389793395996094,1.0,1.0
identity,padim,carpet,defocus,4,good,2,0,0.5784173011779785,1.0,1.0
identity,padim,carpet,defocus,4,good,3,0,0.6443159580230713,1.0,1.0
identity,padim,carpet,defocus,4,good,4,0,0.7448416948318481,1.0,1.0
identity,padim,carpet,defocus,4,good,5,0,0.5055015087127686,1.0,1.0
identity,padim,carpet,defocus,4,good,6,0,0.8287522792816162,1.0,1.0
identity,padim,carpet,defocus,4,good,7,0,0.7726420164108276,1.0,1.0
identity,padim,carpet,defocus,4,color,8,1,1.0,1.0,1.0
identity,padim,carpet,defocus,4,color,9,1,1.0,1.0,1.0
identity,padim,carpet,defocus,4,color,10,1,1.0,1.0,1.0
identity,padim,carpet,defocus,4,color,11,1,1.0,1.0,1.0
identity,padim,carpet,defocus,4,color,12,1,1.0,1.0,1.0
identity,padim,carpet,defocus,4,color,13,1,1.0,1.0,1.0
identity,padim,carpet,defocus,4,color,14,1,0.6828001141548157,1.0,1.0
identity,padim,carpet,defocus,4,color,15,1,1.0,1.0,1.0
wiener,padim,carpet,defocus,4,good,0,0,0.798045814037323,1.0,1.0
wiener,padim,carpet,defocus,4,good,1,0,0.47389793395996094,1.0,1.0
wiener,padim,carpet,defocus,4,good,2,0,0.5784173011779785,1.0,1.0
wiener,padim,carpet,defocus,4,good,3,0,0.6443159580230713,1.0,1.0
wiener,padim,carpet,defocus,4,good,4,0,0.7448416948318481,1.0,1.0
wiener,padim,carpet,defocus,4,good,5,0,0.5055015087127686,1.0,1.0
wiener,padim,carpet,defocus,4,good,6,0,0.8287522792816162,1.0,1.0
wiener,padim,carpet,defocus,4,good,7,0,0.7726420164108276,1.0,1.0
wiener,padim,carpet,defocus,4,color,8,1,1.0,1.0,1.0
wiener,padim,carpet,defocus,4,color,9,1,1.0,1.0,1.0
wiener,padim,carpet,defocus,4,color,10,1,1.0,1.0,1.0
wiener,padim,carpet,defocus,4,color,11,1,1.0,1.0,1.0
wiener,padim,carpet,defocus,4,color,12,1,1.0,1.0,1.0
wiener,padim,carpet,defocus,4,color,13,1,1.0,1.0,1.0
wiener,padim,carpet,defocus,4,color,14,1,0.6828001141548157,1.0,1.0
wiener,padim,carpet,defocus,4,color,15,1,1.0,1.0,1.0
restormer_deblur,padim,carpet,defocus,4,good,0,0,0.798045814037323,1.0,1.0
restormer_deblur,padim,carpet,defocus,4,good,1,0,0.47389793395996094,1.0,1.0
restormer_deblur,padim,carpet,defocus,4,good,2,0,0.5784173011779785,1.0,1.0
restormer_deblur,padim,carpet,defocus,4,good,3,0,0.6443159580230713,1.0,1.0
restormer_deblur,padim,carpet,defocus,4,good,4,0,0.7448416948318481,1.0,1.0
restormer_deblur,padim,carpet,defocus,4,good,5,0,0.5055015087127686,1.0,1.0
restormer_deblur,padim,carpet,defocus,4,good,6,0,0.8287522792816162,1.0,1.0
restormer_deblur,padim,carpet,defocus,4,good,7,0,0.7726420164108276,1.0,1.0
restormer_deblur,padim,carpet,defocus,4,color,8,1,1.0,1.0,1.0
restormer_deblur,padim,carpet,defocus,4,color,9,1,1.0,1.0,1.0
restormer_deblur,padim,carpet,defocus,4,color,10,1,1.0,1.0,1.0
restormer_deblur,padim,carpet,defocus,4,color,11,1,1.0,1.0,1.0
restormer_deblur,padim,carpet,defocus,4,color,12,1,1.0,1.0,1.0
restormer_deblur,padim,carpet,defocus,4,color,13,1,1.0,1.0,1.0
restormer_deblur,padim,carpet,defocus,4,color,14,1,0.6828001141548157,1.0,1.0
restormer_deblur,padim,carpet,defocus,4,color,15,1,1.0,1.0,1.0
divide_lpres_on,padim,carpet,defocus,4,good,0,0,0.798045814037323,1.0,1.0
divide_lpres_on,padim,carpet,defocus,4,good,1,0,0.47389793395996094,1.0,1.0
divide_lpres_on,padim,carpet,defocus,4,good,2,0,0.5784173011779785,1.0,0.9156286120414734
divide_lpres_on,padim,carpet,defocus,4,good,3,0,0.6443159580230713,1.0,0.91074538230896
divide_lpres_on,padim,carpet,defocus,4,good,4,0,0.7448416948318481,1.0,1.0
divide_lpres_on,padim,carpet,defocus,4,good,5,0,0.5055015087127686,1.0,1.0
divide_lpres_on,padim,carpet,defocus,4,good,6,0,0.8287522792816162,1.0,1.0
divide_lpres_on,padim,carpet,defocus,4,good,7,0,0.7726420164108276,1.0,1.0
divide_lpres_on,padim,carpet,defocus,4,color,8,1,1.0,1.0,1.0
divide_lpres_on,padim,carpet,defocus,4,color,9,1,1.0,1.0,1.0
divide_lpres_on,padim,carpet,defocus,4,color,10,1,1.0,1.0,1.0
divide_lpres_on,padim,carpet,defocus,4,color,11,1,1.0,1.0,1.0
divide_lpres_on,padim,carpet,defocus,4,color,12,1,1.0,1.0,1.0
divide_lpres_on,padim,carpet,defocus,4,color,13,1,1.0,1.0,1.0
divide_lpres_on,padim,carpet,defocus,4,color,14,1,0.6828001141548157,1.0,0.8894854187965393
divide_lpres_on,padim,carpet,defocus,4,color,15,1,1.0,1.0,1.0
divide_lpres_off,padim,carpet,defocus,4,good,0,0,0.798045814037323,1.0,1.0
divide_lpres_off,padim,carpet,defocus,4,good,1,0,0.47389793395996094,1.0,0.8898673057556152
divide_lpres_off,padim,carpet,defocus,4,good,2,0,0.5784173011779785,1.0,0.8920899629592896
divide_lpres_off,padim,carpet,defocus,4,good,3,0,0.6443159580230713,1.0,0.7511498332023621
divide_lpres_off,padim,carpet,defocus,4,good,4,0,0.7448416948318481,1.0,0.8985295295715332
divide_lpres_off,padim,carpet,defocus,4,good,5,0,0.5055015087127686,1.0,0.8933470845222473
divide_lpres_off,padim,carpet,defocus,4,good,6,0,0.8287522792816162,1.0,1.0
divide_lpres_off,padim,carpet,defocus,4,good,7,0,0.7726420164108276,1.0,1.0
divide_lpres_off,padim,carpet,defocus,4,color,8,1,1.0,1.0,1.0
divide_lpres_off,padim,carpet,defocus,4,color,9,1,1.0,1.0,1.0
divide_lpres_off,padim,carpet,defocus,4,color,10,1,1.0,1.0,1.0
divide_lpres_off,padim,carpet,defocus,4,color,11,1,1.0,1.0,1.0
divide_lpres_off,padim,carpet,defocus,4,color,12,1,1.0,1.0,1.0
divide_lpres_off,padim,carpet,defocus,4,color,13,1,1.0,1.0,1.0
divide_lpres_off,padim,carpet,defocus,4,color,14,1,0.6828001141548157,1.0,0.8240307569503784
divide_lpres_off,padim,carpet,defocus,4,color,15,1,1.0,1.0,1.0
identity,padim,carpet,motion,2,good,0,0,0.798045814037323,1.0,1.0
identity,padim,carpet,motion,2,good,1,0,0.47389793395996094,1.0,1.0
identity,padim,carpet,motion,2,good,2,0,0.5784173011779785,1.0,1.0
identity,padim,carpet,motion,2,good,3,0,0.6443159580230713,1.0,1.0
identity,padim,carpet,motion,2,good,4,0,0.7448416948318481,1.0,1.0
identity,padim,carpet,motion,2,good,5,0,0.5055015087127686,1.0,1.0
identity,padim,carpet,motion,2,good,6,0,0.8287522792816162,1.0,1.0
identity,padim,carpet,motion,2,good,7,0,0.7726420164108276,1.0,1.0
identity,padim,carpet,motion,2,color,8,1,1.0,1.0,1.0
identity,padim,carpet,motion,2,color,9,1,1.0,1.0,1.0
identity,padim,carpet,motion,2,color,10,1,1.0,1.0,1.0
identity,padim,carpet,motion,2,color,11,1,1.0,1.0,1.0
identity,padim,carpet,motion,2,color,12,1,1.0,1.0,1.0
identity,padim,carpet,motion,2,color,13,1,1.0,1.0,1.0
identity,padim,carpet,motion,2,color,14,1,0.6828001141548157,1.0,1.0
identity,padim,carpet,motion,2,color,15,1,1.0,1.0,1.0
wiener,padim,carpet,motion,2,good,0,0,0.798045814037323,1.0,1.0
wiener,padim,carpet,motion,2,good,1,0,0.47389793395996094,1.0,1.0
wiener,padim,carpet,motion,2,good,2,0,0.5784173011779785,1.0,1.0
wiener,padim,carpet,motion,2,good,3,0,0.6443159580230713,1.0,1.0
wiener,padim,carpet,motion,2,good,4,0,0.7448416948318481,1.0,1.0
wiener,padim,carpet,motion,2,good,5,0,0.5055015087127686,1.0,0.9516736268997192
wiener,padim,carpet,motion,2,good,6,0,0.8287522792816162,1.0,1.0
wiener,padim,carpet,motion,2,good,7,0,0.7726420164108276,1.0,1.0
wiener,padim,carpet,motion,2,color,8,1,1.0,1.0,1.0
wiener,padim,carpet,motion,2,color,9,1,1.0,1.0,1.0
wiener,padim,carpet,motion,2,color,10,1,1.0,1.0,1.0
wiener,padim,carpet,motion,2,color,11,1,1.0,1.0,1.0
wiener,padim,carpet,motion,2,color,12,1,1.0,1.0,1.0
wiener,padim,carpet,motion,2,color,13,1,1.0,1.0,1.0
wiener,padim,carpet,motion,2,color,14,1,0.6828001141548157,1.0,1.0
wiener,padim,carpet,motion,2,color,15,1,1.0,1.0,1.0
restormer_deblur,padim,carpet,motion,2,good,0,0,0.798045814037323,1.0,1.0
restormer_deblur,padim,carpet,motion,2,good,1,0,0.47389793395996094,1.0,1.0
restormer_deblur,padim,carpet,motion,2,good,2,0,0.5784173011779785,1.0,1.0
restormer_deblur,padim,carpet,motion,2,good,3,0,0.6443159580230713,1.0,1.0
restormer_deblur,padim,carpet,motion,2,good,4,0,0.7448416948318481,1.0,1.0
restormer_deblur,padim,carpet,motion,2,good,5,0,0.5055015087127686,1.0,1.0
restormer_deblur,padim,carpet,motion,2,good,6,0,0.8287522792816162,1.0,0.8876985311508179
restormer_deblur,padim,carpet,motion,2,good,7,0,0.7726420164108276,1.0,1.0
restormer_deblur,padim,carpet,motion,2,color,8,1,1.0,1.0,1.0
restormer_deblur,padim,carpet,motion,2,color,9,1,1.0,1.0,1.0
restormer_deblur,padim,carpet,motion,2,color,10,1,1.0,1.0,1.0
restormer_deblur,padim,carpet,motion,2,color,11,1,1.0,1.0,1.0
restormer_deblur,padim,carpet,motion,2,color,12,1,1.0,1.0,1.0
restormer_deblur,padim,carpet,motion,2,color,13,1,1.0,1.0,1.0
restormer_deblur,padim,carpet,motion,2,color,14,1,0.6828001141548157,1.0,1.0
restormer_deblur,padim,carpet,motion,2,color,15,1,1.0,1.0,1.0
divide_lpres_on,padim,carpet,motion,2,good,0,0,0.798045814037323,1.0,1.0
divide_lpres_on,padim,carpet,motion,2,good,1,0,0.47389793395996094,1.0,1.0
divide_lpres_on,padim,carpet,motion,2,good,2,0,0.5784173011779785,1.0,1.0
divide_lpres_on,padim,carpet,motion,2,good,3,0,0.6443159580230713,1.0,1.0
divide_lpres_on,padim,carpet,motion,2,good,4,0,0.7448416948318481,1.0,1.0
divide_lpres_on,padim,carpet,motion,2,good,5,0,0.5055015087127686,1.0,0.9536274671554565
divide_lpres_on,padim,carpet,motion,2,good,6,0,0.8287522792816162,1.0,1.0
divide_lpres_on,padim,carpet,motion,2,good,7,0,0.7726420164108276,1.0,1.0
divide_lpres_on,padim,carpet,motion,2,color,8,1,1.0,1.0,1.0
divide_lpres_on,padim,carpet,motion,2,color,9,1,1.0,1.0,1.0
divide_lpres_on,padim,carpet,motion,2,color,10,1,1.0,1.0,1.0
divide_lpres_on,padim,carpet,motion,2,color,11,1,1.0,1.0,1.0
divide_lpres_on,padim,carpet,motion,2,color,12,1,1.0,1.0,1.0
divide_lpres_on,padim,carpet,motion,2,color,13,1,1.0,1.0,1.0
divide_lpres_on,padim,carpet,motion,2,color,14,1,0.6828001141548157,1.0,1.0
divide_lpres_on,padim,carpet,motion,2,color,15,1,1.0,1.0,1.0
divide_lpres_off,padim,carpet,motion,2,good,0,0,0.798045814037323,1.0,0.929874062538147
divide_lpres_off,padim,carpet,motion,2,good,1,0,0.47389793395996094,1.0,1.0
divide_lpres_off,padim,carpet,motion,2,good,2,0,0.5784173011779785,1.0,0.9768500328063965
divide_lpres_off,padim,carpet,motion,2,good,3,0,0.6443159580230713,1.0,1.0
divide_lpres_off,padim,carpet,motion,2,good,4,0,0.7448416948318481,1.0,1.0
divide_lpres_off,padim,carpet,motion,2,good,5,0,0.5055015087127686,1.0,1.0
divide_lpres_off,padim,carpet,motion,2,good,6,0,0.8287522792816162,1.0,1.0
divide_lpres_off,padim,carpet,motion,2,good,7,0,0.7726420164108276,1.0,1.0
divide_lpres_off,padim,carpet,motion,2,color,8,1,1.0,1.0,1.0
divide_lpres_off,padim,carpet,motion,2,color,9,1,1.0,1.0,1.0
divide_lpres_off,padim,carpet,motion,2,color,10,1,1.0,1.0,1.0
divide_lpres_off,padim,carpet,motion,2,color,11,1,1.0,1.0,1.0
divide_lpres_off,padim,carpet,motion,2,color,12,1,1.0,1.0,1.0
divide_lpres_off,padim,carpet,motion,2,color,13,1,1.0,1.0,1.0
divide_lpres_off,padim,carpet,motion,2,color,14,1,0.6828001141548157,1.0,1.0
divide_lpres_off,padim,carpet,motion,2,color,15,1,1.0,1.0,1.0
identity,padim,carpet,motion,3,good,0,0,0.798045814037323,1.0,1.0
identity,padim,carpet,motion,3,good,1,0,0.47389793395996094,1.0,1.0
identity,padim,carpet,motion,3,good,2,0,0.5784173011779785,1.0,1.0
identity,padim,carpet,motion,3,good,3,0,0.6443159580230713,1.0,1.0
identity,padim,carpet,motion,3,good,4,0,0.7448416948318481,1.0,1.0
identity,padim,carpet,motion,3,good,5,0,0.5055015087127686,1.0,1.0
identity,padim,carpet,motion,3,good,6,0,0.8287522792816162,1.0,1.0
identity,padim,carpet,motion,3,good,7,0,0.7726420164108276,1.0,1.0
identity,padim,carpet,motion,3,color,8,1,1.0,1.0,1.0
identity,padim,carpet,motion,3,color,9,1,1.0,1.0,1.0
identity,padim,carpet,motion,3,color,10,1,1.0,1.0,1.0
identity,padim,carpet,motion,3,color,11,1,1.0,1.0,1.0
identity,padim,carpet,motion,3,color,12,1,1.0,1.0,1.0
identity,padim,carpet,motion,3,color,13,1,1.0,1.0,1.0
identity,padim,carpet,motion,3,color,14,1,0.6828001141548157,1.0,1.0
identity,padim,carpet,motion,3,color,15,1,1.0,1.0,1.0
wiener,padim,carpet,motion,3,good,0,0,0.798045814037323,1.0,1.0
wiener,padim,carpet,motion,3,good,1,0,0.47389793395996094,1.0,1.0
wiener,padim,carpet,motion,3,good,2,0,0.5784173011779785,1.0,1.0
wiener,padim,carpet,motion,3,good,3,0,0.6443159580230713,1.0,1.0
wiener,padim,carpet,motion,3,good,4,0,0.7448416948318481,1.0,1.0
wiener,padim,carpet,motion,3,good,5,0,0.5055015087127686,1.0,1.0
wiener,padim,carpet,motion,3,good,6,0,0.8287522792816162,1.0,1.0
wiener,padim,carpet,motion,3,good,7,0,0.7726420164108276,1.0,1.0
wiener,padim,carpet,motion,3,color,8,1,1.0,1.0,1.0
wiener,padim,carpet,motion,3,color,9,1,1.0,1.0,1.0
wiener,padim,carpet,motion,3,color,10,1,1.0,1.0,1.0
wiener,padim,carpet,motion,3,color,11,1,1.0,1.0,1.0
wiener,padim,carpet,motion,3,color,12,1,1.0,1.0,1.0
wiener,padim,carpet,motion,3,color,13,1,1.0,1.0,1.0
wiener,padim,carpet,motion,3,color,14,1,0.6828001141548157,1.0,1.0
wiener,padim,carpet,motion,3,color,15,1,1.0,1.0,1.0
restormer_deblur,padim,carpet,motion,3,good,0,0,0.798045814037323,1.0,1.0
restormer_deblur,padim,carpet,motion,3,good,1,0,0.47389793395996094,1.0,1.0
restormer_deblur,padim,carpet,motion,3,good,2,0,0.5784173011779785,1.0,1.0
restormer_deblur,padim,carpet,motion,3,good,3,0,0.6443159580230713,1.0,0.9626579284667969
restormer_deblur,padim,carpet,motion,3,good,4,0,0.7448416948318481,1.0,1.0
restormer_deblur,padim,carpet,motion,3,good,5,0,0.5055015087127686,1.0,1.0
restormer_deblur,padim,carpet,motion,3,good,6,0,0.8287522792816162,1.0,0.9331611394882202
restormer_deblur,padim,carpet,motion,3,good,7,0,0.7726420164108276,1.0,1.0
restormer_deblur,padim,carpet,motion,3,color,8,1,1.0,1.0,1.0
restormer_deblur,padim,carpet,motion,3,color,9,1,1.0,1.0,1.0
restormer_deblur,padim,carpet,motion,3,color,10,1,1.0,1.0,1.0
restormer_deblur,padim,carpet,motion,3,color,11,1,1.0,1.0,1.0
restormer_deblur,padim,carpet,motion,3,color,12,1,1.0,1.0,1.0
restormer_deblur,padim,carpet,motion,3,color,13,1,1.0,1.0,1.0
restormer_deblur,padim,carpet,motion,3,color,14,1,0.6828001141548157,1.0,1.0
restormer_deblur,padim,carpet,motion,3,color,15,1,1.0,1.0,1.0
divide_lpres_on,padim,carpet,motion,3,good,0,0,0.798045814037323,1.0,1.0
divide_lpres_on,padim,carpet,motion,3,good,1,0,0.47389793395996094,1.0,1.0
divide_lpres_on,padim,carpet,motion,3,good,2,0,0.5784173011779785,1.0,1.0
divide_lpres_on,padim,carpet,motion,3,good,3,0,0.6443159580230713,1.0,0.9014378786087036
divide_lpres_on,padim,carpet,motion,3,good,4,0,0.7448416948318481,1.0,1.0
divide_lpres_on,padim,carpet,motion,3,good,5,0,0.5055015087127686,1.0,1.0
divide_lpres_on,padim,carpet,motion,3,good,6,0,0.8287522792816162,1.0,1.0
divide_lpres_on,padim,carpet,motion,3,good,7,0,0.7726420164108276,1.0,1.0
divide_lpres_on,padim,carpet,motion,3,color,8,1,1.0,1.0,1.0
divide_lpres_on,padim,carpet,motion,3,color,9,1,1.0,1.0,1.0
divide_lpres_on,padim,carpet,motion,3,color,10,1,1.0,1.0,1.0
divide_lpres_on,padim,carpet,motion,3,color,11,1,1.0,1.0,1.0
divide_lpres_on,padim,carpet,motion,3,color,12,1,1.0,1.0,1.0
divide_lpres_on,padim,carpet,motion,3,color,13,1,1.0,1.0,1.0
divide_lpres_on,padim,carpet,motion,3,color,14,1,0.6828001141548157,1.0,1.0
divide_lpres_on,padim,carpet,motion,3,color,15,1,1.0,1.0,1.0
divide_lpres_off,padim,carpet,motion,3,good,0,0,0.798045814037323,1.0,1.0
divide_lpres_off,padim,carpet,motion,3,good,1,0,0.47389793395996094,1.0,1.0
divide_lpres_off,padim,carpet,motion,3,good,2,0,0.5784173011779785,1.0,1.0
divide_lpres_off,padim,carpet,motion,3,good,3,0,0.6443159580230713,1.0,0.8650906085968018
divide_lpres_off,padim,carpet,motion,3,good,4,0,0.7448416948318481,1.0,1.0
divide_lpres_off,padim,carpet,motion,3,good,5,0,0.5055015087127686,1.0,1.0
divide_lpres_off,padim,carpet,motion,3,good,6,0,0.8287522792816162,1.0,1.0
divide_lpres_off,padim,carpet,motion,3,good,7,0,0.7726420164108276,1.0,1.0
divide_lpres_off,padim,carpet,motion,3,color,8,1,1.0,1.0,1.0
divide_lpres_off,padim,carpet,motion,3,color,9,1,1.0,1.0,1.0
divide_lpres_off,padim,carpet,motion,3,color,10,1,1.0,1.0,1.0
divide_lpres_off,padim,carpet,motion,3,color,11,1,1.0,1.0,1.0
divide_lpres_off,padim,carpet,motion,3,color,12,1,1.0,1.0,1.0
divide_lpres_off,padim,carpet,motion,3,color,13,1,1.0,1.0,1.0
divide_lpres_off,padim,carpet,motion,3,color,14,1,0.6828001141548157,1.0,0.9760940074920654
divide_lpres_off,padim,carpet,motion,3,color,15,1,1.0,1.0,1.0
identity,padim,carpet,motion,4,good,0,0,0.798045814037323,1.0,1.0
identity,padim,carpet,motion,4,good,1,0,0.47389793395996094,1.0,1.0
identity,padim,carpet,motion,4,good,2,0,0.5784173011779785,1.0,1.0
identity,padim,carpet,motion,4,good,3,0,0.6443159580230713,1.0,1.0
identity,padim,carpet,motion,4,good,4,0,0.7448416948318481,1.0,1.0
identity,padim,carpet,motion,4,good,5,0,0.5055015087127686,1.0,1.0
identity,padim,carpet,motion,4,good,6,0,0.8287522792816162,1.0,1.0
identity,padim,carpet,motion,4,good,7,0,0.7726420164108276,1.0,1.0
identity,padim,carpet,motion,4,color,8,1,1.0,1.0,1.0
identity,padim,carpet,motion,4,color,9,1,1.0,1.0,1.0
identity,padim,carpet,motion,4,color,10,1,1.0,1.0,1.0
identity,padim,carpet,motion,4,color,11,1,1.0,1.0,1.0
identity,padim,carpet,motion,4,color,12,1,1.0,1.0,1.0
identity,padim,carpet,motion,4,color,13,1,1.0,1.0,1.0
identity,padim,carpet,motion,4,color,14,1,0.6828001141548157,1.0,1.0
identity,padim,carpet,motion,4,color,15,1,1.0,1.0,1.0
wiener,padim,carpet,motion,4,good,0,0,0.798045814037323,1.0,1.0
wiener,padim,carpet,motion,4,good,1,0,0.47389793395996094,1.0,1.0
wiener,padim,carpet,motion,4,good,2,0,0.5784173011779785,1.0,1.0
wiener,padim,carpet,motion,4,good,3,0,0.6443159580230713,1.0,1.0
wiener,padim,carpet,motion,4,good,4,0,0.7448416948318481,1.0,1.0
wiener,padim,carpet,motion,4,good,5,0,0.5055015087127686,1.0,1.0
wiener,padim,carpet,motion,4,good,6,0,0.8287522792816162,1.0,1.0
wiener,padim,carpet,motion,4,good,7,0,0.7726420164108276,1.0,1.0
wiener,padim,carpet,motion,4,color,8,1,1.0,1.0,1.0
wiener,padim,carpet,motion,4,color,9,1,1.0,1.0,1.0
wiener,padim,carpet,motion,4,color,10,1,1.0,1.0,1.0
wiener,padim,carpet,motion,4,color,11,1,1.0,1.0,1.0
wiener,padim,carpet,motion,4,color,12,1,1.0,1.0,1.0
wiener,padim,carpet,motion,4,color,13,1,1.0,1.0,1.0
wiener,padim,carpet,motion,4,color,14,1,0.6828001141548157,1.0,1.0
wiener,padim,carpet,motion,4,color,15,1,1.0,1.0,1.0
restormer_deblur,padim,carpet,motion,4,good,0,0,0.798045814037323,1.0,1.0
restormer_deblur,padim,carpet,motion,4,good,1,0,0.47389793395996094,1.0,1.0
restormer_deblur,padim,carpet,motion,4,good,2,0,0.5784173011779785,1.0,1.0
restormer_deblur,padim,carpet,motion,4,good,3,0,0.6443159580230713,1.0,1.0
restormer_deblur,padim,carpet,motion,4,good,4,0,0.7448416948318481,1.0,1.0
restormer_deblur,padim,carpet,motion,4,good,5,0,0.5055015087127686,1.0,1.0
restormer_deblur,padim,carpet,motion,4,good,6,0,0.8287522792816162,1.0,1.0
restormer_deblur,padim,carpet,motion,4,good,7,0,0.7726420164108276,1.0,1.0
restormer_deblur,padim,carpet,motion,4,color,8,1,1.0,1.0,1.0
restormer_deblur,padim,carpet,motion,4,color,9,1,1.0,1.0,1.0
restormer_deblur,padim,carpet,motion,4,color,10,1,1.0,1.0,1.0
restormer_deblur,padim,carpet,motion,4,color,11,1,1.0,1.0,1.0
restormer_deblur,padim,carpet,motion,4,color,12,1,1.0,1.0,1.0
restormer_deblur,padim,carpet,motion,4,color,13,1,1.0,1.0,1.0
restormer_deblur,padim,carpet,motion,4,color,14,1,0.6828001141548157,1.0,1.0
restormer_deblur,padim,carpet,motion,4,color,15,1,1.0,1.0,1.0
divide_lpres_on,padim,carpet,motion,4,good,0,0,0.798045814037323,1.0,1.0
divide_lpres_on,padim,carpet,motion,4,good,1,0,0.47389793395996094,1.0,1.0
divide_lpres_on,padim,carpet,motion,4,good,2,0,0.5784173011779785,1.0,1.0
divide_lpres_on,padim,carpet,motion,4,good,3,0,0.6443159580230713,1.0,1.0
divide_lpres_on,padim,carpet,motion,4,good,4,0,0.7448416948318481,1.0,1.0
divide_lpres_on,padim,carpet,motion,4,good,5,0,0.5055015087127686,1.0,1.0
divide_lpres_on,padim,carpet,motion,4,good,6,0,0.8287522792816162,1.0,1.0
divide_lpres_on,padim,carpet,motion,4,good,7,0,0.7726420164108276,1.0,1.0
divide_lpres_on,padim,carpet,motion,4,color,8,1,1.0,1.0,1.0
divide_lpres_on,padim,carpet,motion,4,color,9,1,1.0,1.0,1.0
divide_lpres_on,padim,carpet,motion,4,color,10,1,1.0,1.0,1.0
divide_lpres_on,padim,carpet,motion,4,color,11,1,1.0,1.0,1.0
divide_lpres_on,padim,carpet,motion,4,color,12,1,1.0,1.0,1.0
divide_lpres_on,padim,carpet,motion,4,color,13,1,1.0,1.0,1.0
divide_lpres_on,padim,carpet,motion,4,color,14,1,0.6828001141548157,1.0,1.0
divide_lpres_on,padim,carpet,motion,4,color,15,1,1.0,1.0,1.0
divide_lpres_off,padim,carpet,motion,4,good,0,0,0.798045814037323,1.0,1.0
divide_lpres_off,padim,carpet,motion,4,good,1,0,0.47389793395996094,1.0,1.0
divide_lpres_off,padim,carpet,motion,4,good,2,0,0.5784173011779785,1.0,1.0
divide_lpres_off,padim,carpet,motion,4,good,3,0,0.6443159580230713,1.0,1.0
divide_lpres_off,padim,carpet,motion,4,good,4,0,0.7448416948318481,1.0,1.0
divide_lpres_off,padim,carpet,motion,4,good,5,0,0.5055015087127686,1.0,0.9571220874786377
divide_lpres_off,padim,carpet,motion,4,good,6,0,0.8287522792816162,1.0,1.0
divide_lpres_off,padim,carpet,motion,4,good,7,0,0.7726420164108276,1.0,1.0
divide_lpres_off,padim,carpet,motion,4,color,8,1,1.0,1.0,1.0
divide_lpres_off,padim,carpet,motion,4,color,9,1,1.0,1.0,1.0
divide_lpres_off,padim,carpet,motion,4,color,10,1,1.0,1.0,1.0
divide_lpres_off,padim,carpet,motion,4,color,11,1,1.0,1.0,1.0
divide_lpres_off,padim,carpet,motion,4,color,12,1,1.0,1.0,1.0
divide_lpres_off,padim,carpet,motion,4,color,13,1,1.0,1.0,1.0
divide_lpres_off,padim,carpet,motion,4,color,14,1,0.6828001141548157,1.0,1.0
divide_lpres_off,padim,carpet,motion,4,color,15,1,1.0,1.0,1.0
identity,padim,carpet,noise,2,good,0,0,0.798045814037323,0.9084408283233643,0.9084408283233643
identity,padim,carpet,noise,2,good,1,0,0.47389793395996094,0.8342983722686768,0.8342983722686768
identity,padim,carpet,noise,2,good,2,0,0.5784173011779785,0.8290117979049683,0.8290117979049683
identity,padim,carpet,noise,2,good,3,0,0.6443159580230713,0.7504618167877197,0.7504618167877197
identity,padim,carpet,noise,2,good,4,0,0.7448416948318481,0.7691409587860107,0.7691409587860107
identity,padim,carpet,noise,2,good,5,0,0.5055015087127686,0.9765906929969788,0.9765906929969788
identity,padim,carpet,noise,2,good,6,0,0.8287522792816162,0.8017639517784119,0.8017639517784119
identity,padim,carpet,noise,2,good,7,0,0.7726420164108276,0.9166601300239563,0.9166601300239563
identity,padim,carpet,noise,2,color,8,1,1.0,1.0,1.0
identity,padim,carpet,noise,2,color,9,1,1.0,0.8404549956321716,0.8404549956321716
identity,padim,carpet,noise,2,color,10,1,1.0,1.0,1.0
identity,padim,carpet,noise,2,color,11,1,1.0,0.9188377857208252,0.9188377857208252
identity,padim,carpet,noise,2,color,12,1,1.0,0.9837369918823242,0.9837369918823242
identity,padim,carpet,noise,2,color,13,1,1.0,0.8771904706954956,0.8771904706954956
identity,padim,carpet,noise,2,color,14,1,0.6828001141548157,0.6790503263473511,0.6790503263473511
identity,padim,carpet,noise,2,color,15,1,1.0,1.0,1.0
wiener,padim,carpet,noise,2,good,0,0,0.798045814037323,0.9084408283233643,0.9615205526351929
wiener,padim,carpet,noise,2,good,1,0,0.47389793395996094,0.8342983722686768,0.8101223707199097
wiener,padim,carpet,noise,2,good,2,0,0.5784173011779785,0.8290117979049683,1.0
wiener,padim,carpet,noise,2,good,3,0,0.6443159580230713,0.7504618167877197,0.8133580088615417
wiener,padim,carpet,noise,2,good,4,0,0.7448416948318481,0.7691409587860107,0.7732861042022705
wiener,padim,carpet,noise,2,good,5,0,0.5055015087127686,0.9765906929969788,0.8490228652954102
wiener,padim,carpet,noise,2,good,6,0,0.8287522792816162,0.8017639517784119,0.9821627140045166
wiener,padim,carpet,noise,2,good,7,0,0.7726420164108276,0.9166601300239563,1.0
wiener,padim,carpet,noise,2,color,8,1,1.0,1.0,1.0
wiener,padim,carpet,noise,2,color,9,1,1.0,0.8404549956321716,0.8709638714790344
wiener,padim,carpet,noise,2,color,10,1,1.0,1.0,1.0
wiener,padim,carpet,noise,2,color,11,1,1.0,0.9188377857208252,1.0
wiener,padim,carpet,noise,2,color,12,1,1.0,0.9837369918823242,1.0
wiener,padim,carpet,noise,2,color,13,1,1.0,0.8771904706954956,0.9411942362785339
wiener,padim,carpet,noise,2,color,14,1,0.6828001141548157,0.6790503263473511,0.7851643562316895
wiener,padim,carpet,noise,2,color,15,1,1.0,1.0,1.0
restormer_deblur,padim,carpet,noise,2,good,0,0,0.798045814037323,0.9084408283233643,0.9084408283233643
restormer_deblur,padim,carpet,noise,2,good,1,0,0.47389793395996094,0.8342983722686768,0.8342983722686768
restormer_deblur,padim,carpet,noise,2,good,2,0,0.5784173011779785,0.8290117979049683,0.8066308498382568
restormer_deblur,padim,carpet,noise,2,good,3,0,0.6443159580230713,0.7504618167877197,0.7504618167877197
restormer_deblur,padim,carpet,noise,2,good,4,0,0.7448416948318481,0.7691409587860107,0.7691409587860107
restormer_deblur,padim,carpet,noise,2,good,5,0,0.5055015087127686,0.9765906929969788,0.9765906929969788
restormer_deblur,padim,carpet,noise,2,good,6,0,0.8287522792816162,0.8017639517784119,0.8017639517784119
restormer_deblur,padim,carpet,noise,2,good,7,0,0.7726420164108276,0.9166601300239563,0.9166601300239563
restormer_deblur,padim,carpet,noise,2,color,8,1,1.0,1.0,1.0
restormer_deblur,padim,carpet,noise,2,color,9,1,1.0,0.8404549956321716,0.8404549956321716
restormer_deblur,padim,carpet,noise,2,color,10,1,1.0,1.0,1.0
restormer_deblur,padim,carpet,noise,2,color,11,1,1.0,0.9188377857208252,0.9188377857208252
restormer_deblur,padim,carpet,noise,2,color,12,1,1.0,0.9837369918823242,0.9837369918823242
restormer_deblur,padim,carpet,noise,2,color,13,1,1.0,0.8771904706954956,0.8771904706954956
restormer_deblur,padim,carpet,noise,2,color,14,1,0.6828001141548157,0.6790503263473511,0.6790503263473511
restormer_deblur,padim,carpet,noise,2,color,15,1,1.0,1.0,1.0
divide_lpres_on,padim,carpet,noise,2,good,0,0,0.798045814037323,0.9084408283233643,0.8363956212997437
divide_lpres_on,padim,carpet,noise,2,good,1,0,0.47389793395996094,0.8342983722686768,0.8206148743629456
divide_lpres_on,padim,carpet,noise,2,good,2,0,0.5784173011779785,0.8290117979049683,1.0
divide_lpres_on,padim,carpet,noise,2,good,3,0,0.6443159580230713,0.7504618167877197,0.7204362154006958
divide_lpres_on,padim,carpet,noise,2,good,4,0,0.7448416948318481,0.7691409587860107,0.7270845770835876
divide_lpres_on,padim,carpet,noise,2,good,5,0,0.5055015087127686,0.9765906929969788,0.9021619558334351
divide_lpres_on,padim,carpet,noise,2,good,6,0,0.8287522792816162,0.8017639517784119,0.7567523717880249
divide_lpres_on,padim,carpet,noise,2,good,7,0,0.7726420164108276,0.9166601300239563,0.8746718168258667
divide_lpres_on,padim,carpet,noise,2,color,8,1,1.0,1.0,1.0
divide_lpres_on,padim,carpet,noise,2,color,9,1,1.0,0.8404549956321716,0.7769622802734375
divide_lpres_on,padim,carpet,noise,2,color,10,1,1.0,1.0,1.0
divide_lpres_on,padim,carpet,noise,2,color,11,1,1.0,0.9188377857208252,0.9811949133872986
divide_lpres_on,padim,carpet,noise,2,color,12,1,1.0,0.9837369918823242,0.9177775979042053
divide_lpres_on,padim,carpet,noise,2,color,13,1,1.0,0.8771904706954956,0.7967804670333862
divide_lpres_on,padim,carpet,noise,2,color,14,1,0.6828001141548157,0.6790503263473511,0.6975011825561523
divide_lpres_on,padim,carpet,noise,2,color,15,1,1.0,1.0,1.0
divide_lpres_off,padim,carpet,noise,2,good,0,0,0.798045814037323,0.9084408283233643,0.672904372215271
divide_lpres_off,padim,carpet,noise,2,good,1,0,0.47389793395996094,0.8342983722686768,0.4302276372909546
divide_lpres_off,padim,carpet,noise,2,good,2,0,0.5784173011779785,0.8290117979049683,1.0
divide_lpres_off,padim,carpet,noise,2,good,3,0,0.6443159580230713,0.7504618167877197,0.657554566860199
divide_lpres_off,padim,carpet,noise,2,good,4,0,0.7448416948318481,0.7691409587860107,0.5983098745346069
divide_lpres_off,padim,carpet,noise,2,good,5,0,0.5055015087127686,0.9765906929969788,0.5100072026252747
divide_lpres_off,padim,carpet,noise,2,good,6,0,0.8287522792816162,0.8017639517784119,0.678573727607727
divide_lpres_off,padim,carpet,noise,2,good,7,0,0.7726420164108276,0.9166601300239563,0.8662486672401428
divide_lpres_off,padim,carpet,noise,2,color,8,1,1.0,1.0,1.0
divide_lpres_off,padim,carpet,noise,2,color,9,1,1.0,0.8404549956321716,0.7024081945419312
divide_lpres_off,padim,carpet,noise,2,color,10,1,1.0,1.0,0.7407518029212952
divide_lpres_off,padim,carpet,noise,2,color,11,1,1.0,0.9188377857208252,0.8784501552581787
divide_lpres_off,padim,carpet,noise,2,color,12,1,1.0,0.9837369918823242,1.0
divide_lpres_off,padim,carpet,noise,2,color,13,1,1.0,0.8771904706954956,0.8055176138877869
divide_lpres_off,padim,carpet,noise,2,color,14,1,0.6828001141548157,0.6790503263473511,0.5903575420379639
divide_lpres_off,padim,carpet,noise,2,color,15,1,1.0,1.0,1.0
identity,padim,carpet,noise,3,good,0,0,0.798045814037323,1.0,1.0
identity,padim,carpet,noise,3,good,1,0,0.47389793395996094,1.0,1.0
identity,padim,carpet,noise,3,good,2,0,0.5784173011779785,1.0,1.0
identity,padim,carpet,noise,3,good,3,0,0.6443159580230713,0.8936271071434021,0.8936271071434021
identity,padim,carpet,noise,3,good,4,0,0.7448416948318481,0.9299150705337524,0.9299150705337524
identity,padim,carpet,noise,3,good,5,0,0.5055015087127686,1.0,1.0
identity,padim,carpet,noise,3,good,6,0,0.8287522792816162,0.9307631254196167,0.9307631254196167
identity,padim,carpet,noise,3,good,7,0,0.7726420164108276,0.9694949984550476,0.9694949984550476
identity,padim,carpet,noise,3,color,8,1,1.0,1.0,1.0
identity,padim,carpet,noise,3,color,9,1,1.0,0.8797585964202881,0.8797585964202881
identity,padim,carpet,noise,3,color,10,1,1.0,1.0,1.0
identity,padim,carpet,noise,3,color,11,1,1.0,1.0,1.0
identity,padim,carpet,noise,3,color,12,1,1.0,0.9725181460380554,0.9725181460380554
identity,padim,carpet,noise,3,color,13,1,1.0,0.9069067239761353,0.9069067239761353
identity,padim,carpet,noise,3,color,14,1,0.6828001141548157,0.8548949360847473,0.8548949360847473
identity,padim,carpet,noise,3,color,15,1,1.0,1.0,1.0
wiener,padim,carpet,noise,3,good,0,0,0.798045814037323,1.0,1.0
wiener,padim,carpet,noise,3,good,1,0,0.47389793395996094,1.0,0.958687961101532
wiener,padim,carpet,noise,3,good,2,0,0.5784173011779785,1.0,1.0
wiener,padim,carpet,noise,3,good,3,0,0.6443159580230713,0.8936271071434021,1.0
wiener,padim,carpet,noise,3,good,4,0,0.7448416948318481,0.9299150705337524,0.9756109714508057
wiener,padim,carpet,noise,3,good,5,0,0.5055015087127686,1.0,1.0
wiener,padim,carpet,noise,3,good,6,0,0.8287522792816162,0.9307631254196167,1.0
wiener,padim,carpet,noise,3,good,7,0,0.7726420164108276,0.9694949984550476,1.0
wiener,padim,carpet,noise,3,color,8,1,1.0,1.0,1.0
wiener,padim,carpet,noise,3,color,9,1,1.0,0.8797585964202881,0.9700387716293335
wiener,padim,carpet,noise,3,color,10,1,1.0,1.0,0.9000983238220215
wiener,padim,carpet,noise,3,color,11,1,1.0,1.0,1.0
wiener,padim,carpet,noise,3,color,12,1,1.0,0.9725181460380554,0.9476494193077087
wiener,padim,carpet,noise,3,color,13,1,1.0,0.9069067239761353,0.8667138814926147
wiener,padim,carpet,noise,3,color,14,1,0.6828001141548157,0.8548949360847473,0.8366724252700806
wiener,padim,carpet,noise,3,color,15,1,1.0,1.0,1.0
restormer_deblur,padim,carpet,noise,3,good,0,0,0.798045814037323,1.0,1.0
restormer_deblur,padim,carpet,noise,3,good,1,0,0.47389793395996094,1.0,1.0
restormer_deblur,padim,carpet,noise,3,good,2,0,0.5784173011779785,1.0,0.9753997325897217
restormer_deblur,padim,carpet,noise,3,good,3,0,0.6443159580230713,0.8936271071434021,0.8936271071434021
restormer_deblur,padim,carpet,noise,3,good,4,0,0.7448416948318481,0.9299150705337524,0.9299150705337524
restormer_deblur,padim,carpet,noise,3,good,5,0,0.5055015087127686,1.0,1.0
restormer_deblur,padim,carpet,noise,3,good,6,0,0.8287522792816162,0.9307631254196167,0.9307631254196167
restormer_deblur,padim,carpet,noise,3,good,7,0,0.7726420164108276,0.9694949984550476,1.0
restormer_deblur,padim,carpet,noise,3,color,8,1,1.0,1.0,1.0
restormer_deblur,padim,carpet,noise,3,color,9,1,1.0,0.8797585964202881,0.8797585964202881
restormer_deblur,padim,carpet,noise,3,color,10,1,1.0,1.0,1.0
restormer_deblur,padim,carpet,noise,3,color,11,1,1.0,1.0,1.0
restormer_deblur,padim,carpet,noise,3,color,12,1,1.0,0.9725181460380554,0.9725181460380554
restormer_deblur,padim,carpet,noise,3,color,13,1,1.0,0.9069067239761353,0.9069067239761353
restormer_deblur,padim,carpet,noise,3,color,14,1,0.6828001141548157,0.8548949360847473,0.8548949360847473
restormer_deblur,padim,carpet,noise,3,color,15,1,1.0,1.0,1.0
divide_lpres_on,padim,carpet,noise,3,good,0,0,0.798045814037323,1.0,1.0
divide_lpres_on,padim,carpet,noise,3,good,1,0,0.47389793395996094,1.0,1.0
divide_lpres_on,padim,carpet,noise,3,good,2,0,0.5784173011779785,1.0,1.0
divide_lpres_on,padim,carpet,noise,3,good,3,0,0.6443159580230713,0.8936271071434021,0.8401550054550171
divide_lpres_on,padim,carpet,noise,3,good,4,0,0.7448416948318481,0.9299150705337524,0.8497828245162964
divide_lpres_on,padim,carpet,noise,3,good,5,0,0.5055015087127686,1.0,1.0
divide_lpres_on,padim,carpet,noise,3,good,6,0,0.8287522792816162,0.9307631254196167,0.8788489103317261
divide_lpres_on,padim,carpet,noise,3,good,7,0,0.7726420164108276,0.9694949984550476,1.0
divide_lpres_on,padim,carpet,noise,3,color,8,1,1.0,1.0,1.0
divide_lpres_on,padim,carpet,noise,3,color,9,1,1.0,0.8797585964202881,0.8031577467918396
divide_lpres_on,padim,carpet,noise,3,color,10,1,1.0,1.0,1.0
divide_lpres_on,padim,carpet,noise,3,color,11,1,1.0,1.0,1.0
divide_lpres_on,padim,carpet,noise,3,color,12,1,1.0,0.9725181460380554,0.9028805494308472
divide_lpres_on,padim,carpet,noise,3,color,13,1,1.0,0.9069067239761353,0.9196406006813049
divide_lpres_on,padim,carpet,noise,3,color,14,1,0.6828001141548157,0.8548949360847473,0.7547304034233093
divide_lpres_on,padim,carpet,noise,3,color,15,1,1.0,1.0,1.0
divide_lpres_off,padim,carpet,noise,3,good,0,0,0.798045814037323,1.0,0.717631459236145
divide_lpres_off,padim,carpet,noise,3,good,1,0,0.47389793395996094,1.0,0.5933857560157776
divide_lpres_off,padim,carpet,noise,3,good,2,0,0.5784173011779785,1.0,1.0
divide_lpres_off,padim,carpet,noise,3,good,3,0,0.6443159580230713,0.8936271071434021,0.6960419416427612
divide_lpres_off,padim,carpet,noise,3,good,4,0,0.7448416948318481,0.9299150705337524,0.5843055844306946
divide_lpres_off,padim,carpet,noise,3,good,5,0,0.5055015087127686,1.0,0.6685159802436829
divide_lpres_off,padim,carpet,noise,3,good,6,0,0.8287522792816162,0.9307631254196167,0.6400890350341797
divide_lpres_off,padim,carpet,noise,3,good,7,0,0.7726420164108276,0.9694949984550476,1.0
divide_lpres_off,padim,carpet,noise,3,color,8,1,1.0,1.0,1.0
divide_lpres_off,padim,carpet,noise,3,color,9,1,1.0,0.8797585964202881,0.7432098388671875
divide_lpres_off,padim,carpet,noise,3,color,10,1,1.0,1.0,0.7158545255661011
divide_lpres_off,padim,carpet,noise,3,color,11,1,1.0,1.0,0.8961880207061768
divide_lpres_off,padim,carpet,noise,3,color,12,1,1.0,0.9725181460380554,1.0
divide_lpres_off,padim,carpet,noise,3,color,13,1,1.0,0.9069067239761353,0.7949784994125366
divide_lpres_off,padim,carpet,noise,3,color,14,1,0.6828001141548157,0.8548949360847473,0.5843694806098938
divide_lpres_off,padim,carpet,noise,3,color,15,1,1.0,1.0,1.0
identity,padim,carpet,noise,4,good,0,0,0.798045814037323,1.0,1.0
identity,padim,carpet,noise,4,good,1,0,0.47389793395996094,1.0,1.0
identity,padim,carpet,noise,4,good,2,0,0.5784173011779785,1.0,1.0
identity,padim,carpet,noise,4,good,3,0,0.6443159580230713,1.0,1.0
identity,padim,carpet,noise,4,good,4,0,0.7448416948318481,1.0,1.0
identity,padim,carpet,noise,4,good,5,0,0.5055015087127686,1.0,1.0
identity,padim,carpet,noise,4,good,6,0,0.8287522792816162,1.0,1.0
identity,padim,carpet,noise,4,good,7,0,0.7726420164108276,1.0,1.0
identity,padim,carpet,noise,4,color,8,1,1.0,1.0,1.0
identity,padim,carpet,noise,4,color,9,1,1.0,0.9836496114730835,0.9836496114730835
identity,padim,carpet,noise,4,color,10,1,1.0,1.0,1.0
identity,padim,carpet,noise,4,color,11,1,1.0,1.0,1.0
identity,padim,carpet,noise,4,color,12,1,1.0,1.0,1.0
identity,padim,carpet,noise,4,color,13,1,1.0,1.0,1.0
identity,padim,carpet,noise,4,color,14,1,0.6828001141548157,0.9904611110687256,0.9904611110687256
identity,padim,carpet,noise,4,color,15,1,1.0,1.0,1.0
wiener,padim,carpet,noise,4,good,0,0,0.798045814037323,1.0,1.0
wiener,padim,carpet,noise,4,good,1,0,0.47389793395996094,1.0,1.0
wiener,padim,carpet,noise,4,good,2,0,0.5784173011779785,1.0,1.0
wiener,padim,carpet,noise,4,good,3,0,0.6443159580230713,1.0,1.0
wiener,padim,carpet,noise,4,good,4,0,0.7448416948318481,1.0,1.0
wiener,padim,carpet,noise,4,good,5,0,0.5055015087127686,1.0,1.0
wiener,padim,carpet,noise,4,good,6,0,0.8287522792816162,1.0,1.0
wiener,padim,carpet,noise,4,good,7,0,0.7726420164108276,1.0,1.0
wiener,padim,carpet,noise,4,color,8,1,1.0,1.0,1.0
wiener,padim,carpet,noise,4,color,9,1,1.0,0.9836496114730835,1.0
wiener,padim,carpet,noise,4,color,10,1,1.0,1.0,1.0
wiener,padim,carpet,noise,4,color,11,1,1.0,1.0,1.0
wiener,padim,carpet,noise,4,color,12,1,1.0,1.0,0.955960750579834
wiener,padim,carpet,noise,4,color,13,1,1.0,1.0,0.9180236458778381
wiener,padim,carpet,noise,4,color,14,1,0.6828001141548157,0.9904611110687256,0.9854187965393066
wiener,padim,carpet,noise,4,color,15,1,1.0,1.0,1.0
restormer_deblur,padim,carpet,noise,4,good,0,0,0.798045814037323,1.0,1.0
restormer_deblur,padim,carpet,noise,4,good,1,0,0.47389793395996094,1.0,1.0
restormer_deblur,padim,carpet,noise,4,good,2,0,0.5784173011779785,1.0,1.0
restormer_deblur,padim,carpet,noise,4,good,3,0,0.6443159580230713,1.0,1.0
restormer_deblur,padim,carpet,noise,4,good,4,0,0.7448416948318481,1.0,1.0
restormer_deblur,padim,carpet,noise,4,good,5,0,0.5055015087127686,1.0,1.0
restormer_deblur,padim,carpet,noise,4,good,6,0,0.8287522792816162,1.0,1.0
restormer_deblur,padim,carpet,noise,4,good,7,0,0.7726420164108276,1.0,1.0
restormer_deblur,padim,carpet,noise,4,color,8,1,1.0,1.0,1.0
restormer_deblur,padim,carpet,noise,4,color,9,1,1.0,0.9836496114730835,0.9836496114730835
restormer_deblur,padim,carpet,noise,4,color,10,1,1.0,1.0,1.0
restormer_deblur,padim,carpet,noise,4,color,11,1,1.0,1.0,1.0
restormer_deblur,padim,carpet,noise,4,color,12,1,1.0,1.0,1.0
restormer_deblur,padim,carpet,noise,4,color,13,1,1.0,1.0,1.0
restormer_deblur,padim,carpet,noise,4,color,14,1,0.6828001141548157,0.9904611110687256,0.9904611110687256
restormer_deblur,padim,carpet,noise,4,color,15,1,1.0,1.0,1.0
divide_lpres_on,padim,carpet,noise,4,good,0,0,0.798045814037323,1.0,1.0
divide_lpres_on,padim,carpet,noise,4,good,1,0,0.47389793395996094,1.0,1.0
divide_lpres_on,padim,carpet,noise,4,good,2,0,0.5784173011779785,1.0,1.0
divide_lpres_on,padim,carpet,noise,4,good,3,0,0.6443159580230713,1.0,1.0
divide_lpres_on,padim,carpet,noise,4,good,4,0,0.7448416948318481,1.0,0.9623042345046997
divide_lpres_on,padim,carpet,noise,4,good,5,0,0.5055015087127686,1.0,1.0
divide_lpres_on,padim,carpet,noise,4,good,6,0,0.8287522792816162,1.0,1.0
divide_lpres_on,padim,carpet,noise,4,good,7,0,0.7726420164108276,1.0,1.0
divide_lpres_on,padim,carpet,noise,4,color,8,1,1.0,1.0,1.0
divide_lpres_on,padim,carpet,noise,4,color,9,1,1.0,0.9836496114730835,0.9263553023338318
divide_lpres_on,padim,carpet,noise,4,color,10,1,1.0,1.0,0.9767602682113647
divide_lpres_on,padim,carpet,noise,4,color,11,1,1.0,1.0,1.0
divide_lpres_on,padim,carpet,noise,4,color,12,1,1.0,1.0,1.0
divide_lpres_on,padim,carpet,noise,4,color,13,1,1.0,1.0,1.0
divide_lpres_on,padim,carpet,noise,4,color,14,1,0.6828001141548157,0.9904611110687256,0.9120571613311768
divide_lpres_on,padim,carpet,noise,4,color,15,1,1.0,1.0,1.0
divide_lpres_off,padim,carpet,noise,4,good,0,0,0.798045814037323,1.0,0.7073975801467896
divide_lpres_off,padim,carpet,noise,4,good,1,0,0.47389793395996094,1.0,0.7402924299240112
divide_lpres_off,padim,carpet,noise,4,good,2,0,0.5784173011779785,1.0,0.791944146156311
divide_lpres_off,padim,carpet,noise,4,good,3,0,0.6443159580230713,1.0,0.7290650010108948
divide_lpres_off,padim,carpet,noise,4,good,4,0,0.7448416948318481,1.0,0.7163398265838623
divide_lpres_off,padim,carpet,noise,4,good,5,0,0.5055015087127686,1.0,0.7463590502738953
divide_lpres_off,padim,carpet,noise,4,good,6,0,0.8287522792816162,1.0,0.8146566152572632
divide_lpres_off,padim,carpet,noise,4,good,7,0,0.7726420164108276,1.0,0.9242678880691528
divide_lpres_off,padim,carpet,noise,4,color,8,1,1.0,1.0,1.0
divide_lpres_off,padim,carpet,noise,4,color,9,1,1.0,0.9836496114730835,0.8288626670837402
divide_lpres_off,padim,carpet,noise,4,color,10,1,1.0,1.0,0.9057913422584534
divide_lpres_off,padim,carpet,noise,4,color,11,1,1.0,1.0,0.9193313121795654
divide_lpres_off,padim,carpet,noise,4,color,12,1,1.0,1.0,1.0
divide_lpres_off,padim,carpet,noise,4,color,13,1,1.0,1.0,0.7399712800979614
divide_lpres_off,padim,carpet,noise,4,color,14,1,0.6828001141548157,0.9904611110687256,0.7105036973953247
divide_lpres_off,padim,carpet,noise,4,color,15,1,1.0,1.0,1.0
identity,padim,carpet,mixed,2,good,0,0,0.798045814037323,1.0,1.0
identity,padim,carpet,mixed,2,good,1,0,0.47389793395996094,0.5081337094306946,0.5081337094306946
identity,padim,carpet,mixed,2,good,2,0,0.5784173011779785,1.0,1.0
identity,padim,carpet,mixed,2,good,3,0,0.6443159580230713,0.9819605946540833,0.9819605946540833
identity,padim,carpet,mixed,2,good,4,0,0.7448416948318481,0.8691908121109009,0.8691908121109009
identity,padim,carpet,mixed,2,good,5,0,0.5055015087127686,0.6708870530128479,0.6708870530128479
identity,padim,carpet,mixed,2,good,6,0,0.8287522792816162,0.6748446226119995,0.6748446226119995
identity,padim,carpet,mixed,2,good,7,0,0.7726420164108276,1.0,1.0
identity,padim,carpet,mixed,2,color,8,1,1.0,1.0,1.0
identity,padim,carpet,mixed,2,color,9,1,1.0,1.0,1.0
identity,padim,carpet,mixed,2,color,10,1,1.0,1.0,1.0
identity,padim,carpet,mixed,2,color,11,1,1.0,1.0,1.0
identity,padim,carpet,mixed,2,color,12,1,1.0,1.0,1.0
identity,padim,carpet,mixed,2,color,13,1,1.0,1.0,1.0
identity,padim,carpet,mixed,2,color,14,1,0.6828001141548157,1.0,1.0
identity,padim,carpet,mixed,2,color,15,1,1.0,1.0,1.0
wiener,padim,carpet,mixed,2,good,0,0,0.798045814037323,1.0,1.0
wiener,padim,carpet,mixed,2,good,1,0,0.47389793395996094,0.5081337094306946,0.6463513374328613
wiener,padim,carpet,mixed,2,good,2,0,0.5784173011779785,1.0,1.0
wiener,padim,carpet,mixed,2,good,3,0,0.6443159580230713,0.9819605946540833,1.0
wiener,padim,carpet,mixed,2,good,4,0,0.7448416948318481,0.8691908121109009,0.9891807436943054
wiener,padim,carpet,mixed,2,good,5,0,0.5055015087127686,0.6708870530128479,0.8502152562141418
wiener,padim,carpet,mixed,2,good,6,0,0.8287522792816162,0.6748446226119995,0.7110850811004639
wiener,padim,carpet,mixed,2,good,7,0,0.7726420164108276,1.0,1.0
wiener,padim,carpet,mixed,2,color,8,1,1.0,1.0,1.0
wiener,padim,carpet,mixed,2,color,9,1,1.0,1.0,1.0
wiener,padim,carpet,mixed,2,color,10,1,1.0,1.0,1.0
wiener,padim,carpet,mixed,2,color,11,1,1.0,1.0,1.0
wiener,padim,carpet,mixed,2,color,12,1,1.0,1.0,1.0
wiener,padim,carpet,mixed,2,color,13,1,1.0,1.0,1.0
wiener,padim,carpet,mixed,2,color,14,1,0.6828001141548157,1.0,1.0
wiener,padim,carpet,mixed,2,color,15,1,1.0,1.0,1.0
restormer_deblur,padim,carpet,mixed,2,good,0,0,0.798045814037323,1.0,1.0
restormer_deblur,padim,carpet,mixed,2,good,1,0,0.47389793395996094,0.5081337094306946,0.5081337094306946
restormer_deblur,padim,carpet,mixed,2,good,2,0,0.5784173011779785,1.0,1.0
restormer_deblur,padim,carpet,mixed,2,good,3,0,0.6443159580230713,0.9819605946540833,0.9365121126174927
restormer_deblur,padim,carpet,mixed,2,good,4,0,0.7448416948318481,0.8691908121109009,0.8691908121109009
restormer_deblur,padim,carpet,mixed,2,good,5,0,0.5055015087127686,0.6708870530128479,0.6088292002677917
restormer_deblur,padim,carpet,mixed,2,good,6,0,0.8287522792816162,0.6748446226119995,0.6748446226119995
restormer_deblur,padim,carpet,mixed,2,good,7,0,0.7726420164108276,1.0,1.0
restormer_deblur,padim,carpet,mixed,2,color,8,1,1.0,1.0,1.0
restormer_deblur,padim,carpet,mixed,2,color,9,1,1.0,1.0,1.0
restormer_deblur,padim,carpet,mixed,2,color,10,1,1.0,1.0,1.0
restormer_deblur,padim,carpet,mixed,2,color,11,1,1.0,1.0,1.0
restormer_deblur,padim,carpet,mixed,2,color,12,1,1.0,1.0,1.0
restormer_deblur,padim,carpet,mixed,2,color,13,1,1.0,1.0,1.0
restormer_deblur,padim,carpet,mixed,2,color,14,1,0.6828001141548157,1.0,1.0
restormer_deblur,padim,carpet,mixed,2,color,15,1,1.0,1.0,1.0
divide_lpres_on,padim,carpet,mixed,2,good,0,0,0.798045814037323,1.0,1.0
divide_lpres_on,padim,carpet,mixed,2,good,1,0,0.47389793395996094,0.5081337094306946,0.5093757510185242
divide_lpres_on,padim,carpet,mixed,2,good,2,0,0.5784173011779785,1.0,1.0
divide_lpres_on,padim,carpet,mixed,2,good,3,0,0.6443159580230713,0.9819605946540833,1.0
divide_lpres_on,padim,carpet,mixed,2,good,4,0,0.7448416948318481,0.8691908121109009,0.7370327711105347
divide_lpres_on,padim,carpet,mixed,2,good,5,0,0.5055015087127686,0.6708870530128479,0.8214216828346252
divide_lpres_on,padim,carpet,mixed,2,good,6,0,0.8287522792816162,0.6748446226119995,0.5097735524177551
divide_lpres_on,padim,carpet,mixed,2,good,7,0,0.7726420164108276,1.0,0.8187041282653809
divide_lpres_on,padim,carpet,mixed,2,color,8,1,1.0,1.0,1.0
divide_lpres_on,padim,carpet,mixed,2,color,9,1,1.0,1.0,0.9663419723510742
divide_lpres_on,padim,carpet,mixed,2,color,10,1,1.0,1.0,1.0
divide_lpres_on,padim,carpet,mixed,2,color,11,1,1.0,1.0,1.0
divide_lpres_on,padim,carpet,mixed,2,color,12,1,1.0,1.0,1.0
divide_lpres_on,padim,carpet,mixed,2,color,13,1,1.0,1.0,0.8687483668327332
divide_lpres_on,padim,carpet,mixed,2,color,14,1,0.6828001141548157,1.0,1.0
divide_lpres_on,padim,carpet,mixed,2,color,15,1,1.0,1.0,1.0
divide_lpres_off,padim,carpet,mixed,2,good,0,0,0.798045814037323,1.0,1.0
divide_lpres_off,padim,carpet,mixed,2,good,1,0,0.47389793395996094,0.5081337094306946,0.5460469722747803
divide_lpres_off,padim,carpet,mixed,2,good,2,0,0.5784173011779785,1.0,1.0
divide_lpres_off,padim,carpet,mixed,2,good,3,0,0.6443159580230713,0.9819605946540833,1.0
divide_lpres_off,padim,carpet,mixed,2,good,4,0,0.7448416948318481,0.8691908121109009,0.5570633411407471
divide_lpres_off,padim,carpet,mixed,2,good,5,0,0.5055015087127686,0.6708870530128479,0.789337158203125
divide_lpres_off,padim,carpet,mixed,2,good,6,0,0.8287522792816162,0.6748446226119995,0.5247436165809631
divide_lpres_off,padim,carpet,mixed,2,good,7,0,0.7726420164108276,1.0,1.0
divide_lpres_off,padim,carpet,mixed,2,color,8,1,1.0,1.0,1.0
divide_lpres_off,padim,carpet,mixed,2,color,9,1,1.0,1.0,0.8392526507377625
divide_lpres_off,padim,carpet,mixed,2,color,10,1,1.0,1.0,1.0
divide_lpres_off,padim,carpet,mixed,2,color,11,1,1.0,1.0,1.0
divide_lpres_off,padim,carpet,mixed,2,color,12,1,1.0,1.0,1.0
divide_lpres_off,padim,carpet,mixed,2,color,13,1,1.0,1.0,0.6124361753463745
divide_lpres_off,padim,carpet,mixed,2,color,14,1,0.6828001141548157,1.0,0.7081979513168335
divide_lpres_off,padim,carpet,mixed,2,color,15,1,1.0,1.0,0.9995962381362915
identity,padim,carpet,mixed,3,good,0,0,0.798045814037323,1.0,1.0
identity,padim,carpet,mixed,3,good,1,0,0.47389793395996094,0.7395563125610352,0.7395563125610352
identity,padim,carpet,mixed,3,good,2,0,0.5784173011779785,1.0,1.0
identity,padim,carpet,mixed,3,good,3,0,0.6443159580230713,1.0,1.0
identity,padim,carpet,mixed,3,good,4,0,0.7448416948318481,1.0,1.0
identity,padim,carpet,mixed,3,good,5,0,0.5055015087127686,1.0,1.0
identity,padim,carpet,mixed,3,good,6,0,0.8287522792816162,0.823226809501648,0.823226809501648
identity,padim,carpet,mixed,3,good,7,0,0.7726420164108276,1.0,1.0
identity,padim,carpet,mixed,3,color,8,1,1.0,1.0,1.0
identity,padim,carpet,mixed,3,color,9,1,1.0,1.0,1.0
identity,padim,carpet,mixed,3,color,10,1,1.0,1.0,1.0
identity,padim,carpet,mixed,3,color,11,1,1.0,1.0,1.0
identity,padim,carpet,mixed,3,color,12,1,1.0,1.0,1.0
identity,padim,carpet,mixed,3,color,13,1,1.0,1.0,1.0
identity,padim,carpet,mixed,3,color,14,1,0.6828001141548157,1.0,1.0
identity,padim,carpet,mixed,3,color,15,1,1.0,1.0,1.0
wiener,padim,carpet,mixed,3,good,0,0,0.798045814037323,1.0,1.0
wiener,padim,carpet,mixed,3,good,1,0,0.47389793395996094,0.7395563125610352,0.8194165825843811
wiener,padim,carpet,mixed,3,good,2,0,0.5784173011779785,1.0,1.0
wiener,padim,carpet,mixed,3,good,3,0,0.6443159580230713,1.0,1.0
wiener,padim,carpet,mixed,3,good,4,0,0.7448416948318481,1.0,1.0
wiener,padim,carpet,mixed,3,good,5,0,0.5055015087127686,1.0,1.0
wiener,padim,carpet,mixed,3,good,6,0,0.8287522792816162,0.823226809501648,0.7909331321716309
wiener,padim,carpet,mixed,3,good,7,0,0.7726420164108276,1.0,1.0
wiener,padim,carpet,mixed,3,color,8,1,1.0,1.0,1.0
wiener,padim,carpet,mixed,3,color,9,1,1.0,1.0,1.0
wiener,padim,carpet,mixed,3,color,10,1,1.0,1.0,1.0
wiener,padim,carpet,mixed,3,color,11,1,1.0,1.0,1.0
wiener,padim,carpet,mixed,3,color,12,1,1.0,1.0,1.0
wiener,padim,carpet,mixed,3,color,13,1,1.0,1.0,1.0
wiener,padim,carpet,mixed,3,color,14,1,0.6828001141548157,1.0,1.0
wiener,padim,carpet,mixed,3,color,15,1,1.0,1.0,1.0
restormer_deblur,padim,carpet,mixed,3,good,0,0,0.798045814037323,1.0,1.0
restormer_deblur,padim,carpet,mixed,3,good,1,0,0.47389793395996094,0.7395563125610352,0.7395563125610352
restormer_deblur,padim,carpet,mixed,3,good,2,0,0.5784173011779785,1.0,1.0
restormer_deblur,padim,carpet,mixed,3,good,3,0,0.6443159580230713,1.0,1.0
restormer_deblur,padim,carpet,mixed,3,good,4,0,0.7448416948318481,1.0,1.0
restormer_deblur,padim,carpet,mixed,3,good,5,0,0.5055015087127686,1.0,1.0
restormer_deblur,padim,carpet,mixed,3,good,6,0,0.8287522792816162,0.823226809501648,0.823226809501648
restormer_deblur,padim,carpet,mixed,3,good,7,0,0.7726420164108276,1.0,1.0
restormer_deblur,padim,carpet,mixed,3,color,8,1,1.0,1.0,1.0
restormer_deblur,padim,carpet,mixed,3,color,9,1,1.0,1.0,1.0
restormer_deblur,padim,carpet,mixed,3,color,10,1,1.0,1.0,1.0
restormer_deblur,padim,carpet,mixed,3,color,11,1,1.0,1.0,1.0
restormer_deblur,padim,carpet,mixed,3,color,12,1,1.0,1.0,1.0
restormer_deblur,padim,carpet,mixed,3,color,13,1,1.0,1.0,1.0
restormer_deblur,padim,carpet,mixed,3,color,14,1,0.6828001141548157,1.0,1.0
restormer_deblur,padim,carpet,mixed,3,color,15,1,1.0,1.0,1.0
divide_lpres_on,padim,carpet,mixed,3,good,0,0,0.798045814037323,1.0,1.0
divide_lpres_on,padim,carpet,mixed,3,good,1,0,0.47389793395996094,0.7395563125610352,0.6639766693115234
divide_lpres_on,padim,carpet,mixed,3,good,2,0,0.5784173011779785,1.0,1.0
divide_lpres_on,padim,carpet,mixed,3,good,3,0,0.6443159580230713,1.0,1.0
divide_lpres_on,padim,carpet,mixed,3,good,4,0,0.7448416948318481,1.0,1.0
divide_lpres_on,padim,carpet,mixed,3,good,5,0,0.5055015087127686,1.0,1.0
divide_lpres_on,padim,carpet,mixed,3,good,6,0,0.8287522792816162,0.823226809501648,0.7393413782119751
divide_lpres_on,padim,carpet,mixed,3,good,7,0,0.7726420164108276,1.0,1.0
divide_lpres_on,padim,carpet,mixed,3,color,8,1,1.0,1.0,1.0
divide_lpres_on,padim,carpet,mixed,3,color,9,1,1.0,1.0,1.0
divide_lpres_on,padim,carpet,mixed,3,color,10,1,1.0,1.0,1.0
divide_lpres_on,padim,carpet,mixed,3,color,11,1,1.0,1.0,1.0
divide_lpres_on,padim,carpet,mixed,3,color,12,1,1.0,1.0,1.0
divide_lpres_on,padim,carpet,mixed,3,color,13,1,1.0,1.0,1.0
divide_lpres_on,padim,carpet,mixed,3,color,14,1,0.6828001141548157,1.0,1.0
divide_lpres_on,padim,carpet,mixed,3,color,15,1,1.0,1.0,1.0
divide_lpres_off,padim,carpet,mixed,3,good,0,0,0.798045814037323,1.0,1.0
divide_lpres_off,padim,carpet,mixed,3,good,1,0,0.47389793395996094,0.7395563125610352,0.6773990392684937
divide_lpres_off,padim,carpet,mixed,3,good,2,0,0.5784173011779785,1.0,1.0
divide_lpres_off,padim,carpet,mixed,3,good,3,0,0.6443159580230713,1.0,1.0
divide_lpres_off,padim,carpet,mixed,3,good,4,0,0.7448416948318481,1.0,0.8066257834434509
divide_lpres_off,padim,carpet,mixed,3,good,5,0,0.5055015087127686,1.0,1.0
divide_lpres_off,padim,carpet,mixed,3,good,6,0,0.8287522792816162,0.823226809501648,1.0
divide_lpres_off,padim,carpet,mixed,3,good,7,0,0.7726420164108276,1.0,1.0
divide_lpres_off,padim,carpet,mixed,3,color,8,1,1.0,1.0,1.0
divide_lpres_off,padim,carpet,mixed,3,color,9,1,1.0,1.0,0.7663235664367676
divide_lpres_off,padim,carpet,mixed,3,color,10,1,1.0,1.0,1.0
divide_lpres_off,padim,carpet,mixed,3,color,11,1,1.0,1.0,1.0
divide_lpres_off,padim,carpet,mixed,3,color,12,1,1.0,1.0,1.0
divide_lpres_off,padim,carpet,mixed,3,color,13,1,1.0,1.0,1.0
divide_lpres_off,padim,carpet,mixed,3,color,14,1,0.6828001141548157,1.0,0.8367802500724792
divide_lpres_off,padim,carpet,mixed,3,color,15,1,1.0,1.0,0.9586025476455688
identity,padim,carpet,mixed,4,good,0,0,0.798045814037323,1.0,1.0
identity,padim,carpet,mixed,4,good,1,0,0.47389793395996094,1.0,1.0
identity,padim,carpet,mixed,4,good,2,0,0.5784173011779785,1.0,1.0
identity,padim,carpet,mixed,4,good,3,0,0.6443159580230713,1.0,1.0
identity,padim,carpet,mixed,4,good,4,0,0.7448416948318481,1.0,1.0
identity,padim,carpet,mixed,4,good,5,0,0.5055015087127686,1.0,1.0
identity,padim,carpet,mixed,4,good,6,0,0.8287522792816162,0.8248115181922913,0.8248115181922913
identity,padim,carpet,mixed,4,good,7,0,0.7726420164108276,1.0,1.0
identity,padim,carpet,mixed,4,color,8,1,1.0,1.0,1.0
identity,padim,carpet,mixed,4,color,9,1,1.0,1.0,1.0
identity,padim,carpet,mixed,4,color,10,1,1.0,1.0,1.0
identity,padim,carpet,mixed,4,color,11,1,1.0,1.0,1.0
identity,padim,carpet,mixed,4,color,12,1,1.0,1.0,1.0
identity,padim,carpet,mixed,4,color,13,1,1.0,1.0,1.0
identity,padim,carpet,mixed,4,color,14,1,0.6828001141548157,1.0,1.0
identity,padim,carpet,mixed,4,color,15,1,1.0,1.0,1.0
wiener,padim,carpet,mixed,4,good,0,0,0.798045814037323,1.0,1.0
wiener,padim,carpet,mixed,4,good,1,0,0.47389793395996094,1.0,1.0
wiener,padim,carpet,mixed,4,good,2,0,0.5784173011779785,1.0,1.0
wiener,padim,carpet,mixed,4,good,3,0,0.6443159580230713,1.0,1.0
wiener,padim,carpet,mixed,4,good,4,0,0.7448416948318481,1.0,1.0
wiener,padim,carpet,mixed,4,good,5,0,0.5055015087127686,1.0,1.0
wiener,padim,carpet,mixed,4,good,6,0,0.8287522792816162,0.8248115181922913,1.0
wiener,padim,carpet,mixed,4,good,7,0,0.7726420164108276,1.0,1.0
wiener,padim,carpet,mixed,4,color,8,1,1.0,1.0,1.0
wiener,padim,carpet,mixed,4,color,9,1,1.0,1.0,1.0
wiener,padim,carpet,mixed,4,color,10,1,1.0,1.0,1.0
wiener,padim,carpet,mixed,4,color,11,1,1.0,1.0,1.0
wiener,padim,carpet,mixed,4,color,12,1,1.0,1.0,1.0
wiener,padim,carpet,mixed,4,color,13,1,1.0,1.0,1.0
wiener,padim,carpet,mixed,4,color,14,1,0.6828001141548157,1.0,1.0
wiener,padim,carpet,mixed,4,color,15,1,1.0,1.0,1.0
restormer_deblur,padim,carpet,mixed,4,good,0,0,0.798045814037323,1.0,1.0
restormer_deblur,padim,carpet,mixed,4,good,1,0,0.47389793395996094,1.0,1.0
restormer_deblur,padim,carpet,mixed,4,good,2,0,0.5784173011779785,1.0,1.0
restormer_deblur,padim,carpet,mixed,4,good,3,0,0.6443159580230713,1.0,1.0
restormer_deblur,padim,carpet,mixed,4,good,4,0,0.7448416948318481,1.0,1.0
restormer_deblur,padim,carpet,mixed,4,good,5,0,0.5055015087127686,1.0,1.0
restormer_deblur,padim,carpet,mixed,4,good,6,0,0.8287522792816162,0.8248115181922913,1.0
restormer_deblur,padim,carpet,mixed,4,good,7,0,0.7726420164108276,1.0,1.0
restormer_deblur,padim,carpet,mixed,4,color,8,1,1.0,1.0,1.0
restormer_deblur,padim,carpet,mixed,4,color,9,1,1.0,1.0,1.0
restormer_deblur,padim,carpet,mixed,4,color,10,1,1.0,1.0,1.0
restormer_deblur,padim,carpet,mixed,4,color,11,1,1.0,1.0,1.0
restormer_deblur,padim,carpet,mixed,4,color,12,1,1.0,1.0,1.0
restormer_deblur,padim,carpet,mixed,4,color,13,1,1.0,1.0,1.0
restormer_deblur,padim,carpet,mixed,4,color,14,1,0.6828001141548157,1.0,1.0
restormer_deblur,padim,carpet,mixed,4,color,15,1,1.0,1.0,1.0
divide_lpres_on,padim,carpet,mixed,4,good,0,0,0.798045814037323,1.0,1.0
divide_lpres_on,padim,carpet,mixed,4,good,1,0,0.47389793395996094,1.0,0.9341893792152405
divide_lpres_on,padim,carpet,mixed,4,good,2,0,0.5784173011779785,1.0,1.0
divide_lpres_on,padim,carpet,mixed,4,good,3,0,0.6443159580230713,1.0,1.0
divide_lpres_on,padim,carpet,mixed,4,good,4,0,0.7448416948318481,1.0,1.0
divide_lpres_on,padim,carpet,mixed,4,good,5,0,0.5055015087127686,1.0,1.0
divide_lpres_on,padim,carpet,mixed,4,good,6,0,0.8287522792816162,0.8248115181922913,1.0
divide_lpres_on,padim,carpet,mixed,4,good,7,0,0.7726420164108276,1.0,1.0
divide_lpres_on,padim,carpet,mixed,4,color,8,1,1.0,1.0,1.0
divide_lpres_on,padim,carpet,mixed,4,color,9,1,1.0,1.0,1.0
divide_lpres_on,padim,carpet,mixed,4,color,10,1,1.0,1.0,1.0
divide_lpres_on,padim,carpet,mixed,4,color,11,1,1.0,1.0,1.0
divide_lpres_on,padim,carpet,mixed,4,color,12,1,1.0,1.0,1.0
divide_lpres_on,padim,carpet,mixed,4,color,13,1,1.0,1.0,1.0
divide_lpres_on,padim,carpet,mixed,4,color,14,1,0.6828001141548157,1.0,1.0
divide_lpres_on,padim,carpet,mixed,4,color,15,1,1.0,1.0,1.0
divide_lpres_off,padim,carpet,mixed,4,good,0,0,0.798045814037323,1.0,1.0
divide_lpres_off,padim,carpet,mixed,4,good,1,0,0.47389793395996094,1.0,1.0
divide_lpres_off,padim,carpet,mixed,4,good,2,0,0.5784173011779785,1.0,1.0
divide_lpres_off,padim,carpet,mixed,4,good,3,0,0.6443159580230713,1.0,1.0
divide_lpres_off,padim,carpet,mixed,4,good,4,0,0.7448416948318481,1.0,1.0
divide_lpres_off,padim,carpet,mixed,4,good,5,0,0.5055015087127686,1.0,1.0
divide_lpres_off,padim,carpet,mixed,4,good,6,0,0.8287522792816162,0.8248115181922913,1.0
divide_lpres_off,padim,carpet,mixed,4,good,7,0,0.7726420164108276,1.0,1.0
divide_lpres_off,padim,carpet,mixed,4,color,8,1,1.0,1.0,1.0
divide_lpres_off,padim,carpet,mixed,4,color,9,1,1.0,1.0,0.8185068368911743
divide_lpres_off,padim,carpet,mixed,4,color,10,1,1.0,1.0,1.0
divide_lpres_off,padim,carpet,mixed,4,color,11,1,1.0,1.0,1.0
divide_lpres_off,padim,carpet,mixed,4,color,12,1,1.0,1.0,1.0
divide_lpres_off,padim,carpet,mixed,4,color,13,1,1.0,1.0,1.0
divide_lpres_off,padim,carpet,mixed,4,color,14,1,0.6828001141548157,1.0,1.0
divide_lpres_off,padim,carpet,mixed,4,color,15,1,1.0,1.0,1.0
identity,patchcore,carpet,defocus,2,good,0,0,0.5998239517211914,1.0,1.0
identity,patchcore,carpet,defocus,2,good,1,0,0.6361232995986938,1.0,1.0
identity,patchcore,carpet,defocus,2,good,2,0,1.0,1.0,1.0
identity,patchcore,carpet,defocus,2,good,3,0,1.0,1.0,1.0
identity,patchcore,carpet,defocus,2,good,4,0,0.79691082239151,1.0,1.0
identity,patchcore,carpet,defocus,2,good,5,0,0.7898678183555603,1.0,1.0
identity,patchcore,carpet,defocus,2,good,6,0,1.0,1.0,1.0
identity,patchcore,carpet,defocus,2,good,7,0,0.8467388153076172,1.0,1.0
identity,patchcore,carpet,defocus,2,color,8,1,1.0,1.0,1.0
identity,patchcore,carpet,defocus,2,color,9,1,1.0,1.0,1.0
identity,patchcore,carpet,defocus,2,color,10,1,1.0,1.0,1.0
identity,patchcore,carpet,defocus,2,color,11,1,1.0,1.0,1.0
identity,patchcore,carpet,defocus,2,color,12,1,1.0,1.0,1.0
identity,patchcore,carpet,defocus,2,color,13,1,1.0,1.0,1.0
identity,patchcore,carpet,defocus,2,color,14,1,1.0,1.0,1.0
identity,patchcore,carpet,defocus,2,color,15,1,1.0,1.0,1.0
wiener,patchcore,carpet,defocus,2,good,0,0,0.5998239517211914,1.0,0.7655574083328247
wiener,patchcore,carpet,defocus,2,good,1,0,0.6361232995986938,1.0,1.0
wiener,patchcore,carpet,defocus,2,good,2,0,1.0,1.0,1.0
wiener,patchcore,carpet,defocus,2,good,3,0,1.0,1.0,1.0
wiener,patchcore,carpet,defocus,2,good,4,0,0.79691082239151,1.0,0.9160311818122864
wiener,patchcore,carpet,defocus,2,good,5,0,0.7898678183555603,1.0,1.0
wiener,patchcore,carpet,defocus,2,good,6,0,1.0,1.0,1.0
wiener,patchcore,carpet,defocus,2,good,7,0,0.8467388153076172,1.0,1.0
wiener,patchcore,carpet,defocus,2,color,8,1,1.0,1.0,1.0
wiener,patchcore,carpet,defocus,2,color,9,1,1.0,1.0,1.0
wiener,patchcore,carpet,defocus,2,color,10,1,1.0,1.0,1.0
wiener,patchcore,carpet,defocus,2,color,11,1,1.0,1.0,1.0
wiener,patchcore,carpet,defocus,2,color,12,1,1.0,1.0,1.0
wiener,patchcore,carpet,defocus,2,color,13,1,1.0,1.0,1.0
wiener,patchcore,carpet,defocus,2,color,14,1,1.0,1.0,1.0
wiener,patchcore,carpet,defocus,2,color,15,1,1.0,1.0,1.0
restormer_deblur,patchcore,carpet,defocus,2,good,0,0,0.5998239517211914,1.0,1.0
restormer_deblur,patchcore,carpet,defocus,2,good,1,0,0.6361232995986938,1.0,1.0
restormer_deblur,patchcore,carpet,defocus,2,good,2,0,1.0,1.0,1.0
restormer_deblur,patchcore,carpet,defocus,2,good,3,0,1.0,1.0,1.0
restormer_deblur,patchcore,carpet,defocus,2,good,4,0,0.79691082239151,1.0,1.0
restormer_deblur,patchcore,carpet,defocus,2,good,5,0,0.7898678183555603,1.0,1.0
restormer_deblur,patchcore,carpet,defocus,2,good,6,0,1.0,1.0,1.0
restormer_deblur,patchcore,carpet,defocus,2,good,7,0,0.8467388153076172,1.0,1.0
restormer_deblur,patchcore,carpet,defocus,2,color,8,1,1.0,1.0,1.0
restormer_deblur,patchcore,carpet,defocus,2,color,9,1,1.0,1.0,1.0
restormer_deblur,patchcore,carpet,defocus,2,color,10,1,1.0,1.0,1.0
restormer_deblur,patchcore,carpet,defocus,2,color,11,1,1.0,1.0,1.0
restormer_deblur,patchcore,carpet,defocus,2,color,12,1,1.0,1.0,1.0
restormer_deblur,patchcore,carpet,defocus,2,color,13,1,1.0,1.0,1.0
restormer_deblur,patchcore,carpet,defocus,2,color,14,1,1.0,1.0,1.0
restormer_deblur,patchcore,carpet,defocus,2,color,15,1,1.0,1.0,1.0
divide_lpres_on,patchcore,carpet,defocus,2,good,0,0,0.5998239517211914,1.0,0.8428488969802856
divide_lpres_on,patchcore,carpet,defocus,2,good,1,0,0.6361232995986938,1.0,1.0
divide_lpres_on,patchcore,carpet,defocus,2,good,2,0,1.0,1.0,1.0
divide_lpres_on,patchcore,carpet,defocus,2,good,3,0,1.0,1.0,1.0
divide_lpres_on,patchcore,carpet,defocus,2,good,4,0,0.79691082239151,1.0,0.9519373178482056
divide_lpres_on,patchcore,carpet,defocus,2,good,5,0,0.7898678183555603,1.0,0.941214919090271
divide_lpres_on,patchcore,carpet,defocus,2,good,6,0,1.0,1.0,1.0
divide_lpres_on,patchcore,carpet,defocus,2,good,7,0,0.8467388153076172,1.0,0.9061379432678223
divide_lpres_on,patchcore,carpet,defocus,2,color,8,1,1.0,1.0,1.0
divide_lpres_on,patchcore,carpet,defocus,2,color,9,1,1.0,1.0,1.0
divide_lpres_on,patchcore,carpet,defocus,2,color,10,1,1.0,1.0,1.0
divide_lpres_on,patchcore,carpet,defocus,2,color,11,1,1.0,1.0,1.0
divide_lpres_on,patchcore,carpet,defocus,2,color,12,1,1.0,1.0,1.0
divide_lpres_on,patchcore,carpet,defocus,2,color,13,1,1.0,1.0,1.0
divide_lpres_on,patchcore,carpet,defocus,2,color,14,1,1.0,1.0,1.0
divide_lpres_on,patchcore,carpet,defocus,2,color,15,1,1.0,1.0,1.0
divide_lpres_off,patchcore,carpet,defocus,2,good,0,0,0.5998239517211914,1.0,0.8588757514953613
divide_lpres_off,patchcore,carpet,defocus,2,good,1,0,0.6361232995986938,1.0,0.9833363890647888
divide_lpres_off,patchcore,carpet,defocus,2,good,2,0,1.0,1.0,1.0
divide_lpres_off,patchcore,carpet,defocus,2,good,3,0,1.0,1.0,1.0
divide_lpres_off,patchcore,carpet,defocus,2,good,4,0,0.79691082239151,1.0,0.8964958190917969
divide_lpres_off,patchcore,carpet,defocus,2,good,5,0,0.7898678183555603,1.0,0.8709357976913452
divide_lpres_off,patchcore,carpet,defocus,2,good,6,0,1.0,1.0,1.0
divide_lpres_off,patchcore,carpet,defocus,2,good,7,0,0.8467388153076172,1.0,0.9357457160949707
divide_lpres_off,patchcore,carpet,defocus,2,color,8,1,1.0,1.0,1.0
divide_lpres_off,patchcore,carpet,defocus,2,color,9,1,1.0,1.0,1.0
divide_lpres_off,patchcore,carpet,defocus,2,color,10,1,1.0,1.0,1.0
divide_lpres_off,patchcore,carpet,defocus,2,color,11,1,1.0,1.0,1.0
divide_lpres_off,patchcore,carpet,defocus,2,color,12,1,1.0,1.0,1.0
divide_lpres_off,patchcore,carpet,defocus,2,color,13,1,1.0,1.0,1.0
divide_lpres_off,patchcore,carpet,defocus,2,color,14,1,1.0,1.0,1.0
divide_lpres_off,patchcore,carpet,defocus,2,color,15,1,1.0,1.0,1.0
identity,patchcore,carpet,defocus,3,good,0,0,0.5998239517211914,1.0,1.0
identity,patchcore,carpet,defocus,3,good,1,0,0.6361232995986938,1.0,1.0
identity,patchcore,carpet,defocus,3,good,2,0,1.0,1.0,1.0
identity,patchcore,carpet,defocus,3,good,3,0,1.0,1.0,1.0
identity,patchcore,carpet,defocus,3,good,4,0,0.79691082239151,1.0,1.0
identity,patchcore,carpet,defocus,3,good,5,0,0.7898678183555603,1.0,1.0
identity,patchcore,carpet,defocus,3,good,6,0,1.0,1.0,1.0
identity,patchcore,carpet,defocus,3,good,7,0,0.8467388153076172,1.0,1.0
identity,patchcore,carpet,defocus,3,color,8,1,1.0,1.0,1.0
identity,patchcore,carpet,defocus,3,color,9,1,1.0,1.0,1.0
identity,patchcore,carpet,defocus,3,color,10,1,1.0,1.0,1.0
identity,patchcore,carpet,defocus,3,color,11,1,1.0,1.0,1.0
identity,patchcore,carpet,defocus,3,color,12,1,1.0,1.0,1.0
identity,patchcore,carpet,defocus,3,color,13,1,1.0,1.0,1.0
identity,patchcore,carpet,defocus,3,color,14,1,1.0,1.0,1.0
identity,patchcore,carpet,defocus,3,color,15,1,1.0,1.0,1.0
wiener,patchcore,carpet,defocus,3,good,0,0,0.5998239517211914,1.0,1.0
wiener,patchcore,carpet,defocus,3,good,1,0,0.6361232995986938,1.0,1.0
wiener,patchcore,carpet,defocus,3,good,2,0,1.0,1.0,1.0
wiener,patchcore,carpet,defocus,3,good,3,0,1.0,1.0,1.0
wiener,patchcore,carpet,defocus,3,good,4,0,0.79691082239151,1.0,1.0
wiener,patchcore,carpet,defocus,3,good,5,0,0.7898678183555603,1.0,1.0
wiener,patchcore,carpet,defocus,3,good,6,0,1.0,1.0,1.0
wiener,patchcore,carpet,defocus,3,good,7,0,0.8467388153076172,1.0,1.0
wiener,patchcore,carpet,defocus,3,color,8,1,1.0,1.0,1.0
wiener,patchcore,carpet,defocus,3,color,9,1,1.0,1.0,1.0
wiener,patchcore,carpet,defocus,3,color,10,1,1.0,1.0,1.0
wiener,patchcore,carpet,defocus,3,color,11,1,1.0,1.0,1.0
wiener,patchcore,carpet,defocus,3,color,12,1,1.0,1.0,1.0
wiener,patchcore,carpet,defocus,3,color,13,1,1.0,1.0,1.0
wiener,patchcore,carpet,defocus,3,color,14,1,1.0,1.0,1.0
wiener,patchcore,carpet,defocus,3,color,15,1,1.0,1.0,1.0
restormer_deblur,patchcore,carpet,defocus,3,good,0,0,0.5998239517211914,1.0,1.0
restormer_deblur,patchcore,carpet,defocus,3,good,1,0,0.6361232995986938,1.0,1.0
restormer_deblur,patchcore,carpet,defocus,3,good,2,0,1.0,1.0,1.0
restormer_deblur,patchcore,carpet,defocus,3,good,3,0,1.0,1.0,1.0
restormer_deblur,patchcore,carpet,defocus,3,good,4,0,0.79691082239151,1.0,1.0
restormer_deblur,patchcore,carpet,defocus,3,good,5,0,0.7898678183555603,1.0,1.0
restormer_deblur,patchcore,carpet,defocus,3,good,6,0,1.0,1.0,1.0
restormer_deblur,patchcore,carpet,defocus,3,good,7,0,0.8467388153076172,1.0,1.0
restormer_deblur,patchcore,carpet,defocus,3,color,8,1,1.0,1.0,1.0
restormer_deblur,patchcore,carpet,defocus,3,color,9,1,1.0,1.0,1.0
restormer_deblur,patchcore,carpet,defocus,3,color,10,1,1.0,1.0,1.0
restormer_deblur,patchcore,carpet,defocus,3,color,11,1,1.0,1.0,1.0
restormer_deblur,patchcore,carpet,defocus,3,color,12,1,1.0,1.0,1.0
restormer_deblur,patchcore,carpet,defocus,3,color,13,1,1.0,1.0,1.0
restormer_deblur,patchcore,carpet,defocus,3,color,14,1,1.0,1.0,1.0
restormer_deblur,patchcore,carpet,defocus,3,color,15,1,1.0,1.0,1.0
divide_lpres_on,patchcore,carpet,defocus,3,good,0,0,0.5998239517211914,1.0,0.9858543872833252
divide_lpres_on,patchcore,carpet,defocus,3,good,1,0,0.6361232995986938,1.0,1.0
divide_lpres_on,patchcore,carpet,defocus,3,good,2,0,1.0,1.0,1.0
divide_lpres_on,patchcore,carpet,defocus,3,good,3,0,1.0,1.0,1.0
divide_lpres_on,patchcore,carpet,defocus,3,good,4,0,0.79691082239151,1.0,1.0
divide_lpres_on,patchcore,carpet,defocus,3,good,5,0,0.7898678183555603,1.0,1.0
divide_lpres_on,patchcore,carpet,defocus,3,good,6,0,1.0,1.0,1.0
divide_lpres_on,patchcore,carpet,defocus,3,good,7,0,0.8467388153076172,1.0,1.0
divide_lpres_on,patchcore,carpet,defocus,3,color,8,1,1.0,1.0,1.0
divide_lpres_on,patchcore,carpet,defocus,3,color,9,1,1.0,1.0,1.0
divide_lpres_on,patchcore,carpet,defocus,3,color,10,1,1.0,1.0,1.0
divide_lpres_on,patchcore,carpet,defocus,3,color,11,1,1.0,1.0,1.0
divide_lpres_on,patchcore,carpet,defocus,3,color,12,1,1.0,1.0,1.0
divide_lpres_on,patchcore,carpet,defocus,3,color,13,1,1.0,1.0,1.0
divide_lpres_on,patchcore,carpet,defocus,3,color,14,1,1.0,1.0,1.0
divide_lpres_on,patchcore,carpet,defocus,3,color,15,1,1.0,1.0,1.0
divide_lpres_off,patchcore,carpet,defocus,3,good,0,0,0.5998239517211914,1.0,0.9268878698348999
divide_lpres_off,patchcore,carpet,defocus,3,good,1,0,0.6361232995986938,1.0,1.0
divide_lpres_off,patchcore,carpet,defocus,3,good,2,0,1.0,1.0,1.0
divide_lpres_off,patchcore,carpet,defocus,3,good,3,0,1.0,1.0,1.0
divide_lpres_off,patchcore,carpet,defocus,3,good,4,0,0.79691082239151,1.0,1.0
divide_lpres_off,patchcore,carpet,defocus,3,good,5,0,0.7898678183555603,1.0,0.9743355512619019
divide_lpres_off,patchcore,carpet,defocus,3,good,6,0,1.0,1.0,1.0
divide_lpres_off,patchcore,carpet,defocus,3,good,7,0,0.8467388153076172,1.0,0.9752439856529236
divide_lpres_off,patchcore,carpet,defocus,3,color,8,1,1.0,1.0,1.0
divide_lpres_off,patchcore,carpet,defocus,3,color,9,1,1.0,1.0,1.0
divide_lpres_off,patchcore,carpet,defocus,3,color,10,1,1.0,1.0,1.0
divide_lpres_off,patchcore,carpet,defocus,3,color,11,1,1.0,1.0,1.0
divide_lpres_off,patchcore,carpet,defocus,3,color,12,1,1.0,1.0,1.0
divide_lpres_off,patchcore,carpet,defocus,3,color,13,1,1.0,1.0,1.0
divide_lpres_off,patchcore,carpet,defocus,3,color,14,1,1.0,1.0,1.0
divide_lpres_off,patchcore,carpet,defocus,3,color,15,1,1.0,1.0,1.0
identity,patchcore,carpet,defocus,4,good,0,0,0.5998239517211914,1.0,1.0
identity,patchcore,carpet,defocus,4,good,1,0,0.6361232995986938,1.0,1.0
identity,patchcore,carpet,defocus,4,good,2,0,1.0,1.0,1.0
identity,patchcore,carpet,defocus,4,good,3,0,1.0,1.0,1.0
identity,patchcore,carpet,defocus,4,good,4,0,0.79691082239151,1.0,1.0
identity,patchcore,carpet,defocus,4,good,5,0,0.7898678183555603,1.0,1.0
identity,patchcore,carpet,defocus,4,good,6,0,1.0,1.0,1.0
identity,patchcore,carpet,defocus,4,good,7,0,0.8467388153076172,1.0,1.0
identity,patchcore,carpet,defocus,4,color,8,1,1.0,1.0,1.0
identity,patchcore,carpet,defocus,4,color,9,1,1.0,1.0,1.0
identity,patchcore,carpet,defocus,4,color,10,1,1.0,1.0,1.0
identity,patchcore,carpet,defocus,4,color,11,1,1.0,1.0,1.0
identity,patchcore,carpet,defocus,4,color,12,1,1.0,1.0,1.0
identity,patchcore,carpet,defocus,4,color,13,1,1.0,1.0,1.0
identity,patchcore,carpet,defocus,4,color,14,1,1.0,1.0,1.0
identity,patchcore,carpet,defocus,4,color,15,1,1.0,1.0,1.0
wiener,patchcore,carpet,defocus,4,good,0,0,0.5998239517211914,1.0,1.0
wiener,patchcore,carpet,defocus,4,good,1,0,0.6361232995986938,1.0,1.0
wiener,patchcore,carpet,defocus,4,good,2,0,1.0,1.0,1.0
wiener,patchcore,carpet,defocus,4,good,3,0,1.0,1.0,1.0
wiener,patchcore,carpet,defocus,4,good,4,0,0.79691082239151,1.0,1.0
wiener,patchcore,carpet,defocus,4,good,5,0,0.7898678183555603,1.0,1.0
wiener,patchcore,carpet,defocus,4,good,6,0,1.0,1.0,1.0
wiener,patchcore,carpet,defocus,4,good,7,0,0.8467388153076172,1.0,1.0
wiener,patchcore,carpet,defocus,4,color,8,1,1.0,1.0,1.0
wiener,patchcore,carpet,defocus,4,color,9,1,1.0,1.0,1.0
wiener,patchcore,carpet,defocus,4,color,10,1,1.0,1.0,1.0
wiener,patchcore,carpet,defocus,4,color,11,1,1.0,1.0,1.0
wiener,patchcore,carpet,defocus,4,color,12,1,1.0,1.0,1.0
wiener,patchcore,carpet,defocus,4,color,13,1,1.0,1.0,1.0
wiener,patchcore,carpet,defocus,4,color,14,1,1.0,1.0,1.0
wiener,patchcore,carpet,defocus,4,color,15,1,1.0,1.0,1.0
restormer_deblur,patchcore,carpet,defocus,4,good,0,0,0.5998239517211914,1.0,1.0
restormer_deblur,patchcore,carpet,defocus,4,good,1,0,0.6361232995986938,1.0,1.0
restormer_deblur,patchcore,carpet,defocus,4,good,2,0,1.0,1.0,1.0
restormer_deblur,patchcore,carpet,defocus,4,good,3,0,1.0,1.0,1.0
restormer_deblur,patchcore,carpet,defocus,4,good,4,0,0.79691082239151,1.0,1.0
restormer_deblur,patchcore,carpet,defocus,4,good,5,0,0.7898678183555603,1.0,1.0
restormer_deblur,patchcore,carpet,defocus,4,good,6,0,1.0,1.0,1.0
restormer_deblur,patchcore,carpet,defocus,4,good,7,0,0.8467388153076172,1.0,1.0
restormer_deblur,patchcore,carpet,defocus,4,color,8,1,1.0,1.0,1.0
restormer_deblur,patchcore,carpet,defocus,4,color,9,1,1.0,1.0,1.0
restormer_deblur,patchcore,carpet,defocus,4,color,10,1,1.0,1.0,1.0
restormer_deblur,patchcore,carpet,defocus,4,color,11,1,1.0,1.0,1.0
restormer_deblur,patchcore,carpet,defocus,4,color,12,1,1.0,1.0,1.0
restormer_deblur,patchcore,carpet,defocus,4,color,13,1,1.0,1.0,1.0
restormer_deblur,patchcore,carpet,defocus,4,color,14,1,1.0,1.0,1.0
restormer_deblur,patchcore,carpet,defocus,4,color,15,1,1.0,1.0,1.0
divide_lpres_on,patchcore,carpet,defocus,4,good,0,0,0.5998239517211914,1.0,1.0
divide_lpres_on,patchcore,carpet,defocus,4,good,1,0,0.6361232995986938,1.0,1.0
divide_lpres_on,patchcore,carpet,defocus,4,good,2,0,1.0,1.0,1.0
divide_lpres_on,patchcore,carpet,defocus,4,good,3,0,1.0,1.0,1.0
divide_lpres_on,patchcore,carpet,defocus,4,good,4,0,0.79691082239151,1.0,1.0
divide_lpres_on,patchcore,carpet,defocus,4,good,5,0,0.7898678183555603,1.0,1.0
divide_lpres_on,patchcore,carpet,defocus,4,good,6,0,1.0,1.0,1.0
divide_lpres_on,patchcore,carpet,defocus,4,good,7,0,0.8467388153076172,1.0,1.0
divide_lpres_on,patchcore,carpet,defocus,4,color,8,1,1.0,1.0,1.0
divide_lpres_on,patchcore,carpet,defocus,4,color,9,1,1.0,1.0,1.0
divide_lpres_on,patchcore,carpet,defocus,4,color,10,1,1.0,1.0,1.0
divide_lpres_on,patchcore,carpet,defocus,4,color,11,1,1.0,1.0,1.0
divide_lpres_on,patchcore,carpet,defocus,4,color,12,1,1.0,1.0,1.0
divide_lpres_on,patchcore,carpet,defocus,4,color,13,1,1.0,1.0,1.0
divide_lpres_on,patchcore,carpet,defocus,4,color,14,1,1.0,1.0,1.0
divide_lpres_on,patchcore,carpet,defocus,4,color,15,1,1.0,1.0,1.0
divide_lpres_off,patchcore,carpet,defocus,4,good,0,0,0.5998239517211914,1.0,1.0
divide_lpres_off,patchcore,carpet,defocus,4,good,1,0,0.6361232995986938,1.0,1.0
divide_lpres_off,patchcore,carpet,defocus,4,good,2,0,1.0,1.0,1.0
divide_lpres_off,patchcore,carpet,defocus,4,good,3,0,1.0,1.0,1.0
divide_lpres_off,patchcore,carpet,defocus,4,good,4,0,0.79691082239151,1.0,1.0
divide_lpres_off,patchcore,carpet,defocus,4,good,5,0,0.7898678183555603,1.0,1.0
divide_lpres_off,patchcore,carpet,defocus,4,good,6,0,1.0,1.0,1.0
divide_lpres_off,patchcore,carpet,defocus,4,good,7,0,0.8467388153076172,1.0,1.0
divide_lpres_off,patchcore,carpet,defocus,4,color,8,1,1.0,1.0,1.0
divide_lpres_off,patchcore,carpet,defocus,4,color,9,1,1.0,1.0,1.0
divide_lpres_off,patchcore,carpet,defocus,4,color,10,1,1.0,1.0,1.0
divide_lpres_off,patchcore,carpet,defocus,4,color,11,1,1.0,1.0,1.0
divide_lpres_off,patchcore,carpet,defocus,4,color,12,1,1.0,1.0,1.0
divide_lpres_off,patchcore,carpet,defocus,4,color,13,1,1.0,1.0,1.0
divide_lpres_off,patchcore,carpet,defocus,4,color,14,1,1.0,1.0,1.0
divide_lpres_off,patchcore,carpet,defocus,4,color,15,1,1.0,1.0,1.0
identity,patchcore,carpet,motion,2,good,0,0,0.5998239517211914,1.0,1.0
identity,patchcore,carpet,motion,2,good,1,0,0.6361232995986938,1.0,1.0
identity,patchcore,carpet,motion,2,good,2,0,1.0,1.0,1.0
identity,patchcore,carpet,motion,2,good,3,0,1.0,1.0,1.0
identity,patchcore,carpet,motion,2,good,4,0,0.79691082239151,1.0,1.0
identity,patchcore,carpet,motion,2,good,5,0,0.7898678183555603,1.0,1.0
identity,patchcore,carpet,motion,2,good,6,0,1.0,1.0,1.0
identity,patchcore,carpet,motion,2,good,7,0,0.8467388153076172,1.0,1.0
identity,patchcore,carpet,motion,2,color,8,1,1.0,1.0,1.0
identity,patchcore,carpet,motion,2,color,9,1,1.0,1.0,1.0
identity,patchcore,carpet,motion,2,color,10,1,1.0,1.0,1.0
identity,patchcore,carpet,motion,2,color,11,1,1.0,1.0,1.0
identity,patchcore,carpet,motion,2,color,12,1,1.0,1.0,1.0
identity,patchcore,carpet,motion,2,color,13,1,1.0,1.0,1.0
identity,patchcore,carpet,motion,2,color,14,1,1.0,1.0,1.0
identity,patchcore,carpet,motion,2,color,15,1,1.0,1.0,1.0
wiener,patchcore,carpet,motion,2,good,0,0,0.5998239517211914,1.0,1.0
wiener,patchcore,carpet,motion,2,good,1,0,0.6361232995986938,1.0,1.0
wiener,patchcore,carpet,motion,2,good,2,0,1.0,1.0,1.0
wiener,patchcore,carpet,motion,2,good,3,0,1.0,1.0,1.0
wiener,patchcore,carpet,motion,2,good,4,0,0.79691082239151,1.0,1.0
wiener,patchcore,carpet,motion,2,good,5,0,0.7898678183555603,1.0,1.0
wiener,patchcore,carpet,motion,2,good,6,0,1.0,1.0,1.0
wiener,patchcore,carpet,motion,2,good,7,0,0.8467388153076172,1.0,1.0
wiener,patchcore,carpet,motion,2,color,8,1,1.0,1.0,1.0
wiener,patchcore,carpet,motion,2,color,9,1,1.0,1.0,1.0
wiener,patchcore,carpet,motion,2,color,10,1,1.0,1.0,1.0
wiener,patchcore,carpet,motion,2,color,11,1,1.0,1.0,1.0
wiener,patchcore,carpet,motion,2,color,12,1,1.0,1.0,1.0
wiener,patchcore,carpet,motion,2,color,13,1,1.0,1.0,1.0
wiener,patchcore,carpet,motion,2,color,14,1,1.0,1.0,1.0
wiener,patchcore,carpet,motion,2,color,15,1,1.0,1.0,1.0
restormer_deblur,patchcore,carpet,motion,2,good,0,0,0.5998239517211914,1.0,1.0
restormer_deblur,patchcore,carpet,motion,2,good,1,0,0.6361232995986938,1.0,1.0
restormer_deblur,patchcore,carpet,motion,2,good,2,0,1.0,1.0,1.0
restormer_deblur,patchcore,carpet,motion,2,good,3,0,1.0,1.0,1.0
restormer_deblur,patchcore,carpet,motion,2,good,4,0,0.79691082239151,1.0,1.0
restormer_deblur,patchcore,carpet,motion,2,good,5,0,0.7898678183555603,1.0,1.0
restormer_deblur,patchcore,carpet,motion,2,good,6,0,1.0,1.0,1.0
restormer_deblur,patchcore,carpet,motion,2,good,7,0,0.8467388153076172,1.0,1.0
restormer_deblur,patchcore,carpet,motion,2,color,8,1,1.0,1.0,1.0
restormer_deblur,patchcore,carpet,motion,2,color,9,1,1.0,1.0,1.0
restormer_deblur,patchcore,carpet,motion,2,color,10,1,1.0,1.0,1.0
restormer_deblur,patchcore,carpet,motion,2,color,11,1,1.0,1.0,1.0
restormer_deblur,patchcore,carpet,motion,2,color,12,1,1.0,1.0,1.0
restormer_deblur,patchcore,carpet,motion,2,color,13,1,1.0,1.0,1.0
restormer_deblur,patchcore,carpet,motion,2,color,14,1,1.0,1.0,1.0
restormer_deblur,patchcore,carpet,motion,2,color,15,1,1.0,1.0,1.0
divide_lpres_on,patchcore,carpet,motion,2,good,0,0,0.5998239517211914,1.0,1.0
divide_lpres_on,patchcore,carpet,motion,2,good,1,0,0.6361232995986938,1.0,1.0
divide_lpres_on,patchcore,carpet,motion,2,good,2,0,1.0,1.0,1.0
divide_lpres_on,patchcore,carpet,motion,2,good,3,0,1.0,1.0,1.0
divide_lpres_on,patchcore,carpet,motion,2,good,4,0,0.79691082239151,1.0,1.0
divide_lpres_on,patchcore,carpet,motion,2,good,5,0,0.7898678183555603,1.0,0.9401192665100098
divide_lpres_on,patchcore,carpet,motion,2,good,6,0,1.0,1.0,1.0
divide_lpres_on,patchcore,carpet,motion,2,good,7,0,0.8467388153076172,1.0,1.0
divide_lpres_on,patchcore,carpet,motion,2,color,8,1,1.0,1.0,1.0
divide_lpres_on,patchcore,carpet,motion,2,color,9,1,1.0,1.0,1.0
divide_lpres_on,patchcore,carpet,motion,2,color,10,1,1.0,1.0,1.0
divide_lpres_on,patchcore,carpet,motion,2,color,11,1,1.0,1.0,1.0
divide_lpres_on,patchcore,carpet,motion,2,color,12,1,1.0,1.0,1.0
divide_lpres_on,patchcore,carpet,motion,2,color,13,1,1.0,1.0,1.0
divide_lpres_on,patchcore,carpet,motion,2,color,14,1,1.0,1.0,1.0
divide_lpres_on,patchcore,carpet,motion,2,color,15,1,1.0,1.0,1.0
divide_lpres_off,patchcore,carpet,motion,2,good,0,0,0.5998239517211914,1.0,1.0
divide_lpres_off,patchcore,carpet,motion,2,good,1,0,0.6361232995986938,1.0,1.0
divide_lpres_off,patchcore,carpet,motion,2,good,2,0,1.0,1.0,1.0
divide_lpres_off,patchcore,carpet,motion,2,good,3,0,1.0,1.0,1.0
divide_lpres_off,patchcore,carpet,motion,2,good,4,0,0.79691082239151,1.0,1.0
divide_lpres_off,patchcore,carpet,motion,2,good,5,0,0.7898678183555603,1.0,1.0
divide_lpres_off,patchcore,carpet,motion,2,good,6,0,1.0,1.0,0.9796991348266602
divide_lpres_off,patchcore,carpet,motion,2,good,7,0,0.8467388153076172,1.0,0.9917224645614624
divide_lpres_off,patchcore,carpet,motion,2,color,8,1,1.0,1.0,1.0
divide_lpres_off,patchcore,carpet,motion,2,color,9,1,1.0,1.0,1.0
divide_lpres_off,patchcore,carpet,motion,2,color,10,1,1.0,1.0,1.0
divide_lpres_off,patchcore,carpet,motion,2,color,11,1,1.0,1.0,1.0
divide_lpres_off,patchcore,carpet,motion,2,color,12,1,1.0,1.0,1.0
divide_lpres_off,patchcore,carpet,motion,2,color,13,1,1.0,1.0,1.0
divide_lpres_off,patchcore,carpet,motion,2,color,14,1,1.0,1.0,1.0
divide_lpres_off,patchcore,carpet,motion,2,color,15,1,1.0,1.0,1.0
identity,patchcore,carpet,motion,3,good,0,0,0.5998239517211914,1.0,1.0
identity,patchcore,carpet,motion,3,good,1,0,0.6361232995986938,1.0,1.0
identity,patchcore,carpet,motion,3,good,2,0,1.0,1.0,1.0
identity,patchcore,carpet,motion,3,good,3,0,1.0,1.0,1.0
identity,patchcore,carpet,motion,3,good,4,0,0.79691082239151,1.0,1.0
identity,patchcore,carpet,motion,3,good,5,0,0.7898678183555603,1.0,1.0
identity,patchcore,carpet,motion,3,good,6,0,1.0,1.0,1.0
identity,patchcore,carpet,motion,3,good,7,0,0.8467388153076172,1.0,1.0
identity,patchcore,carpet,motion,3,color,8,1,1.0,1.0,1.0
identity,patchcore,carpet,motion,3,color,9,1,1.0,1.0,1.0
identity,patchcore,carpet,motion,3,color,10,1,1.0,1.0,1.0
identity,patchcore,carpet,motion,3,color,11,1,1.0,1.0,1.0
identity,patchcore,carpet,motion,3,color,12,1,1.0,1.0,1.0
identity,patchcore,carpet,motion,3,color,13,1,1.0,1.0,1.0
identity,patchcore,carpet,motion,3,color,14,1,1.0,1.0,1.0
identity,patchcore,carpet,motion,3,color,15,1,1.0,1.0,1.0
wiener,patchcore,carpet,motion,3,good,0,0,0.5998239517211914,1.0,1.0
wiener,patchcore,carpet,motion,3,good,1,0,0.6361232995986938,1.0,1.0
wiener,patchcore,carpet,motion,3,good,2,0,1.0,1.0,1.0
wiener,patchcore,carpet,motion,3,good,3,0,1.0,1.0,1.0
wiener,patchcore,carpet,motion,3,good,4,0,0.79691082239151,1.0,1.0
wiener,patchcore,carpet,motion,3,good,5,0,0.7898678183555603,1.0,1.0
wiener,patchcore,carpet,motion,3,good,6,0,1.0,1.0,1.0
wiener,patchcore,carpet,motion,3,good,7,0,0.8467388153076172,1.0,1.0
wiener,patchcore,carpet,motion,3,color,8,1,1.0,1.0,1.0
wiener,patchcore,carpet,motion,3,color,9,1,1.0,1.0,1.0
wiener,patchcore,carpet,motion,3,color,10,1,1.0,1.0,1.0
wiener,patchcore,carpet,motion,3,color,11,1,1.0,1.0,1.0
wiener,patchcore,carpet,motion,3,color,12,1,1.0,1.0,1.0
wiener,patchcore,carpet,motion,3,color,13,1,1.0,1.0,1.0
wiener,patchcore,carpet,motion,3,color,14,1,1.0,1.0,1.0
wiener,patchcore,carpet,motion,3,color,15,1,1.0,1.0,1.0
restormer_deblur,patchcore,carpet,motion,3,good,0,0,0.5998239517211914,1.0,1.0
restormer_deblur,patchcore,carpet,motion,3,good,1,0,0.6361232995986938,1.0,1.0
restormer_deblur,patchcore,carpet,motion,3,good,2,0,1.0,1.0,1.0
restormer_deblur,patchcore,carpet,motion,3,good,3,0,1.0,1.0,1.0
restormer_deblur,patchcore,carpet,motion,3,good,4,0,0.79691082239151,1.0,1.0
restormer_deblur,patchcore,carpet,motion,3,good,5,0,0.7898678183555603,1.0,1.0
restormer_deblur,patchcore,carpet,motion,3,good,6,0,1.0,1.0,1.0
restormer_deblur,patchcore,carpet,motion,3,good,7,0,0.8467388153076172,1.0,1.0
restormer_deblur,patchcore,carpet,motion,3,color,8,1,1.0,1.0,1.0
restormer_deblur,patchcore,carpet,motion,3,color,9,1,1.0,1.0,1.0
restormer_deblur,patchcore,carpet,motion,3,color,10,1,1.0,1.0,1.0
restormer_deblur,patchcore,carpet,motion,3,color,11,1,1.0,1.0,1.0
restormer_deblur,patchcore,carpet,motion,3,color,12,1,1.0,1.0,1.0
restormer_deblur,patchcore,carpet,motion,3,color,13,1,1.0,1.0,1.0
restormer_deblur,patchcore,carpet,motion,3,color,14,1,1.0,1.0,1.0
restormer_deblur,patchcore,carpet,motion,3,color,15,1,1.0,1.0,1.0
divide_lpres_on,patchcore,carpet,motion,3,good,0,0,0.5998239517211914,1.0,0.8263994455337524
divide_lpres_on,patchcore,carpet,motion,3,good,1,0,0.6361232995986938,1.0,1.0
divide_lpres_on,patchcore,carpet,motion,3,good,2,0,1.0,1.0,1.0
divide_lpres_on,patchcore,carpet,motion,3,good,3,0,1.0,1.0,1.0
divide_lpres_on,patchcore,carpet,motion,3,good,4,0,0.79691082239151,1.0,1.0
divide_lpres_on,patchcore,carpet,motion,3,good,5,0,0.7898678183555603,1.0,1.0
divide_lpres_on,patchcore,carpet,motion,3,good,6,0,1.0,1.0,1.0
divide_lpres_on,patchcore,carpet,motion,3,good,7,0,0.8467388153076172,1.0,0.9140105247497559
divide_lpres_on,patchcore,carpet,motion,3,color,8,1,1.0,1.0,1.0
divide_lpres_on,patchcore,carpet,motion,3,color,9,1,1.0,1.0,1.0
divide_lpres_on,patchcore,carpet,motion,3,color,10,1,1.0,1.0,1.0
divide_lpres_on,patchcore,carpet,motion,3,color,11,1,1.0,1.0,1.0
divide_lpres_on,patchcore,carpet,motion,3,color,12,1,1.0,1.0,1.0
divide_lpres_on,patchcore,carpet,motion,3,color,13,1,1.0,1.0,1.0
divide_lpres_on,patchcore,carpet,motion,3,color,14,1,1.0,1.0,1.0
divide_lpres_on,patchcore,carpet,motion,3,color,15,1,1.0,1.0,1.0
divide_lpres_off,patchcore,carpet,motion,3,good,0,0,0.5998239517211914,1.0,0.8451946973800659
divide_lpres_off,patchcore,carpet,motion,3,good,1,0,0.6361232995986938,1.0,0.9648838043212891
divide_lpres_off,patchcore,carpet,motion,3,good,2,0,1.0,1.0,1.0
divide_lpres_off,patchcore,carpet,motion,3,good,3,0,1.0,1.0,1.0
divide_lpres_off,patchcore,carpet,motion,3,good,4,0,0.79691082239151,1.0,1.0
divide_lpres_off,patchcore,carpet,motion,3,good,5,0,0.7898678183555603,1.0,1.0
divide_lpres_off,patchcore,carpet,motion,3,good,6,0,1.0,1.0,1.0
divide_lpres_off,patchcore,carpet,motion,3,good,7,0,0.8467388153076172,1.0,0.8975257873535156
divide_lpres_off,patchcore,carpet,motion,3,color,8,1,1.0,1.0,1.0
divide_lpres_off,patchcore,carpet,motion,3,color,9,1,1.0,1.0,1.0
divide_lpres_off,patchcore,carpet,motion,3,color,10,1,1.0,1.0,1.0
divide_lpres_off,patchcore,carpet,motion,3,color,11,1,1.0,1.0,1.0
divide_lpres_off,patchcore,carpet,motion,3,color,12,1,1.0,1.0,1.0
divide_lpres_off,patchcore,carpet,motion,3,color,13,1,1.0,1.0,1.0
divide_lpres_off,patchcore,carpet,motion,3,color,14,1,1.0,1.0,1.0
divide_lpres_off,patchcore,carpet,motion,3,color,15,1,1.0,1.0,1.0
identity,patchcore,carpet,motion,4,good,0,0,0.5998239517211914,1.0,1.0
identity,patchcore,carpet,motion,4,good,1,0,0.6361232995986938,1.0,1.0
identity,patchcore,carpet,motion,4,good,2,0,1.0,1.0,1.0
identity,patchcore,carpet,motion,4,good,3,0,1.0,1.0,1.0
identity,patchcore,carpet,motion,4,good,4,0,0.79691082239151,1.0,1.0
identity,patchcore,carpet,motion,4,good,5,0,0.7898678183555603,1.0,1.0
identity,patchcore,carpet,motion,4,good,6,0,1.0,1.0,1.0
identity,patchcore,carpet,motion,4,good,7,0,0.8467388153076172,1.0,1.0
identity,patchcore,carpet,motion,4,color,8,1,1.0,1.0,1.0
identity,patchcore,carpet,motion,4,color,9,1,1.0,1.0,1.0
identity,patchcore,carpet,motion,4,color,10,1,1.0,1.0,1.0
identity,patchcore,carpet,motion,4,color,11,1,1.0,1.0,1.0
identity,patchcore,carpet,motion,4,color,12,1,1.0,1.0,1.0
identity,patchcore,carpet,motion,4,color,13,1,1.0,1.0,1.0
identity,patchcore,carpet,motion,4,color,14,1,1.0,1.0,1.0
identity,patchcore,carpet,motion,4,color,15,1,1.0,1.0,1.0
wiener,patchcore,carpet,motion,4,good,0,0,0.5998239517211914,1.0,1.0
wiener,patchcore,carpet,motion,4,good,1,0,0.6361232995986938,1.0,1.0
wiener,patchcore,carpet,motion,4,good,2,0,1.0,1.0,1.0
wiener,patchcore,carpet,motion,4,good,3,0,1.0,1.0,1.0
wiener,patchcore,carpet,motion,4,good,4,0,0.79691082239151,1.0,1.0
wiener,patchcore,carpet,motion,4,good,5,0,0.7898678183555603,1.0,1.0
wiener,patchcore,carpet,motion,4,good,6,0,1.0,1.0,1.0
wiener,patchcore,carpet,motion,4,good,7,0,0.8467388153076172,1.0,1.0
wiener,patchcore,carpet,motion,4,color,8,1,1.0,1.0,1.0
wiener,patchcore,carpet,motion,4,color,9,1,1.0,1.0,1.0
wiener,patchcore,carpet,motion,4,color,10,1,1.0,1.0,1.0
wiener,patchcore,carpet,motion,4,color,11,1,1.0,1.0,1.0
wiener,patchcore,carpet,motion,4,color,12,1,1.0,1.0,1.0
wiener,patchcore,carpet,motion,4,color,13,1,1.0,1.0,1.0
wiener,patchcore,carpet,motion,4,color,14,1,1.0,1.0,1.0
wiener,patchcore,carpet,motion,4,color,15,1,1.0,1.0,1.0
restormer_deblur,patchcore,carpet,motion,4,good,0,0,0.5998239517211914,1.0,1.0
restormer_deblur,patchcore,carpet,motion,4,good,1,0,0.6361232995986938,1.0,1.0
restormer_deblur,patchcore,carpet,motion,4,good,2,0,1.0,1.0,1.0
restormer_deblur,patchcore,carpet,motion,4,good,3,0,1.0,1.0,1.0
restormer_deblur,patchcore,carpet,motion,4,good,4,0,0.79691082239151,1.0,1.0
restormer_deblur,patchcore,carpet,motion,4,good,5,0,0.7898678183555603,1.0,1.0
restormer_deblur,patchcore,carpet,motion,4,good,6,0,1.0,1.0,1.0
restormer_deblur,patchcore,carpet,motion,4,good,7,0,0.8467388153076172,1.0,1.0
restormer_deblur,patchcore,carpet,motion,4,color,8,1,1.0,1.0,1.0
restormer_deblur,patchcore,carpet,motion,4,color,9,1,1.0,1.0,1.0
restormer_deblur,patchcore,carpet,motion,4,color,10,1,1.0,1.0,1.0
restormer_deblur,patchcore,carpet,motion,4,color,11,1,1.0,1.0,1.0
restormer_deblur,patchcore,carpet,motion,4,color,12,1,1.0,1.0,1.0
restormer_deblur,patchcore,carpet,motion,4,color,13,1,1.0,1.0,1.0
restormer_deblur,patchcore,carpet,motion,4,color,14,1,1.0,1.0,1.0
restormer_deblur,patchcore,carpet,motion,4,color,15,1,1.0,1.0,1.0
divide_lpres_on,patchcore,carpet,motion,4,good,0,0,0.5998239517211914,1.0,1.0
divide_lpres_on,patchcore,carpet,motion,4,good,1,0,0.6361232995986938,1.0,1.0
divide_lpres_on,patchcore,carpet,motion,4,good,2,0,1.0,1.0,1.0
divide_lpres_on,patchcore,carpet,motion,4,good,3,0,1.0,1.0,1.0
divide_lpres_on,patchcore,carpet,motion,4,good,4,0,0.79691082239151,1.0,1.0
divide_lpres_on,patchcore,carpet,motion,4,good,5,0,0.7898678183555603,1.0,1.0
divide_lpres_on,patchcore,carpet,motion,4,good,6,0,1.0,1.0,1.0
divide_lpres_on,patchcore,carpet,motion,4,good,7,0,0.8467388153076172,1.0,1.0
divide_lpres_on,patchcore,carpet,motion,4,color,8,1,1.0,1.0,1.0
divide_lpres_on,patchcore,carpet,motion,4,color,9,1,1.0,1.0,1.0
divide_lpres_on,patchcore,carpet,motion,4,color,10,1,1.0,1.0,1.0
divide_lpres_on,patchcore,carpet,motion,4,color,11,1,1.0,1.0,1.0
divide_lpres_on,patchcore,carpet,motion,4,color,12,1,1.0,1.0,1.0
divide_lpres_on,patchcore,carpet,motion,4,color,13,1,1.0,1.0,1.0
divide_lpres_on,patchcore,carpet,motion,4,color,14,1,1.0,1.0,1.0
divide_lpres_on,patchcore,carpet,motion,4,color,15,1,1.0,1.0,1.0
divide_lpres_off,patchcore,carpet,motion,4,good,0,0,0.5998239517211914,1.0,1.0
divide_lpres_off,patchcore,carpet,motion,4,good,1,0,0.6361232995986938,1.0,1.0
divide_lpres_off,patchcore,carpet,motion,4,good,2,0,1.0,1.0,1.0
divide_lpres_off,patchcore,carpet,motion,4,good,3,0,1.0,1.0,1.0
divide_lpres_off,patchcore,carpet,motion,4,good,4,0,0.79691082239151,1.0,1.0
divide_lpres_off,patchcore,carpet,motion,4,good,5,0,0.7898678183555603,1.0,1.0
divide_lpres_off,patchcore,carpet,motion,4,good,6,0,1.0,1.0,1.0
divide_lpres_off,patchcore,carpet,motion,4,good,7,0,0.8467388153076172,1.0,1.0
divide_lpres_off,patchcore,carpet,motion,4,color,8,1,1.0,1.0,1.0
divide_lpres_off,patchcore,carpet,motion,4,color,9,1,1.0,1.0,1.0
divide_lpres_off,patchcore,carpet,motion,4,color,10,1,1.0,1.0,1.0
divide_lpres_off,patchcore,carpet,motion,4,color,11,1,1.0,1.0,1.0
divide_lpres_off,patchcore,carpet,motion,4,color,12,1,1.0,1.0,1.0
divide_lpres_off,patchcore,carpet,motion,4,color,13,1,1.0,1.0,1.0
divide_lpres_off,patchcore,carpet,motion,4,color,14,1,1.0,1.0,1.0
divide_lpres_off,patchcore,carpet,motion,4,color,15,1,1.0,1.0,1.0
identity,patchcore,carpet,noise,2,good,0,0,0.5998239517211914,0.9932730197906494,0.9932730197906494
identity,patchcore,carpet,noise,2,good,1,0,0.6361232995986938,0.993797779083252,0.993797779083252
identity,patchcore,carpet,noise,2,good,2,0,1.0,1.0,1.0
identity,patchcore,carpet,noise,2,good,3,0,1.0,1.0,1.0
identity,patchcore,carpet,noise,2,good,4,0,0.79691082239151,0.9989349246025085,0.9989349246025085
identity,patchcore,carpet,noise,2,good,5,0,0.7898678183555603,1.0,1.0
identity,patchcore,carpet,noise,2,good,6,0,1.0,1.0,1.0
identity,patchcore,carpet,noise,2,good,7,0,0.8467388153076172,0.9871674180030823,0.9871674180030823
identity,patchcore,carpet,noise,2,color,8,1,1.0,1.0,1.0
identity,patchcore,carpet,noise,2,color,9,1,1.0,1.0,1.0
identity,patchcore,carpet,noise,2,color,10,1,1.0,1.0,1.0
identity,patchcore,carpet,noise,2,color,11,1,1.0,1.0,1.0
identity,patchcore,carpet,noise,2,color,12,1,1.0,1.0,1.0
identity,patchcore,carpet,noise,2,color,13,1,1.0,1.0,1.0
identity,patchcore,carpet,noise,2,color,14,1,1.0,1.0,1.0
identity,patchcore,carpet,noise,2,color,15,1,1.0,1.0,1.0
wiener,patchcore,carpet,noise,2,good,0,0,0.5998239517211914,0.9932730197906494,0.9063816070556641
wiener,patchcore,carpet,noise,2,good,1,0,0.6361232995986938,0.993797779083252,1.0
wiener,patchcore,carpet,noise,2,good,2,0,1.0,1.0,1.0
wiener,patchcore,carpet,noise,2,good,3,0,1.0,1.0,1.0
wiener,patchcore,carpet,noise,2,good,4,0,0.79691082239151,0.9989349246025085,0.9841623306274414
wiener,patchcore,carpet,noise,2,good,5,0,0.7898678183555603,1.0,1.0
wiener,patchcore,carpet,noise,2,good,6,0,1.0,1.0,1.0
wiener,patchcore,carpet,noise,2,good,7,0,0.8467388153076172,0.9871674180030823,0.9956993460655212
wiener,patchcore,carpet,noise,2,color,8,1,1.0,1.0,1.0
wiener,patchcore,carpet,noise,2,color,9,1,1.0,1.0,1.0
wiener,patchcore,carpet,noise,2,color,10,1,1.0,1.0,1.0
wiener,patchcore,carpet,noise,2,color,11,1,1.0,1.0,1.0
wiener,patchcore,carpet,noise,2,color,12,1,1.0,1.0,1.0
wiener,patchcore,carpet,noise,2,color,13,1,1.0,1.0,1.0
wiener,patchcore,carpet,noise,2,color,14,1,1.0,1.0,1.0
wiener,patchcore,carpet,noise,2,color,15,1,1.0,1.0,1.0
restormer_deblur,patchcore,carpet,noise,2,good,0,0,0.5998239517211914,0.9932730197906494,0.9932730197906494
restormer_deblur,patchcore,carpet,noise,2,good,1,0,0.6361232995986938,0.993797779083252,0.993797779083252
restormer_deblur,patchcore,carpet,noise,2,good,2,0,1.0,1.0,1.0
restormer_deblur,patchcore,carpet,noise,2,good,3,0,1.0,1.0,1.0
restormer_deblur,patchcore,carpet,noise,2,good,4,0,0.79691082239151,0.9989349246025085,0.9989349246025085
restormer_deblur,patchcore,carpet,noise,2,good,5,0,0.7898678183555603,1.0,1.0
restormer_deblur,patchcore,carpet,noise,2,good,6,0,1.0,1.0,1.0
restormer_deblur,patchcore,carpet,noise,2,good,7,0,0.8467388153076172,0.9871674180030823,0.9871674180030823
restormer_deblur,patchcore,carpet,noise,2,color,8,1,1.0,1.0,1.0
restormer_deblur,patchcore,carpet,noise,2,color,9,1,1.0,1.0,1.0
restormer_deblur,patchcore,carpet,noise,2,color,10,1,1.0,1.0,1.0
restormer_deblur,patchcore,carpet,noise,2,color,11,1,1.0,1.0,1.0
restormer_deblur,patchcore,carpet,noise,2,color,12,1,1.0,1.0,1.0
restormer_deblur,patchcore,carpet,noise,2,color,13,1,1.0,1.0,1.0
restormer_deblur,patchcore,carpet,noise,2,color,14,1,1.0,1.0,1.0
restormer_deblur,patchcore,carpet,noise,2,color,15,1,1.0,1.0,1.0
divide_lpres_on,patchcore,carpet,noise,2,good,0,0,0.5998239517211914,0.9932730197906494,0.8504391312599182
divide_lpres_on,patchcore,carpet,noise,2,good,1,0,0.6361232995986938,0.993797779083252,0.8654218912124634
divide_lpres_on,patchcore,carpet,noise,2,good,2,0,1.0,1.0,1.0
divide_lpres_on,patchcore,carpet,noise,2,good,3,0,1.0,1.0,0.9278920888900757
divide_lpres_on,patchcore,carpet,noise,2,good,4,0,0.79691082239151,0.9989349246025085,0.8816831111907959
divide_lpres_on,patchcore,carpet,noise,2,good,5,0,0.7898678183555603,1.0,0.957099437713623
divide_lpres_on,patchcore,carpet,noise,2,good,6,0,1.0,1.0,1.0
divide_lpres_on,patchcore,carpet,noise,2,good,7,0,0.8467388153076172,0.9871674180030823,0.9531197547912598
divide_lpres_on,patchcore,carpet,noise,2,color,8,1,1.0,1.0,1.0
divide_lpres_on,patchcore,carpet,noise,2,color,9,1,1.0,1.0,1.0
divide_lpres_on,patchcore,carpet,noise,2,color,10,1,1.0,1.0,1.0
divide_lpres_on,patchcore,carpet,noise,2,color,11,1,1.0,1.0,1.0
divide_lpres_on,patchcore,carpet,noise,2,color,12,1,1.0,1.0,1.0
divide_lpres_on,patchcore,carpet,noise,2,color,13,1,1.0,1.0,1.0
divide_lpres_on,patchcore,carpet,noise,2,color,14,1,1.0,1.0,1.0
divide_lpres_on,patchcore,carpet,noise,2,color,15,1,1.0,1.0,1.0
divide_lpres_off,patchcore,carpet,noise,2,good,0,0,0.5998239517211914,0.9932730197906494,0.8293139934539795
divide_lpres_off,patchcore,carpet,noise,2,good,1,0,0.6361232995986938,0.993797779083252,0.8549462556838989
divide_lpres_off,patchcore,carpet,noise,2,good,2,0,1.0,1.0,1.0
divide_lpres_off,patchcore,carpet,noise,2,good,3,0,1.0,1.0,0.9404188394546509
divide_lpres_off,patchcore,carpet,noise,2,good,4,0,0.79691082239151,0.9989349246025085,0.7986363172531128
divide_lpres_off,patchcore,carpet,noise,2,good,5,0,0.7898678183555603,1.0,0.830376923084259
divide_lpres_off,patchcore,carpet,noise,2,good,6,0,1.0,1.0,1.0
divide_lpres_off,patchcore,carpet,noise,2,good,7,0,0.8467388153076172,0.9871674180030823,0.9247077703475952
divide_lpres_off,patchcore,carpet,noise,2,color,8,1,1.0,1.0,1.0
divide_lpres_off,patchcore,carpet,noise,2,color,9,1,1.0,1.0,1.0
divide_lpres_off,patchcore,carpet,noise,2,color,10,1,1.0,1.0,1.0
divide_lpres_off,patchcore,carpet,noise,2,color,11,1,1.0,1.0,1.0
divide_lpres_off,patchcore,carpet,noise,2,color,12,1,1.0,1.0,1.0
divide_lpres_off,patchcore,carpet,noise,2,color,13,1,1.0,1.0,0.9574866890907288
divide_lpres_off,patchcore,carpet,noise,2,color,14,1,1.0,1.0,1.0
divide_lpres_off,patchcore,carpet,noise,2,color,15,1,1.0,1.0,1.0
identity,patchcore,carpet,noise,3,good,0,0,0.5998239517211914,1.0,1.0
identity,patchcore,carpet,noise,3,good,1,0,0.6361232995986938,1.0,1.0
identity,patchcore,carpet,noise,3,good,2,0,1.0,1.0,1.0
identity,patchcore,carpet,noise,3,good,3,0,1.0,1.0,1.0
identity,patchcore,carpet,noise,3,good,4,0,0.79691082239151,1.0,1.0
identity,patchcore,carpet,noise,3,good,5,0,0.7898678183555603,1.0,1.0
identity,patchcore,carpet,noise,3,good,6,0,1.0,1.0,1.0
identity,patchcore,carpet,noise,3,good,7,0,0.8467388153076172,1.0,1.0
identity,patchcore,carpet,noise,3,color,8,1,1.0,1.0,1.0
identity,patchcore,carpet,noise,3,color,9,1,1.0,1.0,1.0
identity,patchcore,carpet,noise,3,color,10,1,1.0,1.0,1.0
identity,patchcore,carpet,noise,3,color,11,1,1.0,1.0,1.0
identity,patchcore,carpet,noise,3,color,12,1,1.0,1.0,1.0
identity,patchcore,carpet,noise,3,color,13,1,1.0,1.0,1.0
identity,patchcore,carpet,noise,3,color,14,1,1.0,1.0,1.0
identity,patchcore,carpet,noise,3,color,15,1,1.0,1.0,1.0
wiener,patchcore,carpet,noise,3,good,0,0,0.5998239517211914,1.0,1.0
wiener,patchcore,carpet,noise,3,good,1,0,0.6361232995986938,1.0,1.0
wiener,patchcore,carpet,noise,3,good,2,0,1.0,1.0,1.0
wiener,patchcore,carpet,noise,3,good,3,0,1.0,1.0,1.0
wiener,patchcore,carpet,noise,3,good,4,0,0.79691082239151,1.0,1.0
wiener,patchcore,carpet,noise,3,good,5,0,0.7898678183555603,1.0,1.0
wiener,patchcore,carpet,noise,3,good,6,0,1.0,1.0,1.0
wiener,patchcore,carpet,noise,3,good,7,0,0.8467388153076172,1.0,1.0
wiener,patchcore,carpet,noise,3,color,8,1,1.0,1.0,1.0
wiener,patchcore,carpet,noise,3,color,9,1,1.0,1.0,1.0
wiener,patchcore,carpet,noise,3,color,10,1,1.0,1.0,1.0
wiener,patchcore,carpet,noise,3,color,11,1,1.0,1.0,1.0
wiener,patchcore,carpet,noise,3,color,12,1,1.0,1.0,1.0
wiener,patchcore,carpet,noise,3,color,13,1,1.0,1.0,1.0
wiener,patchcore,carpet,noise,3,color,14,1,1.0,1.0,1.0
wiener,patchcore,carpet,noise,3,color,15,1,1.0,1.0,1.0
restormer_deblur,patchcore,carpet,noise,3,good,0,0,0.5998239517211914,1.0,1.0
restormer_deblur,patchcore,carpet,noise,3,good,1,0,0.6361232995986938,1.0,1.0
restormer_deblur,patchcore,carpet,noise,3,good,2,0,1.0,1.0,1.0
restormer_deblur,patchcore,carpet,noise,3,good,3,0,1.0,1.0,1.0
restormer_deblur,patchcore,carpet,noise,3,good,4,0,0.79691082239151,1.0,1.0
restormer_deblur,patchcore,carpet,noise,3,good,5,0,0.7898678183555603,1.0,1.0
restormer_deblur,patchcore,carpet,noise,3,good,6,0,1.0,1.0,1.0
restormer_deblur,patchcore,carpet,noise,3,good,7,0,0.8467388153076172,1.0,1.0
restormer_deblur,patchcore,carpet,noise,3,color,8,1,1.0,1.0,1.0
restormer_deblur,patchcore,carpet,noise,3,color,9,1,1.0,1.0,1.0
restormer_deblur,patchcore,carpet,noise,3,color,10,1,1.0,1.0,1.0
restormer_deblur,patchcore,carpet,noise,3,color,11,1,1.0,1.0,1.0
restormer_deblur,patchcore,carpet,noise,3,color,12,1,1.0,1.0,1.0
restormer_deblur,patchcore,carpet,noise,3,color,13,1,1.0,1.0,1.0
restormer_deblur,patchcore,carpet,noise,3,color,14,1,1.0,1.0,1.0
restormer_deblur,patchcore,carpet,noise,3,color,15,1,1.0,1.0,1.0
divide_lpres_on,patchcore,carpet,noise,3,good,0,0,0.5998239517211914,1.0,1.0
divide_lpres_on,patchcore,carpet,noise,3,good,1,0,0.6361232995986938,1.0,1.0
divide_lpres_on,patchcore,carpet,noise,3,good,2,0,1.0,1.0,1.0
divide_lpres_on,patchcore,carpet,noise,3,good,3,0,1.0,1.0,1.0
divide_lpres_on,patchcore,carpet,noise,3,good,4,0,0.79691082239151,1.0,1.0
divide_lpres_on,patchcore,carpet,noise,3,good,5,0,0.7898678183555603,1.0,1.0
divide_lpres_on,patchcore,carpet,noise,3,good,6,0,1.0,1.0,1.0
divide_lpres_on,patchcore,carpet,noise,3,good,7,0,0.8467388153076172,1.0,1.0
divide_lpres_on,patchcore,carpet,noise,3,color,8,1,1.0,1.0,1.0
divide_lpres_on,patchcore,carpet,noise,3,color,9,1,1.0,1.0,1.0
divide_lpres_on,patchcore,carpet,noise,3,color,10,1,1.0,1.0,1.0
divide_lpres_on,patchcore,carpet,noise,3,color,11,1,1.0,1.0,1.0
divide_lpres_on,patchcore,carpet,noise,3,color,12,1,1.0,1.0,1.0
divide_lpres_on,patchcore,carpet,noise,3,color,13,1,1.0,1.0,1.0
divide_lpres_on,patchcore,carpet,noise,3,color,14,1,1.0,1.0,1.0
divide_lpres_on,patchcore,carpet,noise,3,color,15,1,1.0,1.0,1.0
divide_lpres_off,patchcore,carpet,noise,3,good,0,0,0.5998239517211914,1.0,0.7501310110092163
divide_lpres_off,patchcore,carpet,noise,3,good,1,0,0.6361232995986938,1.0,0.9167938828468323
divide_lpres_off,patchcore,carpet,noise,3,good,2,0,1.0,1.0,1.0
divide_lpres_off,patchcore,carpet,noise,3,good,3,0,1.0,1.0,0.9989180564880371
divide_lpres_off,patchcore,carpet,noise,3,good,4,0,0.79691082239151,1.0,0.957953691482544
divide_lpres_off,patchcore,carpet,noise,3,good,5,0,0.7898678183555603,1.0,0.8861852884292603
divide_lpres_off,patchcore,carpet,noise,3,good,6,0,1.0,1.0,1.0
divide_lpres_off,patchcore,carpet,noise,3,good,7,0,0.8467388153076172,1.0,1.0
divide_lpres_off,patchcore,carpet,noise,3,color,8,1,1.0,1.0,1.0
divide_lpres_off,patchcore,carpet,noise,3,color,9,1,1.0,1.0,1.0
divide_lpres_off,patchcore,carpet,noise,3,color,10,1,1.0,1.0,1.0
divide_lpres_off,patchcore,carpet,noise,3,color,11,1,1.0,1.0,1.0
divide_lpres_off,patchcore,carpet,noise,3,color,12,1,1.0,1.0,1.0
divide_lpres_off,patchcore,carpet,noise,3,color,13,1,1.0,1.0,1.0
divide_lpres_off,patchcore,carpet,noise,3,color,14,1,1.0,1.0,1.0
divide_lpres_off,patchcore,carpet,noise,3,color,15,1,1.0,1.0,1.0
identity,patchcore,carpet,noise,4,good,0,0,0.5998239517211914,1.0,1.0
identity,patchcore,carpet,noise,4,good,1,0,0.6361232995986938,1.0,1.0
identity,patchcore,carpet,noise,4,good,2,0,1.0,1.0,1.0
identity,patchcore,carpet,noise,4,good,3,0,1.0,1.0,1.0
identity,patchcore,carpet,noise,4,good,4,0,0.79691082239151,1.0,1.0
identity,patchcore,carpet,noise,4,good,5,0,0.7898678183555603,1.0,1.0
identity,patchcore,carpet,noise,4,good,6,0,1.0,1.0,1.0
identity,patchcore,carpet,noise,4,good,7,0,0.8467388153076172,1.0,1.0
identity,patchcore,carpet,noise,4,color,8,1,1.0,1.0,1.0
identity,patchcore,carpet,noise,4,color,9,1,1.0,1.0,1.0
identity,patchcore,carpet,noise,4,color,10,1,1.0,1.0,1.0
identity,patchcore,carpet,noise,4,color,11,1,1.0,1.0,1.0
identity,patchcore,carpet,noise,4,color,12,1,1.0,1.0,1.0
identity,patchcore,carpet,noise,4,color,13,1,1.0,1.0,1.0
identity,patchcore,carpet,noise,4,color,14,1,1.0,1.0,1.0
identity,patchcore,carpet,noise,4,color,15,1,1.0,1.0,1.0
wiener,patchcore,carpet,noise,4,good,0,0,0.5998239517211914,1.0,1.0
wiener,patchcore,carpet,noise,4,good,1,0,0.6361232995986938,1.0,1.0
wiener,patchcore,carpet,noise,4,good,2,0,1.0,1.0,1.0
wiener,patchcore,carpet,noise,4,good,3,0,1.0,1.0,1.0
wiener,patchcore,carpet,noise,4,good,4,0,0.79691082239151,1.0,1.0
wiener,patchcore,carpet,noise,4,good,5,0,0.7898678183555603,1.0,1.0
wiener,patchcore,carpet,noise,4,good,6,0,1.0,1.0,1.0
wiener,patchcore,carpet,noise,4,good,7,0,0.8467388153076172,1.0,1.0
wiener,patchcore,carpet,noise,4,color,8,1,1.0,1.0,1.0
wiener,patchcore,carpet,noise,4,color,9,1,1.0,1.0,1.0
wiener,patchcore,carpet,noise,4,color,10,1,1.0,1.0,1.0
wiener,patchcore,carpet,noise,4,color,11,1,1.0,1.0,1.0
wiener,patchcore,carpet,noise,4,color,12,1,1.0,1.0,1.0
wiener,patchcore,carpet,noise,4,color,13,1,1.0,1.0,1.0
wiener,patchcore,carpet,noise,4,color,14,1,1.0,1.0,1.0
wiener,patchcore,carpet,noise,4,color,15,1,1.0,1.0,1.0
restormer_deblur,patchcore,carpet,noise,4,good,0,0,0.5998239517211914,1.0,1.0
restormer_deblur,patchcore,carpet,noise,4,good,1,0,0.6361232995986938,1.0,1.0
restormer_deblur,patchcore,carpet,noise,4,good,2,0,1.0,1.0,1.0
restormer_deblur,patchcore,carpet,noise,4,good,3,0,1.0,1.0,1.0
restormer_deblur,patchcore,carpet,noise,4,good,4,0,0.79691082239151,1.0,1.0
restormer_deblur,patchcore,carpet,noise,4,good,5,0,0.7898678183555603,1.0,1.0
restormer_deblur,patchcore,carpet,noise,4,good,6,0,1.0,1.0,1.0
restormer_deblur,patchcore,carpet,noise,4,good,7,0,0.8467388153076172,1.0,1.0
restormer_deblur,patchcore,carpet,noise,4,color,8,1,1.0,1.0,1.0
restormer_deblur,patchcore,carpet,noise,4,color,9,1,1.0,1.0,1.0
restormer_deblur,patchcore,carpet,noise,4,color,10,1,1.0,1.0,1.0
restormer_deblur,patchcore,carpet,noise,4,color,11,1,1.0,1.0,1.0
restormer_deblur,patchcore,carpet,noise,4,color,12,1,1.0,1.0,1.0
restormer_deblur,patchcore,carpet,noise,4,color,13,1,1.0,1.0,1.0
restormer_deblur,patchcore,carpet,noise,4,color,14,1,1.0,1.0,1.0
restormer_deblur,patchcore,carpet,noise,4,color,15,1,1.0,1.0,1.0
divide_lpres_on,patchcore,carpet,noise,4,good,0,0,0.5998239517211914,1.0,1.0
divide_lpres_on,patchcore,carpet,noise,4,good,1,0,0.6361232995986938,1.0,1.0
divide_lpres_on,patchcore,carpet,noise,4,good,2,0,1.0,1.0,1.0
divide_lpres_on,patchcore,carpet,noise,4,good,3,0,1.0,1.0,1.0
divide_lpres_on,patchcore,carpet,noise,4,good,4,0,0.79691082239151,1.0,1.0
divide_lpres_on,patchcore,carpet,noise,4,good,5,0,0.7898678183555603,1.0,1.0
divide_lpres_on,patchcore,carpet,noise,4,good,6,0,1.0,1.0,1.0
divide_lpres_on,patchcore,carpet,noise,4,good,7,0,0.8467388153076172,1.0,1.0
divide_lpres_on,patchcore,carpet,noise,4,color,8,1,1.0,1.0,1.0
divide_lpres_on,patchcore,carpet,noise,4,color,9,1,1.0,1.0,1.0
divide_lpres_on,patchcore,carpet,noise,4,color,10,1,1.0,1.0,1.0
divide_lpres_on,patchcore,carpet,noise,4,color,11,1,1.0,1.0,1.0
divide_lpres_on,patchcore,carpet,noise,4,color,12,1,1.0,1.0,1.0
divide_lpres_on,patchcore,carpet,noise,4,color,13,1,1.0,1.0,1.0
divide_lpres_on,patchcore,carpet,noise,4,color,14,1,1.0,1.0,1.0
divide_lpres_on,patchcore,carpet,noise,4,color,15,1,1.0,1.0,1.0
divide_lpres_off,patchcore,carpet,noise,4,good,0,0,0.5998239517211914,1.0,0.792222261428833
divide_lpres_off,patchcore,carpet,noise,4,good,1,0,0.6361232995986938,1.0,1.0
divide_lpres_off,patchcore,carpet,noise,4,good,2,0,1.0,1.0,1.0
divide_lpres_off,patchcore,carpet,noise,4,good,3,0,1.0,1.0,1.0
divide_lpres_off,patchcore,carpet,noise,4,good,4,0,0.79691082239151,1.0,1.0
divide_lpres_off,patchcore,carpet,noise,4,good,5,0,0.7898678183555603,1.0,1.0
divide_lpres_off,patchcore,carpet,noise,4,good,6,0,1.0,1.0,1.0
divide_lpres_off,patchcore,carpet,noise,4,good,7,0,0.8467388153076172,1.0,1.0
divide_lpres_off,patchcore,carpet,noise,4,color,8,1,1.0,1.0,1.0
divide_lpres_off,patchcore,carpet,noise,4,color,9,1,1.0,1.0,1.0
divide_lpres_off,patchcore,carpet,noise,4,color,10,1,1.0,1.0,1.0
divide_lpres_off,patchcore,carpet,noise,4,color,11,1,1.0,1.0,1.0
divide_lpres_off,patchcore,carpet,noise,4,color,12,1,1.0,1.0,1.0
divide_lpres_off,patchcore,carpet,noise,4,color,13,1,1.0,1.0,1.0
divide_lpres_off,patchcore,carpet,noise,4,color,14,1,1.0,1.0,1.0
divide_lpres_off,patchcore,carpet,noise,4,color,15,1,1.0,1.0,1.0
identity,patchcore,carpet,mixed,2,good,0,0,0.5998239517211914,1.0,1.0
identity,patchcore,carpet,mixed,2,good,1,0,0.6361232995986938,1.0,1.0
identity,patchcore,carpet,mixed,2,good,2,0,1.0,1.0,1.0
identity,patchcore,carpet,mixed,2,good,3,0,1.0,1.0,1.0
identity,patchcore,carpet,mixed,2,good,4,0,0.79691082239151,1.0,1.0
identity,patchcore,carpet,mixed,2,good,5,0,0.7898678183555603,1.0,1.0
identity,patchcore,carpet,mixed,2,good,6,0,1.0,1.0,1.0
identity,patchcore,carpet,mixed,2,good,7,0,0.8467388153076172,1.0,1.0
identity,patchcore,carpet,mixed,2,color,8,1,1.0,1.0,1.0
identity,patchcore,carpet,mixed,2,color,9,1,1.0,1.0,1.0
identity,patchcore,carpet,mixed,2,color,10,1,1.0,1.0,1.0
identity,patchcore,carpet,mixed,2,color,11,1,1.0,1.0,1.0
identity,patchcore,carpet,mixed,2,color,12,1,1.0,1.0,1.0
identity,patchcore,carpet,mixed,2,color,13,1,1.0,1.0,1.0
identity,patchcore,carpet,mixed,2,color,14,1,1.0,1.0,1.0
identity,patchcore,carpet,mixed,2,color,15,1,1.0,1.0,1.0
wiener,patchcore,carpet,mixed,2,good,0,0,0.5998239517211914,1.0,1.0
wiener,patchcore,carpet,mixed,2,good,1,0,0.6361232995986938,1.0,0.956027626991272
wiener,patchcore,carpet,mixed,2,good,2,0,1.0,1.0,1.0
wiener,patchcore,carpet,mixed,2,good,3,0,1.0,1.0,1.0
wiener,patchcore,carpet,mixed,2,good,4,0,0.79691082239151,1.0,1.0
wiener,patchcore,carpet,mixed,2,good,5,0,0.7898678183555603,1.0,1.0
wiener,patchcore,carpet,mixed,2,good,6,0,1.0,1.0,1.0
wiener,patchcore,carpet,mixed,2,good,7,0,0.8467388153076172,1.0,1.0
wiener,patchcore,carpet,mixed,2,color,8,1,1.0,1.0,1.0
wiener,patchcore,carpet,mixed,2,color,9,1,1.0,1.0,1.0
wiener,patchcore,carpet,mixed,2,color,10,1,1.0,1.0,1.0
wiener,patchcore,carpet,mixed,2,color,11,1,1.0,1.0,1.0
wiener,patchcore,carpet,mixed,2,color,12,1,1.0,1.0,1.0
wiener,patchcore,carpet,mixed,2,color,13,1,1.0,1.0,1.0
wiener,patchcore,carpet,mixed,2,color,14,1,1.0,1.0,1.0
wiener,patchcore,carpet,mixed,2,color,15,1,1.0,1.0,1.0
restormer_deblur,patchcore,carpet,mixed,2,good,0,0,0.5998239517211914,1.0,1.0
restormer_deblur,patchcore,carpet,mixed,2,good,1,0,0.6361232995986938,1.0,1.0
restormer_deblur,patchcore,carpet,mixed,2,good,2,0,1.0,1.0,1.0
restormer_deblur,patchcore,carpet,mixed,2,good,3,0,1.0,1.0,1.0
restormer_deblur,patchcore,carpet,mixed,2,good,4,0,0.79691082239151,1.0,1.0
restormer_deblur,patchcore,carpet,mixed,2,good,5,0,0.7898678183555603,1.0,1.0
restormer_deblur,patchcore,carpet,mixed,2,good,6,0,1.0,1.0,1.0
restormer_deblur,patchcore,carpet,mixed,2,good,7,0,0.8467388153076172,1.0,1.0
restormer_deblur,patchcore,carpet,mixed,2,color,8,1,1.0,1.0,1.0
restormer_deblur,patchcore,carpet,mixed,2,color,9,1,1.0,1.0,1.0
restormer_deblur,patchcore,carpet,mixed,2,color,10,1,1.0,1.0,1.0
restormer_deblur,patchcore,carpet,mixed,2,color,11,1,1.0,1.0,1.0
restormer_deblur,patchcore,carpet,mixed,2,color,12,1,1.0,1.0,1.0
restormer_deblur,patchcore,carpet,mixed,2,color,13,1,1.0,1.0,1.0
restormer_deblur,patchcore,carpet,mixed,2,color,14,1,1.0,1.0,1.0
restormer_deblur,patchcore,carpet,mixed,2,color,15,1,1.0,1.0,1.0
divide_lpres_on,patchcore,carpet,mixed,2,good,0,0,0.5998239517211914,1.0,1.0
divide_lpres_on,patchcore,carpet,mixed,2,good,1,0,0.6361232995986938,1.0,0.9712625741958618
divide_lpres_on,patchcore,carpet,mixed,2,good,2,0,1.0,1.0,1.0
divide_lpres_on,patchcore,carpet,mixed,2,good,3,0,1.0,1.0,1.0
divide_lpres_on,patchcore,carpet,mixed,2,good,4,0,0.79691082239151,1.0,1.0
divide_lpres_on,patchcore,carpet,mixed,2,good,5,0,0.7898678183555603,1.0,1.0
divide_lpres_on,patchcore,carpet,mixed,2,good,6,0,1.0,1.0,1.0
divide_lpres_on,patchcore,carpet,mixed,2,good,7,0,0.8467388153076172,1.0,1.0
divide_lpres_on,patchcore,carpet,mixed,2,color,8,1,1.0,1.0,1.0
divide_lpres_on,patchcore,carpet,mixed,2,color,9,1,1.0,1.0,1.0
divide_lpres_on,patchcore,carpet,mixed,2,color,10,1,1.0,1.0,1.0
divide_lpres_on,patchcore,carpet,mixed,2,color,11,1,1.0,1.0,1.0
divide_lpres_on,patchcore,carpet,mixed,2,color,12,1,1.0,1.0,1.0
divide_lpres_on,patchcore,carpet,mixed,2,color,13,1,1.0,1.0,1.0
divide_lpres_on,patchcore,carpet,mixed,2,color,14,1,1.0,1.0,1.0
divide_lpres_on,patchcore,carpet,mixed,2,color,15,1,1.0,1.0,1.0
divide_lpres_off,patchcore,carpet,mixed,2,good,0,0,0.5998239517211914,1.0,1.0
divide_lpres_off,patchcore,carpet,mixed,2,good,1,0,0.6361232995986938,1.0,1.0
divide_lpres_off,patchcore,carpet,mixed,2,good,2,0,1.0,1.0,1.0
divide_lpres_off,patchcore,carpet,mixed,2,good,3,0,1.0,1.0,1.0
divide_lpres_off,patchcore,carpet,mixed,2,good,4,0,0.79691082239151,1.0,0.9534623622894287
divide_lpres_off,patchcore,carpet,mixed,2,good,5,0,0.7898678183555603,1.0,1.0
divide_lpres_off,patchcore,carpet,mixed,2,good,6,0,1.0,1.0,1.0
divide_lpres_off,patchcore,carpet,mixed,2,good,7,0,0.8467388153076172,1.0,1.0
divide_lpres_off,patchcore,carpet,mixed,2,color,8,1,1.0,1.0,1.0
divide_lpres_off,patchcore,carpet,mixed,2,color,9,1,1.0,1.0,1.0
divide_lpres_off,patchcore,carpet,mixed,2,color,10,1,1.0,1.0,1.0
divide_lpres_off,patchcore,carpet,mixed,2,color,11,1,1.0,1.0,1.0
divide_lpres_off,patchcore,carpet,mixed,2,color,12,1,1.0,1.0,1.0
divide_lpres_off,patchcore,carpet,mixed,2,color,13,1,1.0,1.0,1.0
divide_lpres_off,patchcore,carpet,mixed,2,color,14,1,1.0,1.0,1.0
divide_lpres_off,patchcore,carpet,mixed,2,color,15,1,1.0,1.0,1.0
identity,patchcore,carpet,mixed,3,good,0,0,0.5998239517211914,1.0,1.0
identity,patchcore,carpet,mixed,3,good,1,0,0.6361232995986938,1.0,1.0
identity,patchcore,carpet,mixed,3,good,2,0,1.0,1.0,1.0
identity,patchcore,carpet,mixed,3,good,3,0,1.0,1.0,1.0
identity,patchcore,carpet,mixed,3,good,4,0,0.79691082239151,1.0,1.0
identity,patchcore,carpet,mixed,3,good,5,0,0.7898678183555603,1.0,1.0
identity,patchcore,carpet,mixed,3,good,6,0,1.0,1.0,1.0
identity,patchcore,carpet,mixed,3,good,7,0,0.8467388153076172,1.0,1.0
identity,patchcore,carpet,mixed,3,color,8,1,1.0,1.0,1.0
identity,patchcore,carpet,mixed,3,color,9,1,1.0,1.0,1.0
identity,patchcore,carpet,mixed,3,color,10,1,1.0,1.0,1.0
identity,patchcore,carpet,mixed,3,color,11,1,1.0,1.0,1.0
identity,patchcore,carpet,mixed,3,color,12,1,1.0,1.0,1.0
identity,patchcore,carpet,mixed,3,color,13,1,1.0,1.0,1.0
identity,patchcore,carpet,mixed,3,color,14,1,1.0,1.0,1.0
identity,patchcore,carpet,mixed,3,color,15,1,1.0,1.0,1.0
wiener,patchcore,carpet,mixed,3,good,0,0,0.5998239517211914,1.0,1.0
wiener,patchcore,carpet,mixed,3,good,1,0,0.6361232995986938,1.0,1.0
wiener,patchcore,carpet,mixed,3,good,2,0,1.0,1.0,1.0
wiener,patchcore,carpet,mixed,3,good,3,0,1.0,1.0,1.0
wiener,patchcore,carpet,mixed,3,good,4,0,0.79691082239151,1.0,1.0
wiener,patchcore,carpet,mixed,3,good,5,0,0.7898678183555603,1.0,1.0
wiener,patchcore,carpet,mixed,3,good,6,0,1.0,1.0,1.0
wiener,patchcore,carpet,mixed,3,good,7,0,0.8467388153076172,1.0,1.0
wiener,patchcore,carpet,mixed,3,color,8,1,1.0,1.0,1.0
wiener,patchcore,carpet,mixed,3,color,9,1,1.0,1.0,1.0
wiener,patchcore,carpet,mixed,3,color,10,1,1.0,1.0,1.0
wiener,patchcore,carpet,mixed,3,color,11,1,1.0,1.0,1.0
wiener,patchcore,carpet,mixed,3,color,12,1,1.0,1.0,1.0
wiener,patchcore,carpet,mixed,3,color,13,1,1.0,1.0,1.0
wiener,patchcore,carpet,mixed,3,color,14,1,1.0,1.0,1.0
wiener,patchcore,carpet,mixed,3,color,15,1,1.0,1.0,1.0
restormer_deblur,patchcore,carpet,mixed,3,good,0,0,0.5998239517211914,1.0,1.0
restormer_deblur,patchcore,carpet,mixed,3,good,1,0,0.6361232995986938,1.0,1.0
restormer_deblur,patchcore,carpet,mixed,3,good,2,0,1.0,1.0,1.0
restormer_deblur,patchcore,carpet,mixed,3,good,3,0,1.0,1.0,1.0
restormer_deblur,patchcore,carpet,mixed,3,good,4,0,0.79691082239151,1.0,1.0
restormer_deblur,patchcore,carpet,mixed,3,good,5,0,0.7898678183555603,1.0,1.0
restormer_deblur,patchcore,carpet,mixed,3,good,6,0,1.0,1.0,1.0
restormer_deblur,patchcore,carpet,mixed,3,good,7,0,0.8467388153076172,1.0,1.0
restormer_deblur,patchcore,carpet,mixed,3,color,8,1,1.0,1.0,1.0
restormer_deblur,patchcore,carpet,mixed,3,color,9,1,1.0,1.0,1.0
restormer_deblur,patchcore,carpet,mixed,3,color,10,1,1.0,1.0,1.0
restormer_deblur,patchcore,carpet,mixed,3,color,11,1,1.0,1.0,1.0
restormer_deblur,patchcore,carpet,mixed,3,color,12,1,1.0,1.0,1.0
restormer_deblur,patchcore,carpet,mixed,3,color,13,1,1.0,1.0,1.0
restormer_deblur,patchcore,carpet,mixed,3,color,14,1,1.0,1.0,1.0
restormer_deblur,patchcore,carpet,mixed,3,color,15,1,1.0,1.0,1.0
divide_lpres_on,patchcore,carpet,mixed,3,good,0,0,0.5998239517211914,1.0,1.0
divide_lpres_on,patchcore,carpet,mixed,3,good,1,0,0.6361232995986938,1.0,1.0
divide_lpres_on,patchcore,carpet,mixed,3,good,2,0,1.0,1.0,1.0
divide_lpres_on,patchcore,carpet,mixed,3,good,3,0,1.0,1.0,1.0
divide_lpres_on,patchcore,carpet,mixed,3,good,4,0,0.79691082239151,1.0,1.0
divide_lpres_on,patchcore,carpet,mixed,3,good,5,0,0.7898678183555603,1.0,1.0
divide_lpres_on,patchcore,carpet,mixed,3,good,6,0,1.0,1.0,1.0
divide_lpres_on,patchcore,carpet,mixed,3,good,7,0,0.8467388153076172,1.0,1.0
divide_lpres_on,patchcore,carpet,mixed,3,color,8,1,1.0,1.0,1.0
divide_lpres_on,patchcore,carpet,mixed,3,color,9,1,1.0,1.0,1.0
divide_lpres_on,patchcore,carpet,mixed,3,color,10,1,1.0,1.0,1.0
divide_lpres_on,patchcore,carpet,mixed,3,color,11,1,1.0,1.0,1.0
divide_lpres_on,patchcore,carpet,mixed,3,color,12,1,1.0,1.0,1.0
divide_lpres_on,patchcore,carpet,mixed,3,color,13,1,1.0,1.0,1.0
divide_lpres_on,patchcore,carpet,mixed,3,color,14,1,1.0,1.0,1.0
divide_lpres_on,patchcore,carpet,mixed,3,color,15,1,1.0,1.0,1.0
divide_lpres_off,patchcore,carpet,mixed,3,good,0,0,0.5998239517211914,1.0,1.0
divide_lpres_off,patchcore,carpet,mixed,3,good,1,0,0.6361232995986938,1.0,1.0
divide_lpres_off,patchcore,carpet,mixed,3,good,2,0,1.0,1.0,1.0
divide_lpres_off,patchcore,carpet,mixed,3,good,3,0,1.0,1.0,1.0
divide_lpres_off,patchcore,carpet,mixed,3,good,4,0,0.79691082239151,1.0,1.0
divide_lpres_off,patchcore,carpet,mixed,3,good,5,0,0.7898678183555603,1.0,1.0
divide_lpres_off,patchcore,carpet,mixed,3,good,6,0,1.0,1.0,1.0
divide_lpres_off,patchcore,carpet,mixed,3,good,7,0,0.8467388153076172,1.0,1.0
divide_lpres_off,patchcore,carpet,mixed,3,color,8,1,1.0,1.0,1.0
divide_lpres_off,patchcore,carpet,mixed,3,color,9,1,1.0,1.0,1.0
divide_lpres_off,patchcore,carpet,mixed,3,color,10,1,1.0,1.0,1.0
divide_lpres_off,patchcore,carpet,mixed,3,color,11,1,1.0,1.0,1.0
divide_lpres_off,patchcore,carpet,mixed,3,color,12,1,1.0,1.0,1.0
divide_lpres_off,patchcore,carpet,mixed,3,color,13,1,1.0,1.0,1.0
divide_lpres_off,patchcore,carpet,mixed,3,color,14,1,1.0,1.0,1.0
divide_lpres_off,patchcore,carpet,mixed,3,color,15,1,1.0,1.0,1.0
identity,patchcore,carpet,mixed,4,good,0,0,0.5998239517211914,1.0,1.0
identity,patchcore,carpet,mixed,4,good,1,0,0.6361232995986938,1.0,1.0
identity,patchcore,carpet,mixed,4,good,2,0,1.0,1.0,1.0
identity,patchcore,carpet,mixed,4,good,3,0,1.0,1.0,1.0
identity,patchcore,carpet,mixed,4,good,4,0,0.79691082239151,1.0,1.0
identity,patchcore,carpet,mixed,4,good,5,0,0.7898678183555603,1.0,1.0
identity,patchcore,carpet,mixed,4,good,6,0,1.0,1.0,1.0
identity,patchcore,carpet,mixed,4,good,7,0,0.8467388153076172,1.0,1.0
identity,patchcore,carpet,mixed,4,color,8,1,1.0,1.0,1.0
identity,patchcore,carpet,mixed,4,color,9,1,1.0,1.0,1.0
identity,patchcore,carpet,mixed,4,color,10,1,1.0,1.0,1.0
identity,patchcore,carpet,mixed,4,color,11,1,1.0,1.0,1.0
identity,patchcore,carpet,mixed,4,color,12,1,1.0,1.0,1.0
identity,patchcore,carpet,mixed,4,color,13,1,1.0,1.0,1.0
identity,patchcore,carpet,mixed,4,color,14,1,1.0,1.0,1.0
identity,patchcore,carpet,mixed,4,color,15,1,1.0,1.0,1.0
wiener,patchcore,carpet,mixed,4,good,0,0,0.5998239517211914,1.0,1.0
wiener,patchcore,carpet,mixed,4,good,1,0,0.6361232995986938,1.0,1.0
wiener,patchcore,carpet,mixed,4,good,2,0,1.0,1.0,1.0
wiener,patchcore,carpet,mixed,4,good,3,0,1.0,1.0,1.0
wiener,patchcore,carpet,mixed,4,good,4,0,0.79691082239151,1.0,1.0
wiener,patchcore,carpet,mixed,4,good,5,0,0.7898678183555603,1.0,1.0
wiener,patchcore,carpet,mixed,4,good,6,0,1.0,1.0,1.0
wiener,patchcore,carpet,mixed,4,good,7,0,0.8467388153076172,1.0,1.0
wiener,patchcore,carpet,mixed,4,color,8,1,1.0,1.0,1.0
wiener,patchcore,carpet,mixed,4,color,9,1,1.0,1.0,1.0
wiener,patchcore,carpet,mixed,4,color,10,1,1.0,1.0,1.0
wiener,patchcore,carpet,mixed,4,color,11,1,1.0,1.0,1.0
wiener,patchcore,carpet,mixed,4,color,12,1,1.0,1.0,1.0
wiener,patchcore,carpet,mixed,4,color,13,1,1.0,1.0,1.0
wiener,patchcore,carpet,mixed,4,color,14,1,1.0,1.0,1.0
wiener,patchcore,carpet,mixed,4,color,15,1,1.0,1.0,1.0
restormer_deblur,patchcore,carpet,mixed,4,good,0,0,0.5998239517211914,1.0,1.0
restormer_deblur,patchcore,carpet,mixed,4,good,1,0,0.6361232995986938,1.0,1.0
restormer_deblur,patchcore,carpet,mixed,4,good,2,0,1.0,1.0,1.0
restormer_deblur,patchcore,carpet,mixed,4,good,3,0,1.0,1.0,1.0
restormer_deblur,patchcore,carpet,mixed,4,good,4,0,0.79691082239151,1.0,1.0
restormer_deblur,patchcore,carpet,mixed,4,good,5,0,0.7898678183555603,1.0,1.0
restormer_deblur,patchcore,carpet,mixed,4,good,6,0,1.0,1.0,1.0
restormer_deblur,patchcore,carpet,mixed,4,good,7,0,0.8467388153076172,1.0,1.0
restormer_deblur,patchcore,carpet,mixed,4,color,8,1,1.0,1.0,1.0
restormer_deblur,patchcore,carpet,mixed,4,color,9,1,1.0,1.0,1.0
restormer_deblur,patchcore,carpet,mixed,4,color,10,1,1.0,1.0,1.0
restormer_deblur,patchcore,carpet,mixed,4,color,11,1,1.0,1.0,1.0
restormer_deblur,patchcore,carpet,mixed,4,color,12,1,1.0,1.0,1.0
restormer_deblur,patchcore,carpet,mixed,4,color,13,1,1.0,1.0,1.0
restormer_deblur,patchcore,carpet,mixed,4,color,14,1,1.0,1.0,1.0
restormer_deblur,patchcore,carpet,mixed,4,color,15,1,1.0,1.0,1.0
divide_lpres_on,patchcore,carpet,mixed,4,good,0,0,0.5998239517211914,1.0,1.0
divide_lpres_on,patchcore,carpet,mixed,4,good,1,0,0.6361232995986938,1.0,1.0
divide_lpres_on,patchcore,carpet,mixed,4,good,2,0,1.0,1.0,1.0
divide_lpres_on,patchcore,carpet,mixed,4,good,3,0,1.0,1.0,1.0
divide_lpres_on,patchcore,carpet,mixed,4,good,4,0,0.79691082239151,1.0,1.0
divide_lpres_on,patchcore,carpet,mixed,4,good,5,0,0.7898678183555603,1.0,1.0
divide_lpres_on,patchcore,carpet,mixed,4,good,6,0,1.0,1.0,1.0
divide_lpres_on,patchcore,carpet,mixed,4,good,7,0,0.8467388153076172,1.0,1.0
divide_lpres_on,patchcore,carpet,mixed,4,color,8,1,1.0,1.0,1.0
divide_lpres_on,patchcore,carpet,mixed,4,color,9,1,1.0,1.0,1.0
divide_lpres_on,patchcore,carpet,mixed,4,color,10,1,1.0,1.0,1.0
divide_lpres_on,patchcore,carpet,mixed,4,color,11,1,1.0,1.0,1.0
divide_lpres_on,patchcore,carpet,mixed,4,color,12,1,1.0,1.0,1.0
divide_lpres_on,patchcore,carpet,mixed,4,color,13,1,1.0,1.0,1.0
divide_lpres_on,patchcore,carpet,mixed,4,color,14,1,1.0,1.0,1.0
divide_lpres_on,patchcore,carpet,mixed,4,color,15,1,1.0,1.0,1.0
divide_lpres_off,patchcore,carpet,mixed,4,good,0,0,0.5998239517211914,1.0,1.0
divide_lpres_off,patchcore,carpet,mixed,4,good,1,0,0.6361232995986938,1.0,1.0
divide_lpres_off,patchcore,carpet,mixed,4,good,2,0,1.0,1.0,1.0
divide_lpres_off,patchcore,carpet,mixed,4,good,3,0,1.0,1.0,1.0
divide_lpres_off,patchcore,carpet,mixed,4,good,4,0,0.79691082239151,1.0,1.0
divide_lpres_off,patchcore,carpet,mixed,4,good,5,0,0.7898678183555603,1.0,1.0
divide_lpres_off,patchcore,carpet,mixed,4,good,6,0,1.0,1.0,1.0
divide_lpres_off,patchcore,carpet,mixed,4,good,7,0,0.8467388153076172,1.0,1.0
divide_lpres_off,patchcore,carpet,mixed,4,color,8,1,1.0,1.0,1.0
divide_lpres_off,patchcore,carpet,mixed,4,color,9,1,1.0,1.0,1.0
divide_lpres_off,patchcore,carpet,mixed,4,color,10,1,1.0,1.0,1.0
divide_lpres_off,patchcore,carpet,mixed,4,color,11,1,1.0,1.0,1.0
divide_lpres_off,patchcore,carpet,mixed,4,color,12,1,1.0,1.0,1.0
divide_lpres_off,patchcore,carpet,mixed,4,color,13,1,1.0,1.0,1.0
divide_lpres_off,patchcore,carpet,mixed,4,color,14,1,1.0,1.0,1.0
divide_lpres_off,patchcore,carpet,mixed,4,color,15,1,1.0,1.0,1.0
identity,padim,bottle,defocus,2,good,0,0,0.4898289740085602,0.5716756582260132,0.5716756582260132
identity,padim,bottle,defocus,2,good,1,0,0.7351454496383667,0.608240008354187,0.608240008354187
identity,padim,bottle,defocus,2,good,2,0,0.876616358757019,0.8647640943527222,0.8647640943527222
identity,padim,bottle,defocus,2,good,3,0,0.4791443943977356,0.5489999055862427,0.5489999055862427
identity,padim,bottle,defocus,2,good,4,0,0.5700920224189758,0.5662474632263184,0.5662474632263184
identity,padim,bottle,defocus,2,good,5,0,0.4708174169063568,0.6632730960845947,0.6632730960845947
identity,padim,bottle,defocus,2,good,6,0,0.6785476803779602,0.7702138423919678,0.7702138423919678
identity,padim,bottle,defocus,2,good,7,0,0.6006224155426025,0.585883617401123,0.585883617401123
identity,padim,bottle,defocus,2,broken_large,8,1,1.0,1.0,1.0
identity,padim,bottle,defocus,2,broken_large,9,1,1.0,1.0,1.0
identity,padim,bottle,defocus,2,broken_large,10,1,1.0,1.0,1.0
identity,padim,bottle,defocus,2,broken_large,11,1,1.0,1.0,1.0
identity,padim,bottle,defocus,2,broken_large,12,1,1.0,1.0,1.0
identity,padim,bottle,defocus,2,broken_large,13,1,1.0,1.0,1.0
identity,padim,bottle,defocus,2,broken_large,14,1,1.0,1.0,1.0
identity,padim,bottle,defocus,2,broken_large,15,1,1.0,1.0,1.0
wiener,padim,bottle,defocus,2,good,0,0,0.4898289740085602,0.5716756582260132,1.0
wiener,padim,bottle,defocus,2,good,1,0,0.7351454496383667,0.608240008354187,1.0
wiener,padim,bottle,defocus,2,good,2,0,0.876616358757019,0.8647640943527222,1.0
wiener,padim,bottle,defocus,2,good,3,0,0.4791443943977356,0.5489999055862427,1.0
wiener,padim,bottle,defocus,2,good,4,0,0.5700920224189758,0.5662474632263184,1.0
wiener,padim,bottle,defocus,2,good,5,0,0.4708174169063568,0.6632730960845947,1.0
wiener,padim,bottle,defocus,2,good,6,0,0.6785476803779602,0.7702138423919678,1.0
wiener,padim,bottle,defocus,2,good,7,0,0.6006224155426025,0.585883617401123,1.0
wiener,padim,bottle,defocus,2,broken_large,8,1,1.0,1.0,1.0
wiener,padim,bottle,defocus,2,broken_large,9,1,1.0,1.0,1.0
wiener,padim,bottle,defocus,2,broken_large,10,1,1.0,1.0,1.0
wiener,padim,bottle,defocus,2,broken_large,11,1,1.0,1.0,1.0
wiener,padim,bottle,defocus,2,broken_large,12,1,1.0,1.0,1.0
wiener,padim,bottle,defocus,2,broken_large,13,1,1.0,1.0,1.0
wiener,padim,bottle,defocus,2,broken_large,14,1,1.0,1.0,1.0
wiener,padim,bottle,defocus,2,broken_large,15,1,1.0,1.0,1.0
restormer_deblur,padim,bottle,defocus,2,good,0,0,0.4898289740085602,0.5716756582260132,1.0
restormer_deblur,padim,bottle,defocus,2,good,1,0,0.7351454496383667,0.608240008354187,0.633857250213623
restormer_deblur,padim,bottle,defocus,2,good,2,0,0.876616358757019,0.8647640943527222,0.8004063367843628
restormer_deblur,padim,bottle,defocus,2,good,3,0,0.4791443943977356,0.5489999055862427,0.6709891557693481
restormer_deblur,padim,bottle,defocus,2,good,4,0,0.5700920224189758,0.5662474632263184,0.5420352816581726
restormer_deblur,padim,bottle,defocus,2,good,5,0,0.4708174169063568,0.6632730960845947,0.6274452209472656
restormer_deblur,padim,bottle,defocus,2,good,6,0,0.6785476803779602,0.7702138423919678,0.9034912586212158
restormer_deblur,padim,bottle,defocus,2,good,7,0,0.6006224155426025,0.585883617401123,0.6148698329925537
restormer_deblur,padim,bottle,defocus,2,broken_large,8,1,1.0,1.0,1.0
restormer_deblur,padim,bottle,defocus,2,broken_large,9,1,1.0,1.0,1.0
restormer_deblur,padim,bottle,defocus,2,broken_large,10,1,1.0,1.0,1.0
restormer_deblur,padim,bottle,defocus,2,broken_large,11,1,1.0,1.0,1.0
restormer_deblur,padim,bottle,defocus,2,broken_large,12,1,1.0,1.0,1.0
restormer_deblur,padim,bottle,defocus,2,broken_large,13,1,1.0,1.0,1.0
restormer_deblur,padim,bottle,defocus,2,broken_large,14,1,1.0,1.0,1.0
restormer_deblur,padim,bottle,defocus,2,broken_large,15,1,1.0,1.0,1.0
divide_lpres_on,padim,bottle,defocus,2,good,0,0,0.4898289740085602,0.5716756582260132,1.0
divide_lpres_on,padim,bottle,defocus,2,good,1,0,0.7351454496383667,0.608240008354187,1.0
divide_lpres_on,padim,bottle,defocus,2,good,2,0,0.876616358757019,0.8647640943527222,1.0
divide_lpres_on,padim,bottle,defocus,2,good,3,0,0.4791443943977356,0.5489999055862427,1.0
divide_lpres_on,padim,bottle,defocus,2,good,4,0,0.5700920224189758,0.5662474632263184,1.0
divide_lpres_on,padim,bottle,defocus,2,good,5,0,0.4708174169063568,0.6632730960845947,1.0
divide_lpres_on,padim,bottle,defocus,2,good,6,0,0.6785476803779602,0.7702138423919678,1.0
divide_lpres_on,padim,bottle,defocus,2,good,7,0,0.6006224155426025,0.585883617401123,1.0
divide_lpres_on,padim,bottle,defocus,2,broken_large,8,1,1.0,1.0,1.0
divide_lpres_on,padim,bottle,defocus,2,broken_large,9,1,1.0,1.0,1.0
divide_lpres_on,padim,bottle,defocus,2,broken_large,10,1,1.0,1.0,1.0
divide_lpres_on,padim,bottle,defocus,2,broken_large,11,1,1.0,1.0,1.0
divide_lpres_on,padim,bottle,defocus,2,broken_large,12,1,1.0,1.0,1.0
divide_lpres_on,padim,bottle,defocus,2,broken_large,13,1,1.0,1.0,1.0
divide_lpres_on,padim,bottle,defocus,2,broken_large,14,1,1.0,1.0,1.0
divide_lpres_on,padim,bottle,defocus,2,broken_large,15,1,1.0,1.0,1.0
divide_lpres_off,padim,bottle,defocus,2,good,0,0,0.4898289740085602,0.5716756582260132,1.0
divide_lpres_off,padim,bottle,defocus,2,good,1,0,0.7351454496383667,0.608240008354187,1.0
divide_lpres_off,padim,bottle,defocus,2,good,2,0,0.876616358757019,0.8647640943527222,1.0
divide_lpres_off,padim,bottle,defocus,2,good,3,0,0.4791443943977356,0.5489999055862427,1.0
divide_lpres_off,padim,bottle,defocus,2,good,4,0,0.5700920224189758,0.5662474632263184,1.0
divide_lpres_off,padim,bottle,defocus,2,good,5,0,0.4708174169063568,0.6632730960845947,1.0
divide_lpres_off,padim,bottle,defocus,2,good,6,0,0.6785476803779602,0.7702138423919678,1.0
divide_lpres_off,padim,bottle,defocus,2,good,7,0,0.6006224155426025,0.585883617401123,1.0
divide_lpres_off,padim,bottle,defocus,2,broken_large,8,1,1.0,1.0,1.0
divide_lpres_off,padim,bottle,defocus,2,broken_large,9,1,1.0,1.0,1.0
divide_lpres_off,padim,bottle,defocus,2,broken_large,10,1,1.0,1.0,1.0
divide_lpres_off,padim,bottle,defocus,2,broken_large,11,1,1.0,1.0,1.0
divide_lpres_off,padim,bottle,defocus,2,broken_large,12,1,1.0,1.0,1.0
divide_lpres_off,padim,bottle,defocus,2,broken_large,13,1,1.0,1.0,1.0
divide_lpres_off,padim,bottle,defocus,2,broken_large,14,1,1.0,1.0,1.0
divide_lpres_off,padim,bottle,defocus,2,broken_large,15,1,1.0,1.0,1.0
identity,padim,bottle,defocus,3,good,0,0,0.4898289740085602,0.5762277841567993,0.5762277841567993
identity,padim,bottle,defocus,3,good,1,0,0.7351454496383667,0.6906373500823975,0.6906373500823975
identity,padim,bottle,defocus,3,good,2,0,0.876616358757019,0.8309212923049927,0.8309212923049927
identity,padim,bottle,defocus,3,good,3,0,0.4791443943977356,0.6736237406730652,0.6736237406730652
identity,padim,bottle,defocus,3,good,4,0,0.5700920224189758,0.5786710977554321,0.5786710977554321
identity,padim,bottle,defocus,3,good,5,0,0.4708174169063568,0.8413578271865845,0.8413578271865845
identity,padim,bottle,defocus,3,good,6,0,0.6785476803779602,0.643552303314209,0.643552303314209
identity,padim,bottle,defocus,3,good,7,0,0.6006224155426025,0.6209954023361206,0.6209954023361206
identity,padim,bottle,defocus,3,broken_large,8,1,1.0,1.0,1.0
identity,padim,bottle,defocus,3,broken_large,9,1,1.0,1.0,1.0
identity,padim,bottle,defocus,3,broken_large,10,1,1.0,1.0,1.0
identity,padim,bottle,defocus,3,broken_large,11,1,1.0,1.0,1.0
identity,padim,bottle,defocus,3,broken_large,12,1,1.0,1.0,1.0
identity,padim,bottle,defocus,3,broken_large,13,1,1.0,1.0,1.0
identity,padim,bottle,defocus,3,broken_large,14,1,1.0,1.0,1.0
identity,padim,bottle,defocus,3,broken_large,15,1,1.0,1.0,1.0
wiener,padim,bottle,defocus,3,good,0,0,0.4898289740085602,0.5762277841567993,1.0
wiener,padim,bottle,defocus,3,good,1,0,0.7351454496383667,0.6906373500823975,1.0
wiener,padim,bottle,defocus,3,good,2,0,0.876616358757019,0.8309212923049927,1.0
wiener,padim,bottle,defocus,3,good,3,0,0.4791443943977356,0.6736237406730652,1.0
wiener,padim,bottle,defocus,3,good,4,0,0.5700920224189758,0.5786710977554321,1.0
wiener,padim,bottle,defocus,3,good,5,0,0.4708174169063568,0.8413578271865845,1.0
wiener,padim,bottle,defocus,3,good,6,0,0.6785476803779602,0.643552303314209,1.0
wiener,padim,bottle,defocus,3,good,7,0,0.6006224155426025,0.6209954023361206,1.0
wiener,padim,bottle,defocus,3,broken_large,8,1,1.0,1.0,1.0
wiener,padim,bottle,defocus,3,broken_large,9,1,1.0,1.0,1.0
wiener,padim,bottle,defocus,3,broken_large,10,1,1.0,1.0,1.0
wiener,padim,bottle,defocus,3,broken_large,11,1,1.0,1.0,1.0
wiener,padim,bottle,defocus,3,broken_large,12,1,1.0,1.0,1.0
wiener,padim,bottle,defocus,3,broken_large,13,1,1.0,1.0,1.0
wiener,padim,bottle,defocus,3,broken_large,14,1,1.0,1.0,1.0
wiener,padim,bottle,defocus,3,broken_large,15,1,1.0,1.0,1.0
restormer_deblur,padim,bottle,defocus,3,good,0,0,0.4898289740085602,0.5762277841567993,0.8463261127471924
restormer_deblur,padim,bottle,defocus,3,good,1,0,0.7351454496383667,0.6906373500823975,0.7399956583976746
restormer_deblur,padim,bottle,defocus,3,good,2,0,0.876616358757019,0.8309212923049927,0.8375469446182251
restormer_deblur,padim,bottle,defocus,3,good,3,0,0.4791443943977356,0.6736237406730652,0.8202648758888245
restormer_deblur,padim,bottle,defocus,3,good,4,0,0.5700920224189758,0.5786710977554321,0.5246196389198303
restormer_deblur,padim,bottle,defocus,3,good,5,0,0.4708174169063568,0.8413578271865845,0.7464763522148132
restormer_deblur,padim,bottle,defocus,3,good,6,0,0.6785476803779602,0.643552303314209,0.734505832195282
restormer_deblur,padim,bottle,defocus,3,good,7,0,0.6006224155426025,0.6209954023361206,0.6957787275314331
restormer_deblur,padim,bottle,defocus,3,broken_large,8,1,1.0,1.0,1.0
restormer_deblur,padim,bottle,defocus,3,broken_large,9,1,1.0,1.0,1.0
restormer_deblur,padim,bottle,defocus,3,broken_large,10,1,1.0,1.0,1.0
restormer_deblur,padim,bottle,defocus,3,broken_large,11,1,1.0,1.0,1.0
restormer_deblur,padim,bottle,defocus,3,broken_large,12,1,1.0,1.0,1.0
restormer_deblur,padim,bottle,defocus,3,broken_large,13,1,1.0,1.0,1.0
restormer_deblur,padim,bottle,defocus,3,broken_large,14,1,1.0,1.0,1.0
restormer_deblur,padim,bottle,defocus,3,broken_large,15,1,1.0,1.0,1.0
divide_lpres_on,padim,bottle,defocus,3,good,0,0,0.4898289740085602,0.5762277841567993,1.0
divide_lpres_on,padim,bottle,defocus,3,good,1,0,0.7351454496383667,0.6906373500823975,1.0
divide_lpres_on,padim,bottle,defocus,3,good,2,0,0.876616358757019,0.8309212923049927,1.0
divide_lpres_on,padim,bottle,defocus,3,good,3,0,0.4791443943977356,0.6736237406730652,1.0
divide_lpres_on,padim,bottle,defocus,3,good,4,0,0.5700920224189758,0.5786710977554321,1.0
divide_lpres_on,padim,bottle,defocus,3,good,5,0,0.4708174169063568,0.8413578271865845,1.0
divide_lpres_on,padim,bottle,defocus,3,good,6,0,0.6785476803779602,0.643552303314209,1.0
divide_lpres_on,padim,bottle,defocus,3,good,7,0,0.6006224155426025,0.6209954023361206,1.0
divide_lpres_on,padim,bottle,defocus,3,broken_large,8,1,1.0,1.0,1.0
divide_lpres_on,padim,bottle,defocus,3,broken_large,9,1,1.0,1.0,1.0
divide_lpres_on,padim,bottle,defocus,3,broken_large,10,1,1.0,1.0,1.0
divide_lpres_on,padim,bottle,defocus,3,broken_large,11,1,1.0,1.0,1.0
divide_lpres_on,padim,bottle,defocus,3,broken_large,12,1,1.0,1.0,1.0
divide_lpres_on,padim,bottle,defocus,3,broken_large,13,1,1.0,1.0,1.0
divide_lpres_on,padim,bottle,defocus,3,broken_large,14,1,1.0,1.0,1.0
divide_lpres_on,padim,bottle,defocus,3,broken_large,15,1,1.0,1.0,1.0
divide_lpres_off,padim,bottle,defocus,3,good,0,0,0.4898289740085602,0.5762277841567993,1.0
divide_lpres_off,padim,bottle,defocus,3,good,1,0,0.7351454496383667,0.6906373500823975,1.0
divide_lpres_off,padim,bottle,defocus,3,good,2,0,0.876616358757019,0.8309212923049927,1.0
divide_lpres_off,padim,bottle,defocus,3,good,3,0,0.4791443943977356,0.6736237406730652,1.0
divide_lpres_off,padim,bottle,defocus,3,good,4,0,0.5700920224189758,0.5786710977554321,1.0
divide_lpres_off,padim,bottle,defocus,3,good,5,0,0.4708174169063568,0.8413578271865845,1.0
divide_lpres_off,padim,bottle,defocus,3,good,6,0,0.6785476803779602,0.643552303314209,1.0
divide_lpres_off,padim,bottle,defocus,3,good,7,0,0.6006224155426025,0.6209954023361206,1.0
divide_lpres_off,padim,bottle,defocus,3,broken_large,8,1,1.0,1.0,1.0
divide_lpres_off,padim,bottle,defocus,3,broken_large,9,1,1.0,1.0,1.0
divide_lpres_off,padim,bottle,defocus,3,broken_large,10,1,1.0,1.0,1.0
divide_lpres_off,padim,bottle,defocus,3,broken_large,11,1,1.0,1.0,1.0
divide_lpres_off,padim,bottle,defocus,3,broken_large,12,1,1.0,1.0,1.0
divide_lpres_off,padim,bottle,defocus,3,broken_large,13,1,1.0,1.0,1.0
divide_lpres_off,padim,bottle,defocus,3,broken_large,14,1,1.0,1.0,1.0
divide_lpres_off,padim,bottle,defocus,3,broken_large,15,1,1.0,1.0,1.0
identity,padim,bottle,defocus,4,good,0,0,0.4898289740085602,0.6763063073158264,0.6763063073158264
identity,padim,bottle,defocus,4,good,1,0,0.7351454496383667,0.8694968223571777,0.8694968223571777
identity,padim,bottle,defocus,4,good,2,0,0.876616358757019,0.8824850916862488,0.8824850916862488
identity,padim,bottle,defocus,4,good,3,0,0.4791443943977356,0.8079289197921753,0.8079289197921753
identity,padim,bottle,defocus,4,good,4,0,0.5700920224189758,0.6805999875068665,0.6805999875068665
identity,padim,bottle,defocus,4,good,5,0,0.4708174169063568,0.9913214445114136,0.9913214445114136
identity,padim,bottle,defocus,4,good,6,0,0.6785476803779602,0.9257247447967529,0.9257247447967529
identity,padim,bottle,defocus,4,good,7,0,0.6006224155426025,0.6806374192237854,0.6806374192237854
identity,padim,bottle,defocus,4,broken_large,8,1,1.0,1.0,1.0
identity,padim,bottle,defocus,4,broken_large,9,1,1.0,1.0,1.0
identity,padim,bottle,defocus,4,broken_large,10,1,1.0,1.0,1.0
identity,padim,bottle,defocus,4,broken_large,11,1,1.0,1.0,1.0
identity,padim,bottle,defocus,4,broken_large,12,1,1.0,1.0,1.0
identity,padim,bottle,defocus,4,broken_large,13,1,1.0,1.0,1.0
identity,padim,bottle,defocus,4,broken_large,14,1,1.0,1.0,1.0
identity,padim,bottle,defocus,4,broken_large,15,1,1.0,1.0,1.0
wiener,padim,bottle,defocus,4,good,0,0,0.4898289740085602,0.6763063073158264,1.0
wiener,padim,bottle,defocus,4,good,1,0,0.7351454496383667,0.8694968223571777,1.0
wiener,padim,bottle,defocus,4,good,2,0,0.876616358757019,0.8824850916862488,1.0
wiener,padim,bottle,defocus,4,good,3,0,0.4791443943977356,0.8079289197921753,1.0
wiener,padim,bottle,defocus,4,good,4,0,0.5700920224189758,0.6805999875068665,1.0
wiener,padim,bottle,defocus,4,good,5,0,0.4708174169063568,0.9913214445114136,1.0
wiener,padim,bottle,defocus,4,good,6,0,0.6785476803779602,0.9257247447967529,1.0
wiener,padim,bottle,defocus,4,good,7,0,0.6006224155426025,0.6806374192237854,1.0
wiener,padim,bottle,defocus,4,broken_large,8,1,1.0,1.0,1.0
wiener,padim,bottle,defocus,4,broken_large,9,1,1.0,1.0,1.0
wiener,padim,bottle,defocus,4,broken_large,10,1,1.0,1.0,1.0
wiener,padim,bottle,defocus,4,broken_large,11,1,1.0,1.0,1.0
wiener,padim,bottle,defocus,4,broken_large,12,1,1.0,1.0,1.0
wiener,padim,bottle,defocus,4,broken_large,13,1,1.0,1.0,1.0
wiener,padim,bottle,defocus,4,broken_large,14,1,1.0,1.0,1.0
wiener,padim,bottle,defocus,4,broken_large,15,1,1.0,1.0,1.0
restormer_deblur,padim,bottle,defocus,4,good,0,0,0.4898289740085602,0.6763063073158264,0.9398578405380249
restormer_deblur,padim,bottle,defocus,4,good,1,0,0.7351454496383667,0.8694968223571777,0.6894931793212891
restormer_deblur,padim,bottle,defocus,4,good,2,0,0.876616358757019,0.8824850916862488,0.9766007661819458
restormer_deblur,padim,bottle,defocus,4,good,3,0,0.4791443943977356,0.8079289197921753,0.6738777160644531
restormer_deblur,padim,bottle,defocus,4,good,4,0,0.5700920224189758,0.6805999875068665,0.614799976348877
restormer_deblur,padim,bottle,defocus,4,good,5,0,0.4708174169063568,0.9913214445114136,0.7082217335700989
restormer_deblur,padim,bottle,defocus,4,good,6,0,0.6785476803779602,0.9257247447967529,0.9104471206665039
restormer_deblur,padim,bottle,defocus,4,good,7,0,0.6006224155426025,0.6806374192237854,0.6673726439476013
restormer_deblur,padim,bottle,defocus,4,broken_large,8,1,1.0,1.0,1.0
restormer_deblur,padim,bottle,defocus,4,broken_large,9,1,1.0,1.0,1.0
restormer_deblur,padim,bottle,defocus,4,broken_large,10,1,1.0,1.0,1.0
restormer_deblur,padim,bottle,defocus,4,broken_large,11,1,1.0,1.0,1.0
restormer_deblur,padim,bottle,defocus,4,broken_large,12,1,1.0,1.0,1.0
restormer_deblur,padim,bottle,defocus,4,broken_large,13,1,1.0,1.0,1.0
restormer_deblur,padim,bottle,defocus,4,broken_large,14,1,1.0,1.0,1.0
restormer_deblur,padim,bottle,defocus,4,broken_large,15,1,1.0,1.0,1.0
divide_lpres_on,padim,bottle,defocus,4,good,0,0,0.4898289740085602,0.6763063073158264,1.0
divide_lpres_on,padim,bottle,defocus,4,good,1,0,0.7351454496383667,0.8694968223571777,1.0
divide_lpres_on,padim,bottle,defocus,4,good,2,0,0.876616358757019,0.8824850916862488,1.0
divide_lpres_on,padim,bottle,defocus,4,good,3,0,0.4791443943977356,0.8079289197921753,1.0
divide_lpres_on,padim,bottle,defocus,4,good,4,0,0.5700920224189758,0.6805999875068665,1.0
divide_lpres_on,padim,bottle,defocus,4,good,5,0,0.4708174169063568,0.9913214445114136,1.0
divide_lpres_on,padim,bottle,defocus,4,good,6,0,0.6785476803779602,0.9257247447967529,1.0
divide_lpres_on,padim,bottle,defocus,4,good,7,0,0.6006224155426025,0.6806374192237854,1.0
divide_lpres_on,padim,bottle,defocus,4,broken_large,8,1,1.0,1.0,1.0
divide_lpres_on,padim,bottle,defocus,4,broken_large,9,1,1.0,1.0,1.0
divide_lpres_on,padim,bottle,defocus,4,broken_large,10,1,1.0,1.0,1.0
divide_lpres_on,padim,bottle,defocus,4,broken_large,11,1,1.0,1.0,1.0
divide_lpres_on,padim,bottle,defocus,4,broken_large,12,1,1.0,1.0,1.0
divide_lpres_on,padim,bottle,defocus,4,broken_large,13,1,1.0,1.0,1.0
divide_lpres_on,padim,bottle,defocus,4,broken_large,14,1,1.0,1.0,1.0
divide_lpres_on,padim,bottle,defocus,4,broken_large,15,1,1.0,1.0,1.0
divide_lpres_off,padim,bottle,defocus,4,good,0,0,0.4898289740085602,0.6763063073158264,1.0
divide_lpres_off,padim,bottle,defocus,4,good,1,0,0.7351454496383667,0.8694968223571777,1.0
divide_lpres_off,padim,bottle,defocus,4,good,2,0,0.876616358757019,0.8824850916862488,1.0
divide_lpres_off,padim,bottle,defocus,4,good,3,0,0.4791443943977356,0.8079289197921753,1.0
divide_lpres_off,padim,bottle,defocus,4,good,4,0,0.5700920224189758,0.6805999875068665,1.0
divide_lpres_off,padim,bottle,defocus,4,good,5,0,0.4708174169063568,0.9913214445114136,1.0
divide_lpres_off,padim,bottle,defocus,4,good,6,0,0.6785476803779602,0.9257247447967529,1.0
divide_lpres_off,padim,bottle,defocus,4,good,7,0,0.6006224155426025,0.6806374192237854,1.0
divide_lpres_off,padim,bottle,defocus,4,broken_large,8,1,1.0,1.0,1.0
divide_lpres_off,padim,bottle,defocus,4,broken_large,9,1,1.0,1.0,1.0
divide_lpres_off,padim,bottle,defocus,4,broken_large,10,1,1.0,1.0,1.0
divide_lpres_off,padim,bottle,defocus,4,broken_large,11,1,1.0,1.0,1.0
divide_lpres_off,padim,bottle,defocus,4,broken_large,12,1,1.0,1.0,1.0
divide_lpres_off,padim,bottle,defocus,4,broken_large,13,1,1.0,1.0,1.0
divide_lpres_off,padim,bottle,defocus,4,broken_large,14,1,1.0,1.0,1.0
divide_lpres_off,padim,bottle,defocus,4,broken_large,15,1,1.0,1.0,1.0
identity,padim,bottle,motion,2,good,0,0,0.4898289740085602,0.6057140827178955,0.6057140827178955
identity,padim,bottle,motion,2,good,1,0,0.7351454496383667,0.615149974822998,0.615149974822998
identity,padim,bottle,motion,2,good,2,0,0.876616358757019,0.8376070261001587,0.8376070261001587
identity,padim,bottle,motion,2,good,3,0,0.4791443943977356,0.7008763551712036,0.7008763551712036
identity,padim,bottle,motion,2,good,4,0,0.5700920224189758,0.6727994680404663,0.6727994680404663
identity,padim,bottle,motion,2,good,5,0,0.4708174169063568,0.8414275646209717,0.8414275646209717
identity,padim,bottle,motion,2,good,6,0,0.6785476803779602,0.7063441276550293,0.7063441276550293
identity,padim,bottle,motion,2,good,7,0,0.6006224155426025,0.6084471344947815,0.6084471344947815
identity,padim,bottle,motion,2,broken_large,8,1,1.0,1.0,1.0
identity,padim,bottle,motion,2,broken_large,9,1,1.0,1.0,1.0
identity,padim,bottle,motion,2,broken_large,10,1,1.0,1.0,1.0
identity,padim,bottle,motion,2,broken_large,11,1,1.0,1.0,1.0
identity,padim,bottle,motion,2,broken_large,12,1,1.0,1.0,1.0
identity,padim,bottle,motion,2,broken_large,13,1,1.0,1.0,1.0
identity,padim,bottle,motion,2,broken_large,14,1,1.0,1.0,1.0
identity,padim,bottle,motion,2,broken_large,15,1,1.0,1.0,1.0
wiener,padim,bottle,motion,2,good,0,0,0.4898289740085602,0.6057140827178955,0.6998072862625122
wiener,padim,bottle,motion,2,good,1,0,0.7351454496383667,0.615149974822998,1.0
wiener,padim,bottle,motion,2,good,2,0,0.876616358757019,0.8376070261001587,1.0
wiener,padim,bottle,motion,2,good,3,0,0.4791443943977356,0.7008763551712036,0.7151082754135132
wiener,padim,bottle,motion,2,good,4,0,0.5700920224189758,0.6727994680404663,0.7384051084518433
wiener,padim,bottle,motion,2,good,5,0,0.4708174169063568,0.8414275646209717,1.0
wiener,padim,bottle,motion,2,good,6,0,0.6785476803779602,0.7063441276550293,0.7115216851234436
wiener,padim,bottle,motion,2,good,7,0,0.6006224155426025,0.6084471344947815,1.0
wiener,padim,bottle,motion,2,broken_large,8,1,1.0,1.0,1.0
wiener,padim,bottle,motion,2,broken_large,9,1,1.0,1.0,1.0
wiener,padim,bottle,motion,2,broken_large,10,1,1.0,1.0,1.0
wiener,padim,bottle,motion,2,broken_large,11,1,1.0,1.0,1.0
wiener,padim,bottle,motion,2,broken_large,12,1,1.0,1.0,1.0
wiener,padim,bottle,motion,2,broken_large,13,1,1.0,1.0,1.0
wiener,padim,bottle,motion,2,broken_large,14,1,1.0,1.0,1.0
wiener,padim,bottle,motion,2,broken_large,15,1,1.0,1.0,1.0
restormer_deblur,padim,bottle,motion,2,good,0,0,0.4898289740085602,0.6057140827178955,0.6057140827178955
restormer_deblur,padim,bottle,motion,2,good,1,0,0.7351454496383667,0.615149974822998,0.6932874917984009
restormer_deblur,padim,bottle,motion,2,good,2,0,0.876616358757019,0.8376070261001587,0.9733599424362183
restormer_deblur,padim,bottle,motion,2,good,3,0,0.4791443943977356,0.7008763551712036,0.7008763551712036
restormer_deblur,padim,bottle,motion,2,good,4,0,0.5700920224189758,0.6727994680404663,0.6727994680404663
restormer_deblur,padim,bottle,motion,2,good,5,0,0.4708174169063568,0.8414275646209717,0.6616792678833008
restormer_deblur,padim,bottle,motion,2,good,6,0,0.6785476803779602,0.7063441276550293,0.7063441276550293
restormer_deblur,padim,bottle,motion,2,good,7,0,0.6006224155426025,0.6084471344947815,0.6058648228645325
restormer_deblur,padim,bottle,motion,2,broken_large,8,1,1.0,1.0,1.0
restormer_deblur,padim,bottle,motion,2,broken_large,9,1,1.0,1.0,1.0
restormer_deblur,padim,bottle,motion,2,broken_large,10,1,1.0,1.0,1.0
restormer_deblur,padim,bottle,motion,2,broken_large,11,1,1.0,1.0,1.0
restormer_deblur,padim,bottle,motion,2,broken_large,12,1,1.0,1.0,1.0
restormer_deblur,padim,bottle,motion,2,broken_large,13,1,1.0,1.0,1.0
restormer_deblur,padim,bottle,motion,2,broken_large,14,1,1.0,1.0,1.0
restormer_deblur,padim,bottle,motion,2,broken_large,15,1,1.0,1.0,1.0
divide_lpres_on,padim,bottle,motion,2,good,0,0,0.4898289740085602,0.6057140827178955,0.6013816595077515
divide_lpres_on,padim,bottle,motion,2,good,1,0,0.7351454496383667,0.615149974822998,1.0
divide_lpres_on,padim,bottle,motion,2,good,2,0,0.876616358757019,0.8376070261001587,1.0
divide_lpres_on,padim,bottle,motion,2,good,3,0,0.4791443943977356,0.7008763551712036,0.7006632685661316
divide_lpres_on,padim,bottle,motion,2,good,4,0,0.5700920224189758,0.6727994680404663,0.6665410399436951
divide_lpres_on,padim,bottle,motion,2,good,5,0,0.4708174169063568,0.8414275646209717,1.0
divide_lpres_on,padim,bottle,motion,2,good,6,0,0.6785476803779602,0.7063441276550293,0.7023999094963074
divide_lpres_on,padim,bottle,motion,2,good,7,0,0.6006224155426025,0.6084471344947815,1.0
divide_lpres_on,padim,bottle,motion,2,broken_large,8,1,1.0,1.0,1.0
divide_lpres_on,padim,bottle,motion,2,broken_large,9,1,1.0,1.0,1.0
divide_lpres_on,padim,bottle,motion,2,broken_large,10,1,1.0,1.0,1.0
divide_lpres_on,padim,bottle,motion,2,broken_large,11,1,1.0,1.0,1.0
divide_lpres_on,padim,bottle,motion,2,broken_large,12,1,1.0,1.0,1.0
divide_lpres_on,padim,bottle,motion,2,broken_large,13,1,1.0,1.0,1.0
divide_lpres_on,padim,bottle,motion,2,broken_large,14,1,1.0,1.0,1.0
divide_lpres_on,padim,bottle,motion,2,broken_large,15,1,1.0,1.0,1.0
divide_lpres_off,padim,bottle,motion,2,good,0,0,0.4898289740085602,0.6057140827178955,1.0
divide_lpres_off,padim,bottle,motion,2,good,1,0,0.7351454496383667,0.615149974822998,1.0
divide_lpres_off,padim,bottle,motion,2,good,2,0,0.876616358757019,0.8376070261001587,1.0
divide_lpres_off,padim,bottle,motion,2,good,3,0,0.4791443943977356,0.7008763551712036,0.994410514831543
divide_lpres_off,padim,bottle,motion,2,good,4,0,0.5700920224189758,0.6727994680404663,1.0
divide_lpres_off,padim,bottle,motion,2,good,5,0,0.4708174169063568,0.8414275646209717,1.0
divide_lpres_off,padim,bottle,motion,2,good,6,0,0.6785476803779602,0.7063441276550293,1.0
divide_lpres_off,padim,bottle,motion,2,good,7,0,0.6006224155426025,0.6084471344947815,1.0
divide_lpres_off,padim,bottle,motion,2,broken_large,8,1,1.0,1.0,1.0
divide_lpres_off,padim,bottle,motion,2,broken_large,9,1,1.0,1.0,1.0
divide_lpres_off,padim,bottle,motion,2,broken_large,10,1,1.0,1.0,1.0
divide_lpres_off,padim,bottle,motion,2,broken_large,11,1,1.0,1.0,1.0
divide_lpres_off,padim,bottle,motion,2,broken_large,12,1,1.0,1.0,1.0
divide_lpres_off,padim,bottle,motion,2,broken_large,13,1,1.0,1.0,1.0
divide_lpres_off,padim,bottle,motion,2,broken_large,14,1,1.0,1.0,1.0
divide_lpres_off,padim,bottle,motion,2,broken_large,15,1,1.0,1.0,1.0
identity,padim,bottle,motion,3,good,0,0,0.4898289740085602,0.857469916343689,0.857469916343689
identity,padim,bottle,motion,3,good,1,0,0.7351454496383667,0.7221975922584534,0.7221975922584534
identity,padim,bottle,motion,3,good,2,0,0.876616358757019,0.8302364945411682,0.8302364945411682
identity,padim,bottle,motion,3,good,3,0,0.4791443943977356,0.8691008687019348,0.8691008687019348
identity,padim,bottle,motion,3,good,4,0,0.5700920224189758,0.740999698638916,0.740999698638916
identity,padim,bottle,motion,3,good,5,0,0.4708174169063568,1.0,1.0
identity,padim,bottle,motion,3,good,6,0,0.6785476803779602,0.8120336532592773,0.8120336532592773
identity,padim,bottle,motion,3,good,7,0,0.6006224155426025,0.7552503943443298,0.7552503943443298
identity,padim,bottle,motion,3,broken_large,8,1,1.0,1.0,1.0
identity,padim,bottle,motion,3,broken_large,9,1,1.0,1.0,1.0
identity,padim,bottle,motion,3,broken_large,10,1,1.0,1.0,1.0
identity,padim,bottle,motion,3,broken_large,11,1,1.0,1.0,1.0
identity,padim,bottle,motion,3,broken_large,12,1,1.0,1.0,1.0
identity,padim,bottle,motion,3,broken_large,13,1,1.0,1.0,1.0
identity,padim,bottle,motion,3,broken_large,14,1,1.0,1.0,1.0
identity,padim,bottle,motion,3,broken_large,15,1,1.0,1.0,1.0
wiener,padim,bottle,motion,3,good,0,0,0.4898289740085602,0.857469916343689,1.0
wiener,padim,bottle,motion,3,good,1,0,0.7351454496383667,0.7221975922584534,1.0
wiener,padim,bottle,motion,3,good,2,0,0.876616358757019,0.8302364945411682,1.0
wiener,padim,bottle,motion,3,good,3,0,0.4791443943977356,0.8691008687019348,1.0
wiener,padim,bottle,motion,3,good,4,0,0.5700920224189758,0.740999698638916,1.0
wiener,padim,bottle,motion,3,good,5,0,0.4708174169063568,1.0,1.0
wiener,padim,bottle,motion,3,good,6,0,0.6785476803779602,0.8120336532592773,1.0
wiener,padim,bottle,motion,3,good,7,0,0.6006224155426025,0.7552503943443298,1.0
wiener,padim,bottle,motion,3,broken_large,8,1,1.0,1.0,1.0
wiener,padim,bottle,motion,3,broken_large,9,1,1.0,1.0,1.0
wiener,padim,bottle,motion,3,broken_large,10,1,1.0,1.0,1.0
wiener,padim,bottle,motion,3,broken_large,11,1,1.0,1.0,1.0
wiener,padim,bottle,motion,3,broken_large,12,1,1.0,1.0,1.0
wiener,padim,bottle,motion,3,broken_large,13,1,1.0,1.0,1.0
wiener,padim,bottle,motion,3,broken_large,14,1,1.0,1.0,1.0
wiener,padim,bottle,motion,3,broken_large,15,1,1.0,1.0,1.0
restormer_deblur,padim,bottle,motion,3,good,0,0,0.4898289740085602,0.857469916343689,0.6161140203475952
restormer_deblur,padim,bottle,motion,3,good,1,0,0.7351454496383667,0.7221975922584534,0.558876097202301
restormer_deblur,padim,bottle,motion,3,good,2,0,0.876616358757019,0.8302364945411682,1.0
restormer_deblur,padim,bottle,motion,3,good,3,0,0.4791443943977356,0.8691008687019348,0.6406970620155334
restormer_deblur,padim,bottle,motion,3,good,4,0,0.5700920224189758,0.740999698638916,0.660428524017334
restormer_deblur,padim,bottle,motion,3,good,5,0,0.4708174169063568,1.0,0.8379338979721069
restormer_deblur,padim,bottle,motion,3,good,6,0,0.6785476803779602,0.8120336532592773,0.7619613409042358
restormer_deblur,padim,bottle,motion,3,good,7,0,0.6006224155426025,0.7552503943443298,0.7349798679351807
restormer_deblur,padim,bottle,motion,3,broken_large,8,1,1.0,1.0,1.0
restormer_deblur,padim,bottle,motion,3,broken_large,9,1,1.0,1.0,1.0
restormer_deblur,padim,bottle,motion,3,broken_large,10,1,1.0,1.0,1.0
restormer_deblur,padim,bottle,motion,3,broken_large,11,1,1.0,1.0,1.0
restormer_deblur,padim,bottle,motion,3,broken_large,12,1,1.0,1.0,1.0
restormer_deblur,padim,bottle,motion,3,broken_large,13,1,1.0,1.0,1.0
restormer_deblur,padim,bottle,motion,3,broken_large,14,1,1.0,1.0,1.0
restormer_deblur,padim,bottle,motion,3,broken_large,15,1,1.0,1.0,1.0
divide_lpres_on,padim,bottle,motion,3,good,0,0,0.4898289740085602,0.857469916343689,1.0
divide_lpres_on,padim,bottle,motion,3,good,1,0,0.7351454496383667,0.7221975922584534,1.0
divide_lpres_on,padim,bottle,motion,3,good,2,0,0.876616358757019,0.8302364945411682,1.0
divide_lpres_on,padim,bottle,motion,3,good,3,0,0.4791443943977356,0.8691008687019348,1.0
divide_lpres_on,padim,bottle,motion,3,good,4,0,0.5700920224189758,0.740999698638916,1.0
divide_lpres_on,padim,bottle,motion,3,good,5,0,0.4708174169063568,1.0,1.0
divide_lpres_on,padim,bottle,motion,3,good,6,0,0.6785476803779602,0.8120336532592773,1.0
divide_lpres_on,padim,bottle,motion,3,good,7,0,0.6006224155426025,0.7552503943443298,1.0
divide_lpres_on,padim,bottle,motion,3,broken_large,8,1,1.0,1.0,1.0
divide_lpres_on,padim,bottle,motion,3,broken_large,9,1,1.0,1.0,1.0
divide_lpres_on,padim,bottle,motion,3,broken_large,10,1,1.0,1.0,1.0
divide_lpres_on,padim,bottle,motion,3,broken_large,11,1,1.0,1.0,1.0
divide_lpres_on,padim,bottle,motion,3,broken_large,12,1,1.0,1.0,1.0
divide_lpres_on,padim,bottle,motion,3,broken_large,13,1,1.0,1.0,1.0
divide_lpres_on,padim,bottle,motion,3,broken_large,14,1,1.0,1.0,1.0
divide_lpres_on,padim,bottle,motion,3,broken_large,15,1,1.0,1.0,1.0
divide_lpres_off,padim,bottle,motion,3,good,0,0,0.4898289740085602,0.857469916343689,1.0
divide_lpres_off,padim,bottle,motion,3,good,1,0,0.7351454496383667,0.7221975922584534,1.0
divide_lpres_off,padim,bottle,motion,3,good,2,0,0.876616358757019,0.8302364945411682,1.0
divide_lpres_off,padim,bottle,motion,3,good,3,0,0.4791443943977356,0.8691008687019348,1.0
divide_lpres_off,padim,bottle,motion,3,good,4,0,0.5700920224189758,0.740999698638916,1.0
divide_lpres_off,padim,bottle,motion,3,good,5,0,0.4708174169063568,1.0,1.0
divide_lpres_off,padim,bottle,motion,3,good,6,0,0.6785476803779602,0.8120336532592773,1.0
divide_lpres_off,padim,bottle,motion,3,good,7,0,0.6006224155426025,0.7552503943443298,1.0
divide_lpres_off,padim,bottle,motion,3,broken_large,8,1,1.0,1.0,1.0
divide_lpres_off,padim,bottle,motion,3,broken_large,9,1,1.0,1.0,1.0
divide_lpres_off,padim,bottle,motion,3,broken_large,10,1,1.0,1.0,1.0
divide_lpres_off,padim,bottle,motion,3,broken_large,11,1,1.0,1.0,1.0
divide_lpres_off,padim,bottle,motion,3,broken_large,12,1,1.0,1.0,1.0
divide_lpres_off,padim,bottle,motion,3,broken_large,13,1,1.0,1.0,1.0
divide_lpres_off,padim,bottle,motion,3,broken_large,14,1,1.0,1.0,1.0
divide_lpres_off,padim,bottle,motion,3,broken_large,15,1,1.0,1.0,1.0
identity,padim,bottle,motion,4,good,0,0,0.4898289740085602,1.0,1.0
identity,padim,bottle,motion,4,good,1,0,0.7351454496383667,0.8579892516136169,0.8579892516136169
identity,padim,bottle,motion,4,good,2,0,0.876616358757019,0.9858343601226807,0.9858343601226807
identity,padim,bottle,motion,4,good,3,0,0.4791443943977356,1.0,1.0
identity,padim,bottle,motion,4,good,4,0,0.5700920224189758,0.8823492527008057,0.8823492527008057
identity,padim,bottle,motion,4,good,5,0,0.4708174169063568,1.0,1.0
identity,padim,bottle,motion,4,good,6,0,0.6785476803779602,1.0,1.0
identity,padim,bottle,motion,4,good,7,0,0.6006224155426025,0.9506257772445679,0.9506257772445679
identity,padim,bottle,motion,4,broken_large,8,1,1.0,1.0,1.0
identity,padim,bottle,motion,4,broken_large,9,1,1.0,1.0,1.0
identity,padim,bottle,motion,4,broken_large,10,1,1.0,1.0,1.0
identity,padim,bottle,motion,4,broken_large,11,1,1.0,1.0,1.0
identity,padim,bottle,motion,4,broken_large,12,1,1.0,1.0,1.0
identity,padim,bottle,motion,4,broken_large,13,1,1.0,1.0,1.0
identity,padim,bottle,motion,4,broken_large,14,1,1.0,1.0,1.0
identity,padim,bottle,motion,4,broken_large,15,1,1.0,1.0,1.0
wiener,padim,bottle,motion,4,good,0,0,0.4898289740085602,1.0,0.8998266458511353
wiener,padim,bottle,motion,4,good,1,0,0.7351454496383667,0.8579892516136169,0.8837134838104248
wiener,padim,bottle,motion,4,good,2,0,0.876616358757019,0.9858343601226807,1.0
wiener,padim,bottle,motion,4,good,3,0,0.4791443943977356,1.0,1.0
wiener,padim,bottle,motion,4,good,4,0,0.5700920224189758,0.8823492527008057,0.9350975751876831
wiener,padim,bottle,motion,4,good,5,0,0.4708174169063568,1.0,1.0
wiener,padim,bottle,motion,4,good,6,0,0.6785476803779602,1.0,1.0
wiener,padim,bottle,motion,4,good,7,0,0.6006224155426025,0.9506257772445679,1.0
wiener,padim,bottle,motion,4,broken_large,8,1,1.0,1.0,1.0
wiener,padim,bottle,motion,4,broken_large,9,1,1.0,1.0,1.0
wiener,padim,bottle,motion,4,broken_large,10,1,1.0,1.0,1.0
wiener,padim,bottle,motion,4,broken_large,11,1,1.0,1.0,1.0
wiener,padim,bottle,motion,4,broken_large,12,1,1.0,1.0,1.0
wiener,padim,bottle,motion,4,broken_large,13,1,1.0,1.0,1.0
wiener,padim,bottle,motion,4,broken_large,14,1,1.0,1.0,1.0
wiener,padim,bottle,motion,4,broken_large,15,1,1.0,1.0,1.0
restormer_deblur,padim,bottle,motion,4,good,0,0,0.4898289740085602,1.0,1.0
restormer_deblur,padim,bottle,motion,4,good,1,0,0.7351454496383667,0.8579892516136169,0.8579892516136169
restormer_deblur,padim,bottle,motion,4,good,2,0,0.876616358757019,0.9858343601226807,1.0
restormer_deblur,padim,bottle,motion,4,good,3,0,0.4791443943977356,1.0,1.0
restormer_deblur,padim,bottle,motion,4,good,4,0,0.5700920224189758,0.8823492527008057,0.8823492527008057
restormer_deblur,padim,bottle,motion,4,good,5,0,0.4708174169063568,1.0,1.0
restormer_deblur,padim,bottle,motion,4,good,6,0,0.6785476803779602,1.0,1.0
restormer_deblur,padim,bottle,motion,4,good,7,0,0.6006224155426025,0.9506257772445679,0.9506257772445679
restormer_deblur,padim,bottle,motion,4,broken_large,8,1,1.0,1.0,1.0
restormer_deblur,padim,bottle,motion,4,broken_large,9,1,1.0,1.0,1.0
restormer_deblur,padim,bottle,motion,4,broken_large,10,1,1.0,1.0,1.0
restormer_deblur,padim,bottle,motion,4,broken_large,11,1,1.0,1.0,1.0
restormer_deblur,padim,bottle,motion,4,broken_large,12,1,1.0,1.0,1.0
restormer_deblur,padim,bottle,motion,4,broken_large,13,1,1.0,1.0,1.0
restormer_deblur,padim,bottle,motion,4,broken_large,14,1,1.0,1.0,1.0
restormer_deblur,padim,bottle,motion,4,broken_large,15,1,1.0,1.0,1.0
divide_lpres_on,padim,bottle,motion,4,good,0,0,0.4898289740085602,1.0,1.0
divide_lpres_on,padim,bottle,motion,4,good,1,0,0.7351454496383667,0.8579892516136169,0.8576331734657288
divide_lpres_on,padim,bottle,motion,4,good,2,0,0.876616358757019,0.9858343601226807,1.0
divide_lpres_on,padim,bottle,motion,4,good,3,0,0.4791443943977356,1.0,1.0
divide_lpres_on,padim,bottle,motion,4,good,4,0,0.5700920224189758,0.8823492527008057,0.9147696495056152
divide_lpres_on,padim,bottle,motion,4,good,5,0,0.4708174169063568,1.0,1.0
divide_lpres_on,padim,bottle,motion,4,good,6,0,0.6785476803779602,1.0,1.0
divide_lpres_on,padim,bottle,motion,4,good,7,0,0.6006224155426025,0.9506257772445679,0.9377419352531433
divide_lpres_on,padim,bottle,motion,4,broken_large,8,1,1.0,1.0,1.0
divide_lpres_on,padim,bottle,motion,4,broken_large,9,1,1.0,1.0,1.0
divide_lpres_on,padim,bottle,motion,4,broken_large,10,1,1.0,1.0,1.0
divide_lpres_on,padim,bottle,motion,4,broken_large,11,1,1.0,1.0,1.0
divide_lpres_on,padim,bottle,motion,4,broken_large,12,1,1.0,1.0,1.0
divide_lpres_on,padim,bottle,motion,4,broken_large,13,1,1.0,1.0,1.0
divide_lpres_on,padim,bottle,motion,4,broken_large,14,1,1.0,1.0,1.0
divide_lpres_on,padim,bottle,motion,4,broken_large,15,1,1.0,1.0,1.0
divide_lpres_off,padim,bottle,motion,4,good,0,0,0.4898289740085602,1.0,1.0
divide_lpres_off,padim,bottle,motion,4,good,1,0,0.7351454496383667,0.8579892516136169,1.0
divide_lpres_off,padim,bottle,motion,4,good,2,0,0.876616358757019,0.9858343601226807,1.0
divide_lpres_off,padim,bottle,motion,4,good,3,0,0.4791443943977356,1.0,1.0
divide_lpres_off,padim,bottle,motion,4,good,4,0,0.5700920224189758,0.8823492527008057,1.0
divide_lpres_off,padim,bottle,motion,4,good,5,0,0.4708174169063568,1.0,1.0
divide_lpres_off,padim,bottle,motion,4,good,6,0,0.6785476803779602,1.0,1.0
divide_lpres_off,padim,bottle,motion,4,good,7,0,0.6006224155426025,0.9506257772445679,1.0
divide_lpres_off,padim,bottle,motion,4,broken_large,8,1,1.0,1.0,1.0
divide_lpres_off,padim,bottle,motion,4,broken_large,9,1,1.0,1.0,1.0
divide_lpres_off,padim,bottle,motion,4,broken_large,10,1,1.0,1.0,1.0
divide_lpres_off,padim,bottle,motion,4,broken_large,11,1,1.0,1.0,1.0
divide_lpres_off,padim,bottle,motion,4,broken_large,12,1,1.0,1.0,1.0
divide_lpres_off,padim,bottle,motion,4,broken_large,13,1,1.0,1.0,1.0
divide_lpres_off,padim,bottle,motion,4,broken_large,14,1,1.0,1.0,1.0
divide_lpres_off,padim,bottle,motion,4,broken_large,15,1,1.0,1.0,1.0
identity,padim,bottle,noise,2,good,0,0,0.4898289740085602,1.0,1.0
identity,padim,bottle,noise,2,good,1,0,0.7351454496383667,1.0,1.0
identity,padim,bottle,noise,2,good,2,0,0.876616358757019,1.0,1.0
identity,padim,bottle,noise,2,good,3,0,0.4791443943977356,1.0,1.0
identity,padim,bottle,noise,2,good,4,0,0.5700920224189758,1.0,1.0
identity,padim,bottle,noise,2,good,5,0,0.4708174169063568,1.0,1.0
identity,padim,bottle,noise,2,good,6,0,0.6785476803779602,1.0,1.0
identity,padim,bottle,noise,2,good,7,0,0.6006224155426025,1.0,1.0
identity,padim,bottle,noise,2,broken_large,8,1,1.0,1.0,1.0
identity,padim,bottle,noise,2,broken_large,9,1,1.0,1.0,1.0
identity,padim,bottle,noise,2,broken_large,10,1,1.0,1.0,1.0
identity,padim,bottle,noise,2,broken_large,11,1,1.0,1.0,1.0
identity,padim,bottle,noise,2,broken_large,12,1,1.0,1.0,1.0
identity,padim,bottle,noise,2,broken_large,13,1,1.0,1.0,1.0
identity,padim,bottle,noise,2,broken_large,14,1,1.0,1.0,1.0
identity,padim,bottle,noise,2,broken_large,15,1,1.0,1.0,1.0
wiener,padim,bottle,noise,2,good,0,0,0.4898289740085602,1.0,1.0
wiener,padim,bottle,noise,2,good,1,0,0.7351454496383667,1.0,1.0
wiener,padim,bottle,noise,2,good,2,0,0.876616358757019,1.0,1.0
wiener,padim,bottle,noise,2,good,3,0,0.4791443943977356,1.0,1.0
wiener,padim,bottle,noise,2,good,4,0,0.5700920224189758,1.0,1.0
wiener,padim,bottle,noise,2,good,5,0,0.4708174169063568,1.0,1.0
wiener,padim,bottle,noise,2,good,6,0,0.6785476803779602,1.0,1.0
wiener,padim,bottle,noise,2,good,7,0,0.6006224155426025,1.0,1.0
wiener,padim,bottle,noise,2,broken_large,8,1,1.0,1.0,1.0
wiener,padim,bottle,noise,2,broken_large,9,1,1.0,1.0,1.0
wiener,padim,bottle,noise,2,broken_large,10,1,1.0,1.0,1.0
wiener,padim,bottle,noise,2,broken_large,11,1,1.0,1.0,1.0
wiener,padim,bottle,noise,2,broken_large,12,1,1.0,1.0,1.0
wiener,padim,bottle,noise,2,broken_large,13,1,1.0,1.0,1.0
wiener,padim,bottle,noise,2,broken_large,14,1,1.0,1.0,1.0
wiener,padim,bottle,noise,2,broken_large,15,1,1.0,1.0,1.0
restormer_deblur,padim,bottle,noise,2,good,0,0,0.4898289740085602,1.0,1.0
restormer_deblur,padim,bottle,noise,2,good,1,0,0.7351454496383667,1.0,1.0
restormer_deblur,padim,bottle,noise,2,good,2,0,0.876616358757019,1.0,1.0
restormer_deblur,padim,bottle,noise,2,good,3,0,0.4791443943977356,1.0,1.0
restormer_deblur,padim,bottle,noise,2,good,4,0,0.5700920224189758,1.0,1.0
restormer_deblur,padim,bottle,noise,2,good,5,0,0.4708174169063568,1.0,1.0
restormer_deblur,padim,bottle,noise,2,good,6,0,0.6785476803779602,1.0,1.0
restormer_deblur,padim,bottle,noise,2,good,7,0,0.6006224155426025,1.0,1.0
restormer_deblur,padim,bottle,noise,2,broken_large,8,1,1.0,1.0,1.0
restormer_deblur,padim,bottle,noise,2,broken_large,9,1,1.0,1.0,1.0
restormer_deblur,padim,bottle,noise,2,broken_large,10,1,1.0,1.0,1.0
restormer_deblur,padim,bottle,noise,2,broken_large,11,1,1.0,1.0,1.0
restormer_deblur,padim,bottle,noise,2,broken_large,12,1,1.0,1.0,1.0
restormer_deblur,padim,bottle,noise,2,broken_large,13,1,1.0,1.0,1.0
restormer_deblur,padim,bottle,noise,2,broken_large,14,1,1.0,1.0,1.0
restormer_deblur,padim,bottle,noise,2,broken_large,15,1,1.0,1.0,1.0
divide_lpres_on,padim,bottle,noise,2,good,0,0,0.4898289740085602,1.0,1.0
divide_lpres_on,padim,bottle,noise,2,good,1,0,0.7351454496383667,1.0,1.0
divide_lpres_on,padim,bottle,noise,2,good,2,0,0.876616358757019,1.0,1.0
divide_lpres_on,padim,bottle,noise,2,good,3,0,0.4791443943977356,1.0,1.0
divide_lpres_on,padim,bottle,noise,2,good,4,0,0.5700920224189758,1.0,1.0
divide_lpres_on,padim,bottle,noise,2,good,5,0,0.4708174169063568,1.0,1.0
divide_lpres_on,padim,bottle,noise,2,good,6,0,0.6785476803779602,1.0,1.0
divide_lpres_on,padim,bottle,noise,2,good,7,0,0.6006224155426025,1.0,1.0
divide_lpres_on,padim,bottle,noise,2,broken_large,8,1,1.0,1.0,1.0
divide_lpres_on,padim,bottle,noise,2,broken_large,9,1,1.0,1.0,1.0
divide_lpres_on,padim,bottle,noise,2,broken_large,10,1,1.0,1.0,1.0
divide_lpres_on,padim,bottle,noise,2,broken_large,11,1,1.0,1.0,1.0
divide_lpres_on,padim,bottle,noise,2,broken_large,12,1,1.0,1.0,1.0
divide_lpres_on,padim,bottle,noise,2,broken_large,13,1,1.0,1.0,1.0
divide_lpres_on,padim,bottle,noise,2,broken_large,14,1,1.0,1.0,1.0
divide_lpres_on,padim,bottle,noise,2,broken_large,15,1,1.0,1.0,1.0
divide_lpres_off,padim,bottle,noise,2,good,0,0,0.4898289740085602,1.0,1.0
divide_lpres_off,padim,bottle,noise,2,good,1,0,0.7351454496383667,1.0,1.0
divide_lpres_off,padim,bottle,noise,2,good,2,0,0.876616358757019,1.0,1.0
divide_lpres_off,padim,bottle,noise,2,good,3,0,0.4791443943977356,1.0,1.0
divide_lpres_off,padim,bottle,noise,2,good,4,0,0.5700920224189758,1.0,1.0
divide_lpres_off,padim,bottle,noise,2,good,5,0,0.4708174169063568,1.0,1.0
divide_lpres_off,padim,bottle,noise,2,good,6,0,0.6785476803779602,1.0,1.0
divide_lpres_off,padim,bottle,noise,2,good,7,0,0.6006224155426025,1.0,1.0
divide_lpres_off,padim,bottle,noise,2,broken_large,8,1,1.0,1.0,1.0
divide_lpres_off,padim,bottle,noise,2,broken_large,9,1,1.0,1.0,1.0
divide_lpres_off,padim,bottle,noise,2,broken_large,10,1,1.0,1.0,1.0
divide_lpres_off,padim,bottle,noise,2,broken_large,11,1,1.0,1.0,1.0
divide_lpres_off,padim,bottle,noise,2,broken_large,12,1,1.0,1.0,1.0
divide_lpres_off,padim,bottle,noise,2,broken_large,13,1,1.0,1.0,1.0
divide_lpres_off,padim,bottle,noise,2,broken_large,14,1,1.0,1.0,1.0
divide_lpres_off,padim,bottle,noise,2,broken_large,15,1,1.0,1.0,1.0
identity,padim,bottle,noise,3,good,0,0,0.4898289740085602,1.0,1.0
identity,padim,bottle,noise,3,good,1,0,0.7351454496383667,1.0,1.0
identity,padim,bottle,noise,3,good,2,0,0.876616358757019,1.0,1.0
identity,padim,bottle,noise,3,good,3,0,0.4791443943977356,1.0,1.0
identity,padim,bottle,noise,3,good,4,0,0.5700920224189758,1.0,1.0
identity,padim,bottle,noise,3,good,5,0,0.4708174169063568,1.0,1.0
identity,padim,bottle,noise,3,good,6,0,0.6785476803779602,1.0,1.0
identity,padim,bottle,noise,3,good,7,0,0.6006224155426025,1.0,1.0
identity,padim,bottle,noise,3,broken_large,8,1,1.0,1.0,1.0
identity,padim,bottle,noise,3,broken_large,9,1,1.0,1.0,1.0
identity,padim,bottle,noise,3,broken_large,10,1,1.0,1.0,1.0
identity,padim,bottle,noise,3,broken_large,11,1,1.0,1.0,1.0
identity,padim,bottle,noise,3,broken_large,12,1,1.0,1.0,1.0
identity,padim,bottle,noise,3,broken_large,13,1,1.0,1.0,1.0
identity,padim,bottle,noise,3,broken_large,14,1,1.0,1.0,1.0
identity,padim,bottle,noise,3,broken_large,15,1,1.0,1.0,1.0
wiener,padim,bottle,noise,3,good,0,0,0.4898289740085602,1.0,1.0
wiener,padim,bottle,noise,3,good,1,0,0.7351454496383667,1.0,1.0
wiener,padim,bottle,noise,3,good,2,0,0.876616358757019,1.0,1.0
wiener,padim,bottle,noise,3,good,3,0,0.4791443943977356,1.0,1.0
wiener,padim,bottle,noise,3,good,4,0,0.5700920224189758,1.0,1.0
wiener,padim,bottle,noise,3,good,5,0,0.4708174169063568,1.0,1.0
wiener,padim,bottle,noise,3,good,6,0,0.6785476803779602,1.0,1.0
wiener,padim,bottle,noise,3,good,7,0,0.6006224155426025,1.0,1.0
wiener,padim,bottle,noise,3,broken_large,8,1,1.0,1.0,1.0
wiener,padim,bottle,noise,3,broken_large,9,1,1.0,1.0,1.0
wiener,padim,bottle,noise,3,broken_large,10,1,1.0,1.0,1.0
wiener,padim,bottle,noise,3,broken_large,11,1,1.0,1.0,1.0
wiener,padim,bottle,noise,3,broken_large,12,1,1.0,1.0,1.0
wiener,padim,bottle,noise,3,broken_large,13,1,1.0,1.0,1.0
wiener,padim,bottle,noise,3,broken_large,14,1,1.0,1.0,1.0
wiener,padim,bottle,noise,3,broken_large,15,1,1.0,1.0,1.0
restormer_deblur,padim,bottle,noise,3,good,0,0,0.4898289740085602,1.0,1.0
restormer_deblur,padim,bottle,noise,3,good,1,0,0.7351454496383667,1.0,1.0
restormer_deblur,padim,bottle,noise,3,good,2,0,0.876616358757019,1.0,1.0
restormer_deblur,padim,bottle,noise,3,good,3,0,0.4791443943977356,1.0,1.0
restormer_deblur,padim,bottle,noise,3,good,4,0,0.5700920224189758,1.0,1.0
restormer_deblur,padim,bottle,noise,3,good,5,0,0.4708174169063568,1.0,1.0
restormer_deblur,padim,bottle,noise,3,good,6,0,0.6785476803779602,1.0,1.0
restormer_deblur,padim,bottle,noise,3,good,7,0,0.6006224155426025,1.0,1.0
restormer_deblur,padim,bottle,noise,3,broken_large,8,1,1.0,1.0,1.0
restormer_deblur,padim,bottle,noise,3,broken_large,9,1,1.0,1.0,1.0
restormer_deblur,padim,bottle,noise,3,broken_large,10,1,1.0,1.0,1.0
restormer_deblur,padim,bottle,noise,3,broken_large,11,1,1.0,1.0,1.0
restormer_deblur,padim,bottle,noise,3,broken_large,12,1,1.0,1.0,1.0
restormer_deblur,padim,bottle,noise,3,broken_large,13,1,1.0,1.0,1.0
restormer_deblur,padim,bottle,noise,3,broken_large,14,1,1.0,1.0,1.0
restormer_deblur,padim,bottle,noise,3,broken_large,15,1,1.0,1.0,1.0
divide_lpres_on,padim,bottle,noise,3,good,0,0,0.4898289740085602,1.0,1.0
divide_lpres_on,padim,bottle,noise,3,good,1,0,0.7351454496383667,1.0,1.0
divide_lpres_on,padim,bottle,noise,3,good,2,0,0.876616358757019,1.0,1.0
divide_lpres_on,padim,bottle,noise,3,good,3,0,0.4791443943977356,1.0,1.0
divide_lpres_on,padim,bottle,noise,3,good,4,0,0.5700920224189758,1.0,1.0
divide_lpres_on,padim,bottle,noise,3,good,5,0,0.4708174169063568,1.0,1.0
divide_lpres_on,padim,bottle,noise,3,good,6,0,0.6785476803779602,1.0,1.0
divide_lpres_on,padim,bottle,noise,3,good,7,0,0.6006224155426025,1.0,1.0
divide_lpres_on,padim,bottle,noise,3,broken_large,8,1,1.0,1.0,1.0
divide_lpres_on,padim,bottle,noise,3,broken_large,9,1,1.0,1.0,1.0
divide_lpres_on,padim,bottle,noise,3,broken_large,10,1,1.0,1.0,1.0
divide_lpres_on,padim,bottle,noise,3,broken_large,11,1,1.0,1.0,1.0
divide_lpres_on,padim,bottle,noise,3,broken_large,12,1,1.0,1.0,1.0
divide_lpres_on,padim,bottle,noise,3,broken_large,13,1,1.0,1.0,1.0
divide_lpres_on,padim,bottle,noise,3,broken_large,14,1,1.0,1.0,1.0
divide_lpres_on,padim,bottle,noise,3,broken_large,15,1,1.0,1.0,1.0
divide_lpres_off,padim,bottle,noise,3,good,0,0,0.4898289740085602,1.0,1.0
divide_lpres_off,padim,bottle,noise,3,good,1,0,0.7351454496383667,1.0,1.0
divide_lpres_off,padim,bottle,noise,3,good,2,0,0.876616358757019,1.0,1.0
divide_lpres_off,padim,bottle,noise,3,good,3,0,0.4791443943977356,1.0,1.0
divide_lpres_off,padim,bottle,noise,3,good,4,0,0.5700920224189758,1.0,1.0
divide_lpres_off,padim,bottle,noise,3,good,5,0,0.4708174169063568,1.0,1.0
divide_lpres_off,padim,bottle,noise,3,good,6,0,0.6785476803779602,1.0,1.0
divide_lpres_off,padim,bottle,noise,3,good,7,0,0.6006224155426025,1.0,1.0
divide_lpres_off,padim,bottle,noise,3,broken_large,8,1,1.0,1.0,1.0
divide_lpres_off,padim,bottle,noise,3,broken_large,9,1,1.0,1.0,1.0
divide_lpres_off,padim,bottle,noise,3,broken_large,10,1,1.0,1.0,1.0
divide_lpres_off,padim,bottle,noise,3,broken_large,11,1,1.0,1.0,1.0
divide_lpres_off,padim,bottle,noise,3,broken_large,12,1,1.0,1.0,1.0
divide_lpres_off,padim,bottle,noise,3,broken_large,13,1,1.0,1.0,1.0
divide_lpres_off,padim,bottle,noise,3,broken_large,14,1,1.0,1.0,1.0
divide_lpres_off,padim,bottle,noise,3,broken_large,15,1,1.0,1.0,1.0
identity,padim,bottle,noise,4,good,0,0,0.4898289740085602,1.0,1.0
identity,padim,bottle,noise,4,good,1,0,0.7351454496383667,1.0,1.0
identity,padim,bottle,noise,4,good,2,0,0.876616358757019,1.0,1.0
identity,padim,bottle,noise,4,good,3,0,0.4791443943977356,1.0,1.0
identity,padim,bottle,noise,4,good,4,0,0.5700920224189758,1.0,1.0
identity,padim,bottle,noise,4,good,5,0,0.4708174169063568,1.0,1.0
identity,padim,bottle,noise,4,good,6,0,0.6785476803779602,1.0,1.0
identity,padim,bottle,noise,4,good,7,0,0.6006224155426025,1.0,1.0
identity,padim,bottle,noise,4,broken_large,8,1,1.0,1.0,1.0
identity,padim,bottle,noise,4,broken_large,9,1,1.0,1.0,1.0
identity,padim,bottle,noise,4,broken_large,10,1,1.0,1.0,1.0
identity,padim,bottle,noise,4,broken_large,11,1,1.0,1.0,1.0
identity,padim,bottle,noise,4,broken_large,12,1,1.0,1.0,1.0
identity,padim,bottle,noise,4,broken_large,13,1,1.0,1.0,1.0
identity,padim,bottle,noise,4,broken_large,14,1,1.0,1.0,1.0
identity,padim,bottle,noise,4,broken_large,15,1,1.0,1.0,1.0
wiener,padim,bottle,noise,4,good,0,0,0.4898289740085602,1.0,1.0
wiener,padim,bottle,noise,4,good,1,0,0.7351454496383667,1.0,1.0
wiener,padim,bottle,noise,4,good,2,0,0.876616358757019,1.0,1.0
wiener,padim,bottle,noise,4,good,3,0,0.4791443943977356,1.0,1.0
wiener,padim,bottle,noise,4,good,4,0,0.5700920224189758,1.0,1.0
wiener,padim,bottle,noise,4,good,5,0,0.4708174169063568,1.0,1.0
wiener,padim,bottle,noise,4,good,6,0,0.6785476803779602,1.0,1.0
wiener,padim,bottle,noise,4,good,7,0,0.6006224155426025,1.0,1.0
wiener,padim,bottle,noise,4,broken_large,8,1,1.0,1.0,1.0
wiener,padim,bottle,noise,4,broken_large,9,1,1.0,1.0,1.0
wiener,padim,bottle,noise,4,broken_large,10,1,1.0,1.0,1.0
wiener,padim,bottle,noise,4,broken_large,11,1,1.0,1.0,1.0
wiener,padim,bottle,noise,4,broken_large,12,1,1.0,1.0,1.0
wiener,padim,bottle,noise,4,broken_large,13,1,1.0,1.0,1.0
wiener,padim,bottle,noise,4,broken_large,14,1,1.0,1.0,1.0
wiener,padim,bottle,noise,4,broken_large,15,1,1.0,1.0,1.0
restormer_deblur,padim,bottle,noise,4,good,0,0,0.4898289740085602,1.0,1.0
restormer_deblur,padim,bottle,noise,4,good,1,0,0.7351454496383667,1.0,1.0
restormer_deblur,padim,bottle,noise,4,good,2,0,0.876616358757019,1.0,1.0
restormer_deblur,padim,bottle,noise,4,good,3,0,0.4791443943977356,1.0,1.0
restormer_deblur,padim,bottle,noise,4,good,4,0,0.5700920224189758,1.0,1.0
restormer_deblur,padim,bottle,noise,4,good,5,0,0.4708174169063568,1.0,1.0
restormer_deblur,padim,bottle,noise,4,good,6,0,0.6785476803779602,1.0,1.0
restormer_deblur,padim,bottle,noise,4,good,7,0,0.6006224155426025,1.0,1.0
restormer_deblur,padim,bottle,noise,4,broken_large,8,1,1.0,1.0,1.0
restormer_deblur,padim,bottle,noise,4,broken_large,9,1,1.0,1.0,1.0
restormer_deblur,padim,bottle,noise,4,broken_large,10,1,1.0,1.0,1.0
restormer_deblur,padim,bottle,noise,4,broken_large,11,1,1.0,1.0,1.0
restormer_deblur,padim,bottle,noise,4,broken_large,12,1,1.0,1.0,1.0
restormer_deblur,padim,bottle,noise,4,broken_large,13,1,1.0,1.0,1.0
restormer_deblur,padim,bottle,noise,4,broken_large,14,1,1.0,1.0,1.0
restormer_deblur,padim,bottle,noise,4,broken_large,15,1,1.0,1.0,1.0
divide_lpres_on,padim,bottle,noise,4,good,0,0,0.4898289740085602,1.0,1.0
divide_lpres_on,padim,bottle,noise,4,good,1,0,0.7351454496383667,1.0,1.0
divide_lpres_on,padim,bottle,noise,4,good,2,0,0.876616358757019,1.0,1.0
divide_lpres_on,padim,bottle,noise,4,good,3,0,0.4791443943977356,1.0,1.0
divide_lpres_on,padim,bottle,noise,4,good,4,0,0.5700920224189758,1.0,1.0
divide_lpres_on,padim,bottle,noise,4,good,5,0,0.4708174169063568,1.0,1.0
divide_lpres_on,padim,bottle,noise,4,good,6,0,0.6785476803779602,1.0,1.0
divide_lpres_on,padim,bottle,noise,4,good,7,0,0.6006224155426025,1.0,1.0
divide_lpres_on,padim,bottle,noise,4,broken_large,8,1,1.0,1.0,1.0
divide_lpres_on,padim,bottle,noise,4,broken_large,9,1,1.0,1.0,1.0
divide_lpres_on,padim,bottle,noise,4,broken_large,10,1,1.0,1.0,1.0
divide_lpres_on,padim,bottle,noise,4,broken_large,11,1,1.0,1.0,1.0
divide_lpres_on,padim,bottle,noise,4,broken_large,12,1,1.0,1.0,1.0
divide_lpres_on,padim,bottle,noise,4,broken_large,13,1,1.0,1.0,1.0
divide_lpres_on,padim,bottle,noise,4,broken_large,14,1,1.0,1.0,1.0
divide_lpres_on,padim,bottle,noise,4,broken_large,15,1,1.0,1.0,1.0
divide_lpres_off,padim,bottle,noise,4,good,0,0,0.4898289740085602,1.0,1.0
divide_lpres_off,padim,bottle,noise,4,good,1,0,0.7351454496383667,1.0,1.0
divide_lpres_off,padim,bottle,noise,4,good,2,0,0.876616358757019,1.0,1.0
divide_lpres_off,padim,bottle,noise,4,good,3,0,0.4791443943977356,1.0,1.0
divide_lpres_off,padim,bottle,noise,4,good,4,0,0.5700920224189758,1.0,1.0
divide_lpres_off,padim,bottle,noise,4,good,5,0,0.4708174169063568,1.0,1.0
divide_lpres_off,padim,bottle,noise,4,good,6,0,0.6785476803779602,1.0,1.0
divide_lpres_off,padim,bottle,noise,4,good,7,0,0.6006224155426025,1.0,1.0
divide_lpres_off,padim,bottle,noise,4,broken_large,8,1,1.0,1.0,1.0
divide_lpres_off,padim,bottle,noise,4,broken_large,9,1,1.0,1.0,1.0
divide_lpres_off,padim,bottle,noise,4,broken_large,10,1,1.0,1.0,1.0
divide_lpres_off,padim,bottle,noise,4,broken_large,11,1,1.0,1.0,1.0
divide_lpres_off,padim,bottle,noise,4,broken_large,12,1,1.0,1.0,1.0
divide_lpres_off,padim,bottle,noise,4,broken_large,13,1,1.0,1.0,1.0
divide_lpres_off,padim,bottle,noise,4,broken_large,14,1,1.0,1.0,1.0
divide_lpres_off,padim,bottle,noise,4,broken_large,15,1,1.0,1.0,1.0
identity,padim,bottle,mixed,2,good,0,0,0.4898289740085602,1.0,1.0
identity,padim,bottle,mixed,2,good,1,0,0.7351454496383667,1.0,1.0
identity,padim,bottle,mixed,2,good,2,0,0.876616358757019,1.0,1.0
identity,padim,bottle,mixed,2,good,3,0,0.4791443943977356,1.0,1.0
identity,padim,bottle,mixed,2,good,4,0,0.5700920224189758,1.0,1.0
identity,padim,bottle,mixed,2,good,5,0,0.4708174169063568,1.0,1.0
identity,padim,bottle,mixed,2,good,6,0,0.6785476803779602,1.0,1.0
identity,padim,bottle,mixed,2,good,7,0,0.6006224155426025,1.0,1.0
identity,padim,bottle,mixed,2,broken_large,8,1,1.0,1.0,1.0
identity,padim,bottle,mixed,2,broken_large,9,1,1.0,1.0,1.0
identity,padim,bottle,mixed,2,broken_large,10,1,1.0,1.0,1.0
identity,padim,bottle,mixed,2,broken_large,11,1,1.0,1.0,1.0
identity,padim,bottle,mixed,2,broken_large,12,1,1.0,1.0,1.0
identity,padim,bottle,mixed,2,broken_large,13,1,1.0,1.0,1.0
identity,padim,bottle,mixed,2,broken_large,14,1,1.0,1.0,1.0
identity,padim,bottle,mixed,2,broken_large,15,1,1.0,1.0,1.0
wiener,padim,bottle,mixed,2,good,0,0,0.4898289740085602,1.0,1.0
wiener,padim,bottle,mixed,2,good,1,0,0.7351454496383667,1.0,1.0
wiener,padim,bottle,mixed,2,good,2,0,0.876616358757019,1.0,1.0
wiener,padim,bottle,mixed,2,good,3,0,0.4791443943977356,1.0,1.0
wiener,padim,bottle,mixed,2,good,4,0,0.5700920224189758,1.0,1.0
wiener,padim,bottle,mixed,2,good,5,0,0.4708174169063568,1.0,1.0
wiener,padim,bottle,mixed,2,good,6,0,0.6785476803779602,1.0,1.0
wiener,padim,bottle,mixed,2,good,7,0,0.6006224155426025,1.0,1.0
wiener,padim,bottle,mixed,2,broken_large,8,1,1.0,1.0,1.0
wiener,padim,bottle,mixed,2,broken_large,9,1,1.0,1.0,1.0
wiener,padim,bottle,mixed,2,broken_large,10,1,1.0,1.0,1.0
wiener,padim,bottle,mixed,2,broken_large,11,1,1.0,1.0,1.0
wiener,padim,bottle,mixed,2,broken_large,12,1,1.0,1.0,1.0
wiener,padim,bottle,mixed,2,broken_large,13,1,1.0,1.0,1.0
wiener,padim,bottle,mixed,2,broken_large,14,1,1.0,1.0,1.0
wiener,padim,bottle,mixed,2,broken_large,15,1,1.0,1.0,1.0
restormer_deblur,padim,bottle,mixed,2,good,0,0,0.4898289740085602,1.0,1.0
restormer_deblur,padim,bottle,mixed,2,good,1,0,0.7351454496383667,1.0,1.0
restormer_deblur,padim,bottle,mixed,2,good,2,0,0.876616358757019,1.0,1.0
restormer_deblur,padim,bottle,mixed,2,good,3,0,0.4791443943977356,1.0,1.0
restormer_deblur,padim,bottle,mixed,2,good,4,0,0.5700920224189758,1.0,1.0
restormer_deblur,padim,bottle,mixed,2,good,5,0,0.4708174169063568,1.0,1.0
restormer_deblur,padim,bottle,mixed,2,good,6,0,0.6785476803779602,1.0,1.0
restormer_deblur,padim,bottle,mixed,2,good,7,0,0.6006224155426025,1.0,1.0
restormer_deblur,padim,bottle,mixed,2,broken_large,8,1,1.0,1.0,1.0
restormer_deblur,padim,bottle,mixed,2,broken_large,9,1,1.0,1.0,1.0
restormer_deblur,padim,bottle,mixed,2,broken_large,10,1,1.0,1.0,1.0
restormer_deblur,padim,bottle,mixed,2,broken_large,11,1,1.0,1.0,1.0
restormer_deblur,padim,bottle,mixed,2,broken_large,12,1,1.0,1.0,1.0
restormer_deblur,padim,bottle,mixed,2,broken_large,13,1,1.0,1.0,1.0
restormer_deblur,padim,bottle,mixed,2,broken_large,14,1,1.0,1.0,1.0
restormer_deblur,padim,bottle,mixed,2,broken_large,15,1,1.0,1.0,1.0
divide_lpres_on,padim,bottle,mixed,2,good,0,0,0.4898289740085602,1.0,1.0
divide_lpres_on,padim,bottle,mixed,2,good,1,0,0.7351454496383667,1.0,1.0
divide_lpres_on,padim,bottle,mixed,2,good,2,0,0.876616358757019,1.0,1.0
divide_lpres_on,padim,bottle,mixed,2,good,3,0,0.4791443943977356,1.0,1.0
divide_lpres_on,padim,bottle,mixed,2,good,4,0,0.5700920224189758,1.0,1.0
divide_lpres_on,padim,bottle,mixed,2,good,5,0,0.4708174169063568,1.0,1.0
divide_lpres_on,padim,bottle,mixed,2,good,6,0,0.6785476803779602,1.0,1.0
divide_lpres_on,padim,bottle,mixed,2,good,7,0,0.6006224155426025,1.0,1.0
divide_lpres_on,padim,bottle,mixed,2,broken_large,8,1,1.0,1.0,1.0
divide_lpres_on,padim,bottle,mixed,2,broken_large,9,1,1.0,1.0,1.0
divide_lpres_on,padim,bottle,mixed,2,broken_large,10,1,1.0,1.0,1.0
divide_lpres_on,padim,bottle,mixed,2,broken_large,11,1,1.0,1.0,1.0
divide_lpres_on,padim,bottle,mixed,2,broken_large,12,1,1.0,1.0,1.0
divide_lpres_on,padim,bottle,mixed,2,broken_large,13,1,1.0,1.0,1.0
divide_lpres_on,padim,bottle,mixed,2,broken_large,14,1,1.0,1.0,1.0
divide_lpres_on,padim,bottle,mixed,2,broken_large,15,1,1.0,1.0,1.0
divide_lpres_off,padim,bottle,mixed,2,good,0,0,0.4898289740085602,1.0,1.0
divide_lpres_off,padim,bottle,mixed,2,good,1,0,0.7351454496383667,1.0,1.0
divide_lpres_off,padim,bottle,mixed,2,good,2,0,0.876616358757019,1.0,1.0
divide_lpres_off,padim,bottle,mixed,2,good,3,0,0.4791443943977356,1.0,1.0
divide_lpres_off,padim,bottle,mixed,2,good,4,0,0.5700920224189758,1.0,1.0
divide_lpres_off,padim,bottle,mixed,2,good,5,0,0.4708174169063568,1.0,1.0
divide_lpres_off,padim,bottle,mixed,2,good,6,0,0.6785476803779602,1.0,1.0
divide_lpres_off,padim,bottle,mixed,2,good,7,0,0.6006224155426025,1.0,1.0
divide_lpres_off,padim,bottle,mixed,2,broken_large,8,1,1.0,1.0,1.0
divide_lpres_off,padim,bottle,mixed,2,broken_large,9,1,1.0,1.0,1.0
divide_lpres_off,padim,bottle,mixed,2,broken_large,10,1,1.0,1.0,1.0
divide_lpres_off,padim,bottle,mixed,2,broken_large,11,1,1.0,1.0,1.0
divide_lpres_off,padim,bottle,mixed,2,broken_large,12,1,1.0,1.0,1.0
divide_lpres_off,padim,bottle,mixed,2,broken_large,13,1,1.0,1.0,1.0
divide_lpres_off,padim,bottle,mixed,2,broken_large,14,1,1.0,1.0,1.0
divide_lpres_off,padim,bottle,mixed,2,broken_large,15,1,1.0,1.0,1.0
identity,padim,bottle,mixed,3,good,0,0,0.4898289740085602,1.0,1.0
identity,padim,bottle,mixed,3,good,1,0,0.7351454496383667,1.0,1.0
identity,padim,bottle,mixed,3,good,2,0,0.876616358757019,1.0,1.0
identity,padim,bottle,mixed,3,good,3,0,0.4791443943977356,1.0,1.0
identity,padim,bottle,mixed,3,good,4,0,0.5700920224189758,1.0,1.0
identity,padim,bottle,mixed,3,good,5,0,0.4708174169063568,1.0,1.0
identity,padim,bottle,mixed,3,good,6,0,0.6785476803779602,1.0,1.0
identity,padim,bottle,mixed,3,good,7,0,0.6006224155426025,1.0,1.0
identity,padim,bottle,mixed,3,broken_large,8,1,1.0,1.0,1.0
identity,padim,bottle,mixed,3,broken_large,9,1,1.0,1.0,1.0
identity,padim,bottle,mixed,3,broken_large,10,1,1.0,1.0,1.0
identity,padim,bottle,mixed,3,broken_large,11,1,1.0,1.0,1.0
identity,padim,bottle,mixed,3,broken_large,12,1,1.0,1.0,1.0
identity,padim,bottle,mixed,3,broken_large,13,1,1.0,1.0,1.0
identity,padim,bottle,mixed,3,broken_large,14,1,1.0,1.0,1.0
identity,padim,bottle,mixed,3,broken_large,15,1,1.0,1.0,1.0
wiener,padim,bottle,mixed,3,good,0,0,0.4898289740085602,1.0,1.0
wiener,padim,bottle,mixed,3,good,1,0,0.7351454496383667,1.0,1.0
wiener,padim,bottle,mixed,3,good,2,0,0.876616358757019,1.0,1.0
wiener,padim,bottle,mixed,3,good,3,0,0.4791443943977356,1.0,1.0
wiener,padim,bottle,mixed,3,good,4,0,0.5700920224189758,1.0,1.0
wiener,padim,bottle,mixed,3,good,5,0,0.4708174169063568,1.0,1.0
wiener,padim,bottle,mixed,3,good,6,0,0.6785476803779602,1.0,1.0
wiener,padim,bottle,mixed,3,good,7,0,0.6006224155426025,1.0,1.0
wiener,padim,bottle,mixed,3,broken_large,8,1,1.0,1.0,1.0
wiener,padim,bottle,mixed,3,broken_large,9,1,1.0,1.0,1.0
wiener,padim,bottle,mixed,3,broken_large,10,1,1.0,1.0,1.0
wiener,padim,bottle,mixed,3,broken_large,11,1,1.0,1.0,1.0
wiener,padim,bottle,mixed,3,broken_large,12,1,1.0,1.0,1.0
wiener,padim,bottle,mixed,3,broken_large,13,1,1.0,1.0,1.0
wiener,padim,bottle,mixed,3,broken_large,14,1,1.0,1.0,1.0
wiener,padim,bottle,mixed,3,broken_large,15,1,1.0,1.0,1.0
restormer_deblur,padim,bottle,mixed,3,good,0,0,0.4898289740085602,1.0,1.0
restormer_deblur,padim,bottle,mixed,3,good,1,0,0.7351454496383667,1.0,1.0
restormer_deblur,padim,bottle,mixed,3,good,2,0,0.876616358757019,1.0,1.0
restormer_deblur,padim,bottle,mixed,3,good,3,0,0.4791443943977356,1.0,1.0
restormer_deblur,padim,bottle,mixed,3,good,4,0,0.5700920224189758,1.0,1.0
restormer_deblur,padim,bottle,mixed,3,good,5,0,0.4708174169063568,1.0,1.0
restormer_deblur,padim,bottle,mixed,3,good,6,0,0.6785476803779602,1.0,1.0
restormer_deblur,padim,bottle,mixed,3,good,7,0,0.6006224155426025,1.0,1.0
restormer_deblur,padim,bottle,mixed,3,broken_large,8,1,1.0,1.0,1.0
restormer_deblur,padim,bottle,mixed,3,broken_large,9,1,1.0,1.0,1.0
restormer_deblur,padim,bottle,mixed,3,broken_large,10,1,1.0,1.0,1.0
restormer_deblur,padim,bottle,mixed,3,broken_large,11,1,1.0,1.0,1.0
restormer_deblur,padim,bottle,mixed,3,broken_large,12,1,1.0,1.0,1.0
restormer_deblur,padim,bottle,mixed,3,broken_large,13,1,1.0,1.0,1.0
restormer_deblur,padim,bottle,mixed,3,broken_large,14,1,1.0,1.0,1.0
restormer_deblur,padim,bottle,mixed,3,broken_large,15,1,1.0,1.0,1.0
divide_lpres_on,padim,bottle,mixed,3,good,0,0,0.4898289740085602,1.0,1.0
divide_lpres_on,padim,bottle,mixed,3,good,1,0,0.7351454496383667,1.0,1.0
divide_lpres_on,padim,bottle,mixed,3,good,2,0,0.876616358757019,1.0,1.0
divide_lpres_on,padim,bottle,mixed,3,good,3,0,0.4791443943977356,1.0,1.0
divide_lpres_on,padim,bottle,mixed,3,good,4,0,0.5700920224189758,1.0,1.0
divide_lpres_on,padim,bottle,mixed,3,good,5,0,0.4708174169063568,1.0,1.0
divide_lpres_on,padim,bottle,mixed,3,good,6,0,0.6785476803779602,1.0,1.0
divide_lpres_on,padim,bottle,mixed,3,good,7,0,0.6006224155426025,1.0,1.0
divide_lpres_on,padim,bottle,mixed,3,broken_large,8,1,1.0,1.0,1.0
divide_lpres_on,padim,bottle,mixed,3,broken_large,9,1,1.0,1.0,1.0
divide_lpres_on,padim,bottle,mixed,3,broken_large,10,1,1.0,1.0,1.0
divide_lpres_on,padim,bottle,mixed,3,broken_large,11,1,1.0,1.0,1.0
divide_lpres_on,padim,bottle,mixed,3,broken_large,12,1,1.0,1.0,1.0
divide_lpres_on,padim,bottle,mixed,3,broken_large,13,1,1.0,1.0,1.0
divide_lpres_on,padim,bottle,mixed,3,broken_large,14,1,1.0,1.0,1.0
divide_lpres_on,padim,bottle,mixed,3,broken_large,15,1,1.0,1.0,1.0
divide_lpres_off,padim,bottle,mixed,3,good,0,0,0.4898289740085602,1.0,1.0
divide_lpres_off,padim,bottle,mixed,3,good,1,0,0.7351454496383667,1.0,1.0
divide_lpres_off,padim,bottle,mixed,3,good,2,0,0.876616358757019,1.0,1.0
divide_lpres_off,padim,bottle,mixed,3,good,3,0,0.4791443943977356,1.0,1.0
divide_lpres_off,padim,bottle,mixed,3,good,4,0,0.5700920224189758,1.0,1.0
divide_lpres_off,padim,bottle,mixed,3,good,5,0,0.4708174169063568,1.0,1.0
divide_lpres_off,padim,bottle,mixed,3,good,6,0,0.6785476803779602,1.0,1.0
divide_lpres_off,padim,bottle,mixed,3,good,7,0,0.6006224155426025,1.0,1.0
divide_lpres_off,padim,bottle,mixed,3,broken_large,8,1,1.0,1.0,1.0
divide_lpres_off,padim,bottle,mixed,3,broken_large,9,1,1.0,1.0,1.0
divide_lpres_off,padim,bottle,mixed,3,broken_large,10,1,1.0,1.0,1.0
divide_lpres_off,padim,bottle,mixed,3,broken_large,11,1,1.0,1.0,1.0
divide_lpres_off,padim,bottle,mixed,3,broken_large,12,1,1.0,1.0,1.0
divide_lpres_off,padim,bottle,mixed,3,broken_large,13,1,1.0,1.0,1.0
divide_lpres_off,padim,bottle,mixed,3,broken_large,14,1,1.0,1.0,1.0
divide_lpres_off,padim,bottle,mixed,3,broken_large,15,1,1.0,1.0,1.0
identity,padim,bottle,mixed,4,good,0,0,0.4898289740085602,1.0,1.0
identity,padim,bottle,mixed,4,good,1,0,0.7351454496383667,1.0,1.0
identity,padim,bottle,mixed,4,good,2,0,0.876616358757019,1.0,1.0
identity,padim,bottle,mixed,4,good,3,0,0.4791443943977356,1.0,1.0
identity,padim,bottle,mixed,4,good,4,0,0.5700920224189758,1.0,1.0
identity,padim,bottle,mixed,4,good,5,0,0.4708174169063568,1.0,1.0
identity,padim,bottle,mixed,4,good,6,0,0.6785476803779602,1.0,1.0
identity,padim,bottle,mixed,4,good,7,0,0.6006224155426025,1.0,1.0
identity,padim,bottle,mixed,4,broken_large,8,1,1.0,1.0,1.0
identity,padim,bottle,mixed,4,broken_large,9,1,1.0,1.0,1.0
identity,padim,bottle,mixed,4,broken_large,10,1,1.0,1.0,1.0
identity,padim,bottle,mixed,4,broken_large,11,1,1.0,1.0,1.0
identity,padim,bottle,mixed,4,broken_large,12,1,1.0,1.0,1.0
identity,padim,bottle,mixed,4,broken_large,13,1,1.0,1.0,1.0
identity,padim,bottle,mixed,4,broken_large,14,1,1.0,1.0,1.0
identity,padim,bottle,mixed,4,broken_large,15,1,1.0,1.0,1.0
wiener,padim,bottle,mixed,4,good,0,0,0.4898289740085602,1.0,1.0
wiener,padim,bottle,mixed,4,good,1,0,0.7351454496383667,1.0,1.0
wiener,padim,bottle,mixed,4,good,2,0,0.876616358757019,1.0,1.0
wiener,padim,bottle,mixed,4,good,3,0,0.4791443943977356,1.0,1.0
wiener,padim,bottle,mixed,4,good,4,0,0.5700920224189758,1.0,1.0
wiener,padim,bottle,mixed,4,good,5,0,0.4708174169063568,1.0,1.0
wiener,padim,bottle,mixed,4,good,6,0,0.6785476803779602,1.0,1.0
wiener,padim,bottle,mixed,4,good,7,0,0.6006224155426025,1.0,1.0
wiener,padim,bottle,mixed,4,broken_large,8,1,1.0,1.0,1.0
wiener,padim,bottle,mixed,4,broken_large,9,1,1.0,1.0,1.0
wiener,padim,bottle,mixed,4,broken_large,10,1,1.0,1.0,1.0
wiener,padim,bottle,mixed,4,broken_large,11,1,1.0,1.0,1.0
wiener,padim,bottle,mixed,4,broken_large,12,1,1.0,1.0,1.0
wiener,padim,bottle,mixed,4,broken_large,13,1,1.0,1.0,1.0
wiener,padim,bottle,mixed,4,broken_large,14,1,1.0,1.0,1.0
wiener,padim,bottle,mixed,4,broken_large,15,1,1.0,1.0,1.0
restormer_deblur,padim,bottle,mixed,4,good,0,0,0.4898289740085602,1.0,1.0
restormer_deblur,padim,bottle,mixed,4,good,1,0,0.7351454496383667,1.0,1.0
restormer_deblur,padim,bottle,mixed,4,good,2,0,0.876616358757019,1.0,1.0
restormer_deblur,padim,bottle,mixed,4,good,3,0,0.4791443943977356,1.0,1.0
restormer_deblur,padim,bottle,mixed,4,good,4,0,0.5700920224189758,1.0,1.0
restormer_deblur,padim,bottle,mixed,4,good,5,0,0.4708174169063568,1.0,1.0
restormer_deblur,padim,bottle,mixed,4,good,6,0,0.6785476803779602,1.0,1.0
restormer_deblur,padim,bottle,mixed,4,good,7,0,0.6006224155426025,1.0,1.0
restormer_deblur,padim,bottle,mixed,4,broken_large,8,1,1.0,1.0,1.0
restormer_deblur,padim,bottle,mixed,4,broken_large,9,1,1.0,1.0,1.0
restormer_deblur,padim,bottle,mixed,4,broken_large,10,1,1.0,1.0,1.0
restormer_deblur,padim,bottle,mixed,4,broken_large,11,1,1.0,1.0,1.0
restormer_deblur,padim,bottle,mixed,4,broken_large,12,1,1.0,1.0,1.0
restormer_deblur,padim,bottle,mixed,4,broken_large,13,1,1.0,1.0,1.0
restormer_deblur,padim,bottle,mixed,4,broken_large,14,1,1.0,1.0,1.0
restormer_deblur,padim,bottle,mixed,4,broken_large,15,1,1.0,1.0,1.0
divide_lpres_on,padim,bottle,mixed,4,good,0,0,0.4898289740085602,1.0,1.0
divide_lpres_on,padim,bottle,mixed,4,good,1,0,0.7351454496383667,1.0,1.0
divide_lpres_on,padim,bottle,mixed,4,good,2,0,0.876616358757019,1.0,1.0
divide_lpres_on,padim,bottle,mixed,4,good,3,0,0.4791443943977356,1.0,1.0
divide_lpres_on,padim,bottle,mixed,4,good,4,0,0.5700920224189758,1.0,1.0
divide_lpres_on,padim,bottle,mixed,4,good,5,0,0.4708174169063568,1.0,1.0
divide_lpres_on,padim,bottle,mixed,4,good,6,0,0.6785476803779602,1.0,1.0
divide_lpres_on,padim,bottle,mixed,4,good,7,0,0.6006224155426025,1.0,1.0
divide_lpres_on,padim,bottle,mixed,4,broken_large,8,1,1.0,1.0,1.0
divide_lpres_on,padim,bottle,mixed,4,broken_large,9,1,1.0,1.0,1.0
divide_lpres_on,padim,bottle,mixed,4,broken_large,10,1,1.0,1.0,1.0
divide_lpres_on,padim,bottle,mixed,4,broken_large,11,1,1.0,1.0,1.0
divide_lpres_on,padim,bottle,mixed,4,broken_large,12,1,1.0,1.0,1.0
divide_lpres_on,padim,bottle,mixed,4,broken_large,13,1,1.0,1.0,1.0
divide_lpres_on,padim,bottle,mixed,4,broken_large,14,1,1.0,1.0,1.0
divide_lpres_on,padim,bottle,mixed,4,broken_large,15,1,1.0,1.0,1.0
divide_lpres_off,padim,bottle,mixed,4,good,0,0,0.4898289740085602,1.0,1.0
divide_lpres_off,padim,bottle,mixed,4,good,1,0,0.7351454496383667,1.0,1.0
divide_lpres_off,padim,bottle,mixed,4,good,2,0,0.876616358757019,1.0,1.0
divide_lpres_off,padim,bottle,mixed,4,good,3,0,0.4791443943977356,1.0,1.0
divide_lpres_off,padim,bottle,mixed,4,good,4,0,0.5700920224189758,1.0,1.0
divide_lpres_off,padim,bottle,mixed,4,good,5,0,0.4708174169063568,1.0,1.0
divide_lpres_off,padim,bottle,mixed,4,good,6,0,0.6785476803779602,1.0,1.0
divide_lpres_off,padim,bottle,mixed,4,good,7,0,0.6006224155426025,1.0,1.0
divide_lpres_off,padim,bottle,mixed,4,broken_large,8,1,1.0,1.0,1.0
divide_lpres_off,padim,bottle,mixed,4,broken_large,9,1,1.0,1.0,1.0
divide_lpres_off,padim,bottle,mixed,4,broken_large,10,1,1.0,1.0,1.0
divide_lpres_off,padim,bottle,mixed,4,broken_large,11,1,1.0,1.0,1.0
divide_lpres_off,padim,bottle,mixed,4,broken_large,12,1,1.0,1.0,1.0
divide_lpres_off,padim,bottle,mixed,4,broken_large,13,1,1.0,1.0,1.0
divide_lpres_off,padim,bottle,mixed,4,broken_large,14,1,1.0,1.0,1.0
divide_lpres_off,padim,bottle,mixed,4,broken_large,15,1,1.0,1.0,1.0
identity,patchcore,bottle,defocus,2,good,0,0,0.5946435332298279,0.9248350858688354,0.9248350858688354
identity,patchcore,bottle,defocus,2,good,1,0,0.6697643995285034,1.0,1.0
identity,patchcore,bottle,defocus,2,good,2,0,0.685367226600647,0.9818588495254517,0.9818588495254517
identity,patchcore,bottle,defocus,2,good,3,0,0.6786976456642151,0.8957717418670654,0.8957717418670654
identity,patchcore,bottle,defocus,2,good,4,0,0.751623272895813,0.9634785652160645,0.9634785652160645
identity,patchcore,bottle,defocus,2,good,5,0,0.5204834938049316,1.0,1.0
identity,patchcore,bottle,defocus,2,good,6,0,0.5762772560119629,0.9646177291870117,0.9646177291870117
identity,patchcore,bottle,defocus,2,good,7,0,0.7946031093597412,1.0,1.0
identity,patchcore,bottle,defocus,2,broken_large,8,1,1.0,1.0,1.0
identity,patchcore,bottle,defocus,2,broken_large,9,1,1.0,1.0,1.0
identity,patchcore,bottle,defocus,2,broken_large,10,1,1.0,1.0,1.0
identity,patchcore,bottle,defocus,2,broken_large,11,1,1.0,1.0,1.0
identity,patchcore,bottle,defocus,2,broken_large,12,1,1.0,1.0,1.0
identity,patchcore,bottle,defocus,2,broken_large,13,1,1.0,1.0,1.0
identity,patchcore,bottle,defocus,2,broken_large,14,1,1.0,1.0,1.0
identity,patchcore,bottle,defocus,2,broken_large,15,1,1.0,1.0,1.0
wiener,patchcore,bottle,defocus,2,good,0,0,0.5946435332298279,0.9248350858688354,0.8152960538864136
wiener,patchcore,bottle,defocus,2,good,1,0,0.6697643995285034,1.0,0.7495699524879456
wiener,patchcore,bottle,defocus,2,good,2,0,0.685367226600647,0.9818588495254517,0.8120654821395874
wiener,patchcore,bottle,defocus,2,good,3,0,0.6786976456642151,0.8957717418670654,0.7782370448112488
wiener,patchcore,bottle,defocus,2,good,4,0,0.751623272895813,0.9634785652160645,0.7647846341133118
wiener,patchcore,bottle,defocus,2,good,5,0,0.5204834938049316,1.0,0.8069319725036621
wiener,patchcore,bottle,defocus,2,good,6,0,0.5762772560119629,0.9646177291870117,0.7745263576507568
wiener,patchcore,bottle,defocus,2,good,7,0,0.7946031093597412,1.0,0.8110885620117188
wiener,patchcore,bottle,defocus,2,broken_large,8,1,1.0,1.0,1.0
wiener,patchcore,bottle,defocus,2,broken_large,9,1,1.0,1.0,1.0
wiener,patchcore,bottle,defocus,2,broken_large,10,1,1.0,1.0,1.0
wiener,patchcore,bottle,defocus,2,broken_large,11,1,1.0,1.0,1.0
wiener,patchcore,bottle,defocus,2,broken_large,12,1,1.0,1.0,1.0
wiener,patchcore,bottle,defocus,2,broken_large,13,1,1.0,1.0,1.0
wiener,patchcore,bottle,defocus,2,broken_large,14,1,1.0,1.0,1.0
wiener,patchcore,bottle,defocus,2,broken_large,15,1,1.0,1.0,1.0
restormer_deblur,patchcore,bottle,defocus,2,good,0,0,0.5946435332298279,0.9248350858688354,0.9143733978271484
restormer_deblur,patchcore,bottle,defocus,2,good,1,0,0.6697643995285034,1.0,0.9246638417243958
restormer_deblur,patchcore,bottle,defocus,2,good,2,0,0.685367226600647,0.9818588495254517,0.8978508710861206
restormer_deblur,patchcore,bottle,defocus,2,good,3,0,0.6786976456642151,0.8957717418670654,0.8959790468215942
restormer_deblur,patchcore,bottle,defocus,2,good,4,0,0.751623272895813,0.9634785652160645,1.0
restormer_deblur,patchcore,bottle,defocus,2,good,5,0,0.5204834938049316,1.0,0.8947569727897644
restormer_deblur,patchcore,bottle,defocus,2,good,6,0,0.5762772560119629,0.9646177291870117,0.9800633192062378
restormer_deblur,patchcore,bottle,defocus,2,good,7,0,0.7946031093597412,1.0,1.0
restormer_deblur,patchcore,bottle,defocus,2,broken_large,8,1,1.0,1.0,1.0
restormer_deblur,patchcore,bottle,defocus,2,broken_large,9,1,1.0,1.0,1.0
restormer_deblur,patchcore,bottle,defocus,2,broken_large,10,1,1.0,1.0,1.0
restormer_deblur,patchcore,bottle,defocus,2,broken_large,11,1,1.0,1.0,1.0
restormer_deblur,patchcore,bottle,defocus,2,broken_large,12,1,1.0,1.0,1.0
restormer_deblur,patchcore,bottle,defocus,2,broken_large,13,1,1.0,1.0,1.0
restormer_deblur,patchcore,bottle,defocus,2,broken_large,14,1,1.0,1.0,1.0
restormer_deblur,patchcore,bottle,defocus,2,broken_large,15,1,1.0,1.0,1.0
divide_lpres_on,patchcore,bottle,defocus,2,good,0,0,0.5946435332298279,0.9248350858688354,0.728904128074646
divide_lpres_on,patchcore,bottle,defocus,2,good,1,0,0.6697643995285034,1.0,0.7129533886909485
divide_lpres_on,patchcore,bottle,defocus,2,good,2,0,0.685367226600647,0.9818588495254517,0.7470295429229736
divide_lpres_on,patchcore,bottle,defocus,2,good,3,0,0.6786976456642151,0.8957717418670654,0.7001456022262573
divide_lpres_on,patchcore,bottle,defocus,2,good,4,0,0.751623272895813,0.9634785652160645,0.7479183673858643
divide_lpres_on,patchcore,bottle,defocus,2,good,5,0,0.5204834938049316,1.0,0.6754134893417358
divide_lpres_on,patchcore,bottle,defocus,2,good,6,0,0.5762772560119629,0.9646177291870117,0.7852157354354858
divide_lpres_on,patchcore,bottle,defocus,2,good,7,0,0.7946031093597412,1.0,0.7731776237487793
divide_lpres_on,patchcore,bottle,defocus,2,broken_large,8,1,1.0,1.0,1.0
divide_lpres_on,patchcore,bottle,defocus,2,broken_large,9,1,1.0,1.0,1.0
divide_lpres_on,patchcore,bottle,defocus,2,broken_large,10,1,1.0,1.0,1.0
divide_lpres_on,patchcore,bottle,defocus,2,broken_large,11,1,1.0,1.0,1.0
divide_lpres_on,patchcore,bottle,defocus,2,broken_large,12,1,1.0,1.0,1.0
divide_lpres_on,patchcore,bottle,defocus,2,broken_large,13,1,1.0,1.0,1.0
divide_lpres_on,patchcore,bottle,defocus,2,broken_large,14,1,1.0,1.0,1.0
divide_lpres_on,patchcore,bottle,defocus,2,broken_large,15,1,1.0,1.0,1.0
divide_lpres_off,patchcore,bottle,defocus,2,good,0,0,0.5946435332298279,0.9248350858688354,1.0
divide_lpres_off,patchcore,bottle,defocus,2,good,1,0,0.6697643995285034,1.0,1.0
divide_lpres_off,patchcore,bottle,defocus,2,good,2,0,0.685367226600647,0.9818588495254517,1.0
divide_lpres_off,patchcore,bottle,defocus,2,good,3,0,0.6786976456642151,0.8957717418670654,1.0
divide_lpres_off,patchcore,bottle,defocus,2,good,4,0,0.751623272895813,0.9634785652160645,1.0
divide_lpres_off,patchcore,bottle,defocus,2,good,5,0,0.5204834938049316,1.0,1.0
divide_lpres_off,patchcore,bottle,defocus,2,good,6,0,0.5762772560119629,0.9646177291870117,0.9873889088630676
divide_lpres_off,patchcore,bottle,defocus,2,good,7,0,0.7946031093597412,1.0,1.0
divide_lpres_off,patchcore,bottle,defocus,2,broken_large,8,1,1.0,1.0,1.0
divide_lpres_off,patchcore,bottle,defocus,2,broken_large,9,1,1.0,1.0,1.0
divide_lpres_off,patchcore,bottle,defocus,2,broken_large,10,1,1.0,1.0,1.0
divide_lpres_off,patchcore,bottle,defocus,2,broken_large,11,1,1.0,1.0,1.0
divide_lpres_off,patchcore,bottle,defocus,2,broken_large,12,1,1.0,1.0,1.0
divide_lpres_off,patchcore,bottle,defocus,2,broken_large,13,1,1.0,1.0,1.0
divide_lpres_off,patchcore,bottle,defocus,2,broken_large,14,1,1.0,1.0,1.0
divide_lpres_off,patchcore,bottle,defocus,2,broken_large,15,1,1.0,1.0,1.0
identity,patchcore,bottle,defocus,3,good,0,0,0.5946435332298279,1.0,1.0
identity,patchcore,bottle,defocus,3,good,1,0,0.6697643995285034,1.0,1.0
identity,patchcore,bottle,defocus,3,good,2,0,0.685367226600647,1.0,1.0
identity,patchcore,bottle,defocus,3,good,3,0,0.6786976456642151,1.0,1.0
identity,patchcore,bottle,defocus,3,good,4,0,0.751623272895813,1.0,1.0
identity,patchcore,bottle,defocus,3,good,5,0,0.5204834938049316,1.0,1.0
identity,patchcore,bottle,defocus,3,good,6,0,0.5762772560119629,1.0,1.0
identity,patchcore,bottle,defocus,3,good,7,0,0.7946031093597412,1.0,1.0
identity,patchcore,bottle,defocus,3,broken_large,8,1,1.0,1.0,1.0
identity,patchcore,bottle,defocus,3,broken_large,9,1,1.0,1.0,1.0
identity,patchcore,bottle,defocus,3,broken_large,10,1,1.0,1.0,1.0
identity,patchcore,bottle,defocus,3,broken_large,11,1,1.0,1.0,1.0
identity,patchcore,bottle,defocus,3,broken_large,12,1,1.0,1.0,1.0
identity,patchcore,bottle,defocus,3,broken_large,13,1,1.0,1.0,1.0
identity,patchcore,bottle,defocus,3,broken_large,14,1,1.0,1.0,1.0
identity,patchcore,bottle,defocus,3,broken_large,15,1,1.0,1.0,1.0
wiener,patchcore,bottle,defocus,3,good,0,0,0.5946435332298279,1.0,0.8876904249191284
wiener,patchcore,bottle,defocus,3,good,1,0,0.6697643995285034,1.0,0.8316273093223572
wiener,patchcore,bottle,defocus,3,good,2,0,0.685367226600647,1.0,0.9084270596504211
wiener,patchcore,bottle,defocus,3,good,3,0,0.6786976456642151,1.0,0.9080440998077393
wiener,patchcore,bottle,defocus,3,good,4,0,0.751623272895813,1.0,0.9241425395011902
wiener,patchcore,bottle,defocus,3,good,5,0,0.5204834938049316,1.0,0.8946532607078552
wiener,patchcore,bottle,defocus,3,good,6,0,0.5762772560119629,1.0,0.8827651739120483
wiener,patchcore,bottle,defocus,3,good,7,0,0.7946031093597412,1.0,0.8829047679901123
wiener,patchcore,bottle,defocus,3,broken_large,8,1,1.0,1.0,1.0
wiener,patchcore,bottle,defocus,3,broken_large,9,1,1.0,1.0,1.0
wiener,patchcore,bottle,defocus,3,broken_large,10,1,1.0,1.0,1.0
wiener,patchcore,bottle,defocus,3,broken_large,11,1,1.0,1.0,1.0
wiener,patchcore,bottle,defocus,3,broken_large,12,1,1.0,1.0,1.0
wiener,patchcore,bottle,defocus,3,broken_large,13,1,1.0,1.0,1.0
wiener,patchcore,bottle,defocus,3,broken_large,14,1,1.0,1.0,1.0
wiener,patchcore,bottle,defocus,3,broken_large,15,1,1.0,1.0,1.0
restormer_deblur,patchcore,bottle,defocus,3,good,0,0,0.5946435332298279,1.0,1.0
restormer_deblur,patchcore,bottle,defocus,3,good,1,0,0.6697643995285034,1.0,1.0
restormer_deblur,patchcore,bottle,defocus,3,good,2,0,0.685367226600647,1.0,1.0
restormer_deblur,patchcore,bottle,defocus,3,good,3,0,0.6786976456642151,1.0,1.0
restormer_deblur,patchcore,bottle,defocus,3,good,4,0,0.751623272895813,1.0,1.0
restormer_deblur,patchcore,bottle,defocus,3,good,5,0,0.5204834938049316,1.0,1.0
restormer_deblur,patchcore,bottle,defocus,3,good,6,0,0.5762772560119629,1.0,1.0
restormer_deblur,patchcore,bottle,defocus,3,good,7,0,0.7946031093597412,1.0,1.0
restormer_deblur,patchcore,bottle,defocus,3,broken_large,8,1,1.0,1.0,1.0
restormer_deblur,patchcore,bottle,defocus,3,broken_large,9,1,1.0,1.0,1.0
restormer_deblur,patchcore,bottle,defocus,3,broken_large,10,1,1.0,1.0,1.0
restormer_deblur,patchcore,bottle,defocus,3,broken_large,11,1,1.0,1.0,1.0
restormer_deblur,patchcore,bottle,defocus,3,broken_large,12,1,1.0,1.0,1.0
restormer_deblur,patchcore,bottle,defocus,3,broken_large,13,1,1.0,1.0,1.0
restormer_deblur,patchcore,bottle,defocus,3,broken_large,14,1,1.0,1.0,1.0
restormer_deblur,patchcore,bottle,defocus,3,broken_large,15,1,1.0,1.0,1.0
divide_lpres_on,patchcore,bottle,defocus,3,good,0,0,0.5946435332298279,1.0,0.9770467281341553
divide_lpres_on,patchcore,bottle,defocus,3,good,1,0,0.6697643995285034,1.0,0.8055171966552734
divide_lpres_on,patchcore,bottle,defocus,3,good,2,0,0.685367226600647,1.0,0.7527318000793457
divide_lpres_on,patchcore,bottle,defocus,3,good,3,0,0.6786976456642151,1.0,0.9069390296936035
divide_lpres_on,patchcore,bottle,defocus,3,good,4,0,0.751623272895813,1.0,0.8466726541519165
divide_lpres_on,patchcore,bottle,defocus,3,good,5,0,0.5204834938049316,1.0,0.7152326107025146
divide_lpres_on,patchcore,bottle,defocus,3,good,6,0,0.5762772560119629,1.0,1.0
divide_lpres_on,patchcore,bottle,defocus,3,good,7,0,0.7946031093597412,1.0,0.7916374206542969
divide_lpres_on,patchcore,bottle,defocus,3,broken_large,8,1,1.0,1.0,1.0
divide_lpres_on,patchcore,bottle,defocus,3,broken_large,9,1,1.0,1.0,1.0
divide_lpres_on,patchcore,bottle,defocus,3,broken_large,10,1,1.0,1.0,1.0
divide_lpres_on,patchcore,bottle,defocus,3,broken_large,11,1,1.0,1.0,1.0
divide_lpres_on,patchcore,bottle,defocus,3,broken_large,12,1,1.0,1.0,1.0
divide_lpres_on,patchcore,bottle,defocus,3,broken_large,13,1,1.0,1.0,1.0
divide_lpres_on,patchcore,bottle,defocus,3,broken_large,14,1,1.0,1.0,1.0
divide_lpres_on,patchcore,bottle,defocus,3,broken_large,15,1,1.0,1.0,1.0
divide_lpres_off,patchcore,bottle,defocus,3,good,0,0,0.5946435332298279,1.0,1.0
divide_lpres_off,patchcore,bottle,defocus,3,good,1,0,0.6697643995285034,1.0,1.0
divide_lpres_off,patchcore,bottle,defocus,3,good,2,0,0.685367226600647,1.0,1.0
divide_lpres_off,patchcore,bottle,defocus,3,good,3,0,0.6786976456642151,1.0,1.0
divide_lpres_off,patchcore,bottle,defocus,3,good,4,0,0.751623272895813,1.0,1.0
divide_lpres_off,patchcore,bottle,defocus,3,good,5,0,0.5204834938049316,1.0,1.0
divide_lpres_off,patchcore,bottle,defocus,3,good,6,0,0.5762772560119629,1.0,1.0
divide_lpres_off,patchcore,bottle,defocus,3,good,7,0,0.7946031093597412,1.0,1.0
divide_lpres_off,patchcore,bottle,defocus,3,broken_large,8,1,1.0,1.0,1.0
divide_lpres_off,patchcore,bottle,defocus,3,broken_large,9,1,1.0,1.0,1.0
divide_lpres_off,patchcore,bottle,defocus,3,broken_large,10,1,1.0,1.0,1.0
divide_lpres_off,patchcore,bottle,defocus,3,broken_large,11,1,1.0,1.0,1.0
divide_lpres_off,patchcore,bottle,defocus,3,broken_large,12,1,1.0,1.0,1.0
divide_lpres_off,patchcore,bottle,defocus,3,broken_large,13,1,1.0,1.0,1.0
divide_lpres_off,patchcore,bottle,defocus,3,broken_large,14,1,1.0,1.0,1.0
divide_lpres_off,patchcore,bottle,defocus,3,broken_large,15,1,1.0,1.0,1.0
identity,patchcore,bottle,defocus,4,good,0,0,0.5946435332298279,1.0,1.0
identity,patchcore,bottle,defocus,4,good,1,0,0.6697643995285034,1.0,1.0
identity,patchcore,bottle,defocus,4,good,2,0,0.685367226600647,1.0,1.0
identity,patchcore,bottle,defocus,4,good,3,0,0.6786976456642151,1.0,1.0
identity,patchcore,bottle,defocus,4,good,4,0,0.751623272895813,1.0,1.0
identity,patchcore,bottle,defocus,4,good,5,0,0.5204834938049316,1.0,1.0
identity,patchcore,bottle,defocus,4,good,6,0,0.5762772560119629,1.0,1.0
identity,patchcore,bottle,defocus,4,good,7,0,0.7946031093597412,1.0,1.0
identity,patchcore,bottle,defocus,4,broken_large,8,1,1.0,1.0,1.0
identity,patchcore,bottle,defocus,4,broken_large,9,1,1.0,1.0,1.0
identity,patchcore,bottle,defocus,4,broken_large,10,1,1.0,1.0,1.0
identity,patchcore,bottle,defocus,4,broken_large,11,1,1.0,1.0,1.0
identity,patchcore,bottle,defocus,4,broken_large,12,1,1.0,1.0,1.0
identity,patchcore,bottle,defocus,4,broken_large,13,1,1.0,1.0,1.0
identity,patchcore,bottle,defocus,4,broken_large,14,1,1.0,1.0,1.0
identity,patchcore,bottle,defocus,4,broken_large,15,1,1.0,1.0,1.0
wiener,patchcore,bottle,defocus,4,good,0,0,0.5946435332298279,1.0,1.0
wiener,patchcore,bottle,defocus,4,good,1,0,0.6697643995285034,1.0,1.0
wiener,patchcore,bottle,defocus,4,good,2,0,0.685367226600647,1.0,1.0
wiener,patchcore,bottle,defocus,4,good,3,0,0.6786976456642151,1.0,1.0
wiener,patchcore,bottle,defocus,4,good,4,0,0.751623272895813,1.0,1.0
wiener,patchcore,bottle,defocus,4,good,5,0,0.5204834938049316,1.0,1.0
wiener,patchcore,bottle,defocus,4,good,6,0,0.5762772560119629,1.0,1.0
wiener,patchcore,bottle,defocus,4,good,7,0,0.7946031093597412,1.0,1.0
wiener,patchcore,bottle,defocus,4,broken_large,8,1,1.0,1.0,1.0
wiener,patchcore,bottle,defocus,4,broken_large,9,1,1.0,1.0,1.0
wiener,patchcore,bottle,defocus,4,broken_large,10,1,1.0,1.0,1.0
wiener,patchcore,bottle,defocus,4,broken_large,11,1,1.0,1.0,1.0
wiener,patchcore,bottle,defocus,4,broken_large,12,1,1.0,1.0,1.0
wiener,patchcore,bottle,defocus,4,broken_large,13,1,1.0,1.0,1.0
wiener,patchcore,bottle,defocus,4,broken_large,14,1,1.0,1.0,1.0
wiener,patchcore,bottle,defocus,4,broken_large,15,1,1.0,1.0,1.0
restormer_deblur,patchcore,bottle,defocus,4,good,0,0,0.5946435332298279,1.0,1.0
restormer_deblur,patchcore,bottle,defocus,4,good,1,0,0.6697643995285034,1.0,1.0
restormer_deblur,patchcore,bottle,defocus,4,good,2,0,0.685367226600647,1.0,1.0
restormer_deblur,patchcore,bottle,defocus,4,good,3,0,0.6786976456642151,1.0,1.0
restormer_deblur,patchcore,bottle,defocus,4,good,4,0,0.751623272895813,1.0,1.0
restormer_deblur,patchcore,bottle,defocus,4,good,5,0,0.5204834938049316,1.0,1.0
restormer_deblur,patchcore,bottle,defocus,4,good,6,0,0.5762772560119629,1.0,1.0
restormer_deblur,patchcore,bottle,defocus,4,good,7,0,0.7946031093597412,1.0,1.0
restormer_deblur,patchcore,bottle,defocus,4,broken_large,8,1,1.0,1.0,1.0
restormer_deblur,patchcore,bottle,defocus,4,broken_large,9,1,1.0,1.0,1.0
restormer_deblur,patchcore,bottle,defocus,4,broken_large,10,1,1.0,1.0,1.0
restormer_deblur,patchcore,bottle,defocus,4,broken_large,11,1,1.0,1.0,1.0
restormer_deblur,patchcore,bottle,defocus,4,broken_large,12,1,1.0,1.0,1.0
restormer_deblur,patchcore,bottle,defocus,4,broken_large,13,1,1.0,1.0,1.0
restormer_deblur,patchcore,bottle,defocus,4,broken_large,14,1,1.0,1.0,1.0
restormer_deblur,patchcore,bottle,defocus,4,broken_large,15,1,1.0,1.0,1.0
divide_lpres_on,patchcore,bottle,defocus,4,good,0,0,0.5946435332298279,1.0,1.0
divide_lpres_on,patchcore,bottle,defocus,4,good,1,0,0.6697643995285034,1.0,1.0
divide_lpres_on,patchcore,bottle,defocus,4,good,2,0,0.685367226600647,1.0,1.0
divide_lpres_on,patchcore,bottle,defocus,4,good,3,0,0.6786976456642151,1.0,1.0
divide_lpres_on,patchcore,bottle,defocus,4,good,4,0,0.751623272895813,1.0,1.0
divide_lpres_on,patchcore,bottle,defocus,4,good,5,0,0.5204834938049316,1.0,1.0
divide_lpres_on,patchcore,bottle,defocus,4,good,6,0,0.5762772560119629,1.0,1.0
divide_lpres_on,patchcore,bottle,defocus,4,good,7,0,0.7946031093597412,1.0,1.0
divide_lpres_on,patchcore,bottle,defocus,4,broken_large,8,1,1.0,1.0,1.0
divide_lpres_on,patchcore,bottle,defocus,4,broken_large,9,1,1.0,1.0,1.0
divide_lpres_on,patchcore,bottle,defocus,4,broken_large,10,1,1.0,1.0,1.0
divide_lpres_on,patchcore,bottle,defocus,4,broken_large,11,1,1.0,1.0,1.0
divide_lpres_on,patchcore,bottle,defocus,4,broken_large,12,1,1.0,1.0,1.0
divide_lpres_on,patchcore,bottle,defocus,4,broken_large,13,1,1.0,1.0,1.0
divide_lpres_on,patchcore,bottle,defocus,4,broken_large,14,1,1.0,1.0,1.0
divide_lpres_on,patchcore,bottle,defocus,4,broken_large,15,1,1.0,1.0,1.0
divide_lpres_off,patchcore,bottle,defocus,4,good,0,0,0.5946435332298279,1.0,1.0
divide_lpres_off,patchcore,bottle,defocus,4,good,1,0,0.6697643995285034,1.0,1.0
divide_lpres_off,patchcore,bottle,defocus,4,good,2,0,0.685367226600647,1.0,1.0
divide_lpres_off,patchcore,bottle,defocus,4,good,3,0,0.6786976456642151,1.0,1.0
divide_lpres_off,patchcore,bottle,defocus,4,good,4,0,0.751623272895813,1.0,1.0
divide_lpres_off,patchcore,bottle,defocus,4,good,5,0,0.5204834938049316,1.0,1.0
divide_lpres_off,patchcore,bottle,defocus,4,good,6,0,0.5762772560119629,1.0,1.0
divide_lpres_off,patchcore,bottle,defocus,4,good,7,0,0.7946031093597412,1.0,1.0
divide_lpres_off,patchcore,bottle,defocus,4,broken_large,8,1,1.0,1.0,1.0
divide_lpres_off,patchcore,bottle,defocus,4,broken_large,9,1,1.0,1.0,1.0
divide_lpres_off,patchcore,bottle,defocus,4,broken_large,10,1,1.0,1.0,1.0
divide_lpres_off,patchcore,bottle,defocus,4,broken_large,11,1,1.0,1.0,1.0
divide_lpres_off,patchcore,bottle,defocus,4,broken_large,12,1,1.0,1.0,1.0
divide_lpres_off,patchcore,bottle,defocus,4,broken_large,13,1,1.0,1.0,1.0
divide_lpres_off,patchcore,bottle,defocus,4,broken_large,14,1,1.0,1.0,1.0
divide_lpres_off,patchcore,bottle,defocus,4,broken_large,15,1,1.0,1.0,1.0
identity,patchcore,bottle,motion,2,good,0,0,0.5946435332298279,1.0,1.0
identity,patchcore,bottle,motion,2,good,1,0,0.6697643995285034,1.0,1.0
identity,patchcore,bottle,motion,2,good,2,0,0.685367226600647,1.0,1.0
identity,patchcore,bottle,motion,2,good,3,0,0.6786976456642151,1.0,1.0
identity,patchcore,bottle,motion,2,good,4,0,0.751623272895813,1.0,1.0
identity,patchcore,bottle,motion,2,good,5,0,0.5204834938049316,1.0,1.0
identity,patchcore,bottle,motion,2,good,6,0,0.5762772560119629,1.0,1.0
identity,patchcore,bottle,motion,2,good,7,0,0.7946031093597412,1.0,1.0
identity,patchcore,bottle,motion,2,broken_large,8,1,1.0,1.0,1.0
identity,patchcore,bottle,motion,2,broken_large,9,1,1.0,1.0,1.0
identity,patchcore,bottle,motion,2,broken_large,10,1,1.0,1.0,1.0
identity,patchcore,bottle,motion,2,broken_large,11,1,1.0,1.0,1.0
identity,patchcore,bottle,motion,2,broken_large,12,1,1.0,1.0,1.0
identity,patchcore,bottle,motion,2,broken_large,13,1,1.0,1.0,1.0
identity,patchcore,bottle,motion,2,broken_large,14,1,1.0,1.0,1.0
identity,patchcore,bottle,motion,2,broken_large,15,1,1.0,1.0,1.0
wiener,patchcore,bottle,motion,2,good,0,0,0.5946435332298279,1.0,1.0
wiener,patchcore,bottle,motion,2,good,1,0,0.6697643995285034,1.0,0.8301402926445007
wiener,patchcore,bottle,motion,2,good,2,0,0.685367226600647,1.0,1.0
wiener,patchcore,bottle,motion,2,good,3,0,0.6786976456642151,1.0,1.0
wiener,patchcore,bottle,motion,2,good,4,0,0.751623272895813,1.0,1.0
wiener,patchcore,bottle,motion,2,good,5,0,0.5204834938049316,1.0,1.0
wiener,patchcore,bottle,motion,2,good,6,0,0.5762772560119629,1.0,1.0
wiener,patchcore,bottle,motion,2,good,7,0,0.7946031093597412,1.0,1.0
wiener,patchcore,bottle,motion,2,broken_large,8,1,1.0,1.0,1.0
wiener,patchcore,bottle,motion,2,broken_large,9,1,1.0,1.0,1.0
wiener,patchcore,bottle,motion,2,broken_large,10,1,1.0,1.0,1.0
wiener,patchcore,bottle,motion,2,broken_large,11,1,1.0,1.0,1.0
wiener,patchcore,bottle,motion,2,broken_large,12,1,1.0,1.0,1.0
wiener,patchcore,bottle,motion,2,broken_large,13,1,1.0,1.0,1.0
wiener,patchcore,bottle,motion,2,broken_large,14,1,1.0,1.0,1.0
wiener,patchcore,bottle,motion,2,broken_large,15,1,1.0,1.0,1.0
restormer_deblur,patchcore,bottle,motion,2,good,0,0,0.5946435332298279,1.0,1.0
restormer_deblur,patchcore,bottle,motion,2,good,1,0,0.6697643995285034,1.0,0.9464775919914246
restormer_deblur,patchcore,bottle,motion,2,good,2,0,0.685367226600647,1.0,0.864249587059021
restormer_deblur,patchcore,bottle,motion,2,good,3,0,0.6786976456642151,1.0,1.0
restormer_deblur,patchcore,bottle,motion,2,good,4,0,0.751623272895813,1.0,1.0
restormer_deblur,patchcore,bottle,motion,2,good,5,0,0.5204834938049316,1.0,0.8617343902587891
restormer_deblur,patchcore,bottle,motion,2,good,6,0,0.5762772560119629,1.0,1.0
restormer_deblur,patchcore,bottle,motion,2,good,7,0,0.7946031093597412,1.0,0.9441542625427246
restormer_deblur,patchcore,bottle,motion,2,broken_large,8,1,1.0,1.0,1.0
restormer_deblur,patchcore,bottle,motion,2,broken_large,9,1,1.0,1.0,1.0
restormer_deblur,patchcore,bottle,motion,2,broken_large,10,1,1.0,1.0,1.0
restormer_deblur,patchcore,bottle,motion,2,broken_large,11,1,1.0,1.0,1.0
restormer_deblur,patchcore,bottle,motion,2,broken_large,12,1,1.0,1.0,1.0
restormer_deblur,patchcore,bottle,motion,2,broken_large,13,1,1.0,1.0,1.0
restormer_deblur,patchcore,bottle,motion,2,broken_large,14,1,1.0,1.0,1.0
restormer_deblur,patchcore,bottle,motion,2,broken_large,15,1,1.0,1.0,1.0
divide_lpres_on,patchcore,bottle,motion,2,good,0,0,0.5946435332298279,1.0,1.0
divide_lpres_on,patchcore,bottle,motion,2,good,1,0,0.6697643995285034,1.0,1.0
divide_lpres_on,patchcore,bottle,motion,2,good,2,0,0.685367226600647,1.0,1.0
divide_lpres_on,patchcore,bottle,motion,2,good,3,0,0.6786976456642151,1.0,1.0
divide_lpres_on,patchcore,bottle,motion,2,good,4,0,0.751623272895813,1.0,1.0
divide_lpres_on,patchcore,bottle,motion,2,good,5,0,0.5204834938049316,1.0,1.0
divide_lpres_on,patchcore,bottle,motion,2,good,6,0,0.5762772560119629,1.0,1.0
divide_lpres_on,patchcore,bottle,motion,2,good,7,0,0.7946031093597412,1.0,1.0
divide_lpres_on,patchcore,bottle,motion,2,broken_large,8,1,1.0,1.0,1.0
divide_lpres_on,patchcore,bottle,motion,2,broken_large,9,1,1.0,1.0,1.0
divide_lpres_on,patchcore,bottle,motion,2,broken_large,10,1,1.0,1.0,1.0
divide_lpres_on,patchcore,bottle,motion,2,broken_large,11,1,1.0,1.0,1.0
divide_lpres_on,patchcore,bottle,motion,2,broken_large,12,1,1.0,1.0,1.0
divide_lpres_on,patchcore,bottle,motion,2,broken_large,13,1,1.0,1.0,1.0
divide_lpres_on,patchcore,bottle,motion,2,broken_large,14,1,1.0,1.0,1.0
divide_lpres_on,patchcore,bottle,motion,2,broken_large,15,1,1.0,1.0,1.0
divide_lpres_off,patchcore,bottle,motion,2,good,0,0,0.5946435332298279,1.0,1.0
divide_lpres_off,patchcore,bottle,motion,2,good,1,0,0.6697643995285034,1.0,1.0
divide_lpres_off,patchcore,bottle,motion,2,good,2,0,0.685367226600647,1.0,1.0
divide_lpres_off,patchcore,bottle,motion,2,good,3,0,0.6786976456642151,1.0,1.0
divide_lpres_off,patchcore,bottle,motion,2,good,4,0,0.751623272895813,1.0,1.0
divide_lpres_off,patchcore,bottle,motion,2,good,5,0,0.5204834938049316,1.0,1.0
divide_lpres_off,patchcore,bottle,motion,2,good,6,0,0.5762772560119629,1.0,1.0
divide_lpres_off,patchcore,bottle,motion,2,good,7,0,0.7946031093597412,1.0,1.0
divide_lpres_off,patchcore,bottle,motion,2,broken_large,8,1,1.0,1.0,1.0
divide_lpres_off,patchcore,bottle,motion,2,broken_large,9,1,1.0,1.0,1.0
divide_lpres_off,patchcore,bottle,motion,2,broken_large,10,1,1.0,1.0,1.0
divide_lpres_off,patchcore,bottle,motion,2,broken_large,11,1,1.0,1.0,1.0
divide_lpres_off,patchcore,bottle,motion,2,broken_large,12,1,1.0,1.0,1.0
divide_lpres_off,patchcore,bottle,motion,2,broken_large,13,1,1.0,1.0,1.0
divide_lpres_off,patchcore,bottle,motion,2,broken_large,14,1,1.0,1.0,1.0
divide_lpres_off,patchcore,bottle,motion,2,broken_large,15,1,1.0,1.0,1.0
identity,patchcore,bottle,motion,3,good,0,0,0.5946435332298279,1.0,1.0
identity,patchcore,bottle,motion,3,good,1,0,0.6697643995285034,1.0,1.0
identity,patchcore,bottle,motion,3,good,2,0,0.685367226600647,1.0,1.0
identity,patchcore,bottle,motion,3,good,3,0,0.6786976456642151,1.0,1.0
identity,patchcore,bottle,motion,3,good,4,0,0.751623272895813,1.0,1.0
identity,patchcore,bottle,motion,3,good,5,0,0.5204834938049316,1.0,1.0
identity,patchcore,bottle,motion,3,good,6,0,0.5762772560119629,1.0,1.0
identity,patchcore,bottle,motion,3,good,7,0,0.7946031093597412,1.0,1.0
identity,patchcore,bottle,motion,3,broken_large,8,1,1.0,1.0,1.0
identity,patchcore,bottle,motion,3,broken_large,9,1,1.0,1.0,1.0
identity,patchcore,bottle,motion,3,broken_large,10,1,1.0,1.0,1.0
identity,patchcore,bottle,motion,3,broken_large,11,1,1.0,1.0,1.0
identity,patchcore,bottle,motion,3,broken_large,12,1,1.0,1.0,1.0
identity,patchcore,bottle,motion,3,broken_large,13,1,1.0,1.0,1.0
identity,patchcore,bottle,motion,3,broken_large,14,1,1.0,1.0,1.0
identity,patchcore,bottle,motion,3,broken_large,15,1,1.0,1.0,1.0
wiener,patchcore,bottle,motion,3,good,0,0,0.5946435332298279,1.0,1.0
wiener,patchcore,bottle,motion,3,good,1,0,0.6697643995285034,1.0,1.0
wiener,patchcore,bottle,motion,3,good,2,0,0.685367226600647,1.0,1.0
wiener,patchcore,bottle,motion,3,good,3,0,0.6786976456642151,1.0,1.0
wiener,patchcore,bottle,motion,3,good,4,0,0.751623272895813,1.0,1.0
wiener,patchcore,bottle,motion,3,good,5,0,0.5204834938049316,1.0,1.0
wiener,patchcore,bottle,motion,3,good,6,0,0.5762772560119629,1.0,1.0
wiener,patchcore,bottle,motion,3,good,7,0,0.7946031093597412,1.0,1.0
wiener,patchcore,bottle,motion,3,broken_large,8,1,1.0,1.0,1.0
wiener,patchcore,bottle,motion,3,broken_large,9,1,1.0,1.0,1.0
wiener,patchcore,bottle,motion,3,broken_large,10,1,1.0,1.0,1.0
wiener,patchcore,bottle,motion,3,broken_large,11,1,1.0,1.0,1.0
wiener,patchcore,bottle,motion,3,broken_large,12,1,1.0,1.0,1.0
wiener,patchcore,bottle,motion,3,broken_large,13,1,1.0,1.0,1.0
wiener,patchcore,bottle,motion,3,broken_large,14,1,1.0,1.0,1.0
wiener,patchcore,bottle,motion,3,broken_large,15,1,1.0,1.0,1.0
restormer_deblur,patchcore,bottle,motion,3,good,0,0,0.5946435332298279,1.0,0.9483412504196167
restormer_deblur,patchcore,bottle,motion,3,good,1,0,0.6697643995285034,1.0,0.9848647713661194
restormer_deblur,patchcore,bottle,motion,3,good,2,0,0.685367226600647,1.0,1.0
restormer_deblur,patchcore,bottle,motion,3,good,3,0,0.6786976456642151,1.0,1.0
restormer_deblur,patchcore,bottle,motion,3,good,4,0,0.751623272895813,1.0,0.9559022188186646
restormer_deblur,patchcore,bottle,motion,3,good,5,0,0.5204834938049316,1.0,1.0
restormer_deblur,patchcore,bottle,motion,3,good,6,0,0.5762772560119629,1.0,1.0
restormer_deblur,patchcore,bottle,motion,3,good,7,0,0.7946031093597412,1.0,1.0
restormer_deblur,patchcore,bottle,motion,3,broken_large,8,1,1.0,1.0,1.0
restormer_deblur,patchcore,bottle,motion,3,broken_large,9,1,1.0,1.0,1.0
restormer_deblur,patchcore,bottle,motion,3,broken_large,10,1,1.0,1.0,1.0
restormer_deblur,patchcore,bottle,motion,3,broken_large,11,1,1.0,1.0,1.0
restormer_deblur,patchcore,bottle,motion,3,broken_large,12,1,1.0,1.0,1.0
restormer_deblur,patchcore,bottle,motion,3,broken_large,13,1,1.0,1.0,1.0
restormer_deblur,patchcore,bottle,motion,3,broken_large,14,1,1.0,1.0,1.0
restormer_deblur,patchcore,bottle,motion,3,broken_large,15,1,1.0,1.0,1.0
divide_lpres_on,patchcore,bottle,motion,3,good,0,0,0.5946435332298279,1.0,1.0
divide_lpres_on,patchcore,bottle,motion,3,good,1,0,0.6697643995285034,1.0,1.0
divide_lpres_on,patchcore,bottle,motion,3,good,2,0,0.685367226600647,1.0,1.0
divide_lpres_on,patchcore,bottle,motion,3,good,3,0,0.6786976456642151,1.0,1.0
divide_lpres_on,patchcore,bottle,motion,3,good,4,0,0.751623272895813,1.0,1.0
divide_lpres_on,patchcore,bottle,motion,3,good,5,0,0.5204834938049316,1.0,1.0
divide_lpres_on,patchcore,bottle,motion,3,good,6,0,0.5762772560119629,1.0,1.0
divide_lpres_on,patchcore,bottle,motion,3,good,7,0,0.7946031093597412,1.0,1.0
divide_lpres_on,patchcore,bottle,motion,3,broken_large,8,1,1.0,1.0,1.0
divide_lpres_on,patchcore,bottle,motion,3,broken_large,9,1,1.0,1.0,1.0
divide_lpres_on,patchcore,bottle,motion,3,broken_large,10,1,1.0,1.0,1.0
divide_lpres_on,patchcore,bottle,motion,3,broken_large,11,1,1.0,1.0,1.0
divide_lpres_on,patchcore,bottle,motion,3,broken_large,12,1,1.0,1.0,1.0
divide_lpres_on,patchcore,bottle,motion,3,broken_large,13,1,1.0,1.0,1.0
divide_lpres_on,patchcore,bottle,motion,3,broken_large,14,1,1.0,1.0,1.0
divide_lpres_on,patchcore,bottle,motion,3,broken_large,15,1,1.0,1.0,1.0
divide_lpres_off,patchcore,bottle,motion,3,good,0,0,0.5946435332298279,1.0,1.0
divide_lpres_off,patchcore,bottle,motion,3,good,1,0,0.6697643995285034,1.0,1.0
divide_lpres_off,patchcore,bottle,motion,3,good,2,0,0.685367226600647,1.0,1.0
divide_lpres_off,patchcore,bottle,motion,3,good,3,0,0.6786976456642151,1.0,1.0
divide_lpres_off,patchcore,bottle,motion,3,good,4,0,0.751623272895813,1.0,1.0
divide_lpres_off,patchcore,bottle,motion,3,good,5,0,0.5204834938049316,1.0,1.0
divide_lpres_off,patchcore,bottle,motion,3,good,6,0,0.5762772560119629,1.0,1.0
divide_lpres_off,patchcore,bottle,motion,3,good,7,0,0.7946031093597412,1.0,1.0
divide_lpres_off,patchcore,bottle,motion,3,broken_large,8,1,1.0,1.0,1.0
divide_lpres_off,patchcore,bottle,motion,3,broken_large,9,1,1.0,1.0,1.0
divide_lpres_off,patchcore,bottle,motion,3,broken_large,10,1,1.0,1.0,1.0
divide_lpres_off,patchcore,bottle,motion,3,broken_large,11,1,1.0,1.0,1.0
divide_lpres_off,patchcore,bottle,motion,3,broken_large,12,1,1.0,1.0,1.0
divide_lpres_off,patchcore,bottle,motion,3,broken_large,13,1,1.0,1.0,1.0
divide_lpres_off,patchcore,bottle,motion,3,broken_large,14,1,1.0,1.0,1.0
divide_lpres_off,patchcore,bottle,motion,3,broken_large,15,1,1.0,1.0,1.0
identity,patchcore,bottle,motion,4,good,0,0,0.5946435332298279,1.0,1.0
identity,patchcore,bottle,motion,4,good,1,0,0.6697643995285034,1.0,1.0
identity,patchcore,bottle,motion,4,good,2,0,0.685367226600647,1.0,1.0
identity,patchcore,bottle,motion,4,good,3,0,0.6786976456642151,1.0,1.0
identity,patchcore,bottle,motion,4,good,4,0,0.751623272895813,1.0,1.0
identity,patchcore,bottle,motion,4,good,5,0,0.5204834938049316,1.0,1.0
identity,patchcore,bottle,motion,4,good,6,0,0.5762772560119629,1.0,1.0
identity,patchcore,bottle,motion,4,good,7,0,0.7946031093597412,1.0,1.0
identity,patchcore,bottle,motion,4,broken_large,8,1,1.0,1.0,1.0
identity,patchcore,bottle,motion,4,broken_large,9,1,1.0,1.0,1.0
identity,patchcore,bottle,motion,4,broken_large,10,1,1.0,1.0,1.0
identity,patchcore,bottle,motion,4,broken_large,11,1,1.0,1.0,1.0
identity,patchcore,bottle,motion,4,broken_large,12,1,1.0,1.0,1.0
identity,patchcore,bottle,motion,4,broken_large,13,1,1.0,1.0,1.0
identity,patchcore,bottle,motion,4,broken_large,14,1,1.0,1.0,1.0
identity,patchcore,bottle,motion,4,broken_large,15,1,1.0,1.0,1.0
wiener,patchcore,bottle,motion,4,good,0,0,0.5946435332298279,1.0,1.0
wiener,patchcore,bottle,motion,4,good,1,0,0.6697643995285034,1.0,1.0
wiener,patchcore,bottle,motion,4,good,2,0,0.685367226600647,1.0,1.0
wiener,patchcore,bottle,motion,4,good,3,0,0.6786976456642151,1.0,1.0
wiener,patchcore,bottle,motion,4,good,4,0,0.751623272895813,1.0,1.0
wiener,patchcore,bottle,motion,4,good,5,0,0.5204834938049316,1.0,1.0
wiener,patchcore,bottle,motion,4,good,6,0,0.5762772560119629,1.0,1.0
wiener,patchcore,bottle,motion,4,good,7,0,0.7946031093597412,1.0,1.0
wiener,patchcore,bottle,motion,4,broken_large,8,1,1.0,1.0,1.0
wiener,patchcore,bottle,motion,4,broken_large,9,1,1.0,1.0,1.0
wiener,patchcore,bottle,motion,4,broken_large,10,1,1.0,1.0,1.0
wiener,patchcore,bottle,motion,4,broken_large,11,1,1.0,1.0,1.0
wiener,patchcore,bottle,motion,4,broken_large,12,1,1.0,1.0,1.0
wiener,patchcore,bottle,motion,4,broken_large,13,1,1.0,1.0,1.0
wiener,patchcore,bottle,motion,4,broken_large,14,1,1.0,1.0,1.0
wiener,patchcore,bottle,motion,4,broken_large,15,1,1.0,1.0,1.0
restormer_deblur,patchcore,bottle,motion,4,good,0,0,0.5946435332298279,1.0,1.0
restormer_deblur,patchcore,bottle,motion,4,good,1,0,0.6697643995285034,1.0,1.0
restormer_deblur,patchcore,bottle,motion,4,good,2,0,0.685367226600647,1.0,1.0
restormer_deblur,patchcore,bottle,motion,4,good,3,0,0.6786976456642151,1.0,1.0
restormer_deblur,patchcore,bottle,motion,4,good,4,0,0.751623272895813,1.0,1.0
restormer_deblur,patchcore,bottle,motion,4,good,5,0,0.5204834938049316,1.0,1.0
restormer_deblur,patchcore,bottle,motion,4,good,6,0,0.5762772560119629,1.0,1.0
restormer_deblur,patchcore,bottle,motion,4,good,7,0,0.7946031093597412,1.0,1.0
restormer_deblur,patchcore,bottle,motion,4,broken_large,8,1,1.0,1.0,1.0
restormer_deblur,patchcore,bottle,motion,4,broken_large,9,1,1.0,1.0,1.0
restormer_deblur,patchcore,bottle,motion,4,broken_large,10,1,1.0,1.0,1.0
restormer_deblur,patchcore,bottle,motion,4,broken_large,11,1,1.0,1.0,1.0
restormer_deblur,patchcore,bottle,motion,4,broken_large,12,1,1.0,1.0,1.0
restormer_deblur,patchcore,bottle,motion,4,broken_large,13,1,1.0,1.0,1.0
restormer_deblur,patchcore,bottle,motion,4,broken_large,14,1,1.0,1.0,1.0
restormer_deblur,patchcore,bottle,motion,4,broken_large,15,1,1.0,1.0,1.0
divide_lpres_on,patchcore,bottle,motion,4,good,0,0,0.5946435332298279,1.0,1.0
divide_lpres_on,patchcore,bottle,motion,4,good,1,0,0.6697643995285034,1.0,1.0
divide_lpres_on,patchcore,bottle,motion,4,good,2,0,0.685367226600647,1.0,1.0
divide_lpres_on,patchcore,bottle,motion,4,good,3,0,0.6786976456642151,1.0,1.0
divide_lpres_on,patchcore,bottle,motion,4,good,4,0,0.751623272895813,1.0,1.0
divide_lpres_on,patchcore,bottle,motion,4,good,5,0,0.5204834938049316,1.0,1.0
divide_lpres_on,patchcore,bottle,motion,4,good,6,0,0.5762772560119629,1.0,1.0
divide_lpres_on,patchcore,bottle,motion,4,good,7,0,0.7946031093597412,1.0,1.0
divide_lpres_on,patchcore,bottle,motion,4,broken_large,8,1,1.0,1.0,1.0
divide_lpres_on,patchcore,bottle,motion,4,broken_large,9,1,1.0,1.0,1.0
divide_lpres_on,patchcore,bottle,motion,4,broken_large,10,1,1.0,1.0,1.0
divide_lpres_on,patchcore,bottle,motion,4,broken_large,11,1,1.0,1.0,1.0
divide_lpres_on,patchcore,bottle,motion,4,broken_large,12,1,1.0,1.0,1.0
divide_lpres_on,patchcore,bottle,motion,4,broken_large,13,1,1.0,1.0,1.0
divide_lpres_on,patchcore,bottle,motion,4,broken_large,14,1,1.0,1.0,1.0
divide_lpres_on,patchcore,bottle,motion,4,broken_large,15,1,1.0,1.0,1.0
divide_lpres_off,patchcore,bottle,motion,4,good,0,0,0.5946435332298279,1.0,1.0
divide_lpres_off,patchcore,bottle,motion,4,good,1,0,0.6697643995285034,1.0,1.0
divide_lpres_off,patchcore,bottle,motion,4,good,2,0,0.685367226600647,1.0,1.0
divide_lpres_off,patchcore,bottle,motion,4,good,3,0,0.6786976456642151,1.0,1.0
divide_lpres_off,patchcore,bottle,motion,4,good,4,0,0.751623272895813,1.0,1.0
divide_lpres_off,patchcore,bottle,motion,4,good,5,0,0.5204834938049316,1.0,1.0
divide_lpres_off,patchcore,bottle,motion,4,good,6,0,0.5762772560119629,1.0,1.0
divide_lpres_off,patchcore,bottle,motion,4,good,7,0,0.7946031093597412,1.0,1.0
divide_lpres_off,patchcore,bottle,motion,4,broken_large,8,1,1.0,1.0,1.0
divide_lpres_off,patchcore,bottle,motion,4,broken_large,9,1,1.0,1.0,1.0
divide_lpres_off,patchcore,bottle,motion,4,broken_large,10,1,1.0,1.0,1.0
divide_lpres_off,patchcore,bottle,motion,4,broken_large,11,1,1.0,1.0,1.0
divide_lpres_off,patchcore,bottle,motion,4,broken_large,12,1,1.0,1.0,1.0
divide_lpres_off,patchcore,bottle,motion,4,broken_large,13,1,1.0,1.0,1.0
divide_lpres_off,patchcore,bottle,motion,4,broken_large,14,1,1.0,1.0,1.0
divide_lpres_off,patchcore,bottle,motion,4,broken_large,15,1,1.0,1.0,1.0
identity,patchcore,bottle,noise,2,good,0,0,0.5946435332298279,1.0,1.0
identity,patchcore,bottle,noise,2,good,1,0,0.6697643995285034,1.0,1.0
identity,patchcore,bottle,noise,2,good,2,0,0.685367226600647,1.0,1.0
identity,patchcore,bottle,noise,2,good,3,0,0.6786976456642151,1.0,1.0
identity,patchcore,bottle,noise,2,good,4,0,0.751623272895813,1.0,1.0
identity,patchcore,bottle,noise,2,good,5,0,0.5204834938049316,1.0,1.0
identity,patchcore,bottle,noise,2,good,6,0,0.5762772560119629,1.0,1.0
identity,patchcore,bottle,noise,2,good,7,0,0.7946031093597412,1.0,1.0
identity,patchcore,bottle,noise,2,broken_large,8,1,1.0,1.0,1.0
identity,patchcore,bottle,noise,2,broken_large,9,1,1.0,1.0,1.0
identity,patchcore,bottle,noise,2,broken_large,10,1,1.0,1.0,1.0
identity,patchcore,bottle,noise,2,broken_large,11,1,1.0,1.0,1.0
identity,patchcore,bottle,noise,2,broken_large,12,1,1.0,1.0,1.0
identity,patchcore,bottle,noise,2,broken_large,13,1,1.0,1.0,1.0
identity,patchcore,bottle,noise,2,broken_large,14,1,1.0,1.0,1.0
identity,patchcore,bottle,noise,2,broken_large,15,1,1.0,1.0,1.0
wiener,patchcore,bottle,noise,2,good,0,0,0.5946435332298279,1.0,1.0
wiener,patchcore,bottle,noise,2,good,1,0,0.6697643995285034,1.0,1.0
wiener,patchcore,bottle,noise,2,good,2,0,0.685367226600647,1.0,1.0
wiener,patchcore,bottle,noise,2,good,3,0,0.6786976456642151,1.0,1.0
wiener,patchcore,bottle,noise,2,good,4,0,0.751623272895813,1.0,1.0
wiener,patchcore,bottle,noise,2,good,5,0,0.5204834938049316,1.0,1.0
wiener,patchcore,bottle,noise,2,good,6,0,0.5762772560119629,1.0,1.0
wiener,patchcore,bottle,noise,2,good,7,0,0.7946031093597412,1.0,1.0
wiener,patchcore,bottle,noise,2,broken_large,8,1,1.0,1.0,1.0
wiener,patchcore,bottle,noise,2,broken_large,9,1,1.0,1.0,1.0
wiener,patchcore,bottle,noise,2,broken_large,10,1,1.0,1.0,1.0
wiener,patchcore,bottle,noise,2,broken_large,11,1,1.0,1.0,1.0
wiener,patchcore,bottle,noise,2,broken_large,12,1,1.0,1.0,1.0
wiener,patchcore,bottle,noise,2,broken_large,13,1,1.0,1.0,1.0
wiener,patchcore,bottle,noise,2,broken_large,14,1,1.0,1.0,1.0
wiener,patchcore,bottle,noise,2,broken_large,15,1,1.0,1.0,1.0
restormer_deblur,patchcore,bottle,noise,2,good,0,0,0.5946435332298279,1.0,1.0
restormer_deblur,patchcore,bottle,noise,2,good,1,0,0.6697643995285034,1.0,1.0
restormer_deblur,patchcore,bottle,noise,2,good,2,0,0.685367226600647,1.0,1.0
restormer_deblur,patchcore,bottle,noise,2,good,3,0,0.6786976456642151,1.0,1.0
restormer_deblur,patchcore,bottle,noise,2,good,4,0,0.751623272895813,1.0,1.0
restormer_deblur,patchcore,bottle,noise,2,good,5,0,0.5204834938049316,1.0,1.0
restormer_deblur,patchcore,bottle,noise,2,good,6,0,0.5762772560119629,1.0,1.0
restormer_deblur,patchcore,bottle,noise,2,good,7,0,0.7946031093597412,1.0,1.0
restormer_deblur,patchcore,bottle,noise,2,broken_large,8,1,1.0,1.0,1.0
restormer_deblur,patchcore,bottle,noise,2,broken_large,9,1,1.0,1.0,1.0
restormer_deblur,patchcore,bottle,noise,2,broken_large,10,1,1.0,1.0,1.0
restormer_deblur,patchcore,bottle,noise,2,broken_large,11,1,1.0,1.0,1.0
restormer_deblur,patchcore,bottle,noise,2,broken_large,12,1,1.0,1.0,1.0
restormer_deblur,patchcore,bottle,noise,2,broken_large,13,1,1.0,1.0,1.0
restormer_deblur,patchcore,bottle,noise,2,broken_large,14,1,1.0,1.0,1.0
restormer_deblur,patchcore,bottle,noise,2,broken_large,15,1,1.0,1.0,1.0
divide_lpres_on,patchcore,bottle,noise,2,good,0,0,0.5946435332298279,1.0,1.0
divide_lpres_on,patchcore,bottle,noise,2,good,1,0,0.6697643995285034,1.0,1.0
divide_lpres_on,patchcore,bottle,noise,2,good,2,0,0.685367226600647,1.0,1.0
divide_lpres_on,patchcore,bottle,noise,2,good,3,0,0.6786976456642151,1.0,1.0
divide_lpres_on,patchcore,bottle,noise,2,good,4,0,0.751623272895813,1.0,1.0
divide_lpres_on,patchcore,bottle,noise,2,good,5,0,0.5204834938049316,1.0,1.0
divide_lpres_on,patchcore,bottle,noise,2,good,6,0,0.5762772560119629,1.0,1.0
divide_lpres_on,patchcore,bottle,noise,2,good,7,0,0.7946031093597412,1.0,1.0
divide_lpres_on,patchcore,bottle,noise,2,broken_large,8,1,1.0,1.0,1.0
divide_lpres_on,patchcore,bottle,noise,2,broken_large,9,1,1.0,1.0,1.0
divide_lpres_on,patchcore,bottle,noise,2,broken_large,10,1,1.0,1.0,1.0
divide_lpres_on,patchcore,bottle,noise,2,broken_large,11,1,1.0,1.0,1.0
divide_lpres_on,patchcore,bottle,noise,2,broken_large,12,1,1.0,1.0,1.0
divide_lpres_on,patchcore,bottle,noise,2,broken_large,13,1,1.0,1.0,1.0
divide_lpres_on,patchcore,bottle,noise,2,broken_large,14,1,1.0,1.0,1.0
divide_lpres_on,patchcore,bottle,noise,2,broken_large,15,1,1.0,1.0,1.0
divide_lpres_off,patchcore,bottle,noise,2,good,0,0,0.5946435332298279,1.0,1.0
divide_lpres_off,patchcore,bottle,noise,2,good,1,0,0.6697643995285034,1.0,1.0
divide_lpres_off,patchcore,bottle,noise,2,good,2,0,0.685367226600647,1.0,1.0
divide_lpres_off,patchcore,bottle,noise,2,good,3,0,0.6786976456642151,1.0,1.0
divide_lpres_off,patchcore,bottle,noise,2,good,4,0,0.751623272895813,1.0,1.0
divide_lpres_off,patchcore,bottle,noise,2,good,5,0,0.5204834938049316,1.0,1.0
divide_lpres_off,patchcore,bottle,noise,2,good,6,0,0.5762772560119629,1.0,1.0
divide_lpres_off,patchcore,bottle,noise,2,good,7,0,0.7946031093597412,1.0,1.0
divide_lpres_off,patchcore,bottle,noise,2,broken_large,8,1,1.0,1.0,1.0
divide_lpres_off,patchcore,bottle,noise,2,broken_large,9,1,1.0,1.0,1.0
divide_lpres_off,patchcore,bottle,noise,2,broken_large,10,1,1.0,1.0,1.0
divide_lpres_off,patchcore,bottle,noise,2,broken_large,11,1,1.0,1.0,1.0
divide_lpres_off,patchcore,bottle,noise,2,broken_large,12,1,1.0,1.0,1.0
divide_lpres_off,patchcore,bottle,noise,2,broken_large,13,1,1.0,1.0,1.0
divide_lpres_off,patchcore,bottle,noise,2,broken_large,14,1,1.0,1.0,1.0
divide_lpres_off,patchcore,bottle,noise,2,broken_large,15,1,1.0,1.0,1.0
identity,patchcore,bottle,noise,3,good,0,0,0.5946435332298279,1.0,1.0
identity,patchcore,bottle,noise,3,good,1,0,0.6697643995285034,1.0,1.0
identity,patchcore,bottle,noise,3,good,2,0,0.685367226600647,1.0,1.0
identity,patchcore,bottle,noise,3,good,3,0,0.6786976456642151,1.0,1.0
identity,patchcore,bottle,noise,3,good,4,0,0.751623272895813,1.0,1.0
identity,patchcore,bottle,noise,3,good,5,0,0.5204834938049316,1.0,1.0
identity,patchcore,bottle,noise,3,good,6,0,0.5762772560119629,1.0,1.0
identity,patchcore,bottle,noise,3,good,7,0,0.7946031093597412,1.0,1.0
identity,patchcore,bottle,noise,3,broken_large,8,1,1.0,1.0,1.0
identity,patchcore,bottle,noise,3,broken_large,9,1,1.0,1.0,1.0
identity,patchcore,bottle,noise,3,broken_large,10,1,1.0,1.0,1.0
identity,patchcore,bottle,noise,3,broken_large,11,1,1.0,1.0,1.0
identity,patchcore,bottle,noise,3,broken_large,12,1,1.0,1.0,1.0
identity,patchcore,bottle,noise,3,broken_large,13,1,1.0,1.0,1.0
identity,patchcore,bottle,noise,3,broken_large,14,1,1.0,1.0,1.0
identity,patchcore,bottle,noise,3,broken_large,15,1,1.0,1.0,1.0
wiener,patchcore,bottle,noise,3,good,0,0,0.5946435332298279,1.0,1.0
wiener,patchcore,bottle,noise,3,good,1,0,0.6697643995285034,1.0,1.0
wiener,patchcore,bottle,noise,3,good,2,0,0.685367226600647,1.0,1.0
wiener,patchcore,bottle,noise,3,good,3,0,0.6786976456642151,1.0,1.0
wiener,patchcore,bottle,noise,3,good,4,0,0.751623272895813,1.0,1.0
wiener,patchcore,bottle,noise,3,good,5,0,0.5204834938049316,1.0,1.0
wiener,patchcore,bottle,noise,3,good,6,0,0.5762772560119629,1.0,1.0
wiener,patchcore,bottle,noise,3,good,7,0,0.7946031093597412,1.0,1.0
wiener,patchcore,bottle,noise,3,broken_large,8,1,1.0,1.0,1.0
wiener,patchcore,bottle,noise,3,broken_large,9,1,1.0,1.0,1.0
wiener,patchcore,bottle,noise,3,broken_large,10,1,1.0,1.0,1.0
wiener,patchcore,bottle,noise,3,broken_large,11,1,1.0,1.0,1.0
wiener,patchcore,bottle,noise,3,broken_large,12,1,1.0,1.0,1.0
wiener,patchcore,bottle,noise,3,broken_large,13,1,1.0,1.0,1.0
wiener,patchcore,bottle,noise,3,broken_large,14,1,1.0,1.0,1.0
wiener,patchcore,bottle,noise,3,broken_large,15,1,1.0,1.0,1.0
restormer_deblur,patchcore,bottle,noise,3,good,0,0,0.5946435332298279,1.0,1.0
restormer_deblur,patchcore,bottle,noise,3,good,1,0,0.6697643995285034,1.0,1.0
restormer_deblur,patchcore,bottle,noise,3,good,2,0,0.685367226600647,1.0,1.0
restormer_deblur,patchcore,bottle,noise,3,good,3,0,0.6786976456642151,1.0,1.0
restormer_deblur,patchcore,bottle,noise,3,good,4,0,0.751623272895813,1.0,1.0
restormer_deblur,patchcore,bottle,noise,3,good,5,0,0.5204834938049316,1.0,1.0
restormer_deblur,patchcore,bottle,noise,3,good,6,0,0.5762772560119629,1.0,1.0
restormer_deblur,patchcore,bottle,noise,3,good,7,0,0.7946031093597412,1.0,1.0
restormer_deblur,patchcore,bottle,noise,3,broken_large,8,1,1.0,1.0,1.0
restormer_deblur,patchcore,bottle,noise,3,broken_large,9,1,1.0,1.0,1.0
restormer_deblur,patchcore,bottle,noise,3,broken_large,10,1,1.0,1.0,1.0
restormer_deblur,patchcore,bottle,noise,3,broken_large,11,1,1.0,1.0,1.0
restormer_deblur,patchcore,bottle,noise,3,broken_large,12,1,1.0,1.0,1.0
restormer_deblur,patchcore,bottle,noise,3,broken_large,13,1,1.0,1.0,1.0
restormer_deblur,patchcore,bottle,noise,3,broken_large,14,1,1.0,1.0,1.0
restormer_deblur,patchcore,bottle,noise,3,broken_large,15,1,1.0,1.0,1.0
divide_lpres_on,patchcore,bottle,noise,3,good,0,0,0.5946435332298279,1.0,1.0
divide_lpres_on,patchcore,bottle,noise,3,good,1,0,0.6697643995285034,1.0,1.0
divide_lpres_on,patchcore,bottle,noise,3,good,2,0,0.685367226600647,1.0,1.0
divide_lpres_on,patchcore,bottle,noise,3,good,3,0,0.6786976456642151,1.0,1.0
divide_lpres_on,patchcore,bottle,noise,3,good,4,0,0.751623272895813,1.0,1.0
divide_lpres_on,patchcore,bottle,noise,3,good,5,0,0.5204834938049316,1.0,1.0
divide_lpres_on,patchcore,bottle,noise,3,good,6,0,0.5762772560119629,1.0,1.0
divide_lpres_on,patchcore,bottle,noise,3,good,7,0,0.7946031093597412,1.0,1.0
divide_lpres_on,patchcore,bottle,noise,3,broken_large,8,1,1.0,1.0,1.0
divide_lpres_on,patchcore,bottle,noise,3,broken_large,9,1,1.0,1.0,1.0
divide_lpres_on,patchcore,bottle,noise,3,broken_large,10,1,1.0,1.0,1.0
divide_lpres_on,patchcore,bottle,noise,3,broken_large,11,1,1.0,1.0,1.0
divide_lpres_on,patchcore,bottle,noise,3,broken_large,12,1,1.0,1.0,1.0
divide_lpres_on,patchcore,bottle,noise,3,broken_large,13,1,1.0,1.0,1.0
divide_lpres_on,patchcore,bottle,noise,3,broken_large,14,1,1.0,1.0,1.0
divide_lpres_on,patchcore,bottle,noise,3,broken_large,15,1,1.0,1.0,1.0
divide_lpres_off,patchcore,bottle,noise,3,good,0,0,0.5946435332298279,1.0,1.0
divide_lpres_off,patchcore,bottle,noise,3,good,1,0,0.6697643995285034,1.0,1.0
divide_lpres_off,patchcore,bottle,noise,3,good,2,0,0.685367226600647,1.0,1.0
divide_lpres_off,patchcore,bottle,noise,3,good,3,0,0.6786976456642151,1.0,1.0
divide_lpres_off,patchcore,bottle,noise,3,good,4,0,0.751623272895813,1.0,1.0
divide_lpres_off,patchcore,bottle,noise,3,good,5,0,0.5204834938049316,1.0,1.0
divide_lpres_off,patchcore,bottle,noise,3,good,6,0,0.5762772560119629,1.0,1.0
divide_lpres_off,patchcore,bottle,noise,3,good,7,0,0.7946031093597412,1.0,1.0
divide_lpres_off,patchcore,bottle,noise,3,broken_large,8,1,1.0,1.0,1.0
divide_lpres_off,patchcore,bottle,noise,3,broken_large,9,1,1.0,1.0,1.0
divide_lpres_off,patchcore,bottle,noise,3,broken_large,10,1,1.0,1.0,1.0
divide_lpres_off,patchcore,bottle,noise,3,broken_large,11,1,1.0,1.0,1.0
divide_lpres_off,patchcore,bottle,noise,3,broken_large,12,1,1.0,1.0,1.0
divide_lpres_off,patchcore,bottle,noise,3,broken_large,13,1,1.0,1.0,1.0
divide_lpres_off,patchcore,bottle,noise,3,broken_large,14,1,1.0,1.0,1.0
divide_lpres_off,patchcore,bottle,noise,3,broken_large,15,1,1.0,1.0,1.0
identity,patchcore,bottle,noise,4,good,0,0,0.5946435332298279,1.0,1.0
identity,patchcore,bottle,noise,4,good,1,0,0.6697643995285034,1.0,1.0
identity,patchcore,bottle,noise,4,good,2,0,0.685367226600647,1.0,1.0
identity,patchcore,bottle,noise,4,good,3,0,0.6786976456642151,1.0,1.0
identity,patchcore,bottle,noise,4,good,4,0,0.751623272895813,1.0,1.0
identity,patchcore,bottle,noise,4,good,5,0,0.5204834938049316,1.0,1.0
identity,patchcore,bottle,noise,4,good,6,0,0.5762772560119629,1.0,1.0
identity,patchcore,bottle,noise,4,good,7,0,0.7946031093597412,1.0,1.0
identity,patchcore,bottle,noise,4,broken_large,8,1,1.0,1.0,1.0
identity,patchcore,bottle,noise,4,broken_large,9,1,1.0,1.0,1.0
identity,patchcore,bottle,noise,4,broken_large,10,1,1.0,1.0,1.0
identity,patchcore,bottle,noise,4,broken_large,11,1,1.0,1.0,1.0
identity,patchcore,bottle,noise,4,broken_large,12,1,1.0,1.0,1.0
identity,patchcore,bottle,noise,4,broken_large,13,1,1.0,1.0,1.0
identity,patchcore,bottle,noise,4,broken_large,14,1,1.0,1.0,1.0
identity,patchcore,bottle,noise,4,broken_large,15,1,1.0,1.0,1.0
wiener,patchcore,bottle,noise,4,good,0,0,0.5946435332298279,1.0,1.0
wiener,patchcore,bottle,noise,4,good,1,0,0.6697643995285034,1.0,1.0
wiener,patchcore,bottle,noise,4,good,2,0,0.685367226600647,1.0,1.0
wiener,patchcore,bottle,noise,4,good,3,0,0.6786976456642151,1.0,1.0
wiener,patchcore,bottle,noise,4,good,4,0,0.751623272895813,1.0,1.0
wiener,patchcore,bottle,noise,4,good,5,0,0.5204834938049316,1.0,1.0
wiener,patchcore,bottle,noise,4,good,6,0,0.5762772560119629,1.0,1.0
wiener,patchcore,bottle,noise,4,good,7,0,0.7946031093597412,1.0,1.0
wiener,patchcore,bottle,noise,4,broken_large,8,1,1.0,1.0,1.0
wiener,patchcore,bottle,noise,4,broken_large,9,1,1.0,1.0,1.0
wiener,patchcore,bottle,noise,4,broken_large,10,1,1.0,1.0,1.0
wiener,patchcore,bottle,noise,4,broken_large,11,1,1.0,1.0,1.0
wiener,patchcore,bottle,noise,4,broken_large,12,1,1.0,1.0,1.0
wiener,patchcore,bottle,noise,4,broken_large,13,1,1.0,1.0,1.0
wiener,patchcore,bottle,noise,4,broken_large,14,1,1.0,1.0,1.0
wiener,patchcore,bottle,noise,4,broken_large,15,1,1.0,1.0,1.0
restormer_deblur,patchcore,bottle,noise,4,good,0,0,0.5946435332298279,1.0,1.0
restormer_deblur,patchcore,bottle,noise,4,good,1,0,0.6697643995285034,1.0,1.0
restormer_deblur,patchcore,bottle,noise,4,good,2,0,0.685367226600647,1.0,1.0
restormer_deblur,patchcore,bottle,noise,4,good,3,0,0.6786976456642151,1.0,1.0
restormer_deblur,patchcore,bottle,noise,4,good,4,0,0.751623272895813,1.0,1.0
restormer_deblur,patchcore,bottle,noise,4,good,5,0,0.5204834938049316,1.0,1.0
restormer_deblur,patchcore,bottle,noise,4,good,6,0,0.5762772560119629,1.0,1.0
restormer_deblur,patchcore,bottle,noise,4,good,7,0,0.7946031093597412,1.0,1.0
restormer_deblur,patchcore,bottle,noise,4,broken_large,8,1,1.0,1.0,1.0
restormer_deblur,patchcore,bottle,noise,4,broken_large,9,1,1.0,1.0,1.0
restormer_deblur,patchcore,bottle,noise,4,broken_large,10,1,1.0,1.0,1.0
restormer_deblur,patchcore,bottle,noise,4,broken_large,11,1,1.0,1.0,1.0
restormer_deblur,patchcore,bottle,noise,4,broken_large,12,1,1.0,1.0,1.0
restormer_deblur,patchcore,bottle,noise,4,broken_large,13,1,1.0,1.0,1.0
restormer_deblur,patchcore,bottle,noise,4,broken_large,14,1,1.0,1.0,1.0
restormer_deblur,patchcore,bottle,noise,4,broken_large,15,1,1.0,1.0,1.0
divide_lpres_on,patchcore,bottle,noise,4,good,0,0,0.5946435332298279,1.0,1.0
divide_lpres_on,patchcore,bottle,noise,4,good,1,0,0.6697643995285034,1.0,1.0
divide_lpres_on,patchcore,bottle,noise,4,good,2,0,0.685367226600647,1.0,1.0
divide_lpres_on,patchcore,bottle,noise,4,good,3,0,0.6786976456642151,1.0,1.0
divide_lpres_on,patchcore,bottle,noise,4,good,4,0,0.751623272895813,1.0,1.0
divide_lpres_on,patchcore,bottle,noise,4,good,5,0,0.5204834938049316,1.0,1.0
divide_lpres_on,patchcore,bottle,noise,4,good,6,0,0.5762772560119629,1.0,1.0
divide_lpres_on,patchcore,bottle,noise,4,good,7,0,0.7946031093597412,1.0,1.0
divide_lpres_on,patchcore,bottle,noise,4,broken_large,8,1,1.0,1.0,1.0
divide_lpres_on,patchcore,bottle,noise,4,broken_large,9,1,1.0,1.0,1.0
divide_lpres_on,patchcore,bottle,noise,4,broken_large,10,1,1.0,1.0,1.0
divide_lpres_on,patchcore,bottle,noise,4,broken_large,11,1,1.0,1.0,1.0
divide_lpres_on,patchcore,bottle,noise,4,broken_large,12,1,1.0,1.0,1.0
divide_lpres_on,patchcore,bottle,noise,4,broken_large,13,1,1.0,1.0,1.0
divide_lpres_on,patchcore,bottle,noise,4,broken_large,14,1,1.0,1.0,1.0
divide_lpres_on,patchcore,bottle,noise,4,broken_large,15,1,1.0,1.0,1.0
divide_lpres_off,patchcore,bottle,noise,4,good,0,0,0.5946435332298279,1.0,1.0
divide_lpres_off,patchcore,bottle,noise,4,good,1,0,0.6697643995285034,1.0,1.0
divide_lpres_off,patchcore,bottle,noise,4,good,2,0,0.685367226600647,1.0,1.0
divide_lpres_off,patchcore,bottle,noise,4,good,3,0,0.6786976456642151,1.0,1.0
divide_lpres_off,patchcore,bottle,noise,4,good,4,0,0.751623272895813,1.0,1.0
divide_lpres_off,patchcore,bottle,noise,4,good,5,0,0.5204834938049316,1.0,1.0
divide_lpres_off,patchcore,bottle,noise,4,good,6,0,0.5762772560119629,1.0,1.0
divide_lpres_off,patchcore,bottle,noise,4,good,7,0,0.7946031093597412,1.0,1.0
divide_lpres_off,patchcore,bottle,noise,4,broken_large,8,1,1.0,1.0,1.0
divide_lpres_off,patchcore,bottle,noise,4,broken_large,9,1,1.0,1.0,1.0
divide_lpres_off,patchcore,bottle,noise,4,broken_large,10,1,1.0,1.0,1.0
divide_lpres_off,patchcore,bottle,noise,4,broken_large,11,1,1.0,1.0,1.0
divide_lpres_off,patchcore,bottle,noise,4,broken_large,12,1,1.0,1.0,1.0
divide_lpres_off,patchcore,bottle,noise,4,broken_large,13,1,1.0,1.0,1.0
divide_lpres_off,patchcore,bottle,noise,4,broken_large,14,1,1.0,1.0,1.0
divide_lpres_off,patchcore,bottle,noise,4,broken_large,15,1,1.0,1.0,1.0
identity,patchcore,bottle,mixed,2,good,0,0,0.5946435332298279,1.0,1.0
identity,patchcore,bottle,mixed,2,good,1,0,0.6697643995285034,1.0,1.0
identity,patchcore,bottle,mixed,2,good,2,0,0.685367226600647,1.0,1.0
identity,patchcore,bottle,mixed,2,good,3,0,0.6786976456642151,1.0,1.0
identity,patchcore,bottle,mixed,2,good,4,0,0.751623272895813,1.0,1.0
identity,patchcore,bottle,mixed,2,good,5,0,0.5204834938049316,1.0,1.0
identity,patchcore,bottle,mixed,2,good,6,0,0.5762772560119629,1.0,1.0
identity,patchcore,bottle,mixed,2,good,7,0,0.7946031093597412,1.0,1.0
identity,patchcore,bottle,mixed,2,broken_large,8,1,1.0,1.0,1.0
identity,patchcore,bottle,mixed,2,broken_large,9,1,1.0,1.0,1.0
identity,patchcore,bottle,mixed,2,broken_large,10,1,1.0,1.0,1.0
identity,patchcore,bottle,mixed,2,broken_large,11,1,1.0,1.0,1.0
identity,patchcore,bottle,mixed,2,broken_large,12,1,1.0,1.0,1.0
identity,patchcore,bottle,mixed,2,broken_large,13,1,1.0,1.0,1.0
identity,patchcore,bottle,mixed,2,broken_large,14,1,1.0,1.0,1.0
identity,patchcore,bottle,mixed,2,broken_large,15,1,1.0,1.0,1.0
wiener,patchcore,bottle,mixed,2,good,0,0,0.5946435332298279,1.0,1.0
wiener,patchcore,bottle,mixed,2,good,1,0,0.6697643995285034,1.0,1.0
wiener,patchcore,bottle,mixed,2,good,2,0,0.685367226600647,1.0,1.0
wiener,patchcore,bottle,mixed,2,good,3,0,0.6786976456642151,1.0,1.0
wiener,patchcore,bottle,mixed,2,good,4,0,0.751623272895813,1.0,1.0
wiener,patchcore,bottle,mixed,2,good,5,0,0.5204834938049316,1.0,1.0
wiener,patchcore,bottle,mixed,2,good,6,0,0.5762772560119629,1.0,1.0
wiener,patchcore,bottle,mixed,2,good,7,0,0.7946031093597412,1.0,1.0
wiener,patchcore,bottle,mixed,2,broken_large,8,1,1.0,1.0,1.0
wiener,patchcore,bottle,mixed,2,broken_large,9,1,1.0,1.0,1.0
wiener,patchcore,bottle,mixed,2,broken_large,10,1,1.0,1.0,1.0
wiener,patchcore,bottle,mixed,2,broken_large,11,1,1.0,1.0,1.0
wiener,patchcore,bottle,mixed,2,broken_large,12,1,1.0,1.0,1.0
wiener,patchcore,bottle,mixed,2,broken_large,13,1,1.0,1.0,1.0
wiener,patchcore,bottle,mixed,2,broken_large,14,1,1.0,1.0,1.0
wiener,patchcore,bottle,mixed,2,broken_large,15,1,1.0,1.0,1.0
restormer_deblur,patchcore,bottle,mixed,2,good,0,0,0.5946435332298279,1.0,1.0
restormer_deblur,patchcore,bottle,mixed,2,good,1,0,0.6697643995285034,1.0,1.0
restormer_deblur,patchcore,bottle,mixed,2,good,2,0,0.685367226600647,1.0,1.0
restormer_deblur,patchcore,bottle,mixed,2,good,3,0,0.6786976456642151,1.0,1.0
restormer_deblur,patchcore,bottle,mixed,2,good,4,0,0.751623272895813,1.0,1.0
restormer_deblur,patchcore,bottle,mixed,2,good,5,0,0.5204834938049316,1.0,1.0
restormer_deblur,patchcore,bottle,mixed,2,good,6,0,0.5762772560119629,1.0,1.0
restormer_deblur,patchcore,bottle,mixed,2,good,7,0,0.7946031093597412,1.0,1.0
restormer_deblur,patchcore,bottle,mixed,2,broken_large,8,1,1.0,1.0,1.0
restormer_deblur,patchcore,bottle,mixed,2,broken_large,9,1,1.0,1.0,1.0
restormer_deblur,patchcore,bottle,mixed,2,broken_large,10,1,1.0,1.0,1.0
restormer_deblur,patchcore,bottle,mixed,2,broken_large,11,1,1.0,1.0,1.0
restormer_deblur,patchcore,bottle,mixed,2,broken_large,12,1,1.0,1.0,1.0
restormer_deblur,patchcore,bottle,mixed,2,broken_large,13,1,1.0,1.0,1.0
restormer_deblur,patchcore,bottle,mixed,2,broken_large,14,1,1.0,1.0,1.0
restormer_deblur,patchcore,bottle,mixed,2,broken_large,15,1,1.0,1.0,1.0
divide_lpres_on,patchcore,bottle,mixed,2,good,0,0,0.5946435332298279,1.0,1.0
divide_lpres_on,patchcore,bottle,mixed,2,good,1,0,0.6697643995285034,1.0,1.0
divide_lpres_on,patchcore,bottle,mixed,2,good,2,0,0.685367226600647,1.0,1.0
divide_lpres_on,patchcore,bottle,mixed,2,good,3,0,0.6786976456642151,1.0,1.0
divide_lpres_on,patchcore,bottle,mixed,2,good,4,0,0.751623272895813,1.0,1.0
divide_lpres_on,patchcore,bottle,mixed,2,good,5,0,0.5204834938049316,1.0,1.0
divide_lpres_on,patchcore,bottle,mixed,2,good,6,0,0.5762772560119629,1.0,1.0
divide_lpres_on,patchcore,bottle,mixed,2,good,7,0,0.7946031093597412,1.0,1.0
divide_lpres_on,patchcore,bottle,mixed,2,broken_large,8,1,1.0,1.0,1.0
divide_lpres_on,patchcore,bottle,mixed,2,broken_large,9,1,1.0,1.0,1.0
divide_lpres_on,patchcore,bottle,mixed,2,broken_large,10,1,1.0,1.0,1.0
divide_lpres_on,patchcore,bottle,mixed,2,broken_large,11,1,1.0,1.0,1.0
divide_lpres_on,patchcore,bottle,mixed,2,broken_large,12,1,1.0,1.0,1.0
divide_lpres_on,patchcore,bottle,mixed,2,broken_large,13,1,1.0,1.0,1.0
divide_lpres_on,patchcore,bottle,mixed,2,broken_large,14,1,1.0,1.0,1.0
divide_lpres_on,patchcore,bottle,mixed,2,broken_large,15,1,1.0,1.0,1.0
divide_lpres_off,patchcore,bottle,mixed,2,good,0,0,0.5946435332298279,1.0,1.0
divide_lpres_off,patchcore,bottle,mixed,2,good,1,0,0.6697643995285034,1.0,1.0
divide_lpres_off,patchcore,bottle,mixed,2,good,2,0,0.685367226600647,1.0,1.0
divide_lpres_off,patchcore,bottle,mixed,2,good,3,0,0.6786976456642151,1.0,1.0
divide_lpres_off,patchcore,bottle,mixed,2,good,4,0,0.751623272895813,1.0,1.0
divide_lpres_off,patchcore,bottle,mixed,2,good,5,0,0.5204834938049316,1.0,1.0
divide_lpres_off,patchcore,bottle,mixed,2,good,6,0,0.5762772560119629,1.0,1.0
divide_lpres_off,patchcore,bottle,mixed,2,good,7,0,0.7946031093597412,1.0,1.0
divide_lpres_off,patchcore,bottle,mixed,2,broken_large,8,1,1.0,1.0,1.0
divide_lpres_off,patchcore,bottle,mixed,2,broken_large,9,1,1.0,1.0,1.0
divide_lpres_off,patchcore,bottle,mixed,2,broken_large,10,1,1.0,1.0,1.0
divide_lpres_off,patchcore,bottle,mixed,2,broken_large,11,1,1.0,1.0,1.0
divide_lpres_off,patchcore,bottle,mixed,2,broken_large,12,1,1.0,1.0,1.0
divide_lpres_off,patchcore,bottle,mixed,2,broken_large,13,1,1.0,1.0,1.0
divide_lpres_off,patchcore,bottle,mixed,2,broken_large,14,1,1.0,1.0,1.0
divide_lpres_off,patchcore,bottle,mixed,2,broken_large,15,1,1.0,1.0,1.0
identity,patchcore,bottle,mixed,3,good,0,0,0.5946435332298279,1.0,1.0
identity,patchcore,bottle,mixed,3,good,1,0,0.6697643995285034,1.0,1.0
identity,patchcore,bottle,mixed,3,good,2,0,0.685367226600647,1.0,1.0
identity,patchcore,bottle,mixed,3,good,3,0,0.6786976456642151,1.0,1.0
identity,patchcore,bottle,mixed,3,good,4,0,0.751623272895813,1.0,1.0
identity,patchcore,bottle,mixed,3,good,5,0,0.5204834938049316,1.0,1.0
identity,patchcore,bottle,mixed,3,good,6,0,0.5762772560119629,1.0,1.0
identity,patchcore,bottle,mixed,3,good,7,0,0.7946031093597412,1.0,1.0
identity,patchcore,bottle,mixed,3,broken_large,8,1,1.0,1.0,1.0
identity,patchcore,bottle,mixed,3,broken_large,9,1,1.0,1.0,1.0
identity,patchcore,bottle,mixed,3,broken_large,10,1,1.0,1.0,1.0
identity,patchcore,bottle,mixed,3,broken_large,11,1,1.0,1.0,1.0
identity,patchcore,bottle,mixed,3,broken_large,12,1,1.0,1.0,1.0
identity,patchcore,bottle,mixed,3,broken_large,13,1,1.0,1.0,1.0
identity,patchcore,bottle,mixed,3,broken_large,14,1,1.0,1.0,1.0
identity,patchcore,bottle,mixed,3,broken_large,15,1,1.0,1.0,1.0
wiener,patchcore,bottle,mixed,3,good,0,0,0.5946435332298279,1.0,1.0
wiener,patchcore,bottle,mixed,3,good,1,0,0.6697643995285034,1.0,1.0
wiener,patchcore,bottle,mixed,3,good,2,0,0.685367226600647,1.0,1.0
wiener,patchcore,bottle,mixed,3,good,3,0,0.6786976456642151,1.0,1.0
wiener,patchcore,bottle,mixed,3,good,4,0,0.751623272895813,1.0,1.0
wiener,patchcore,bottle,mixed,3,good,5,0,0.5204834938049316,1.0,1.0
wiener,patchcore,bottle,mixed,3,good,6,0,0.5762772560119629,1.0,1.0
wiener,patchcore,bottle,mixed,3,good,7,0,0.7946031093597412,1.0,1.0
wiener,patchcore,bottle,mixed,3,broken_large,8,1,1.0,1.0,1.0
wiener,patchcore,bottle,mixed,3,broken_large,9,1,1.0,1.0,1.0
wiener,patchcore,bottle,mixed,3,broken_large,10,1,1.0,1.0,1.0
wiener,patchcore,bottle,mixed,3,broken_large,11,1,1.0,1.0,1.0
wiener,patchcore,bottle,mixed,3,broken_large,12,1,1.0,1.0,1.0
wiener,patchcore,bottle,mixed,3,broken_large,13,1,1.0,1.0,1.0
wiener,patchcore,bottle,mixed,3,broken_large,14,1,1.0,1.0,1.0
wiener,patchcore,bottle,mixed,3,broken_large,15,1,1.0,1.0,1.0
restormer_deblur,patchcore,bottle,mixed,3,good,0,0,0.5946435332298279,1.0,1.0
restormer_deblur,patchcore,bottle,mixed,3,good,1,0,0.6697643995285034,1.0,1.0
restormer_deblur,patchcore,bottle,mixed,3,good,2,0,0.685367226600647,1.0,1.0
restormer_deblur,patchcore,bottle,mixed,3,good,3,0,0.6786976456642151,1.0,1.0
restormer_deblur,patchcore,bottle,mixed,3,good,4,0,0.751623272895813,1.0,1.0
restormer_deblur,patchcore,bottle,mixed,3,good,5,0,0.5204834938049316,1.0,1.0
restormer_deblur,patchcore,bottle,mixed,3,good,6,0,0.5762772560119629,1.0,1.0
restormer_deblur,patchcore,bottle,mixed,3,good,7,0,0.7946031093597412,1.0,1.0
restormer_deblur,patchcore,bottle,mixed,3,broken_large,8,1,1.0,1.0,1.0
restormer_deblur,patchcore,bottle,mixed,3,broken_large,9,1,1.0,1.0,1.0
restormer_deblur,patchcore,bottle,mixed,3,broken_large,10,1,1.0,1.0,1.0
restormer_deblur,patchcore,bottle,mixed,3,broken_large,11,1,1.0,1.0,1.0
restormer_deblur,patchcore,bottle,mixed,3,broken_large,12,1,1.0,1.0,1.0
restormer_deblur,patchcore,bottle,mixed,3,broken_large,13,1,1.0,1.0,1.0
restormer_deblur,patchcore,bottle,mixed,3,broken_large,14,1,1.0,1.0,1.0
restormer_deblur,patchcore,bottle,mixed,3,broken_large,15,1,1.0,1.0,1.0
divide_lpres_on,patchcore,bottle,mixed,3,good,0,0,0.5946435332298279,1.0,1.0
divide_lpres_on,patchcore,bottle,mixed,3,good,1,0,0.6697643995285034,1.0,1.0
divide_lpres_on,patchcore,bottle,mixed,3,good,2,0,0.685367226600647,1.0,1.0
divide_lpres_on,patchcore,bottle,mixed,3,good,3,0,0.6786976456642151,1.0,1.0
divide_lpres_on,patchcore,bottle,mixed,3,good,4,0,0.751623272895813,1.0,1.0
divide_lpres_on,patchcore,bottle,mixed,3,good,5,0,0.5204834938049316,1.0,1.0
divide_lpres_on,patchcore,bottle,mixed,3,good,6,0,0.5762772560119629,1.0,1.0
divide_lpres_on,patchcore,bottle,mixed,3,good,7,0,0.7946031093597412,1.0,1.0
divide_lpres_on,patchcore,bottle,mixed,3,broken_large,8,1,1.0,1.0,1.0
divide_lpres_on,patchcore,bottle,mixed,3,broken_large,9,1,1.0,1.0,1.0
divide_lpres_on,patchcore,bottle,mixed,3,broken_large,10,1,1.0,1.0,1.0
divide_lpres_on,patchcore,bottle,mixed,3,broken_large,11,1,1.0,1.0,1.0
divide_lpres_on,patchcore,bottle,mixed,3,broken_large,12,1,1.0,1.0,1.0
divide_lpres_on,patchcore,bottle,mixed,3,broken_large,13,1,1.0,1.0,1.0
divide_lpres_on,patchcore,bottle,mixed,3,broken_large,14,1,1.0,1.0,1.0
divide_lpres_on,patchcore,bottle,mixed,3,broken_large,15,1,1.0,1.0,1.0
divide_lpres_off,patchcore,bottle,mixed,3,good,0,0,0.5946435332298279,1.0,1.0
divide_lpres_off,patchcore,bottle,mixed,3,good,1,0,0.6697643995285034,1.0,1.0
divide_lpres_off,patchcore,bottle,mixed,3,good,2,0,0.685367226600647,1.0,1.0
divide_lpres_off,patchcore,bottle,mixed,3,good,3,0,0.6786976456642151,1.0,1.0
divide_lpres_off,patchcore,bottle,mixed,3,good,4,0,0.751623272895813,1.0,1.0
divide_lpres_off,patchcore,bottle,mixed,3,good,5,0,0.5204834938049316,1.0,1.0
divide_lpres_off,patchcore,bottle,mixed,3,good,6,0,0.5762772560119629,1.0,1.0
divide_lpres_off,patchcore,bottle,mixed,3,good,7,0,0.7946031093597412,1.0,1.0
divide_lpres_off,patchcore,bottle,mixed,3,broken_large,8,1,1.0,1.0,1.0
divide_lpres_off,patchcore,bottle,mixed,3,broken_large,9,1,1.0,1.0,1.0
divide_lpres_off,patchcore,bottle,mixed,3,broken_large,10,1,1.0,1.0,1.0
divide_lpres_off,patchcore,bottle,mixed,3,broken_large,11,1,1.0,1.0,1.0
divide_lpres_off,patchcore,bottle,mixed,3,broken_large,12,1,1.0,1.0,1.0
divide_lpres_off,patchcore,bottle,mixed,3,broken_large,13,1,1.0,1.0,1.0
divide_lpres_off,patchcore,bottle,mixed,3,broken_large,14,1,1.0,1.0,1.0
divide_lpres_off,patchcore,bottle,mixed,3,broken_large,15,1,1.0,1.0,1.0
identity,patchcore,bottle,mixed,4,good,0,0,0.5946435332298279,1.0,1.0
identity,patchcore,bottle,mixed,4,good,1,0,0.6697643995285034,1.0,1.0
identity,patchcore,bottle,mixed,4,good,2,0,0.685367226600647,1.0,1.0
identity,patchcore,bottle,mixed,4,good,3,0,0.6786976456642151,1.0,1.0
identity,patchcore,bottle,mixed,4,good,4,0,0.751623272895813,1.0,1.0
identity,patchcore,bottle,mixed,4,good,5,0,0.5204834938049316,1.0,1.0
identity,patchcore,bottle,mixed,4,good,6,0,0.5762772560119629,1.0,1.0
identity,patchcore,bottle,mixed,4,good,7,0,0.7946031093597412,1.0,1.0
identity,patchcore,bottle,mixed,4,broken_large,8,1,1.0,1.0,1.0
identity,patchcore,bottle,mixed,4,broken_large,9,1,1.0,1.0,1.0
identity,patchcore,bottle,mixed,4,broken_large,10,1,1.0,1.0,1.0
identity,patchcore,bottle,mixed,4,broken_large,11,1,1.0,1.0,1.0
identity,patchcore,bottle,mixed,4,broken_large,12,1,1.0,1.0,1.0
identity,patchcore,bottle,mixed,4,broken_large,13,1,1.0,1.0,1.0
identity,patchcore,bottle,mixed,4,broken_large,14,1,1.0,1.0,1.0
identity,patchcore,bottle,mixed,4,broken_large,15,1,1.0,1.0,1.0
wiener,patchcore,bottle,mixed,4,good,0,0,0.5946435332298279,1.0,1.0
wiener,patchcore,bottle,mixed,4,good,1,0,0.6697643995285034,1.0,1.0
wiener,patchcore,bottle,mixed,4,good,2,0,0.685367226600647,1.0,1.0
wiener,patchcore,bottle,mixed,4,good,3,0,0.6786976456642151,1.0,1.0
wiener,patchcore,bottle,mixed,4,good,4,0,0.751623272895813,1.0,1.0
wiener,patchcore,bottle,mixed,4,good,5,0,0.5204834938049316,1.0,1.0
wiener,patchcore,bottle,mixed,4,good,6,0,0.5762772560119629,1.0,1.0
wiener,patchcore,bottle,mixed,4,good,7,0,0.7946031093597412,1.0,1.0
wiener,patchcore,bottle,mixed,4,broken_large,8,1,1.0,1.0,1.0
wiener,patchcore,bottle,mixed,4,broken_large,9,1,1.0,1.0,1.0
wiener,patchcore,bottle,mixed,4,broken_large,10,1,1.0,1.0,1.0
wiener,patchcore,bottle,mixed,4,broken_large,11,1,1.0,1.0,1.0
wiener,patchcore,bottle,mixed,4,broken_large,12,1,1.0,1.0,1.0
wiener,patchcore,bottle,mixed,4,broken_large,13,1,1.0,1.0,1.0
wiener,patchcore,bottle,mixed,4,broken_large,14,1,1.0,1.0,1.0
wiener,patchcore,bottle,mixed,4,broken_large,15,1,1.0,1.0,1.0
restormer_deblur,patchcore,bottle,mixed,4,good,0,0,0.5946435332298279,1.0,1.0
restormer_deblur,patchcore,bottle,mixed,4,good,1,0,0.6697643995285034,1.0,1.0
restormer_deblur,patchcore,bottle,mixed,4,good,2,0,0.685367226600647,1.0,1.0
restormer_deblur,patchcore,bottle,mixed,4,good,3,0,0.6786976456642151,1.0,1.0
restormer_deblur,patchcore,bottle,mixed,4,good,4,0,0.751623272895813,1.0,1.0
restormer_deblur,patchcore,bottle,mixed,4,good,5,0,0.5204834938049316,1.0,1.0
restormer_deblur,patchcore,bottle,mixed,4,good,6,0,0.5762772560119629,1.0,1.0
restormer_deblur,patchcore,bottle,mixed,4,good,7,0,0.7946031093597412,1.0,1.0
restormer_deblur,patchcore,bottle,mixed,4,broken_large,8,1,1.0,1.0,1.0
restormer_deblur,patchcore,bottle,mixed,4,broken_large,9,1,1.0,1.0,1.0
restormer_deblur,patchcore,bottle,mixed,4,broken_large,10,1,1.0,1.0,1.0
restormer_deblur,patchcore,bottle,mixed,4,broken_large,11,1,1.0,1.0,1.0
restormer_deblur,patchcore,bottle,mixed,4,broken_large,12,1,1.0,1.0,1.0
restormer_deblur,patchcore,bottle,mixed,4,broken_large,13,1,1.0,1.0,1.0
restormer_deblur,patchcore,bottle,mixed,4,broken_large,14,1,1.0,1.0,1.0
restormer_deblur,patchcore,bottle,mixed,4,broken_large,15,1,1.0,1.0,1.0
divide_lpres_on,patchcore,bottle,mixed,4,good,0,0,0.5946435332298279,1.0,1.0
divide_lpres_on,patchcore,bottle,mixed,4,good,1,0,0.6697643995285034,1.0,1.0
divide_lpres_on,patchcore,bottle,mixed,4,good,2,0,0.685367226600647,1.0,1.0
divide_lpres_on,patchcore,bottle,mixed,4,good,3,0,0.6786976456642151,1.0,1.0
divide_lpres_on,patchcore,bottle,mixed,4,good,4,0,0.751623272895813,1.0,1.0
divide_lpres_on,patchcore,bottle,mixed,4,good,5,0,0.5204834938049316,1.0,1.0
divide_lpres_on,patchcore,bottle,mixed,4,good,6,0,0.5762772560119629,1.0,1.0
divide_lpres_on,patchcore,bottle,mixed,4,good,7,0,0.7946031093597412,1.0,1.0
divide_lpres_on,patchcore,bottle,mixed,4,broken_large,8,1,1.0,1.0,1.0
divide_lpres_on,patchcore,bottle,mixed,4,broken_large,9,1,1.0,1.0,1.0
divide_lpres_on,patchcore,bottle,mixed,4,broken_large,10,1,1.0,1.0,1.0
divide_lpres_on,patchcore,bottle,mixed,4,broken_large,11,1,1.0,1.0,1.0
divide_lpres_on,patchcore,bottle,mixed,4,broken_large,12,1,1.0,1.0,1.0
divide_lpres_on,patchcore,bottle,mixed,4,broken_large,13,1,1.0,1.0,1.0
divide_lpres_on,patchcore,bottle,mixed,4,broken_large,14,1,1.0,1.0,1.0
divide_lpres_on,patchcore,bottle,mixed,4,broken_large,15,1,1.0,1.0,1.0
divide_lpres_off,patchcore,bottle,mixed,4,good,0,0,0.5946435332298279,1.0,1.0
divide_lpres_off,patchcore,bottle,mixed,4,good,1,0,0.6697643995285034,1.0,1.0
divide_lpres_off,patchcore,bottle,mixed,4,good,2,0,0.685367226600647,1.0,1.0
divide_lpres_off,patchcore,bottle,mixed,4,good,3,0,0.6786976456642151,1.0,1.0
divide_lpres_off,patchcore,bottle,mixed,4,good,4,0,0.751623272895813,1.0,1.0
divide_lpres_off,patchcore,bottle,mixed,4,good,5,0,0.5204834938049316,1.0,1.0
divide_lpres_off,patchcore,bottle,mixed,4,good,6,0,0.5762772560119629,1.0,1.0
divide_lpres_off,patchcore,bottle,mixed,4,good,7,0,0.7946031093597412,1.0,1.0
divide_lpres_off,patchcore,bottle,mixed,4,broken_large,8,1,1.0,1.0,1.0
divide_lpres_off,patchcore,bottle,mixed,4,broken_large,9,1,1.0,1.0,1.0
divide_lpres_off,patchcore,bottle,mixed,4,broken_large,10,1,1.0,1.0,1.0
divide_lpres_off,patchcore,bottle,mixed,4,broken_large,11,1,1.0,1.0,1.0
divide_lpres_off,patchcore,bottle,mixed,4,broken_large,12,1,1.0,1.0,1.0
divide_lpres_off,patchcore,bottle,mixed,4,broken_large,13,1,1.0,1.0,1.0
divide_lpres_off,patchcore,bottle,mixed,4,broken_large,14,1,1.0,1.0,1.0
divide_lpres_off,patchcore,bottle,mixed,4,broken_large,15,1,1.0,1.0,1.0
identity,padim,screw,defocus,2,good,0,0,0.8419417142868042,0.7119976282119751,0.7119976282119751
identity,padim,screw,defocus,2,good,1,0,0.5139491558074951,0.49381956458091736,0.49381956458091736
identity,padim,screw,defocus,2,good,2,0,0.3235850930213928,0.3920513689517975,0.3920513689517975
identity,padim,screw,defocus,2,good,3,0,0.946738600730896,0.8322725296020508,0.8322725296020508
identity,padim,screw,defocus,2,good,4,0,0.32035255432128906,0.4606643319129944,0.4606643319129944
identity,padim,screw,defocus,2,good,5,0,1.0,0.8761833310127258,0.8761833310127258
identity,padim,screw,defocus,2,good,6,0,0.6311459541320801,0.6113287210464478,0.6113287210464478
identity,padim,screw,defocus,2,good,7,0,0.9694074392318726,0.7513223886489868,0.7513223886489868
identity,padim,screw,defocus,2,manipulated_front,8,1,0.48670345544815063,0.49035409092903137,0.49035409092903137
identity,padim,screw,defocus,2,manipulated_front,9,1,1.0,0.9155272245407104,0.9155272245407104
identity,padim,screw,defocus,2,manipulated_front,10,1,0.6777824759483337,0.5712774991989136,0.5712774991989136
identity,padim,screw,defocus,2,manipulated_front,11,1,0.7843326330184937,0.7555647492408752,0.7555647492408752
identity,padim,screw,defocus,2,manipulated_front,12,1,1.0,0.9820410013198853,0.9820410013198853
identity,padim,screw,defocus,2,manipulated_front,13,1,0.9335222840309143,0.8045365810394287,0.8045365810394287
identity,padim,screw,defocus,2,manipulated_front,14,1,0.8528370261192322,0.7670924067497253,0.7670924067497253
identity,padim,screw,defocus,2,manipulated_front,15,1,1.0,0.9962456226348877,0.9962456226348877
wiener,padim,screw,defocus,2,good,0,0,0.8419417142868042,0.7119976282119751,0.8153029680252075
wiener,padim,screw,defocus,2,good,1,0,0.5139491558074951,0.49381956458091736,0.7773044109344482
wiener,padim,screw,defocus,2,good,2,0,0.3235850930213928,0.3920513689517975,0.7784105539321899
wiener,padim,screw,defocus,2,good,3,0,0.946738600730896,0.8322725296020508,0.7664084434509277
wiener,padim,screw,defocus,2,good,4,0,0.32035255432128906,0.4606643319129944,0.5927243232727051
wiener,padim,screw,defocus,2,good,5,0,1.0,0.8761833310127258,1.0
wiener,padim,screw,defocus,2,good,6,0,0.6311459541320801,0.6113287210464478,0.7086964249610901
wiener,padim,screw,defocus,2,good,7,0,0.9694074392318726,0.7513223886489868,0.7763649225234985
wiener,padim,screw,defocus,2,manipulated_front,8,1,0.48670345544815063,0.49035409092903137,0.8019863963127136
wiener,padim,screw,defocus,2,manipulated_front,9,1,1.0,0.9155272245407104,0.8890601396560669
wiener,padim,screw,defocus,2,manipulated_front,10,1,0.6777824759483337,0.5712774991989136,0.5720711350440979
wiener,padim,screw,defocus,2,manipulated_front,11,1,0.7843326330184937,0.7555647492408752,0.932645320892334
wiener,padim,screw,defocus,2,manipulated_front,12,1,1.0,0.9820410013198853,1.0
wiener,padim,screw,defocus,2,manipulated_front,13,1,0.9335222840309143,0.8045365810394287,0.8728580474853516
wiener,padim,screw,defocus,2,manipulated_front,14,1,0.8528370261192322,0.7670924067497253,0.7146106958389282
wiener,padim,screw,defocus,2,manipulated_front,15,1,1.0,0.9962456226348877,1.0
restormer_deblur,padim,screw,defocus,2,good,0,0,0.8419417142868042,0.7119976282119751,0.7354483604431152
restormer_deblur,padim,screw,defocus,2,good,1,0,0.5139491558074951,0.49381956458091736,0.5154217481613159
restormer_deblur,padim,screw,defocus,2,good,2,0,0.3235850930213928,0.3920513689517975,0.4067457914352417
restormer_deblur,padim,screw,defocus,2,good,3,0,0.946738600730896,0.8322725296020508,0.8907641172409058
restormer_deblur,padim,screw,defocus,2,good,4,0,0.32035255432128906,0.4606643319129944,0.39220187067985535
restormer_deblur,padim,screw,defocus,2,good,5,0,1.0,0.8761833310127258,0.9137725234031677
restormer_deblur,padim,screw,defocus,2,good,6,0,0.6311459541320801,0.6113287210464478,0.6798821091651917
restormer_deblur,padim,screw,defocus,2,good,7,0,0.9694074392318726,0.7513223886489868,0.8828874826431274
restormer_deblur,padim,screw,defocus,2,manipulated_front,8,1,0.48670345544815063,0.49035409092903137,0.5213879346847534
restormer_deblur,padim,screw,defocus,2,manipulated_front,9,1,1.0,0.9155272245407104,0.8828004002571106
restormer_deblur,padim,screw,defocus,2,manipulated_front,10,1,0.6777824759483337,0.5712774991989136,0.682401180267334
restormer_deblur,padim,screw,defocus,2,manipulated_front,11,1,0.7843326330184937,0.7555647492408752,0.8038874864578247
restormer_deblur,padim,screw,defocus,2,manipulated_front,12,1,1.0,0.9820410013198853,1.0
restormer_deblur,padim,screw,defocus,2,manipulated_front,13,1,0.9335222840309143,0.8045365810394287,0.8946402072906494
restormer_deblur,padim,screw,defocus,2,manipulated_front,14,1,0.8528370261192322,0.7670924067497253,0.8168813586235046
restormer_deblur,padim,screw,defocus,2,manipulated_front,15,1,1.0,0.9962456226348877,1.0
divide_lpres_on,padim,screw,defocus,2,good,0,0,0.8419417142868042,0.7119976282119751,0.744981586933136
divide_lpres_on,padim,screw,defocus,2,good,1,0,0.5139491558074951,0.49381956458091736,0.5423637628555298
divide_lpres_on,padim,screw,defocus,2,good,2,0,0.3235850930213928,0.3920513689517975,0.5051597952842712
divide_lpres_on,padim,screw,defocus,2,good,3,0,0.946738600730896,0.8322725296020508,0.8739893436431885
divide_lpres_on,padim,screw,defocus,2,good,4,0,0.32035255432128906,0.4606643319129944,0.6340153217315674
divide_lpres_on,padim,screw,defocus,2,good,5,0,1.0,0.8761833310127258,0.9688723683357239
divide_lpres_on,padim,screw,defocus,2,good,6,0,0.6311459541320801,0.6113287210464478,0.5941051840782166
divide_lpres_on,padim,screw,defocus,2,good,7,0,0.9694074392318726,0.7513223886489868,0.9322967529296875
divide_lpres_on,padim,screw,defocus,2,manipulated_front,8,1,0.48670345544815063,0.49035409092903137,0.7586082816123962
divide_lpres_on,padim,screw,defocus,2,manipulated_front,9,1,1.0,0.9155272245407104,0.9979275465011597
divide_lpres_on,padim,screw,defocus,2,manipulated_front,10,1,0.6777824759483337,0.5712774991989136,0.6368280053138733
divide_lpres_on,padim,screw,defocus,2,manipulated_front,11,1,0.7843326330184937,0.7555647492408752,0.7219709157943726
divide_lpres_on,padim,screw,defocus,2,manipulated_front,12,1,1.0,0.9820410013198853,1.0
divide_lpres_on,padim,screw,defocus,2,manipulated_front,13,1,0.9335222840309143,0.8045365810394287,0.850894570350647
divide_lpres_on,padim,screw,defocus,2,manipulated_front,14,1,0.8528370261192322,0.7670924067497253,0.7648488283157349
divide_lpres_on,padim,screw,defocus,2,manipulated_front,15,1,1.0,0.9962456226348877,1.0
divide_lpres_off,padim,screw,defocus,2,good,0,0,0.8419417142868042,0.7119976282119751,0.7542874813079834
divide_lpres_off,padim,screw,defocus,2,good,1,0,0.5139491558074951,0.49381956458091736,0.5157474875450134
divide_lpres_off,padim,screw,defocus,2,good,2,0,0.3235850930213928,0.3920513689517975,0.4580691158771515
divide_lpres_off,padim,screw,defocus,2,good,3,0,0.946738600730896,0.8322725296020508,0.8621020913124084
divide_lpres_off,padim,screw,defocus,2,good,4,0,0.32035255432128906,0.4606643319129944,0.46687597036361694
divide_lpres_off,padim,screw,defocus,2,good,5,0,1.0,0.8761833310127258,0.9816058874130249
divide_lpres_off,padim,screw,defocus,2,good,6,0,0.6311459541320801,0.6113287210464478,0.5768584609031677
divide_lpres_off,padim,screw,defocus,2,good,7,0,0.9694074392318726,0.7513223886489868,0.9270651340484619
divide_lpres_off,padim,screw,defocus,2,manipulated_front,8,1,0.48670345544815063,0.49035409092903137,0.5608626008033752
divide_lpres_off,padim,screw,defocus,2,manipulated_front,9,1,1.0,0.9155272245407104,1.0
divide_lpres_off,padim,screw,defocus,2,manipulated_front,10,1,0.6777824759483337,0.5712774991989136,0.6480586528778076
divide_lpres_off,padim,screw,defocus,2,manipulated_front,11,1,0.7843326330184937,0.7555647492408752,0.7525869607925415
divide_lpres_off,padim,screw,defocus,2,manipulated_front,12,1,1.0,0.9820410013198853,1.0
divide_lpres_off,padim,screw,defocus,2,manipulated_front,13,1,0.9335222840309143,0.8045365810394287,0.8868279457092285
divide_lpres_off,padim,screw,defocus,2,manipulated_front,14,1,0.8528370261192322,0.7670924067497253,0.7672199010848999
divide_lpres_off,padim,screw,defocus,2,manipulated_front,15,1,1.0,0.9962456226348877,1.0
identity,padim,screw,defocus,3,good,0,0,0.8419417142868042,0.6861446499824524,0.6861446499824524
identity,padim,screw,defocus,3,good,1,0,0.5139491558074951,0.5056155920028687,0.5056155920028687
identity,padim,screw,defocus,3,good,2,0,0.3235850930213928,0.4310949444770813,0.4310949444770813
identity,padim,screw,defocus,3,good,3,0,0.946738600730896,0.8016809225082397,0.8016809225082397
identity,padim,screw,defocus,3,good,4,0,0.32035255432128906,0.4878958761692047,0.4878958761692047
identity,padim,screw,defocus,3,good,5,0,1.0,0.8717131614685059,0.8717131614685059
identity,padim,screw,defocus,3,good,6,0,0.6311459541320801,0.5681357383728027,0.5681357383728027
identity,padim,screw,defocus,3,good,7,0,0.9694074392318726,0.7216936349868774,0.7216936349868774
identity,padim,screw,defocus,3,manipulated_front,8,1,0.48670345544815063,0.5117480754852295,0.5117480754852295
identity,padim,screw,defocus,3,manipulated_front,9,1,1.0,0.8704237937927246,0.8704237937927246
identity,padim,screw,defocus,3,manipulated_front,10,1,0.6777824759483337,0.5485767722129822,0.5485767722129822
identity,padim,screw,defocus,3,manipulated_front,11,1,0.7843326330184937,0.7548537254333496,0.7548537254333496
identity,padim,screw,defocus,3,manipulated_front,12,1,1.0,0.9586362838745117,0.9586362838745117
identity,padim,screw,defocus,3,manipulated_front,13,1,0.9335222840309143,0.7169733047485352,0.7169733047485352
identity,padim,screw,defocus,3,manipulated_front,14,1,0.8528370261192322,0.7514420747756958,0.7514420747756958
identity,padim,screw,defocus,3,manipulated_front,15,1,1.0,0.8602166175842285,0.8602166175842285
wiener,padim,screw,defocus,3,good,0,0,0.8419417142868042,0.6861446499824524,0.7356652021408081
wiener,padim,screw,defocus,3,good,1,0,0.5139491558074951,0.5056155920028687,0.8287741541862488
wiener,padim,screw,defocus,3,good,2,0,0.3235850930213928,0.4310949444770813,0.7902663946151733
wiener,padim,screw,defocus,3,good,3,0,0.946738600730896,0.8016809225082397,0.6511616706848145
wiener,padim,screw,defocus,3,good,4,0,0.32035255432128906,0.4878958761692047,0.6006368398666382
wiener,padim,screw,defocus,3,good,5,0,1.0,0.8717131614685059,0.8878496885299683
wiener,padim,screw,defocus,3,good,6,0,0.6311459541320801,0.5681357383728027,0.5618689656257629
wiener,padim,screw,defocus,3,good,7,0,0.9694074392318726,0.7216936349868774,0.7478958368301392
wiener,padim,screw,defocus,3,manipulated_front,8,1,0.48670345544815063,0.5117480754852295,0.8236850500106812
wiener,padim,screw,defocus,3,manipulated_front,9,1,1.0,0.8704237937927246,0.8210947513580322
wiener,padim,screw,defocus,3,manipulated_front,10,1,0.6777824759483337,0.5485767722129822,0.7041692733764648
wiener,padim,screw,defocus,3,manipulated_front,11,1,0.7843326330184937,0.7548537254333496,0.9586032629013062
wiener,padim,screw,defocus,3,manipulated_front,12,1,1.0,0.9586362838745117,1.0
wiener,padim,screw,defocus,3,manipulated_front,13,1,0.9335222840309143,0.7169733047485352,0.8133444786071777
wiener,padim,screw,defocus,3,manipulated_front,14,1,0.8528370261192322,0.7514420747756958,0.6835569143295288
wiener,padim,screw,defocus,3,manipulated_front,15,1,1.0,0.8602166175842285,1.0
restormer_deblur,padim,screw,defocus,3,good,0,0,0.8419417142868042,0.6861446499824524,0.6983436942100525
restormer_deblur,padim,screw,defocus,3,good,1,0,0.5139491558074951,0.5056155920028687,0.5116310715675354
restormer_deblur,padim,screw,defocus,3,good,2,0,0.3235850930213928,0.4310949444770813,0.46382734179496765
restormer_deblur,padim,screw,defocus,3,good,3,0,0.946738600730896,0.8016809225082397,0.8780902028083801
restormer_deblur,padim,screw,defocus,3,good,4,0,0.32035255432128906,0.4878958761692047,0.35765403509140015
restormer_deblur,padim,screw,defocus,3,good,5,0,1.0,0.8717131614685059,0.8749839067459106
restormer_deblur,padim,screw,defocus,3,good,6,0,0.6311459541320801,0.5681357383728027,0.6103591322898865
restormer_deblur,padim,screw,defocus,3,good,7,0,0.9694074392318726,0.7216936349868774,0.7565012574195862
restormer_deblur,padim,screw,defocus,3,manipulated_front,8,1,0.48670345544815063,0.5117480754852295,0.5289832949638367
restormer_deblur,padim,screw,defocus,3,manipulated_front,9,1,1.0,0.8704237937927246,0.9376280307769775
restormer_deblur,padim,screw,defocus,3,manipulated_front,10,1,0.6777824759483337,0.5485767722129822,0.6873847246170044
restormer_deblur,padim,screw,defocus,3,manipulated_front,11,1,0.7843326330184937,0.7548537254333496,0.8129960298538208
restormer_deblur,padim,screw,defocus,3,manipulated_front,12,1,1.0,0.9586362838745117,0.9055873155593872
restormer_deblur,padim,screw,defocus,3,manipulated_front,13,1,0.9335222840309143,0.7169733047485352,0.824821949005127
restormer_deblur,padim,screw,defocus,3,manipulated_front,14,1,0.8528370261192322,0.7514420747756958,0.8054410219192505
restormer_deblur,padim,screw,defocus,3,manipulated_front,15,1,1.0,0.8602166175842285,0.9876643419265747
divide_lpres_on,padim,screw,defocus,3,good,0,0,0.8419417142868042,0.6861446499824524,0.8563691973686218
divide_lpres_on,padim,screw,defocus,3,good,1,0,0.5139491558074951,0.5056155920028687,0.5633103251457214
divide_lpres_on,padim,screw,defocus,3,good,2,0,0.3235850930213928,0.4310949444770813,0.5441290140151978
divide_lpres_on,padim,screw,defocus,3,good,3,0,0.946738600730896,0.8016809225082397,0.9127882719039917
divide_lpres_on,padim,screw,defocus,3,good,4,0,0.32035255432128906,0.4878958761692047,0.6149692535400391
divide_lpres_on,padim,screw,defocus,3,good,5,0,1.0,0.8717131614685059,0.8212616443634033
divide_lpres_on,padim,screw,defocus,3,good,6,0,0.6311459541320801,0.5681357383728027,0.6363418698310852
divide_lpres_on,padim,screw,defocus,3,good,7,0,0.9694074392318726,0.7216936349868774,0.9138174057006836
divide_lpres_on,padim,screw,defocus,3,manipulated_front,8,1,0.48670345544815063,0.5117480754852295,0.8525216579437256
divide_lpres_on,padim,screw,defocus,3,manipulated_front,9,1,1.0,0.8704237937927246,0.9864113330841064
divide_lpres_on,padim,screw,defocus,3,manipulated_front,10,1,0.6777824759483337,0.5485767722129822,0.6596875190734863
divide_lpres_on,padim,screw,defocus,3,manipulated_front,11,1,0.7843326330184937,0.7548537254333496,0.725360631942749
divide_lpres_on,padim,screw,defocus,3,manipulated_front,12,1,1.0,0.9586362838745117,0.9207988977432251
divide_lpres_on,padim,screw,defocus,3,manipulated_front,13,1,0.9335222840309143,0.7169733047485352,0.7329270243644714
divide_lpres_on,padim,screw,defocus,3,manipulated_front,14,1,0.8528370261192322,0.7514420747756958,0.8728232383728027
divide_lpres_on,padim,screw,defocus,3,manipulated_front,15,1,1.0,0.8602166175842285,0.8207206726074219
divide_lpres_off,padim,screw,defocus,3,good,0,0,0.8419417142868042,0.6861446499824524,0.8002301454544067
divide_lpres_off,padim,screw,defocus,3,good,1,0,0.5139491558074951,0.5056155920028687,0.4831753671169281
divide_lpres_off,padim,screw,defocus,3,good,2,0,0.3235850930213928,0.4310949444770813,0.44700661301612854
divide_lpres_off,padim,screw,defocus,3,good,3,0,0.946738600730896,0.8016809225082397,0.9810653328895569
divide_lpres_off,padim,screw,defocus,3,good,4,0,0.32035255432128906,0.4878958761692047,0.5845274925231934
divide_lpres_off,padim,screw,defocus,3,good,5,0,1.0,0.8717131614685059,0.9164702892303467
divide_lpres_off,padim,screw,defocus,3,good,6,0,0.6311459541320801,0.5681357383728027,0.579006552696228
divide_lpres_off,padim,screw,defocus,3,good,7,0,0.9694074392318726,0.7216936349868774,0.9660477638244629
divide_lpres_off,padim,screw,defocus,3,manipulated_front,8,1,0.48670345544815063,0.5117480754852295,0.8301954865455627
divide_lpres_off,padim,screw,defocus,3,manipulated_front,9,1,1.0,0.8704237937927246,1.0
divide_lpres_off,padim,screw,defocus,3,manipulated_front,10,1,0.6777824759483337,0.5485767722129822,0.6664345860481262
divide_lpres_off,padim,screw,defocus,3,manipulated_front,11,1,0.7843326330184937,0.7548537254333496,0.7372448444366455
divide_lpres_off,padim,screw,defocus,3,manipulated_front,12,1,1.0,0.9586362838745117,1.0
divide_lpres_off,padim,screw,defocus,3,manipulated_front,13,1,0.9335222840309143,0.7169733047485352,0.8023251295089722
divide_lpres_off,padim,screw,defocus,3,manipulated_front,14,1,0.8528370261192322,0.7514420747756958,0.8199430704116821
divide_lpres_off,padim,screw,defocus,3,manipulated_front,15,1,1.0,0.8602166175842285,0.8712773323059082
identity,padim,screw,defocus,4,good,0,0,0.8419417142868042,0.6319037079811096,0.6319037079811096
identity,padim,screw,defocus,4,good,1,0,0.5139491558074951,0.5009263157844543,0.5009263157844543
identity,padim,screw,defocus,4,good,2,0,0.3235850930213928,0.4804018437862396,0.4804018437862396
identity,padim,screw,defocus,4,good,3,0,0.946738600730896,0.7918963432312012,0.7918963432312012
identity,padim,screw,defocus,4,good,4,0,0.32035255432128906,0.5016285181045532,0.5016285181045532
identity,padim,screw,defocus,4,good,5,0,1.0,0.8026524782180786,0.8026524782180786
identity,padim,screw,defocus,4,good,6,0,0.6311459541320801,0.5678175091743469,0.5678175091743469
identity,padim,screw,defocus,4,good,7,0,0.9694074392318726,0.6844875812530518,0.6844875812530518
identity,padim,screw,defocus,4,manipulated_front,8,1,0.48670345544815063,0.504461944103241,0.504461944103241
identity,padim,screw,defocus,4,manipulated_front,9,1,1.0,0.7133157849311829,0.7133157849311829
identity,padim,screw,defocus,4,manipulated_front,10,1,0.6777824759483337,0.5429398417472839,0.5429398417472839
identity,padim,screw,defocus,4,manipulated_front,11,1,0.7843326330184937,0.7415584921836853,0.7415584921836853
identity,padim,screw,defocus,4,manipulated_front,12,1,1.0,0.9110918045043945,0.9110918045043945
identity,padim,screw,defocus,4,manipulated_front,13,1,0.9335222840309143,0.6746639013290405,0.6746639013290405
identity,padim,screw,defocus,4,manipulated_front,14,1,0.8528370261192322,0.7005764245986938,0.7005764245986938
identity,padim,screw,defocus,4,manipulated_front,15,1,1.0,0.7944682836532593,0.7944682836532593
wiener,padim,screw,defocus,4,good,0,0,0.8419417142868042,0.6319037079811096,0.660541296005249
wiener,padim,screw,defocus,4,good,1,0,0.5139491558074951,0.5009263157844543,0.8882541656494141
wiener,padim,screw,defocus,4,good,2,0,0.3235850930213928,0.4804018437862396,0.8404431343078613
wiener,padim,screw,defocus,4,good,3,0,0.946738600730896,0.7918963432312012,0.7000086903572083
wiener,padim,screw,defocus,4,good,4,0,0.32035255432128906,0.5016285181045532,0.6318805813789368
wiener,padim,screw,defocus,4,good,5,0,1.0,0.8026524782180786,0.7763420343399048
wiener,padim,screw,defocus,4,good,6,0,0.6311459541320801,0.5678175091743469,0.843045711517334
wiener,padim,screw,defocus,4,good,7,0,0.9694074392318726,0.6844875812530518,0.6254631280899048
wiener,padim,screw,defocus,4,manipulated_front,8,1,0.48670345544815063,0.504461944103241,0.7608784437179565
wiener,padim,screw,defocus,4,manipulated_front,9,1,1.0,0.7133157849311829,0.9149361252784729
wiener,padim,screw,defocus,4,manipulated_front,10,1,0.6777824759483337,0.5429398417472839,0.8712575435638428
wiener,padim,screw,defocus,4,manipulated_front,11,1,0.7843326330184937,0.7415584921836853,0.9168689250946045
wiener,padim,screw,defocus,4,manipulated_front,12,1,1.0,0.9110918045043945,0.77550208568573
wiener,padim,screw,defocus,4,manipulated_front,13,1,0.9335222840309143,0.6746639013290405,1.0
wiener,padim,screw,defocus,4,manipulated_front,14,1,0.8528370261192322,0.7005764245986938,0.6683007478713989
wiener,padim,screw,defocus,4,manipulated_front,15,1,1.0,0.7944682836532593,1.0
restormer_deblur,padim,screw,defocus,4,good,0,0,0.8419417142868042,0.6319037079811096,0.7016288042068481
restormer_deblur,padim,screw,defocus,4,good,1,0,0.5139491558074951,0.5009263157844543,0.47561556100845337
restormer_deblur,padim,screw,defocus,4,good,2,0,0.3235850930213928,0.4804018437862396,0.41636407375335693
restormer_deblur,padim,screw,defocus,4,good,3,0,0.946738600730896,0.7918963432312012,0.8803656697273254
restormer_deblur,padim,screw,defocus,4,good,4,0,0.32035255432128906,0.5016285181045532,0.4322108030319214
restormer_deblur,padim,screw,defocus,4,good,5,0,1.0,0.8026524782180786,0.9691720008850098
restormer_deblur,padim,screw,defocus,4,good,6,0,0.6311459541320801,0.5678175091743469,0.6437421441078186
restormer_deblur,padim,screw,defocus,4,good,7,0,0.9694074392318726,0.6844875812530518,0.7246482372283936
restormer_deblur,padim,screw,defocus,4,manipulated_front,8,1,0.48670345544815063,0.504461944103241,0.47728070616722107
restormer_deblur,padim,screw,defocus,4,manipulated_front,9,1,1.0,0.7133157849311829,0.9227923154830933
restormer_deblur,padim,screw,defocus,4,manipulated_front,10,1,0.6777824759483337,0.5429398417472839,0.5609525442123413
restormer_deblur,padim,screw,defocus,4,manipulated_front,11,1,0.7843326330184937,0.7415584921836853,0.786081075668335
restormer_deblur,padim,screw,defocus,4,manipulated_front,12,1,1.0,0.9110918045043945,0.9284950494766235
restormer_deblur,padim,screw,defocus,4,manipulated_front,13,1,0.9335222840309143,0.6746639013290405,0.7083690762519836
restormer_deblur,padim,screw,defocus,4,manipulated_front,14,1,0.8528370261192322,0.7005764245986938,0.7745797634124756
restormer_deblur,padim,screw,defocus,4,manipulated_front,15,1,1.0,0.7944682836532593,0.8901624083518982
divide_lpres_on,padim,screw,defocus,4,good,0,0,0.8419417142868042,0.6319037079811096,0.782378077507019
divide_lpres_on,padim,screw,defocus,4,good,1,0,0.5139491558074951,0.5009263157844543,0.5133848190307617
divide_lpres_on,padim,screw,defocus,4,good,2,0,0.3235850930213928,0.4804018437862396,0.5722254514694214
divide_lpres_on,padim,screw,defocus,4,good,3,0,0.946738600730896,0.7918963432312012,0.8212884068489075
divide_lpres_on,padim,screw,defocus,4,good,4,0,0.32035255432128906,0.5016285181045532,0.5368390083312988
divide_lpres_on,padim,screw,defocus,4,good,5,0,1.0,0.8026524782180786,0.7724592089653015
divide_lpres_on,padim,screw,defocus,4,good,6,0,0.6311459541320801,0.5678175091743469,0.5947309732437134
divide_lpres_on,padim,screw,defocus,4,good,7,0,0.9694074392318726,0.6844875812530518,0.8211124539375305
divide_lpres_on,padim,screw,defocus,4,manipulated_front,8,1,0.48670345544815063,0.504461944103241,0.8143405914306641
divide_lpres_on,padim,screw,defocus,4,manipulated_front,9,1,1.0,0.7133157849311829,0.9285866022109985
divide_lpres_on,padim,screw,defocus,4,manipulated_front,10,1,0.6777824759483337,0.5429398417472839,0.6290660500526428
divide_lpres_on,padim,screw,defocus,4,manipulated_front,11,1,0.7843326330184937,0.7415584921836853,0.6957541704177856
divide_lpres_on,padim,screw,defocus,4,manipulated_front,12,1,1.0,0.9110918045043945,0.862511157989502
divide_lpres_on,padim,screw,defocus,4,manipulated_front,13,1,0.9335222840309143,0.6746639013290405,0.7583802342414856
divide_lpres_on,padim,screw,defocus,4,manipulated_front,14,1,0.8528370261192322,0.7005764245986938,0.8238894939422607
divide_lpres_on,padim,screw,defocus,4,manipulated_front,15,1,1.0,0.7944682836532593,1.0
divide_lpres_off,padim,screw,defocus,4,good,0,0,0.8419417142868042,0.6319037079811096,0.7554231882095337
divide_lpres_off,padim,screw,defocus,4,good,1,0,0.5139491558074951,0.5009263157844543,0.49162206053733826
divide_lpres_off,padim,screw,defocus,4,good,2,0,0.3235850930213928,0.4804018437862396,0.5075696110725403
divide_lpres_off,padim,screw,defocus,4,good,3,0,0.946738600730896,0.7918963432312012,0.8217787146568298
divide_lpres_off,padim,screw,defocus,4,good,4,0,0.32035255432128906,0.5016285181045532,0.5001883506774902
divide_lpres_off,padim,screw,defocus,4,good,5,0,1.0,0.8026524782180786,0.802560567855835
divide_lpres_off,padim,screw,defocus,4,good,6,0,0.6311459541320801,0.5678175091743469,0.561220109462738
divide_lpres_off,padim,screw,defocus,4,good,7,0,0.9694074392318726,0.6844875812530518,0.8289550542831421
divide_lpres_off,padim,screw,defocus,4,manipulated_front,8,1,0.48670345544815063,0.504461944103241,0.7419635653495789
divide_lpres_off,padim,screw,defocus,4,manipulated_front,9,1,1.0,0.7133157849311829,0.9859865307807922
divide_lpres_off,padim,screw,defocus,4,manipulated_front,10,1,0.6777824759483337,0.5429398417472839,0.631190836429596
divide_lpres_off,padim,screw,defocus,4,manipulated_front,11,1,0.7843326330184937,0.7415584921836853,0.75350022315979
divide_lpres_off,padim,screw,defocus,4,manipulated_front,12,1,1.0,0.9110918045043945,0.8808611631393433
divide_lpres_off,padim,screw,defocus,4,manipulated_front,13,1,0.9335222840309143,0.6746639013290405,0.7783623933792114
divide_lpres_off,padim,screw,defocus,4,manipulated_front,14,1,0.8528370261192322,0.7005764245986938,0.7456029057502747
divide_lpres_off,padim,screw,defocus,4,manipulated_front,15,1,1.0,0.7944682836532593,1.0
identity,padim,screw,motion,2,good,0,0,0.8419417142868042,0.6973440051078796,0.6973440051078796
identity,padim,screw,motion,2,good,1,0,0.5139491558074951,0.47690919041633606,0.47690919041633606
identity,padim,screw,motion,2,good,2,0,0.3235850930213928,0.3939586281776428,0.3939586281776428
identity,padim,screw,motion,2,good,3,0,0.946738600730896,0.7829517722129822,0.7829517722129822
identity,padim,screw,motion,2,good,4,0,0.32035255432128906,0.47624069452285767,0.47624069452285767
identity,padim,screw,motion,2,good,5,0,1.0,0.9981141686439514,0.9981141686439514
identity,padim,screw,motion,2,good,6,0,0.6311459541320801,0.5670616626739502,0.5670616626739502
identity,padim,screw,motion,2,good,7,0,0.9694074392318726,0.7790611982345581,0.7790611982345581
identity,padim,screw,motion,2,manipulated_front,8,1,0.48670345544815063,0.5167111754417419,0.5167111754417419
identity,padim,screw,motion,2,manipulated_front,9,1,1.0,0.9073423147201538,0.9073423147201538
identity,padim,screw,motion,2,manipulated_front,10,1,0.6777824759483337,0.5482683181762695,0.5482683181762695
identity,padim,screw,motion,2,manipulated_front,11,1,0.7843326330184937,0.6159531474113464,0.6159531474113464
identity,padim,screw,motion,2,manipulated_front,12,1,1.0,1.0,1.0
identity,padim,screw,motion,2,manipulated_front,13,1,0.9335222840309143,0.8488953113555908,0.8488953113555908
identity,padim,screw,motion,2,manipulated_front,14,1,0.8528370261192322,0.7146714925765991,0.7146714925765991
identity,padim,screw,motion,2,manipulated_front,15,1,1.0,0.9477798938751221,0.9477798938751221
wiener,padim,screw,motion,2,good,0,0,0.8419417142868042,0.6973440051078796,0.6939219236373901
wiener,padim,screw,motion,2,good,1,0,0.5139491558074951,0.47690919041633606,0.41334447264671326
wiener,padim,screw,motion,2,good,2,0,0.3235850930213928,0.3939586281776428,0.6938031911849976
wiener,padim,screw,motion,2,good,3,0,0.946738600730896,0.7829517722129822,0.8108405470848083
wiener,padim,screw,motion,2,good,4,0,0.32035255432128906,0.47624069452285767,0.5806463956832886
wiener,padim,screw,motion,2,good,5,0,1.0,0.9981141686439514,1.0
wiener,padim,screw,motion,2,good,6,0,0.6311459541320801,0.5670616626739502,0.5958139300346375
wiener,padim,screw,motion,2,good,7,0,0.9694074392318726,0.7790611982345581,0.8205686807632446
wiener,padim,screw,motion,2,manipulated_front,8,1,0.48670345544815063,0.5167111754417419,0.48976433277130127
wiener,padim,screw,motion,2,manipulated_front,9,1,1.0,0.9073423147201538,0.8053065538406372
wiener,padim,screw,motion,2,manipulated_front,10,1,0.6777824759483337,0.5482683181762695,0.666058361530304
wiener,padim,screw,motion,2,manipulated_front,11,1,0.7843326330184937,0.6159531474113464,0.65871661901474
wiener,padim,screw,motion,2,manipulated_front,12,1,1.0,1.0,1.0
wiener,padim,screw,motion,2,manipulated_front,13,1,0.9335222840309143,0.8488953113555908,0.8482260704040527
wiener,padim,screw,motion,2,manipulated_front,14,1,0.8528370261192322,0.7146714925765991,0.6953968405723572
wiener,padim,screw,motion,2,manipulated_front,15,1,1.0,0.9477798938751221,0.9745694398880005
restormer_deblur,padim,screw,motion,2,good,0,0,0.8419417142868042,0.6973440051078796,0.6973440051078796
restormer_deblur,padim,screw,motion,2,good,1,0,0.5139491558074951,0.47690919041633606,0.47690919041633606
restormer_deblur,padim,screw,motion,2,good,2,0,0.3235850930213928,0.3939586281776428,0.39492136240005493
restormer_deblur,padim,screw,motion,2,good,3,0,0.946738600730896,0.7829517722129822,0.7829517722129822
restormer_deblur,padim,screw,motion,2,good,4,0,0.32035255432128906,0.47624069452285767,0.3776024580001831
restormer_deblur,padim,screw,motion,2,good,5,0,1.0,0.9981141686439514,0.9981141686439514
restormer_deblur,padim,screw,motion,2,good,6,0,0.6311459541320801,0.5670616626739502,0.6343840956687927
restormer_deblur,padim,screw,motion,2,good,7,0,0.9694074392318726,0.7790611982345581,0.9632991552352905
restormer_deblur,padim,screw,motion,2,manipulated_front,8,1,0.48670345544815063,0.5167111754417419,0.5167111754417419
restormer_deblur,padim,screw,motion,2,manipulated_front,9,1,1.0,0.9073423147201538,1.0
restormer_deblur,padim,screw,motion,2,manipulated_front,10,1,0.6777824759483337,0.5482683181762695,0.5482683181762695
restormer_deblur,padim,screw,motion,2,manipulated_front,11,1,0.7843326330184937,0.6159531474113464,0.6159531474113464
restormer_deblur,padim,screw,motion,2,manipulated_front,12,1,1.0,1.0,1.0
restormer_deblur,padim,screw,motion,2,manipulated_front,13,1,0.9335222840309143,0.8488953113555908,0.9493248462677002
restormer_deblur,padim,screw,motion,2,manipulated_front,14,1,0.8528370261192322,0.7146714925765991,0.8185338973999023
restormer_deblur,padim,screw,motion,2,manipulated_front,15,1,1.0,0.9477798938751221,1.0
divide_lpres_on,padim,screw,motion,2,good,0,0,0.8419417142868042,0.6973440051078796,0.7022930383682251
divide_lpres_on,padim,screw,motion,2,good,1,0,0.5139491558074951,0.47690919041633606,0.5030788779258728
divide_lpres_on,padim,screw,motion,2,good,2,0,0.3235850930213928,0.3939586281776428,0.5252106189727783
divide_lpres_on,padim,screw,motion,2,good,3,0,0.946738600730896,0.7829517722129822,0.7751476168632507
divide_lpres_on,padim,screw,motion,2,good,4,0,0.32035255432128906,0.47624069452285767,0.5562233924865723
divide_lpres_on,padim,screw,motion,2,good,5,0,1.0,0.9981141686439514,0.9383881092071533
divide_lpres_on,padim,screw,motion,2,good,6,0,0.6311459541320801,0.5670616626739502,0.6078076958656311
divide_lpres_on,padim,screw,motion,2,good,7,0,0.9694074392318726,0.7790611982345581,0.9460881948471069
divide_lpres_on,padim,screw,motion,2,manipulated_front,8,1,0.48670345544815063,0.5167111754417419,0.5225514769554138
divide_lpres_on,padim,screw,motion,2,manipulated_front,9,1,1.0,0.9073423147201538,0.8791569471359253
divide_lpres_on,padim,screw,motion,2,manipulated_front,10,1,0.6777824759483337,0.5482683181762695,0.5514041185379028
divide_lpres_on,padim,screw,motion,2,manipulated_front,11,1,0.7843326330184937,0.6159531474113464,0.6187363266944885
divide_lpres_on,padim,screw,motion,2,manipulated_front,12,1,1.0,1.0,0.9072122573852539
divide_lpres_on,padim,screw,motion,2,manipulated_front,13,1,0.9335222840309143,0.8488953113555908,0.875142514705658
divide_lpres_on,padim,screw,motion,2,manipulated_front,14,1,0.8528370261192322,0.7146714925765991,0.7045990824699402
divide_lpres_on,padim,screw,motion,2,manipulated_front,15,1,1.0,0.9477798938751221,1.0
divide_lpres_off,padim,screw,motion,2,good,0,0,0.8419417142868042,0.6973440051078796,0.6735904812812805
divide_lpres_off,padim,screw,motion,2,good,1,0,0.5139491558074951,0.47690919041633606,0.5122730731964111
divide_lpres_off,padim,screw,motion,2,good,2,0,0.3235850930213928,0.3939586281776428,0.4442126452922821
divide_lpres_off,padim,screw,motion,2,good,3,0,0.946738600730896,0.7829517722129822,0.7561016082763672
divide_lpres_off,padim,screw,motion,2,good,4,0,0.32035255432128906,0.47624069452285767,0.43373340368270874
divide_lpres_off,padim,screw,motion,2,good,5,0,1.0,0.9981141686439514,0.9305819272994995
divide_lpres_off,padim,screw,motion,2,good,6,0,0.6311459541320801,0.5670616626739502,0.6001873016357422
divide_lpres_off,padim,screw,motion,2,good,7,0,0.9694074392318726,0.7790611982345581,0.9611644744873047
divide_lpres_off,padim,screw,motion,2,manipulated_front,8,1,0.48670345544815063,0.5167111754417419,0.523414134979248
divide_lpres_off,padim,screw,motion,2,manipulated_front,9,1,1.0,0.9073423147201538,0.9219361543655396
divide_lpres_off,padim,screw,motion,2,manipulated_front,10,1,0.6777824759483337,0.5482683181762695,0.5451216101646423
divide_lpres_off,padim,screw,motion,2,manipulated_front,11,1,0.7843326330184937,0.6159531474113464,0.6123698949813843
divide_lpres_off,padim,screw,motion,2,manipulated_front,12,1,1.0,1.0,0.9752970933914185
divide_lpres_off,padim,screw,motion,2,manipulated_front,13,1,0.9335222840309143,0.8488953113555908,0.9004889726638794
divide_lpres_off,padim,screw,motion,2,manipulated_front,14,1,0.8528370261192322,0.7146714925765991,0.6993793845176697
divide_lpres_off,padim,screw,motion,2,manipulated_front,15,1,1.0,0.9477798938751221,1.0
identity,padim,screw,motion,3,good,0,0,0.8419417142868042,0.641237735748291,0.641237735748291
identity,padim,screw,motion,3,good,1,0,0.5139491558074951,0.47773149609565735,0.47773149609565735
identity,padim,screw,motion,3,good,2,0,0.3235850930213928,0.4269833266735077,0.4269833266735077
identity,padim,screw,motion,3,good,3,0,0.946738600730896,0.7608288526535034,0.7608288526535034
identity,padim,screw,motion,3,good,4,0,0.32035255432128906,0.5607426166534424,0.5607426166534424
identity,padim,screw,motion,3,good,5,0,1.0,0.8980501890182495,0.8980501890182495
identity,padim,screw,motion,3,good,6,0,0.6311459541320801,0.5267704725265503,0.5267704725265503
identity,padim,screw,motion,3,good,7,0,0.9694074392318726,0.7150273323059082,0.7150273323059082
identity,padim,screw,motion,3,manipulated_front,8,1,0.48670345544815063,0.5174193978309631,0.5174193978309631
identity,padim,screw,motion,3,manipulated_front,9,1,1.0,0.7669644951820374,0.7669644951820374
identity,padim,screw,motion,3,manipulated_front,10,1,0.6777824759483337,0.56598299741745,0.56598299741745
identity,padim,screw,motion,3,manipulated_front,11,1,0.7843326330184937,0.6304669380187988,0.6304669380187988
identity,padim,screw,motion,3,manipulated_front,12,1,1.0,1.0,1.0
identity,padim,screw,motion,3,manipulated_front,13,1,0.9335222840309143,0.7202402353286743,0.7202402353286743
identity,padim,screw,motion,3,manipulated_front,14,1,0.8528370261192322,0.6645544171333313,0.6645544171333313
identity,padim,screw,motion,3,manipulated_front,15,1,1.0,0.8467459678649902,0.8467459678649902
wiener,padim,screw,motion,3,good,0,0,0.8419417142868042,0.641237735748291,0.7599488496780396
wiener,padim,screw,motion,3,good,1,0,0.5139491558074951,0.47773149609565735,0.8147382140159607
wiener,padim,screw,motion,3,good,2,0,0.3235850930213928,0.4269833266735077,0.7759122848510742
wiener,padim,screw,motion,3,good,3,0,0.946738600730896,0.7608288526535034,0.6857176423072815
wiener,padim,screw,motion,3,good,4,0,0.32035255432128906,0.5607426166534424,0.6074498295783997
wiener,padim,screw,motion,3,good,5,0,1.0,0.8980501890182495,0.8441979885101318
wiener,padim,screw,motion,3,good,6,0,0.6311459541320801,0.5267704725265503,0.7395752668380737
wiener,padim,screw,motion,3,good,7,0,0.9694074392318726,0.7150273323059082,0.8224558234214783
wiener,padim,screw,motion,3,manipulated_front,8,1,0.48670345544815063,0.5174193978309631,0.797985315322876
wiener,padim,screw,motion,3,manipulated_front,9,1,1.0,0.7669644951820374,0.7201740741729736
wiener,padim,screw,motion,3,manipulated_front,10,1,0.6777824759483337,0.56598299741745,0.7400787472724915
wiener,padim,screw,motion,3,manipulated_front,11,1,0.7843326330184937,0.6304669380187988,0.6263124942779541
wiener,padim,screw,motion,3,manipulated_front,12,1,1.0,1.0,1.0
wiener,padim,screw,motion,3,manipulated_front,13,1,0.9335222840309143,0.7202402353286743,0.8183270692825317
wiener,padim,screw,motion,3,manipulated_front,14,1,0.8528370261192322,0.6645544171333313,0.6836799383163452
wiener,padim,screw,motion,3,manipulated_front,15,1,1.0,0.8467459678649902,0.9388926029205322
restormer_deblur,padim,screw,motion,3,good,0,0,0.8419417142868042,0.641237735748291,0.668957531452179
restormer_deblur,padim,screw,motion,3,good,1,0,0.5139491558074951,0.47773149609565735,0.5100815892219543
restormer_deblur,padim,screw,motion,3,good,2,0,0.3235850930213928,0.4269833266735077,0.39694535732269287
restormer_deblur,padim,screw,motion,3,good,3,0,0.946738600730896,0.7608288526535034,0.8805045485496521
restormer_deblur,padim,screw,motion,3,good,4,0,0.32035255432128906,0.5607426166534424,0.41747617721557617
restormer_deblur,padim,screw,motion,3,good,5,0,1.0,0.8980501890182495,1.0
restormer_deblur,padim,screw,motion,3,good,6,0,0.6311459541320801,0.5267704725265503,0.6594345569610596
restormer_deblur,padim,screw,motion,3,good,7,0,0.9694074392318726,0.7150273323059082,0.9084058403968811
restormer_deblur,padim,screw,motion,3,manipulated_front,8,1,0.48670345544815063,0.5174193978309631,0.5566253662109375
restormer_deblur,padim,screw,motion,3,manipulated_front,9,1,1.0,0.7669644951820374,0.7971357107162476
restormer_deblur,padim,screw,motion,3,manipulated_front,10,1,0.6777824759483337,0.56598299741745,0.6369854211807251
restormer_deblur,padim,screw,motion,3,manipulated_front,11,1,0.7843326330184937,0.6304669380187988,0.6304669380187988
restormer_deblur,padim,screw,motion,3,manipulated_front,12,1,1.0,1.0,1.0
restormer_deblur,padim,screw,motion,3,manipulated_front,13,1,0.9335222840309143,0.7202402353286743,0.9150230884552002
restormer_deblur,padim,screw,motion,3,manipulated_front,14,1,0.8528370261192322,0.6645544171333313,0.8251415491104126
restormer_deblur,padim,screw,motion,3,manipulated_front,15,1,1.0,0.8467459678649902,1.0
divide_lpres_on,padim,screw,motion,3,good,0,0,0.8419417142868042,0.641237735748291,0.7998217344284058
divide_lpres_on,padim,screw,motion,3,good,1,0,0.5139491558074951,0.47773149609565735,0.47765758633613586
divide_lpres_on,padim,screw,motion,3,good,2,0,0.3235850930213928,0.4269833266735077,0.5298367738723755
divide_lpres_on,padim,screw,motion,3,good,3,0,0.946738600730896,0.7608288526535034,0.8253419399261475
divide_lpres_on,padim,screw,motion,3,good,4,0,0.32035255432128906,0.5607426166534424,0.4506307542324066
divide_lpres_on,padim,screw,motion,3,good,5,0,1.0,0.8980501890182495,0.8014742136001587
divide_lpres_on,padim,screw,motion,3,good,6,0,0.6311459541320801,0.5267704725265503,0.5513489842414856
divide_lpres_on,padim,screw,motion,3,good,7,0,0.9694074392318726,0.7150273323059082,0.9162780046463013
divide_lpres_on,padim,screw,motion,3,manipulated_front,8,1,0.48670345544815063,0.5174193978309631,0.7255854606628418
divide_lpres_on,padim,screw,motion,3,manipulated_front,9,1,1.0,0.7669644951820374,0.6947153806686401
divide_lpres_on,padim,screw,motion,3,manipulated_front,10,1,0.6777824759483337,0.56598299741745,0.6074067950248718
divide_lpres_on,padim,screw,motion,3,manipulated_front,11,1,0.7843326330184937,0.6304669380187988,0.6252032518386841
divide_lpres_on,padim,screw,motion,3,manipulated_front,12,1,1.0,1.0,1.0
divide_lpres_on,padim,screw,motion,3,manipulated_front,13,1,0.9335222840309143,0.7202402353286743,0.8006820678710938
divide_lpres_on,padim,screw,motion,3,manipulated_front,14,1,0.8528370261192322,0.6645544171333313,0.8192935585975647
divide_lpres_on,padim,screw,motion,3,manipulated_front,15,1,1.0,0.8467459678649902,0.8745876550674438
divide_lpres_off,padim,screw,motion,3,good,0,0,0.8419417142868042,0.641237735748291,0.7168774604797363
divide_lpres_off,padim,screw,motion,3,good,1,0,0.5139491558074951,0.47773149609565735,0.46539169549942017
divide_lpres_off,padim,screw,motion,3,good,2,0,0.3235850930213928,0.4269833266735077,0.5027308464050293
divide_lpres_off,padim,screw,motion,3,good,3,0,0.946738600730896,0.7608288526535034,0.808480441570282
divide_lpres_off,padim,screw,motion,3,good,4,0,0.32035255432128906,0.5607426166534424,0.42317163944244385
divide_lpres_off,padim,screw,motion,3,good,5,0,1.0,0.8980501890182495,0.8366918563842773
divide_lpres_off,padim,screw,motion,3,good,6,0,0.6311459541320801,0.5267704725265503,0.5596497654914856
divide_lpres_off,padim,screw,motion,3,good,7,0,0.9694074392318726,0.7150273323059082,0.9234464168548584
divide_lpres_off,padim,screw,motion,3,manipulated_front,8,1,0.48670345544815063,0.5174193978309631,0.7202637195587158
divide_lpres_off,padim,screw,motion,3,manipulated_front,9,1,1.0,0.7669644951820374,0.7548325061798096
divide_lpres_off,padim,screw,motion,3,manipulated_front,10,1,0.6777824759483337,0.56598299741745,0.6166960000991821
divide_lpres_off,padim,screw,motion,3,manipulated_front,11,1,0.7843326330184937,0.6304669380187988,0.6450902819633484
divide_lpres_off,padim,screw,motion,3,manipulated_front,12,1,1.0,1.0,1.0
divide_lpres_off,padim,screw,motion,3,manipulated_front,13,1,0.9335222840309143,0.7202402353286743,0.8436053991317749
divide_lpres_off,padim,screw,motion,3,manipulated_front,14,1,0.8528370261192322,0.6645544171333313,0.7748818397521973
divide_lpres_off,padim,screw,motion,3,manipulated_front,15,1,1.0,0.8467459678649902,0.9481003880500793
identity,padim,screw,motion,4,good,0,0,0.8419417142868042,0.6457776427268982,0.6457776427268982
identity,padim,screw,motion,4,good,1,0,0.5139491558074951,0.4830116033554077,0.4830116033554077
identity,padim,screw,motion,4,good,2,0,0.3235850930213928,0.44191938638687134,0.44191938638687134
identity,padim,screw,motion,4,good,3,0,0.946738600730896,0.7430468797683716,0.7430468797683716
identity,padim,screw,motion,4,good,4,0,0.32035255432128906,0.5193281173706055,0.5193281173706055
identity,padim,screw,motion,4,good,5,0,1.0,0.8589526414871216,0.8589526414871216
identity,padim,screw,motion,4,good,6,0,0.6311459541320801,0.49525123834609985,0.49525123834609985
identity,padim,screw,motion,4,good,7,0,0.9694074392318726,0.7131611704826355,0.7131611704826355
identity,padim,screw,motion,4,manipulated_front,8,1,0.48670345544815063,0.48909470438957214,0.48909470438957214
identity,padim,screw,motion,4,manipulated_front,9,1,1.0,0.7186789512634277,0.7186789512634277
identity,padim,screw,motion,4,manipulated_front,10,1,0.6777824759483337,0.5727388262748718,0.5727388262748718
identity,padim,screw,motion,4,manipulated_front,11,1,0.7843326330184937,0.6476789712905884,0.6476789712905884
identity,padim,screw,motion,4,manipulated_front,12,1,1.0,0.9704564809799194,0.9704564809799194
identity,padim,screw,motion,4,manipulated_front,13,1,0.9335222840309143,0.7016099095344543,0.7016099095344543
identity,padim,screw,motion,4,manipulated_front,14,1,0.8528370261192322,0.6269856691360474,0.6269856691360474
identity,padim,screw,motion,4,manipulated_front,15,1,1.0,0.8177603483200073,0.8177603483200073
wiener,padim,screw,motion,4,good,0,0,0.8419417142868042,0.6457776427268982,0.6744897961616516
wiener,padim,screw,motion,4,good,1,0,0.5139491558074951,0.4830116033554077,0.8053519129753113
wiener,padim,screw,motion,4,good,2,0,0.3235850930213928,0.44191938638687134,0.8099261522293091
wiener,padim,screw,motion,4,good,3,0,0.946738600730896,0.7430468797683716,0.6036562919616699
wiener,padim,screw,motion,4,good,4,0,0.32035255432128906,0.5193281173706055,0.5605410933494568
wiener,padim,screw,motion,4,good,5,0,1.0,0.8589526414871216,0.932741641998291
wiener,padim,screw,motion,4,good,6,0,0.6311459541320801,0.49525123834609985,0.6407722234725952
wiener,padim,screw,motion,4,good,7,0,0.9694074392318726,0.7131611704826355,0.7538830041885376
wiener,padim,screw,motion,4,manipulated_front,8,1,0.48670345544815063,0.48909470438957214,0.7585057020187378
wiener,padim,screw,motion,4,manipulated_front,9,1,1.0,0.7186789512634277,0.7100979089736938
wiener,padim,screw,motion,4,manipulated_front,10,1,0.6777824759483337,0.5727388262748718,0.8001223802566528
wiener,padim,screw,motion,4,manipulated_front,11,1,0.7843326330184937,0.6476789712905884,0.6662306189537048
wiener,padim,screw,motion,4,manipulated_front,12,1,1.0,0.9704564809799194,0.8934453129768372
wiener,padim,screw,motion,4,manipulated_front,13,1,0.9335222840309143,0.7016099095344543,0.74562668800354
wiener,padim,screw,motion,4,manipulated_front,14,1,0.8528370261192322,0.6269856691360474,0.7083924412727356
wiener,padim,screw,motion,4,manipulated_front,15,1,1.0,0.8177603483200073,1.0
restormer_deblur,padim,screw,motion,4,good,0,0,0.8419417142868042,0.6457776427268982,0.7063626646995544
restormer_deblur,padim,screw,motion,4,good,1,0,0.5139491558074951,0.4830116033554077,0.5843220949172974
restormer_deblur,padim,screw,motion,4,good,2,0,0.3235850930213928,0.44191938638687134,0.46134376525878906
restormer_deblur,padim,screw,motion,4,good,3,0,0.946738600730896,0.7430468797683716,0.7348651885986328
restormer_deblur,padim,screw,motion,4,good,4,0,0.32035255432128906,0.5193281173706055,0.5193281173706055
restormer_deblur,padim,screw,motion,4,good,5,0,1.0,0.8589526414871216,1.0
restormer_deblur,padim,screw,motion,4,good,6,0,0.6311459541320801,0.49525123834609985,0.5923866629600525
restormer_deblur,padim,screw,motion,4,good,7,0,0.9694074392318726,0.7131611704826355,0.7131611704826355
restormer_deblur,padim,screw,motion,4,manipulated_front,8,1,0.48670345544815063,0.48909470438957214,0.5022324323654175
restormer_deblur,padim,screw,motion,4,manipulated_front,9,1,1.0,0.7186789512634277,0.7186789512634277
restormer_deblur,padim,screw,motion,4,manipulated_front,10,1,0.6777824759483337,0.5727388262748718,0.6070313453674316
restormer_deblur,padim,screw,motion,4,manipulated_front,11,1,0.7843326330184937,0.6476789712905884,0.6476789712905884
restormer_deblur,padim,screw,motion,4,manipulated_front,12,1,1.0,0.9704564809799194,1.0
restormer_deblur,padim,screw,motion,4,manipulated_front,13,1,0.9335222840309143,0.7016099095344543,0.7567836046218872
restormer_deblur,padim,screw,motion,4,manipulated_front,14,1,0.8528370261192322,0.6269856691360474,0.8253092765808105
restormer_deblur,padim,screw,motion,4,manipulated_front,15,1,1.0,0.8177603483200073,1.0
divide_lpres_on,padim,screw,motion,4,good,0,0,0.8419417142868042,0.6457776427268982,0.693046510219574
divide_lpres_on,padim,screw,motion,4,good,1,0,0.5139491558074951,0.4830116033554077,0.6456338763237
divide_lpres_on,padim,screw,motion,4,good,2,0,0.3235850930213928,0.44191938638687134,0.5378235578536987
divide_lpres_on,padim,screw,motion,4,good,3,0,0.946738600730896,0.7430468797683716,0.7917165756225586
divide_lpres_on,padim,screw,motion,4,good,4,0,0.32035255432128906,0.5193281173706055,0.5324122905731201
divide_lpres_on,padim,screw,motion,4,good,5,0,1.0,0.8589526414871216,0.8522859811782837
divide_lpres_on,padim,screw,motion,4,good,6,0,0.6311459541320801,0.49525123834609985,0.6364036798477173
divide_lpres_on,padim,screw,motion,4,good,7,0,0.9694074392318726,0.7131611704826355,0.7153206467628479
divide_lpres_on,padim,screw,motion,4,manipulated_front,8,1,0.48670345544815063,0.48909470438957214,0.659496545791626
divide_lpres_on,padim,screw,motion,4,manipulated_front,9,1,1.0,0.7186789512634277,0.7074690461158752
divide_lpres_on,padim,screw,motion,4,manipulated_front,10,1,0.6777824759483337,0.5727388262748718,0.6943320631980896
divide_lpres_on,padim,screw,motion,4,manipulated_front,11,1,0.7843326330184937,0.6476789712905884,0.6500945091247559
divide_lpres_on,padim,screw,motion,4,manipulated_front,12,1,1.0,0.9704564809799194,0.8688466548919678
divide_lpres_on,padim,screw,motion,4,manipulated_front,13,1,0.9335222840309143,0.7016099095344543,0.7318449020385742
divide_lpres_on,padim,screw,motion,4,manipulated_front,14,1,0.8528370261192322,0.6269856691360474,0.7524579763412476
divide_lpres_on,padim,screw,motion,4,manipulated_front,15,1,1.0,0.8177603483200073,0.9052252769470215
divide_lpres_off,padim,screw,motion,4,good,0,0,0.8419417142868042,0.6457776427268982,0.6573934555053711
divide_lpres_off,padim,screw,motion,4,good,1,0,0.5139491558074951,0.4830116033554077,0.6034144163131714
divide_lpres_off,padim,screw,motion,4,good,2,0,0.3235850930213928,0.44191938638687134,0.4814247488975525
divide_lpres_off,padim,screw,motion,4,good,3,0,0.946738600730896,0.7430468797683716,0.7800333499908447
divide_lpres_off,padim,screw,motion,4,good,4,0,0.32035255432128906,0.5193281173706055,0.5041971802711487
divide_lpres_off,padim,screw,motion,4,good,5,0,1.0,0.8589526414871216,0.9118604063987732
divide_lpres_off,padim,screw,motion,4,good,6,0,0.6311459541320801,0.49525123834609985,0.6042534112930298
divide_lpres_off,padim,screw,motion,4,good,7,0,0.9694074392318726,0.7131611704826355,0.7161085605621338
divide_lpres_off,padim,screw,motion,4,manipulated_front,8,1,0.48670345544815063,0.48909470438957214,0.6664140224456787
divide_lpres_off,padim,screw,motion,4,manipulated_front,9,1,1.0,0.7186789512634277,0.7088853716850281
divide_lpres_off,padim,screw,motion,4,manipulated_front,10,1,0.6777824759483337,0.5727388262748718,0.7029193043708801
divide_lpres_off,padim,screw,motion,4,manipulated_front,11,1,0.7843326330184937,0.6476789712905884,0.6395757794380188
divide_lpres_off,padim,screw,motion,4,manipulated_front,12,1,1.0,0.9704564809799194,0.9034771919250488
divide_lpres_off,padim,screw,motion,4,manipulated_front,13,1,0.9335222840309143,0.7016099095344543,0.692329466342926
divide_lpres_off,padim,screw,motion,4,manipulated_front,14,1,0.8528370261192322,0.6269856691360474,0.7251685857772827
divide_lpres_off,padim,screw,motion,4,manipulated_front,15,1,1.0,0.8177603483200073,0.9340242147445679
identity,padim,screw,noise,2,good,0,0,0.8419417142868042,0.7928858995437622,0.7928858995437622
identity,padim,screw,noise,2,good,1,0,0.5139491558074951,0.576708197593689,0.576708197593689
identity,padim,screw,noise,2,good,2,0,0.3235850930213928,0.5114873647689819,0.5114873647689819
identity,padim,screw,noise,2,good,3,0,0.946738600730896,0.9065495133399963,0.9065495133399963
identity,padim,screw,noise,2,good,4,0,0.32035255432128906,0.46886348724365234,0.46886348724365234
identity,padim,screw,noise,2,good,5,0,1.0,0.9750348329544067,0.9750348329544067
identity,padim,screw,noise,2,good,6,0,0.6311459541320801,0.7723450660705566,0.7723450660705566
identity,padim,screw,noise,2,good,7,0,0.9694074392318726,0.9394369125366211,0.9394369125366211
identity,padim,screw,noise,2,manipulated_front,8,1,0.48670345544815063,0.619479775428772,0.619479775428772
identity,padim,screw,noise,2,manipulated_front,9,1,1.0,1.0,1.0
identity,padim,screw,noise,2,manipulated_front,10,1,0.6777824759483337,0.6163364052772522,0.6163364052772522
identity,padim,screw,noise,2,manipulated_front,11,1,0.7843326330184937,0.7903562784194946,0.7903562784194946
identity,padim,screw,noise,2,manipulated_front,12,1,1.0,1.0,1.0
identity,padim,screw,noise,2,manipulated_front,13,1,0.9335222840309143,0.8976296186447144,0.8976296186447144
identity,padim,screw,noise,2,manipulated_front,14,1,0.8528370261192322,0.7550805807113647,0.7550805807113647
identity,padim,screw,noise,2,manipulated_front,15,1,1.0,1.0,1.0
wiener,padim,screw,noise,2,good,0,0,0.8419417142868042,0.7928858995437622,0.8066563606262207
wiener,padim,screw,noise,2,good,1,0,0.5139491558074951,0.576708197593689,0.5673208236694336
wiener,padim,screw,noise,2,good,2,0,0.3235850930213928,0.5114873647689819,0.515036940574646
wiener,padim,screw,noise,2,good,3,0,0.946738600730896,0.9065495133399963,0.7793349027633667
wiener,padim,screw,noise,2,good,4,0,0.32035255432128906,0.46886348724365234,0.5085705518722534
wiener,padim,screw,noise,2,good,5,0,1.0,0.9750348329544067,0.9635049104690552
wiener,padim,screw,noise,2,good,6,0,0.6311459541320801,0.7723450660705566,0.7938314080238342
wiener,padim,screw,noise,2,good,7,0,0.9694074392318726,0.9394369125366211,0.880773663520813
wiener,padim,screw,noise,2,manipulated_front,8,1,0.48670345544815063,0.619479775428772,0.6126212477684021
wiener,padim,screw,noise,2,manipulated_front,9,1,1.0,1.0,0.9094153642654419
wiener,padim,screw,noise,2,manipulated_front,10,1,0.6777824759483337,0.6163364052772522,0.6147266626358032
wiener,padim,screw,noise,2,manipulated_front,11,1,0.7843326330184937,0.7903562784194946,0.665895938873291
wiener,padim,screw,noise,2,manipulated_front,12,1,1.0,1.0,0.9373518228530884
wiener,padim,screw,noise,2,manipulated_front,13,1,0.9335222840309143,0.8976296186447144,0.9354140758514404
wiener,padim,screw,noise,2,manipulated_front,14,1,0.8528370261192322,0.7550805807113647,0.7637192606925964
wiener,padim,screw,noise,2,manipulated_front,15,1,1.0,1.0,0.9826614260673523
restormer_deblur,padim,screw,noise,2,good,0,0,0.8419417142868042,0.7928858995437622,0.7928858995437622
restormer_deblur,padim,screw,noise,2,good,1,0,0.5139491558074951,0.576708197593689,0.576708197593689
restormer_deblur,padim,screw,noise,2,good,2,0,0.3235850930213928,0.5114873647689819,0.5114873647689819
restormer_deblur,padim,screw,noise,2,good,3,0,0.946738600730896,0.9065495133399963,0.9065495133399963
restormer_deblur,padim,screw,noise,2,good,4,0,0.32035255432128906,0.46886348724365234,0.46886348724365234
restormer_deblur,padim,screw,noise,2,good,5,0,1.0,0.9750348329544067,0.9750348329544067
restormer_deblur,padim,screw,noise,2,good,6,0,0.6311459541320801,0.7723450660705566,0.7723450660705566
restormer_deblur,padim,screw,noise,2,good,7,0,0.9694074392318726,0.9394369125366211,0.9394369125366211
restormer_deblur,padim,screw,noise,2,manipulated_front,8,1,0.48670345544815063,0.619479775428772,0.619479775428772
restormer_deblur,padim,screw,noise,2,manipulated_front,9,1,1.0,1.0,1.0
restormer_deblur,padim,screw,noise,2,manipulated_front,10,1,0.6777824759483337,0.6163364052772522,0.6163364052772522
restormer_deblur,padim,screw,noise,2,manipulated_front,11,1,0.7843326330184937,0.7903562784194946,0.7903562784194946
restormer_deblur,padim,screw,noise,2,manipulated_front,12,1,1.0,1.0,1.0
restormer_deblur,padim,screw,noise,2,manipulated_front,13,1,0.9335222840309143,0.8976296186447144,0.8976296186447144
restormer_deblur,padim,screw,noise,2,manipulated_front,14,1,0.8528370261192322,0.7550805807113647,0.7550805807113647
restormer_deblur,padim,screw,noise,2,manipulated_front,15,1,1.0,1.0,1.0
divide_lpres_on,padim,screw,noise,2,good,0,0,0.8419417142868042,0.7928858995437622,0.849711537361145
divide_lpres_on,padim,screw,noise,2,good,1,0,0.5139491558074951,0.576708197593689,0.5852266550064087
divide_lpres_on,padim,screw,noise,2,good,2,0,0.3235850930213928,0.5114873647689819,0.47306954860687256
divide_lpres_on,padim,screw,noise,2,good,3,0,0.946738600730896,0.9065495133399963,0.8823913335800171
divide_lpres_on,padim,screw,noise,2,good,4,0,0.32035255432128906,0.46886348724365234,0.4306837022304535
divide_lpres_on,padim,screw,noise,2,good,5,0,1.0,0.9750348329544067,0.9372330904006958
divide_lpres_on,padim,screw,noise,2,good,6,0,0.6311459541320801,0.7723450660705566,0.7277016639709473
divide_lpres_on,padim,screw,noise,2,good,7,0,0.9694074392318726,0.9394369125366211,0.9902469515800476
divide_lpres_on,padim,screw,noise,2,manipulated_front,8,1,0.48670345544815063,0.619479775428772,0.6184717416763306
divide_lpres_on,padim,screw,noise,2,manipulated_front,9,1,1.0,1.0,1.0
divide_lpres_on,padim,screw,noise,2,manipulated_front,10,1,0.6777824759483337,0.6163364052772522,0.6781830787658691
divide_lpres_on,padim,screw,noise,2,manipulated_front,11,1,0.7843326330184937,0.7903562784194946,0.7501076459884644
divide_lpres_on,padim,screw,noise,2,manipulated_front,12,1,1.0,1.0,0.9631443023681641
divide_lpres_on,padim,screw,noise,2,manipulated_front,13,1,0.9335222840309143,0.8976296186447144,0.8403991460800171
divide_lpres_on,padim,screw,noise,2,manipulated_front,14,1,0.8528370261192322,0.7550805807113647,0.7462725043296814
divide_lpres_on,padim,screw,noise,2,manipulated_front,15,1,1.0,1.0,1.0
divide_lpres_off,padim,screw,noise,2,good,0,0,0.8419417142868042,0.7928858995437622,0.7191225290298462
divide_lpres_off,padim,screw,noise,2,good,1,0,0.5139491558074951,0.576708197593689,0.4846130907535553
divide_lpres_off,padim,screw,noise,2,good,2,0,0.3235850930213928,0.5114873647689819,0.36709925532341003
divide_lpres_off,padim,screw,noise,2,good,3,0,0.946738600730896,0.9065495133399963,0.7253647446632385
divide_lpres_off,padim,screw,noise,2,good,4,0,0.32035255432128906,0.46886348724365234,0.4131079912185669
divide_lpres_off,padim,screw,noise,2,good,5,0,1.0,0.9750348329544067,0.9558881521224976
divide_lpres_off,padim,screw,noise,2,good,6,0,0.6311459541320801,0.7723450660705566,0.5636661648750305
divide_lpres_off,padim,screw,noise,2,good,7,0,0.9694074392318726,0.9394369125366211,0.8312613368034363
divide_lpres_off,padim,screw,noise,2,manipulated_front,8,1,0.48670345544815063,0.619479775428772,0.5743477940559387
divide_lpres_off,padim,screw,noise,2,manipulated_front,9,1,1.0,1.0,0.9220200777053833
divide_lpres_off,padim,screw,noise,2,manipulated_front,10,1,0.6777824759483337,0.6163364052772522,0.6597350835800171
divide_lpres_off,padim,screw,noise,2,manipulated_front,11,1,0.7843326330184937,0.7903562784194946,0.6486501693725586
divide_lpres_off,padim,screw,noise,2,manipulated_front,12,1,1.0,1.0,0.8585434556007385
divide_lpres_off,padim,screw,noise,2,manipulated_front,13,1,0.9335222840309143,0.8976296186447144,0.7983576059341431
divide_lpres_off,padim,screw,noise,2,manipulated_front,14,1,0.8528370261192322,0.7550805807113647,0.728508472442627
divide_lpres_off,padim,screw,noise,2,manipulated_front,15,1,1.0,1.0,0.8422597646713257
identity,padim,screw,noise,3,good,0,0,0.8419417142868042,0.7698855400085449,0.7698855400085449
identity,padim,screw,noise,3,good,1,0,0.5139491558074951,0.5311606526374817,0.5311606526374817
identity,padim,screw,noise,3,good,2,0,0.3235850930213928,0.5444352030754089,0.5444352030754089
identity,padim,screw,noise,3,good,3,0,0.946738600730896,0.8387984037399292,0.8387984037399292
identity,padim,screw,noise,3,good,4,0,0.32035255432128906,0.4986564517021179,0.4986564517021179
identity,padim,screw,noise,3,good,5,0,1.0,0.9054789543151855,0.9054789543151855
identity,padim,screw,noise,3,good,6,0,0.6311459541320801,0.7433284521102905,0.7433284521102905
identity,padim,screw,noise,3,good,7,0,0.9694074392318726,0.9808880090713501,0.9808880090713501
identity,padim,screw,noise,3,manipulated_front,8,1,0.48670345544815063,0.6416157484054565,0.6416157484054565
identity,padim,screw,noise,3,manipulated_front,9,1,1.0,0.9418915510177612,0.9418915510177612
identity,padim,screw,noise,3,manipulated_front,10,1,0.6777824759483337,0.6010363698005676,0.6010363698005676
identity,padim,screw,noise,3,manipulated_front,11,1,0.7843326330184937,0.6909241676330566,0.6909241676330566
identity,padim,screw,noise,3,manipulated_front,12,1,1.0,0.9937163591384888,0.9937163591384888
identity,padim,screw,noise,3,manipulated_front,13,1,0.9335222840309143,0.7903709411621094,0.7903709411621094
identity,padim,screw,noise,3,manipulated_front,14,1,0.8528370261192322,0.7428759336471558,0.7428759336471558
identity,padim,screw,noise,3,manipulated_front,15,1,1.0,0.9484143257141113,0.9484143257141113
wiener,padim,screw,noise,3,good,0,0,0.8419417142868042,0.7698855400085449,0.7150497436523438
wiener,padim,screw,noise,3,good,1,0,0.5139491558074951,0.5311606526374817,0.5685663223266602
wiener,padim,screw,noise,3,good,2,0,0.3235850930213928,0.5444352030754089,0.5141172409057617
wiener,padim,screw,noise,3,good,3,0,0.946738600730896,0.8387984037399292,0.7605233788490295
wiener,padim,screw,noise,3,good,4,0,0.32035255432128906,0.4986564517021179,0.5469337105751038
wiener,padim,screw,noise,3,good,5,0,1.0,0.9054789543151855,0.9341261386871338
wiener,padim,screw,noise,3,good,6,0,0.6311459541320801,0.7433284521102905,0.7632200121879578
wiener,padim,screw,noise,3,good,7,0,0.9694074392318726,0.9808880090713501,0.88726806640625
wiener,padim,screw,noise,3,manipulated_front,8,1,0.48670345544815063,0.6416157484054565,0.5972003936767578
wiener,padim,screw,noise,3,manipulated_front,9,1,1.0,0.9418915510177612,0.8007199764251709
wiener,padim,screw,noise,3,manipulated_front,10,1,0.6777824759483337,0.6010363698005676,0.6166122555732727
wiener,padim,screw,noise,3,manipulated_front,11,1,0.7843326330184937,0.6909241676330566,0.6518208980560303
wiener,padim,screw,noise,3,manipulated_front,12,1,1.0,0.9937163591384888,0.8788166046142578
wiener,padim,screw,noise,3,manipulated_front,13,1,0.9335222840309143,0.7903709411621094,0.8728177547454834
wiener,padim,screw,noise,3,manipulated_front,14,1,0.8528370261192322,0.7428759336471558,0.7283864617347717
wiener,padim,screw,noise,3,manipulated_front,15,1,1.0,0.9484143257141113,0.940673828125
restormer_deblur,padim,screw,noise,3,good,0,0,0.8419417142868042,0.7698855400085449,0.7698855400085449
restormer_deblur,padim,screw,noise,3,good,1,0,0.5139491558074951,0.5311606526374817,0.5311606526374817
restormer_deblur,padim,screw,noise,3,good,2,0,0.3235850930213928,0.5444352030754089,0.5444352030754089
restormer_deblur,padim,screw,noise,3,good,3,0,0.946738600730896,0.8387984037399292,0.8387984037399292
restormer_deblur,padim,screw,noise,3,good,4,0,0.32035255432128906,0.4986564517021179,0.4986564517021179
restormer_deblur,padim,screw,noise,3,good,5,0,1.0,0.9054789543151855,0.9054789543151855
restormer_deblur,padim,screw,noise,3,good,6,0,0.6311459541320801,0.7433284521102905,0.7433284521102905
restormer_deblur,padim,screw,noise,3,good,7,0,0.9694074392318726,0.9808880090713501,0.9808880090713501
restormer_deblur,padim,screw,noise,3,manipulated_front,8,1,0.48670345544815063,0.6416157484054565,0.6416157484054565
restormer_deblur,padim,screw,noise,3,manipulated_front,9,1,1.0,0.9418915510177612,0.9418915510177612
restormer_deblur,padim,screw,noise,3,manipulated_front,10,1,0.6777824759483337,0.6010363698005676,0.6010363698005676
restormer_deblur,padim,screw,noise,3,manipulated_front,11,1,0.7843326330184937,0.6909241676330566,0.6909241676330566
restormer_deblur,padim,screw,noise,3,manipulated_front,12,1,1.0,0.9937163591384888,0.9937163591384888
restormer_deblur,padim,screw,noise,3,manipulated_front,13,1,0.9335222840309143,0.7903709411621094,0.7903709411621094
restormer_deblur,padim,screw,noise,3,manipulated_front,14,1,0.8528370261192322,0.7428759336471558,0.7428759336471558
restormer_deblur,padim,screw,noise,3,manipulated_front,15,1,1.0,0.9484143257141113,0.9484143257141113
divide_lpres_on,padim,screw,noise,3,good,0,0,0.8419417142868042,0.7698855400085449,0.7348778247833252
divide_lpres_on,padim,screw,noise,3,good,1,0,0.5139491558074951,0.5311606526374817,0.6173840165138245
divide_lpres_on,padim,screw,noise,3,good,2,0,0.3235850930213928,0.5444352030754089,0.48753488063812256
divide_lpres_on,padim,screw,noise,3,good,3,0,0.946738600730896,0.8387984037399292,0.8299816846847534
divide_lpres_on,padim,screw,noise,3,good,4,0,0.32035255432128906,0.4986564517021179,0.47103020548820496
divide_lpres_on,padim,screw,noise,3,good,5,0,1.0,0.9054789543151855,0.8975704312324524
divide_lpres_on,padim,screw,noise,3,good,6,0,0.6311459541320801,0.7433284521102905,0.7120245695114136
divide_lpres_on,padim,screw,noise,3,good,7,0,0.9694074392318726,0.9808880090713501,0.9861343502998352
divide_lpres_on,padim,screw,noise,3,manipulated_front,8,1,0.48670345544815063,0.6416157484054565,0.6522154808044434
divide_lpres_on,padim,screw,noise,3,manipulated_front,9,1,1.0,0.9418915510177612,0.9560693502426147
divide_lpres_on,padim,screw,noise,3,manipulated_front,10,1,0.6777824759483337,0.6010363698005676,0.647676944732666
divide_lpres_on,padim,screw,noise,3,manipulated_front,11,1,0.7843326330184937,0.6909241676330566,0.6847425699234009
divide_lpres_on,padim,screw,noise,3,manipulated_front,12,1,1.0,0.9937163591384888,0.9394310712814331
divide_lpres_on,padim,screw,noise,3,manipulated_front,13,1,0.9335222840309143,0.7903709411621094,0.791977047920227
divide_lpres_on,padim,screw,noise,3,manipulated_front,14,1,0.8528370261192322,0.7428759336471558,0.748482346534729
divide_lpres_on,padim,screw,noise,3,manipulated_front,15,1,1.0,0.9484143257141113,0.9924477338790894
divide_lpres_off,padim,screw,noise,3,good,0,0,0.8419417142868042,0.7698855400085449,0.7130367755889893
divide_lpres_off,padim,screw,noise,3,good,1,0,0.5139491558074951,0.5311606526374817,0.49062788486480713
divide_lpres_off,padim,screw,noise,3,good,2,0,0.3235850930213928,0.5444352030754089,0.42020100355148315
divide_lpres_off,padim,screw,noise,3,good,3,0,0.946738600730896,0.8387984037399292,0.6843662858009338
divide_lpres_off,padim,screw,noise,3,good,4,0,0.32035255432128906,0.4986564517021179,0.42163264751434326
divide_lpres_off,padim,screw,noise,3,good,5,0,1.0,0.9054789543151855,0.9509681463241577
divide_lpres_off,padim,screw,noise,3,good,6,0,0.6311459541320801,0.7433284521102905,0.5746273994445801
divide_lpres_off,padim,screw,noise,3,good,7,0,0.9694074392318726,0.9808880090713501,0.8388458490371704
divide_lpres_off,padim,screw,noise,3,manipulated_front,8,1,0.48670345544815063,0.6416157484054565,0.5803901553153992
divide_lpres_off,padim,screw,noise,3,manipulated_front,9,1,1.0,0.9418915510177612,0.82920902967453
divide_lpres_off,padim,screw,noise,3,manipulated_front,10,1,0.6777824759483337,0.6010363698005676,0.6007887125015259
divide_lpres_off,padim,screw,noise,3,manipulated_front,11,1,0.7843326330184937,0.6909241676330566,0.6195888519287109
divide_lpres_off,padim,screw,noise,3,manipulated_front,12,1,1.0,0.9937163591384888,0.7510162591934204
divide_lpres_off,padim,screw,noise,3,manipulated_front,13,1,0.9335222840309143,0.7903709411621094,0.7452777624130249
divide_lpres_off,padim,screw,noise,3,manipulated_front,14,1,0.8528370261192322,0.7428759336471558,0.7265191674232483
divide_lpres_off,padim,screw,noise,3,manipulated_front,15,1,1.0,0.9484143257141113,0.7970290184020996
identity,padim,screw,noise,4,good,0,0,0.8419417142868042,0.7690531015396118,0.7690531015396118
identity,padim,screw,noise,4,good,1,0,0.5139491558074951,0.5620573163032532,0.5620573163032532
identity,padim,screw,noise,4,good,2,0,0.3235850930213928,0.5650150775909424,0.5650150775909424
identity,padim,screw,noise,4,good,3,0,0.946738600730896,0.7692255973815918,0.7692255973815918
identity,padim,screw,noise,4,good,4,0,0.32035255432128906,0.5116147398948669,0.5116147398948669
identity,padim,screw,noise,4,good,5,0,1.0,0.8343367576599121,0.8343367576599121
identity,padim,screw,noise,4,good,6,0,0.6311459541320801,0.7029570937156677,0.7029570937156677
identity,padim,screw,noise,4,good,7,0,0.9694074392318726,0.906668484210968,0.906668484210968
identity,padim,screw,noise,4,manipulated_front,8,1,0.48670345544815063,0.6171929836273193,0.6171929836273193
identity,padim,screw,noise,4,manipulated_front,9,1,1.0,0.7963861227035522,0.7963861227035522
identity,padim,screw,noise,4,manipulated_front,10,1,0.6777824759483337,0.552786111831665,0.552786111831665
identity,padim,screw,noise,4,manipulated_front,11,1,0.7843326330184937,0.6335254311561584,0.6335254311561584
identity,padim,screw,noise,4,manipulated_front,12,1,1.0,0.9717594385147095,0.9717594385147095
identity,padim,screw,noise,4,manipulated_front,13,1,0.9335222840309143,0.7034956216812134,0.7034956216812134
identity,padim,screw,noise,4,manipulated_front,14,1,0.8528370261192322,0.7511341571807861,0.7511341571807861
identity,padim,screw,noise,4,manipulated_front,15,1,1.0,0.9306031465530396,0.9306031465530396
wiener,padim,screw,noise,4,good,0,0,0.8419417142868042,0.7690531015396118,0.6750640273094177
wiener,padim,screw,noise,4,good,1,0,0.5139491558074951,0.5620573163032532,0.5684360861778259
wiener,padim,screw,noise,4,good,2,0,0.3235850930213928,0.5650150775909424,0.5165870189666748
wiener,padim,screw,noise,4,good,3,0,0.946738600730896,0.7692255973815918,0.7445870637893677
wiener,padim,screw,noise,4,good,4,0,0.32035255432128906,0.5116147398948669,0.5504006147384644
wiener,padim,screw,noise,4,good,5,0,1.0,0.8343367576599121,0.8500065803527832
wiener,padim,screw,noise,4,good,6,0,0.6311459541320801,0.7029570937156677,0.7351621985435486
wiener,padim,screw,noise,4,good,7,0,0.9694074392318726,0.906668484210968,0.8309431076049805
wiener,padim,screw,noise,4,manipulated_front,8,1,0.48670345544815063,0.6171929836273193,0.5995140075683594
wiener,padim,screw,noise,4,manipulated_front,9,1,1.0,0.7963861227035522,0.7107888460159302
wiener,padim,screw,noise,4,manipulated_front,10,1,0.6777824759483337,0.552786111831665,0.5868979692459106
wiener,padim,screw,noise,4,manipulated_front,11,1,0.7843326330184937,0.6335254311561584,0.6476308703422546
wiener,padim,screw,noise,4,manipulated_front,12,1,1.0,0.9717594385147095,0.8195356130599976
wiener,padim,screw,noise,4,manipulated_front,13,1,0.9335222840309143,0.7034956216812134,0.8295199871063232
wiener,padim,screw,noise,4,manipulated_front,14,1,0.8528370261192322,0.7511341571807861,0.7332680821418762
wiener,padim,screw,noise,4,manipulated_front,15,1,1.0,0.9306031465530396,0.878299355506897
restormer_deblur,padim,screw,noise,4,good,0,0,0.8419417142868042,0.7690531015396118,0.7690531015396118
restormer_deblur,padim,screw,noise,4,good,1,0,0.5139491558074951,0.5620573163032532,0.5620573163032532
restormer_deblur,padim,screw,noise,4,good,2,0,0.3235850930213928,0.5650150775909424,0.5650150775909424
restormer_deblur,padim,screw,noise,4,good,3,0,0.946738600730896,0.7692255973815918,0.7692255973815918
restormer_deblur,padim,screw,noise,4,good,4,0,0.32035255432128906,0.5116147398948669,0.5116147398948669
restormer_deblur,padim,screw,noise,4,good,5,0,1.0,0.8343367576599121,0.8343367576599121
restormer_deblur,padim,screw,noise,4,good,6,0,0.6311459541320801,0.7029570937156677,0.7029570937156677
restormer_deblur,padim,screw,noise,4,good,7,0,0.9694074392318726,0.906668484210968,0.906668484210968
restormer_deblur,padim,screw,noise,4,manipulated_front,8,1,0.48670345544815063,0.6171929836273193,0.6171929836273193
restormer_deblur,padim,screw,noise,4,manipulated_front,9,1,1.0,0.7963861227035522,0.7963861227035522
restormer_deblur,padim,screw,noise,4,manipulated_front,10,1,0.6777824759483337,0.552786111831665,0.552786111831665
restormer_deblur,padim,screw,noise,4,manipulated_front,11,1,0.7843326330184937,0.6335254311561584,0.6335254311561584
restormer_deblur,padim,screw,noise,4,manipulated_front,12,1,1.0,0.9717594385147095,0.9717594385147095
restormer_deblur,padim,screw,noise,4,manipulated_front,13,1,0.9335222840309143,0.7034956216812134,0.7034956216812134
restormer_deblur,padim,screw,noise,4,manipulated_front,14,1,0.8528370261192322,0.7511341571807861,0.7511341571807861
restormer_deblur,padim,screw,noise,4,manipulated_front,15,1,1.0,0.9306031465530396,0.9306031465530396
divide_lpres_on,padim,screw,noise,4,good,0,0,0.8419417142868042,0.7690531015396118,0.7590029239654541
divide_lpres_on,padim,screw,noise,4,good,1,0,0.5139491558074951,0.5620573163032532,0.5774190425872803
divide_lpres_on,padim,screw,noise,4,good,2,0,0.3235850930213928,0.5650150775909424,0.5212530493736267
divide_lpres_on,padim,screw,noise,4,good,3,0,0.946738600730896,0.7692255973815918,0.8131923079490662
divide_lpres_on,padim,screw,noise,4,good,4,0,0.32035255432128906,0.5116147398948669,0.5042524337768555
divide_lpres_on,padim,screw,noise,4,good,5,0,1.0,0.8343367576599121,0.8499414920806885
divide_lpres_on,padim,screw,noise,4,good,6,0,0.6311459541320801,0.7029570937156677,0.7023775577545166
divide_lpres_on,padim,screw,noise,4,good,7,0,0.9694074392318726,0.906668484210968,0.9658592939376831
divide_lpres_on,padim,screw,noise,4,manipulated_front,8,1,0.48670345544815063,0.6171929836273193,0.6336045265197754
divide_lpres_on,padim,screw,noise,4,manipulated_front,9,1,1.0,0.7963861227035522,0.8295608758926392
divide_lpres_on,padim,screw,noise,4,manipulated_front,10,1,0.6777824759483337,0.552786111831665,0.5977137088775635
divide_lpres_on,padim,screw,noise,4,manipulated_front,11,1,0.7843326330184937,0.6335254311561584,0.6773248910903931
divide_lpres_on,padim,screw,noise,4,manipulated_front,12,1,1.0,0.9717594385147095,0.9028935432434082
divide_lpres_on,padim,screw,noise,4,manipulated_front,13,1,0.9335222840309143,0.7034956216812134,0.7443855404853821
divide_lpres_on,padim,screw,noise,4,manipulated_front,14,1,0.8528370261192322,0.7511341571807861,0.7410699725151062
divide_lpres_on,padim,screw,noise,4,manipulated_front,15,1,1.0,0.9306031465530396,0.9504433870315552
divide_lpres_off,padim,screw,noise,4,good,0,0,0.8419417142868042,0.7690531015396118,0.7085574269294739
divide_lpres_off,padim,screw,noise,4,good,1,0,0.5139491558074951,0.5620573163032532,0.5222054719924927
divide_lpres_off,padim,screw,noise,4,good,2,0,0.3235850930213928,0.5650150775909424,0.4481186270713806
divide_lpres_off,padim,screw,noise,4,good,3,0,0.946738600730896,0.7692255973815918,0.6912361979484558
divide_lpres_off,padim,screw,noise,4,good,4,0,0.32035255432128906,0.5116147398948669,0.4259169101715088
divide_lpres_off,padim,screw,noise,4,good,5,0,1.0,0.8343367576599121,0.916328489780426
divide_lpres_off,padim,screw,noise,4,good,6,0,0.6311459541320801,0.7029570937156677,0.5934200286865234
divide_lpres_off,padim,screw,noise,4,good,7,0,0.9694074392318726,0.906668484210968,0.8079473972320557
divide_lpres_off,padim,screw,noise,4,manipulated_front,8,1,0.48670345544815063,0.6171929836273193,0.574034571647644
divide_lpres_off,padim,screw,noise,4,manipulated_front,9,1,1.0,0.7963861227035522,0.7892679572105408
divide_lpres_off,padim,screw,noise,4,manipulated_front,10,1,0.6777824759483337,0.552786111831665,0.5503805875778198
divide_lpres_off,padim,screw,noise,4,manipulated_front,11,1,0.7843326330184937,0.6335254311561584,0.6037461161613464
divide_lpres_off,padim,screw,noise,4,manipulated_front,12,1,1.0,0.9717594385147095,0.7335208654403687
divide_lpres_off,padim,screw,noise,4,manipulated_front,13,1,0.9335222840309143,0.7034956216812134,0.6840464472770691
divide_lpres_off,padim,screw,noise,4,manipulated_front,14,1,0.8528370261192322,0.7511341571807861,0.6663472652435303
divide_lpres_off,padim,screw,noise,4,manipulated_front,15,1,1.0,0.9306031465530396,0.7912527322769165
identity,padim,screw,mixed,2,good,0,0,0.8419417142868042,0.6099417209625244,0.6099417209625244
identity,padim,screw,mixed,2,good,1,0,0.5139491558074951,0.5156016945838928,0.5156016945838928
identity,padim,screw,mixed,2,good,2,0,0.3235850930213928,0.5845669507980347,0.5845669507980347
identity,padim,screw,mixed,2,good,3,0,0.946738600730896,0.7017397880554199,0.7017397880554199
identity,padim,screw,mixed,2,good,4,0,0.32035255432128906,0.5755392909049988,0.5755392909049988
identity,padim,screw,mixed,2,good,5,0,1.0,1.0,1.0
identity,padim,screw,mixed,2,good,6,0,0.6311459541320801,0.763399600982666,0.763399600982666
identity,padim,screw,mixed,2,good,7,0,0.9694074392318726,0.7791785001754761,0.7791785001754761
identity,padim,screw,mixed,2,manipulated_front,8,1,0.48670345544815063,0.6008082628250122,0.6008082628250122
identity,padim,screw,mixed,2,manipulated_front,9,1,1.0,1.0,1.0
identity,padim,screw,mixed,2,manipulated_front,10,1,0.6777824759483337,1.0,1.0
identity,padim,screw,mixed,2,manipulated_front,11,1,0.7843326330184937,0.575119137763977,0.575119137763977
identity,padim,screw,mixed,2,manipulated_front,12,1,1.0,0.7614741921424866,0.7614741921424866
identity,padim,screw,mixed,2,manipulated_front,13,1,0.9335222840309143,0.7657153010368347,0.7657153010368347
identity,padim,screw,mixed,2,manipulated_front,14,1,0.8528370261192322,0.7948043346405029,0.7948043346405029
identity,padim,screw,mixed,2,manipulated_front,15,1,1.0,0.8054745197296143,0.8054745197296143
wiener,padim,screw,mixed,2,good,0,0,0.8419417142868042,0.6099417209625244,0.6405255794525146
wiener,padim,screw,mixed,2,good,1,0,0.5139491558074951,0.5156016945838928,0.606338381767273
wiener,padim,screw,mixed,2,good,2,0,0.3235850930213928,0.5845669507980347,0.5575339794158936
wiener,padim,screw,mixed,2,good,3,0,0.946738600730896,0.7017397880554199,0.6847503185272217
wiener,padim,screw,mixed,2,good,4,0,0.32035255432128906,0.5755392909049988,0.5910704135894775
wiener,padim,screw,mixed,2,good,5,0,1.0,1.0,1.0
wiener,padim,screw,mixed,2,good,6,0,0.6311459541320801,0.763399600982666,0.6577838063240051
wiener,padim,screw,mixed,2,good,7,0,0.9694074392318726,0.7791785001754761,0.6230162978172302
wiener,padim,screw,mixed,2,manipulated_front,8,1,0.48670345544815063,0.6008082628250122,0.5999456644058228
wiener,padim,screw,mixed,2,manipulated_front,9,1,1.0,1.0,1.0
wiener,padim,screw,mixed,2,manipulated_front,10,1,0.6777824759483337,1.0,1.0
wiener,padim,screw,mixed,2,manipulated_front,11,1,0.7843326330184937,0.575119137763977,0.5576511025428772
wiener,padim,screw,mixed,2,manipulated_front,12,1,1.0,0.7614741921424866,0.7376142144203186
wiener,padim,screw,mixed,2,manipulated_front,13,1,0.9335222840309143,0.7657153010368347,0.7077460289001465
wiener,padim,screw,mixed,2,manipulated_front,14,1,0.8528370261192322,0.7948043346405029,0.8346847891807556
wiener,padim,screw,mixed,2,manipulated_front,15,1,1.0,0.8054745197296143,0.7407695055007935
restormer_deblur,padim,screw,mixed,2,good,0,0,0.8419417142868042,0.6099417209625244,0.6099417209625244
restormer_deblur,padim,screw,mixed,2,good,1,0,0.5139491558074951,0.5156016945838928,0.5156016945838928
restormer_deblur,padim,screw,mixed,2,good,2,0,0.3235850930213928,0.5845669507980347,0.5845669507980347
restormer_deblur,padim,screw,mixed,2,good,3,0,0.946738600730896,0.7017397880554199,0.7017397880554199
restormer_deblur,padim,screw,mixed,2,good,4,0,0.32035255432128906,0.5755392909049988,0.5755392909049988
restormer_deblur,padim,screw,mixed,2,good,5,0,1.0,1.0,1.0
restormer_deblur,padim,screw,mixed,2,good,6,0,0.6311459541320801,0.763399600982666,0.763399600982666
restormer_deblur,padim,screw,mixed,2,good,7,0,0.9694074392318726,0.7791785001754761,0.7808837890625
restormer_deblur,padim,screw,mixed,2,manipulated_front,8,1,0.48670345544815063,0.6008082628250122,0.6008082628250122
restormer_deblur,padim,screw,mixed,2,manipulated_front,9,1,1.0,1.0,1.0
restormer_deblur,padim,screw,mixed,2,manipulated_front,10,1,0.6777824759483337,1.0,1.0
restormer_deblur,padim,screw,mixed,2,manipulated_front,11,1,0.7843326330184937,0.575119137763977,0.575119137763977
restormer_deblur,padim,screw,mixed,2,manipulated_front,12,1,1.0,0.7614741921424866,0.7614741921424866
restormer_deblur,padim,screw,mixed,2,manipulated_front,13,1,0.9335222840309143,0.7657153010368347,0.7657153010368347
restormer_deblur,padim,screw,mixed,2,manipulated_front,14,1,0.8528370261192322,0.7948043346405029,0.7948043346405029
restormer_deblur,padim,screw,mixed,2,manipulated_front,15,1,1.0,0.8054745197296143,0.8054745197296143
divide_lpres_on,padim,screw,mixed,2,good,0,0,0.8419417142868042,0.6099417209625244,0.590921938419342
divide_lpres_on,padim,screw,mixed,2,good,1,0,0.5139491558074951,0.5156016945838928,0.5036911368370056
divide_lpres_on,padim,screw,mixed,2,good,2,0,0.3235850930213928,0.5845669507980347,0.6452645063400269
divide_lpres_on,padim,screw,mixed,2,good,3,0,0.946738600730896,0.7017397880554199,0.7520983219146729
divide_lpres_on,padim,screw,mixed,2,good,4,0,0.32035255432128906,0.5755392909049988,0.541496753692627
divide_lpres_on,padim,screw,mixed,2,good,5,0,1.0,1.0,1.0
divide_lpres_on,padim,screw,mixed,2,good,6,0,0.6311459541320801,0.763399600982666,0.5995817184448242
divide_lpres_on,padim,screw,mixed,2,good,7,0,0.9694074392318726,0.7791785001754761,0.7495208382606506
divide_lpres_on,padim,screw,mixed,2,manipulated_front,8,1,0.48670345544815063,0.6008082628250122,0.5642439126968384
divide_lpres_on,padim,screw,mixed,2,manipulated_front,9,1,1.0,1.0,1.0
divide_lpres_on,padim,screw,mixed,2,manipulated_front,10,1,0.6777824759483337,1.0,0.7119313478469849
divide_lpres_on,padim,screw,mixed,2,manipulated_front,11,1,0.7843326330184937,0.575119137763977,0.610261857509613
divide_lpres_on,padim,screw,mixed,2,manipulated_front,12,1,1.0,0.7614741921424866,0.7781866192817688
divide_lpres_on,padim,screw,mixed,2,manipulated_front,13,1,0.9335222840309143,0.7657153010368347,0.7697005271911621
divide_lpres_on,padim,screw,mixed,2,manipulated_front,14,1,0.8528370261192322,0.7948043346405029,0.8242150545120239
divide_lpres_on,padim,screw,mixed,2,manipulated_front,15,1,1.0,0.8054745197296143,0.8256978988647461
divide_lpres_off,padim,screw,mixed,2,good,0,0,0.8419417142868042,0.6099417209625244,0.5934467911720276
divide_lpres_off,padim,screw,mixed,2,good,1,0,0.5139491558074951,0.5156016945838928,0.48079776763916016
divide_lpres_off,padim,screw,mixed,2,good,2,0,0.3235850930213928,0.5845669507980347,0.4662991166114807
divide_lpres_off,padim,screw,mixed,2,good,3,0,0.946738600730896,0.7017397880554199,0.6481297612190247
divide_lpres_off,padim,screw,mixed,2,good,4,0,0.32035255432128906,0.5755392909049988,0.6780779361724854
divide_lpres_off,padim,screw,mixed,2,good,5,0,1.0,1.0,0.6994628310203552
divide_lpres_off,padim,screw,mixed,2,good,6,0,0.6311459541320801,0.763399600982666,0.6169165372848511
divide_lpres_off,padim,screw,mixed,2,good,7,0,0.9694074392318726,0.7791785001754761,0.7578827142715454
divide_lpres_off,padim,screw,mixed,2,manipulated_front,8,1,0.48670345544815063,0.6008082628250122,0.548226535320282
divide_lpres_off,padim,screw,mixed,2,manipulated_front,9,1,1.0,1.0,0.9103081226348877
divide_lpres_off,padim,screw,mixed,2,manipulated_front,10,1,0.6777824759483337,1.0,0.5498055219650269
divide_lpres_off,padim,screw,mixed,2,manipulated_front,11,1,0.7843326330184937,0.575119137763977,0.5589602589607239
divide_lpres_off,padim,screw,mixed,2,manipulated_front,12,1,1.0,0.7614741921424866,0.6501826047897339
divide_lpres_off,padim,screw,mixed,2,manipulated_front,13,1,0.9335222840309143,0.7657153010368347,0.5496780872344971
divide_lpres_off,padim,screw,mixed,2,manipulated_front,14,1,0.8528370261192322,0.7948043346405029,0.7185391187667847
divide_lpres_off,padim,screw,mixed,2,manipulated_front,15,1,1.0,0.8054745197296143,0.6469020843505859
identity,padim,screw,mixed,3,good,0,0,0.8419417142868042,0.5570464134216309,0.5570464134216309
identity,padim,screw,mixed,3,good,1,0,0.5139491558074951,0.5170318484306335,0.5170318484306335
identity,padim,screw,mixed,3,good,2,0,0.3235850930213928,0.49965035915374756,0.49965035915374756
identity,padim,screw,mixed,3,good,3,0,0.946738600730896,0.5962741374969482,0.5962741374969482
identity,padim,screw,mixed,3,good,4,0,0.32035255432128906,0.48977723717689514,0.48977723717689514
identity,padim,screw,mixed,3,good,5,0,1.0,0.7085400819778442,0.7085400819778442
identity,padim,screw,mixed,3,good,6,0,0.6311459541320801,0.5629413723945618,0.5629413723945618
identity,padim,screw,mixed,3,good,7,0,0.9694074392318726,0.6789696216583252,0.6789696216583252
identity,padim,screw,mixed,3,manipulated_front,8,1,0.48670345544815063,0.5554579496383667,0.5554579496383667
identity,padim,screw,mixed,3,manipulated_front,9,1,1.0,0.9201864004135132,0.9201864004135132
identity,padim,screw,mixed,3,manipulated_front,10,1,0.6777824759483337,0.5049790740013123,0.5049790740013123
identity,padim,screw,mixed,3,manipulated_front,11,1,0.7843326330184937,0.530312180519104,0.530312180519104
identity,padim,screw,mixed,3,manipulated_front,12,1,1.0,0.6266952157020569,0.6266952157020569
identity,padim,screw,mixed,3,manipulated_front,13,1,0.9335222840309143,0.6254938840866089,0.6254938840866089
identity,padim,screw,mixed,3,manipulated_front,14,1,0.8528370261192322,0.8877080082893372,0.8877080082893372
identity,padim,screw,mixed,3,manipulated_front,15,1,1.0,0.7179195284843445,0.7179195284843445
wiener,padim,screw,mixed,3,good,0,0,0.8419417142868042,0.5570464134216309,0.5139394402503967
wiener,padim,screw,mixed,3,good,1,0,0.5139491558074951,0.5170318484306335,0.578019917011261
wiener,padim,screw,mixed,3,good,2,0,0.3235850930213928,0.49965035915374756,0.6132867336273193
wiener,padim,screw,mixed,3,good,3,0,0.946738600730896,0.5962741374969482,0.5898213386535645
wiener,padim,screw,mixed,3,good,4,0,0.32035255432128906,0.48977723717689514,0.541965126991272
wiener,padim,screw,mixed,3,good,5,0,1.0,0.7085400819778442,0.5991206169128418
wiener,padim,screw,mixed,3,good,6,0,0.6311459541320801,0.5629413723945618,0.6622435450553894
wiener,padim,screw,mixed,3,good,7,0,0.9694074392318726,0.6789696216583252,0.6646604537963867
wiener,padim,screw,mixed,3,manipulated_front,8,1,0.48670345544815063,0.5554579496383667,0.5526441931724548
wiener,padim,screw,mixed,3,manipulated_front,9,1,1.0,0.9201864004135132,0.9925906658172607
wiener,padim,screw,mixed,3,manipulated_front,10,1,0.6777824759483337,0.5049790740013123,0.513105571269989
wiener,padim,screw,mixed,3,manipulated_front,11,1,0.7843326330184937,0.530312180519104,0.5190666317939758
wiener,padim,screw,mixed,3,manipulated_front,12,1,1.0,0.6266952157020569,0.6725321412086487
wiener,padim,screw,mixed,3,manipulated_front,13,1,0.9335222840309143,0.6254938840866089,0.5767867565155029
wiener,padim,screw,mixed,3,manipulated_front,14,1,0.8528370261192322,0.8877080082893372,0.8250417709350586
wiener,padim,screw,mixed,3,manipulated_front,15,1,1.0,0.7179195284843445,0.6731148958206177
restormer_deblur,padim,screw,mixed,3,good,0,0,0.8419417142868042,0.5570464134216309,0.5570464134216309
restormer_deblur,padim,screw,mixed,3,good,1,0,0.5139491558074951,0.5170318484306335,0.5170318484306335
restormer_deblur,padim,screw,mixed,3,good,2,0,0.3235850930213928,0.49965035915374756,0.510108470916748
restormer_deblur,padim,screw,mixed,3,good,3,0,0.946738600730896,0.5962741374969482,0.5962741374969482
restormer_deblur,padim,screw,mixed,3,good,4,0,0.32035255432128906,0.48977723717689514,0.48977723717689514
restormer_deblur,padim,screw,mixed,3,good,5,0,1.0,0.7085400819778442,0.6917491555213928
restormer_deblur,padim,screw,mixed,3,good,6,0,0.6311459541320801,0.5629413723945618,0.5741992592811584
restormer_deblur,padim,screw,mixed,3,good,7,0,0.9694074392318726,0.6789696216583252,0.6789696216583252
restormer_deblur,padim,screw,mixed,3,manipulated_front,8,1,0.48670345544815063,0.5554579496383667,0.5554579496383667
restormer_deblur,padim,screw,mixed,3,manipulated_front,9,1,1.0,0.9201864004135132,0.9201864004135132
restormer_deblur,padim,screw,mixed,3,manipulated_front,10,1,0.6777824759483337,0.5049790740013123,0.5049790740013123
restormer_deblur,padim,screw,mixed,3,manipulated_front,11,1,0.7843326330184937,0.530312180519104,0.530312180519104
restormer_deblur,padim,screw,mixed,3,manipulated_front,12,1,1.0,0.6266952157020569,0.6266952157020569
restormer_deblur,padim,screw,mixed,3,manipulated_front,13,1,0.9335222840309143,0.6254938840866089,0.6254938840866089
restormer_deblur,padim,screw,mixed,3,manipulated_front,14,1,0.8528370261192322,0.8877080082893372,0.8877080082893372
restormer_deblur,padim,screw,mixed,3,manipulated_front,15,1,1.0,0.7179195284843445,0.7179195284843445
divide_lpres_on,padim,screw,mixed,3,good,0,0,0.8419417142868042,0.5570464134216309,0.5629070997238159
divide_lpres_on,padim,screw,mixed,3,good,1,0,0.5139491558074951,0.5170318484306335,0.5380279421806335
divide_lpres_on,padim,screw,mixed,3,good,2,0,0.3235850930213928,0.49965035915374756,0.6346838474273682
divide_lpres_on,padim,screw,mixed,3,good,3,0,0.946738600730896,0.5962741374969482,0.6401377320289612
divide_lpres_on,padim,screw,mixed,3,good,4,0,0.32035255432128906,0.48977723717689514,0.48458755016326904
divide_lpres_on,padim,screw,mixed,3,good,5,0,1.0,0.7085400819778442,0.6366543769836426
divide_lpres_on,padim,screw,mixed,3,good,6,0,0.6311459541320801,0.5629413723945618,0.6259071826934814
divide_lpres_on,padim,screw,mixed,3,good,7,0,0.9694074392318726,0.6789696216583252,0.6799933910369873
divide_lpres_on,padim,screw,mixed,3,manipulated_front,8,1,0.48670345544815063,0.5554579496383667,0.5511779189109802
divide_lpres_on,padim,screw,mixed,3,manipulated_front,9,1,1.0,0.9201864004135132,0.9329200983047485
divide_lpres_on,padim,screw,mixed,3,manipulated_front,10,1,0.6777824759483337,0.5049790740013123,0.5084747672080994
divide_lpres_on,padim,screw,mixed,3,manipulated_front,11,1,0.7843326330184937,0.530312180519104,0.5581506490707397
divide_lpres_on,padim,screw,mixed,3,manipulated_front,12,1,1.0,0.6266952157020569,0.6608877182006836
divide_lpres_on,padim,screw,mixed,3,manipulated_front,13,1,0.9335222840309143,0.6254938840866089,0.6916875839233398
divide_lpres_on,padim,screw,mixed,3,manipulated_front,14,1,0.8528370261192322,0.8877080082893372,0.9263730645179749
divide_lpres_on,padim,screw,mixed,3,manipulated_front,15,1,1.0,0.7179195284843445,0.726117730140686
divide_lpres_off,padim,screw,mixed,3,good,0,0,0.8419417142868042,0.5570464134216309,0.6655661463737488
divide_lpres_off,padim,screw,mixed,3,good,1,0,0.5139491558074951,0.5170318484306335,0.5244429111480713
divide_lpres_off,padim,screw,mixed,3,good,2,0,0.3235850930213928,0.49965035915374756,0.5740934610366821
divide_lpres_off,padim,screw,mixed,3,good,3,0,0.946738600730896,0.5962741374969482,0.5795494318008423
divide_lpres_off,padim,screw,mixed,3,good,4,0,0.32035255432128906,0.48977723717689514,0.6320649981498718
divide_lpres_off,padim,screw,mixed,3,good,5,0,1.0,0.7085400819778442,0.6463765501976013
divide_lpres_off,padim,screw,mixed,3,good,6,0,0.6311459541320801,0.5629413723945618,0.6083763241767883
divide_lpres_off,padim,screw,mixed,3,good,7,0,0.9694074392318726,0.6789696216583252,0.7330169081687927
divide_lpres_off,padim,screw,mixed,3,manipulated_front,8,1,0.48670345544815063,0.5554579496383667,0.5764883756637573
divide_lpres_off,padim,screw,mixed,3,manipulated_front,9,1,1.0,0.9201864004135132,0.9018664360046387
divide_lpres_off,padim,screw,mixed,3,manipulated_front,10,1,0.6777824759483337,0.5049790740013123,0.6773337125778198
divide_lpres_off,padim,screw,mixed,3,manipulated_front,11,1,0.7843326330184937,0.530312180519104,0.4860208034515381
divide_lpres_off,padim,screw,mixed,3,manipulated_front,12,1,1.0,0.6266952157020569,0.6296126246452332
divide_lpres_off,padim,screw,mixed,3,manipulated_front,13,1,0.9335222840309143,0.6254938840866089,0.6297203898429871
divide_lpres_off,padim,screw,mixed,3,manipulated_front,14,1,0.8528370261192322,0.8877080082893372,0.6537057757377625
divide_lpres_off,padim,screw,mixed,3,manipulated_front,15,1,1.0,0.7179195284843445,0.588790237903595
identity,padim,screw,mixed,4,good,0,0,0.8419417142868042,0.5724554061889648,0.5724554061889648
identity,padim,screw,mixed,4,good,1,0,0.5139491558074951,0.44916868209838867,0.44916868209838867
identity,padim,screw,mixed,4,good,2,0,0.3235850930213928,0.5150440335273743,0.5150440335273743
identity,padim,screw,mixed,4,good,3,0,0.946738600730896,0.5026475191116333,0.5026475191116333
identity,padim,screw,mixed,4,good,4,0,0.32035255432128906,0.5310085415840149,0.5310085415840149
identity,padim,screw,mixed,4,good,5,0,1.0,0.5426027774810791,0.5426027774810791
identity,padim,screw,mixed,4,good,6,0,0.6311459541320801,0.5348416566848755,0.5348416566848755
identity,padim,screw,mixed,4,good,7,0,0.9694074392318726,0.6425973176956177,0.6425973176956177
identity,padim,screw,mixed,4,manipulated_front,8,1,0.48670345544815063,0.616387128829956,0.616387128829956
identity,padim,screw,mixed,4,manipulated_front,9,1,1.0,0.9192373752593994,0.9192373752593994
identity,padim,screw,mixed,4,manipulated_front,10,1,0.6777824759483337,0.5202129483222961,0.5202129483222961
identity,padim,screw,mixed,4,manipulated_front,11,1,0.7843326330184937,0.5007322430610657,0.5007322430610657
identity,padim,screw,mixed,4,manipulated_front,12,1,1.0,0.6444274187088013,0.6444274187088013
identity,padim,screw,mixed,4,manipulated_front,13,1,0.9335222840309143,0.5897403955459595,0.5897403955459595
identity,padim,screw,mixed,4,manipulated_front,14,1,0.8528370261192322,0.7261643409729004,0.7261643409729004
identity,padim,screw,mixed,4,manipulated_front,15,1,1.0,0.6307110786437988,0.6307110786437988
wiener,padim,screw,mixed,4,good,0,0,0.8419417142868042,0.5724554061889648,0.6506571769714355
wiener,padim,screw,mixed,4,good,1,0,0.5139491558074951,0.44916868209838867,0.4744712710380554
wiener,padim,screw,mixed,4,good,2,0,0.3235850930213928,0.5150440335273743,0.5426584482192993
wiener,padim,screw,mixed,4,good,3,0,0.946738600730896,0.5026475191116333,0.5054823756217957
wiener,padim,screw,mixed,4,good,4,0,0.32035255432128906,0.5310085415840149,0.5297863483428955
wiener,padim,screw,mixed,4,good,5,0,1.0,0.5426027774810791,0.4998973309993744
wiener,padim,screw,mixed,4,good,6,0,0.6311459541320801,0.5348416566848755,0.6131972074508667
wiener,padim,screw,mixed,4,good,7,0,0.9694074392318726,0.6425973176956177,0.5466741919517517
wiener,padim,screw,mixed,4,manipulated_front,8,1,0.48670345544815063,0.616387128829956,0.5972616672515869
wiener,padim,screw,mixed,4,manipulated_front,9,1,1.0,0.9192373752593994,0.9745542407035828
wiener,padim,screw,mixed,4,manipulated_front,10,1,0.6777824759483337,0.5202129483222961,0.5334165096282959
wiener,padim,screw,mixed,4,manipulated_front,11,1,0.7843326330184937,0.5007322430610657,0.6926608085632324
wiener,padim,screw,mixed,4,manipulated_front,12,1,1.0,0.6444274187088013,0.6533796191215515
wiener,padim,screw,mixed,4,manipulated_front,13,1,0.9335222840309143,0.5897403955459595,0.5485218167304993
wiener,padim,screw,mixed,4,manipulated_front,14,1,0.8528370261192322,0.7261643409729004,0.7462097406387329
wiener,padim,screw,mixed,4,manipulated_front,15,1,1.0,0.6307110786437988,0.6044807434082031
restormer_deblur,padim,screw,mixed,4,good,0,0,0.8419417142868042,0.5724554061889648,0.5724554061889648
restormer_deblur,padim,screw,mixed,4,good,1,0,0.5139491558074951,0.44916868209838867,0.44916868209838867
restormer_deblur,padim,screw,mixed,4,good,2,0,0.3235850930213928,0.5150440335273743,0.5150440335273743
restormer_deblur,padim,screw,mixed,4,good,3,0,0.946738600730896,0.5026475191116333,0.5026475191116333
restormer_deblur,padim,screw,mixed,4,good,4,0,0.32035255432128906,0.5310085415840149,0.5310085415840149
restormer_deblur,padim,screw,mixed,4,good,5,0,1.0,0.5426027774810791,0.5426027774810791
restormer_deblur,padim,screw,mixed,4,good,6,0,0.6311459541320801,0.5348416566848755,0.5348416566848755
restormer_deblur,padim,screw,mixed,4,good,7,0,0.9694074392318726,0.6425973176956177,0.6425973176956177
restormer_deblur,padim,screw,mixed,4,manipulated_front,8,1,0.48670345544815063,0.616387128829956,0.616387128829956
restormer_deblur,padim,screw,mixed,4,manipulated_front,9,1,1.0,0.9192373752593994,0.9192373752593994
restormer_deblur,padim,screw,mixed,4,manipulated_front,10,1,0.6777824759483337,0.5202129483222961,0.5202129483222961
restormer_deblur,padim,screw,mixed,4,manipulated_front,11,1,0.7843326330184937,0.5007322430610657,0.5030103325843811
restormer_deblur,padim,screw,mixed,4,manipulated_front,12,1,1.0,0.6444274187088013,0.6444274187088013
restormer_deblur,padim,screw,mixed,4,manipulated_front,13,1,0.9335222840309143,0.5897403955459595,0.5897403955459595
restormer_deblur,padim,screw,mixed,4,manipulated_front,14,1,0.8528370261192322,0.7261643409729004,0.7261643409729004
restormer_deblur,padim,screw,mixed,4,manipulated_front,15,1,1.0,0.6307110786437988,0.6307110786437988
divide_lpres_on,padim,screw,mixed,4,good,0,0,0.8419417142868042,0.5724554061889648,0.56753009557724
divide_lpres_on,padim,screw,mixed,4,good,1,0,0.5139491558074951,0.44916868209838867,0.5580681562423706
divide_lpres_on,padim,screw,mixed,4,good,2,0,0.3235850930213928,0.5150440335273743,0.5059044361114502
divide_lpres_on,padim,screw,mixed,4,good,3,0,0.946738600730896,0.5026475191116333,0.5329810380935669
divide_lpres_on,padim,screw,mixed,4,good,4,0,0.32035255432128906,0.5310085415840149,0.4973005950450897
divide_lpres_on,padim,screw,mixed,4,good,5,0,1.0,0.5426027774810791,0.5571457743644714
divide_lpres_on,padim,screw,mixed,4,good,6,0,0.6311459541320801,0.5348416566848755,0.5249366164207458
divide_lpres_on,padim,screw,mixed,4,good,7,0,0.9694074392318726,0.6425973176956177,0.6327710151672363
divide_lpres_on,padim,screw,mixed,4,manipulated_front,8,1,0.48670345544815063,0.616387128829956,0.5970601439476013
divide_lpres_on,padim,screw,mixed,4,manipulated_front,9,1,1.0,0.9192373752593994,0.8757340908050537
divide_lpres_on,padim,screw,mixed,4,manipulated_front,10,1,0.6777824759483337,0.5202129483222961,0.532357394695282
divide_lpres_on,padim,screw,mixed,4,manipulated_front,11,1,0.7843326330184937,0.5007322430610657,0.7505009770393372
divide_lpres_on,padim,screw,mixed,4,manipulated_front,12,1,1.0,0.6444274187088013,0.6494652032852173
divide_lpres_on,padim,screw,mixed,4,manipulated_front,13,1,0.9335222840309143,0.5897403955459595,0.562320351600647
divide_lpres_on,padim,screw,mixed,4,manipulated_front,14,1,0.8528370261192322,0.7261643409729004,0.7916340827941895
divide_lpres_on,padim,screw,mixed,4,manipulated_front,15,1,1.0,0.6307110786437988,0.6855473518371582
divide_lpres_off,padim,screw,mixed,4,good,0,0,0.8419417142868042,0.5724554061889648,0.6658730506896973
divide_lpres_off,padim,screw,mixed,4,good,1,0,0.5139491558074951,0.44916868209838867,0.5431395769119263
divide_lpres_off,padim,screw,mixed,4,good,2,0,0.3235850930213928,0.5150440335273743,0.46352362632751465
divide_lpres_off,padim,screw,mixed,4,good,3,0,0.946738600730896,0.5026475191116333,0.5249302387237549
divide_lpres_off,padim,screw,mixed,4,good,4,0,0.32035255432128906,0.5310085415840149,0.716689944267273
divide_lpres_off,padim,screw,mixed,4,good,5,0,1.0,0.5426027774810791,0.7513638734817505
divide_lpres_off,padim,screw,mixed,4,good,6,0,0.6311459541320801,0.5348416566848755,0.6527268886566162
divide_lpres_off,padim,screw,mixed,4,good,7,0,0.9694074392318726,0.6425973176956177,0.6899502277374268
divide_lpres_off,padim,screw,mixed,4,manipulated_front,8,1,0.48670345544815063,0.616387128829956,0.7031278014183044
divide_lpres_off,padim,screw,mixed,4,manipulated_front,9,1,1.0,0.9192373752593994,0.9212584495544434
divide_lpres_off,padim,screw,mixed,4,manipulated_front,10,1,0.6777824759483337,0.5202129483222961,0.6950555443763733
divide_lpres_off,padim,screw,mixed,4,manipulated_front,11,1,0.7843326330184937,0.5007322430610657,0.7754744291305542
divide_lpres_off,padim,screw,mixed,4,manipulated_front,12,1,1.0,0.6444274187088013,0.5765390992164612
divide_lpres_off,padim,screw,mixed,4,manipulated_front,13,1,0.9335222840309143,0.5897403955459595,0.6258817315101624
divide_lpres_off,padim,screw,mixed,4,manipulated_front,14,1,0.8528370261192322,0.7261643409729004,0.6398522853851318
divide_lpres_off,padim,screw,mixed,4,manipulated_front,15,1,1.0,0.6307110786437988,0.6533992886543274
identity,patchcore,screw,defocus,2,good,0,0,0.6644894480705261,0.9163882732391357,0.9163882732391357
identity,patchcore,screw,defocus,2,good,1,0,0.508766770362854,0.916030764579773,0.916030764579773
identity,patchcore,screw,defocus,2,good,2,0,0.4916478395462036,0.9442639946937561,0.9442639946937561
identity,patchcore,screw,defocus,2,good,3,0,0.6749211549758911,0.965294361114502,0.965294361114502
identity,patchcore,screw,defocus,2,good,4,0,1.0,1.0,1.0
identity,patchcore,screw,defocus,2,good,5,0,0.9249740839004517,1.0,1.0
identity,patchcore,screw,defocus,2,good,6,0,0.5728501677513123,0.8949542045593262,0.8949542045593262
identity,patchcore,screw,defocus,2,good,7,0,0.6824322938919067,1.0,1.0
identity,patchcore,screw,defocus,2,manipulated_front,8,1,0.5714904069900513,0.8426134586334229,0.8426134586334229
identity,patchcore,screw,defocus,2,manipulated_front,9,1,0.8824355602264404,1.0,1.0
identity,patchcore,screw,defocus,2,manipulated_front,10,1,0.6296618580818176,1.0,1.0
identity,patchcore,screw,defocus,2,manipulated_front,11,1,0.6469860076904297,0.9456150531768799,0.9456150531768799
identity,patchcore,screw,defocus,2,manipulated_front,12,1,0.9064266681671143,1.0,1.0
identity,patchcore,screw,defocus,2,manipulated_front,13,1,0.7920830249786377,1.0,1.0
identity,patchcore,screw,defocus,2,manipulated_front,14,1,0.6774455308914185,1.0,1.0
identity,patchcore,screw,defocus,2,manipulated_front,15,1,0.6200406551361084,0.9207717776298523,0.9207717776298523
wiener,patchcore,screw,defocus,2,good,0,0,0.6644894480705261,0.9163882732391357,0.7789068222045898
wiener,patchcore,screw,defocus,2,good,1,0,0.508766770362854,0.916030764579773,0.7584846019744873
wiener,patchcore,screw,defocus,2,good,2,0,0.4916478395462036,0.9442639946937561,0.8123914003372192
wiener,patchcore,screw,defocus,2,good,3,0,0.6749211549758911,0.965294361114502,0.7973822355270386
wiener,patchcore,screw,defocus,2,good,4,0,1.0,1.0,1.0
wiener,patchcore,screw,defocus,2,good,5,0,0.9249740839004517,1.0,1.0
wiener,patchcore,screw,defocus,2,good,6,0,0.5728501677513123,0.8949542045593262,0.7144122123718262
wiener,patchcore,screw,defocus,2,good,7,0,0.6824322938919067,1.0,0.7940248250961304
wiener,patchcore,screw,defocus,2,manipulated_front,8,1,0.5714904069900513,0.8426134586334229,0.709253191947937
wiener,patchcore,screw,defocus,2,manipulated_front,9,1,0.8824355602264404,1.0,0.9595305919647217
wiener,patchcore,screw,defocus,2,manipulated_front,10,1,0.6296618580818176,1.0,0.9402341246604919
wiener,patchcore,screw,defocus,2,manipulated_front,11,1,0.6469860076904297,0.9456150531768799,0.8156656622886658
wiener,patchcore,screw,defocus,2,manipulated_front,12,1,0.9064266681671143,1.0,1.0
wiener,patchcore,screw,defocus,2,manipulated_front,13,1,0.7920830249786377,1.0,1.0
wiener,patchcore,screw,defocus,2,manipulated_front,14,1,0.6774455308914185,1.0,0.8286962509155273
wiener,patchcore,screw,defocus,2,manipulated_front,15,1,0.6200406551361084,0.9207717776298523,0.7704734802246094
restormer_deblur,patchcore,screw,defocus,2,good,0,0,0.6644894480705261,0.9163882732391357,0.7703390717506409
restormer_deblur,patchcore,screw,defocus,2,good,1,0,0.508766770362854,0.916030764579773,0.6922749876976013
restormer_deblur,patchcore,screw,defocus,2,good,2,0,0.4916478395462036,0.9442639946937561,0.6607376337051392
restormer_deblur,patchcore,screw,defocus,2,good,3,0,0.6749211549758911,0.965294361114502,0.7907086610794067
restormer_deblur,patchcore,screw,defocus,2,good,4,0,1.0,1.0,1.0
restormer_deblur,patchcore,screw,defocus,2,good,5,0,0.9249740839004517,1.0,1.0
restormer_deblur,patchcore,screw,defocus,2,good,6,0,0.5728501677513123,0.8949542045593262,0.7385366559028625
restormer_deblur,patchcore,screw,defocus,2,good,7,0,0.6824322938919067,1.0,0.8464107513427734
restormer_deblur,patchcore,screw,defocus,2,manipulated_front,8,1,0.5714904069900513,0.8426134586334229,0.6901057362556458
restormer_deblur,patchcore,screw,defocus,2,manipulated_front,9,1,0.8824355602264404,1.0,0.9781867265701294
restormer_deblur,patchcore,screw,defocus,2,manipulated_front,10,1,0.6296618580818176,1.0,0.8243649005889893
restormer_deblur,patchcore,screw,defocus,2,manipulated_front,11,1,0.6469860076904297,0.9456150531768799,0.7577455043792725
restormer_deblur,patchcore,screw,defocus,2,manipulated_front,12,1,0.9064266681671143,1.0,1.0
restormer_deblur,patchcore,screw,defocus,2,manipulated_front,13,1,0.7920830249786377,1.0,0.9216896891593933
restormer_deblur,patchcore,screw,defocus,2,manipulated_front,14,1,0.6774455308914185,1.0,0.8206620216369629
restormer_deblur,patchcore,screw,defocus,2,manipulated_front,15,1,0.6200406551361084,0.9207717776298523,0.8036032915115356
divide_lpres_on,patchcore,screw,defocus,2,good,0,0,0.6644894480705261,0.9163882732391357,0.7529186606407166
divide_lpres_on,patchcore,screw,defocus,2,good,1,0,0.508766770362854,0.916030764579773,0.6536664366722107
divide_lpres_on,patchcore,screw,defocus,2,good,2,0,0.4916478395462036,0.9442639946937561,0.6725046634674072
divide_lpres_on,patchcore,screw,defocus,2,good,3,0,0.6749211549758911,0.965294361114502,0.7799811363220215
divide_lpres_on,patchcore,screw,defocus,2,good,4,0,1.0,1.0,1.0
divide_lpres_on,patchcore,screw,defocus,2,good,5,0,0.9249740839004517,1.0,1.0
divide_lpres_on,patchcore,screw,defocus,2,good,6,0,0.5728501677513123,0.8949542045593262,0.670107364654541
divide_lpres_on,patchcore,screw,defocus,2,good,7,0,0.6824322938919067,1.0,0.8012080788612366
divide_lpres_on,patchcore,screw,defocus,2,manipulated_front,8,1,0.5714904069900513,0.8426134586334229,0.6728218197822571
divide_lpres_on,patchcore,screw,defocus,2,manipulated_front,9,1,0.8824355602264404,1.0,0.9507429599761963
divide_lpres_on,patchcore,screw,defocus,2,manipulated_front,10,1,0.6296618580818176,1.0,0.9129992723464966
divide_lpres_on,patchcore,screw,defocus,2,manipulated_front,11,1,0.6469860076904297,0.9456150531768799,0.7960730195045471
divide_lpres_on,patchcore,screw,defocus,2,manipulated_front,12,1,0.9064266681671143,1.0,1.0
divide_lpres_on,patchcore,screw,defocus,2,manipulated_front,13,1,0.7920830249786377,1.0,0.9626237154006958
divide_lpres_on,patchcore,screw,defocus,2,manipulated_front,14,1,0.6774455308914185,1.0,0.8253346681594849
divide_lpres_on,patchcore,screw,defocus,2,manipulated_front,15,1,0.6200406551361084,0.9207717776298523,0.7557607293128967
divide_lpres_off,patchcore,screw,defocus,2,good,0,0,0.6644894480705261,0.9163882732391357,0.8208818435668945
divide_lpres_off,patchcore,screw,defocus,2,good,1,0,0.508766770362854,0.916030764579773,0.6895027756690979
divide_lpres_off,patchcore,screw,defocus,2,good,2,0,0.4916478395462036,0.9442639946937561,0.7785295248031616
divide_lpres_off,patchcore,screw,defocus,2,good,3,0,0.6749211549758911,0.965294361114502,0.8701072931289673
divide_lpres_off,patchcore,screw,defocus,2,good,4,0,1.0,1.0,1.0
divide_lpres_off,patchcore,screw,defocus,2,good,5,0,0.9249740839004517,1.0,1.0
divide_lpres_off,patchcore,screw,defocus,2,good,6,0,0.5728501677513123,0.8949542045593262,0.7800726890563965
divide_lpres_off,patchcore,screw,defocus,2,good,7,0,0.6824322938919067,1.0,0.8601504564285278
divide_lpres_off,patchcore,screw,defocus,2,manipulated_front,8,1,0.5714904069900513,0.8426134586334229,0.7902319431304932
divide_lpres_off,patchcore,screw,defocus,2,manipulated_front,9,1,0.8824355602264404,1.0,1.0
divide_lpres_off,patchcore,screw,defocus,2,manipulated_front,10,1,0.6296618580818176,1.0,1.0
divide_lpres_off,patchcore,screw,defocus,2,manipulated_front,11,1,0.6469860076904297,0.9456150531768799,0.8563487529754639
divide_lpres_off,patchcore,screw,defocus,2,manipulated_front,12,1,0.9064266681671143,1.0,1.0
divide_lpres_off,patchcore,screw,defocus,2,manipulated_front,13,1,0.7920830249786377,1.0,1.0
divide_lpres_off,patchcore,screw,defocus,2,manipulated_front,14,1,0.6774455308914185,1.0,0.8749880790710449
divide_lpres_off,patchcore,screw,defocus,2,manipulated_front,15,1,0.6200406551361084,0.9207717776298523,0.7971232533454895
identity,patchcore,screw,defocus,3,good,0,0,0.6644894480705261,1.0,1.0
identity,patchcore,screw,defocus,3,good,1,0,0.508766770362854,1.0,1.0
identity,patchcore,screw,defocus,3,good,2,0,0.4916478395462036,1.0,1.0
identity,patchcore,screw,defocus,3,good,3,0,0.6749211549758911,1.0,1.0
identity,patchcore,screw,defocus,3,good,4,0,1.0,1.0,1.0
identity,patchcore,screw,defocus,3,good,5,0,0.9249740839004517,1.0,1.0
identity,patchcore,screw,defocus,3,good,6,0,0.5728501677513123,1.0,1.0
identity,patchcore,screw,defocus,3,good,7,0,0.6824322938919067,1.0,1.0
identity,patchcore,screw,defocus,3,manipulated_front,8,1,0.5714904069900513,1.0,1.0
identity,patchcore,screw,defocus,3,manipulated_front,9,1,0.8824355602264404,1.0,1.0
identity,patchcore,screw,defocus,3,manipulated_front,10,1,0.6296618580818176,1.0,1.0
identity,patchcore,screw,defocus,3,manipulated_front,11,1,0.6469860076904297,1.0,1.0
identity,patchcore,screw,defocus,3,manipulated_front,12,1,0.9064266681671143,1.0,1.0
identity,patchcore,screw,defocus,3,manipulated_front,13,1,0.7920830249786377,1.0,1.0
identity,patchcore,screw,defocus,3,manipulated_front,14,1,0.6774455308914185,1.0,1.0
identity,patchcore,screw,defocus,3,manipulated_front,15,1,0.6200406551361084,1.0,1.0
wiener,patchcore,screw,defocus,3,good,0,0,0.6644894480705261,1.0,0.8360233902931213
wiener,patchcore,screw,defocus,3,good,1,0,0.508766770362854,1.0,0.8762454986572266
wiener,patchcore,screw,defocus,3,good,2,0,0.4916478395462036,1.0,0.8720601797103882
wiener,patchcore,screw,defocus,3,good,3,0,0.6749211549758911,1.0,0.871382474899292
wiener,patchcore,screw,defocus,3,good,4,0,1.0,1.0,1.0
wiener,patchcore,screw,defocus,3,good,5,0,0.9249740839004517,1.0,1.0
wiener,patchcore,screw,defocus,3,good,6,0,0.5728501677513123,1.0,0.9681065082550049
wiener,patchcore,screw,defocus,3,good,7,0,0.6824322938919067,1.0,0.8987014293670654
wiener,patchcore,screw,defocus,3,manipulated_front,8,1,0.5714904069900513,1.0,0.7633635997772217
wiener,patchcore,screw,defocus,3,manipulated_front,9,1,0.8824355602264404,1.0,1.0
wiener,patchcore,screw,defocus,3,manipulated_front,10,1,0.6296618580818176,1.0,0.9977980852127075
wiener,patchcore,screw,defocus,3,manipulated_front,11,1,0.6469860076904297,1.0,0.8219678997993469
wiener,patchcore,screw,defocus,3,manipulated_front,12,1,0.9064266681671143,1.0,1.0
wiener,patchcore,screw,defocus,3,manipulated_front,13,1,0.7920830249786377,1.0,1.0
wiener,patchcore,screw,defocus,3,manipulated_front,14,1,0.6774455308914185,1.0,0.9399963617324829
wiener,patchcore,screw,defocus,3,manipulated_front,15,1,0.6200406551361084,1.0,1.0
restormer_deblur,patchcore,screw,defocus,3,good,0,0,0.6644894480705261,1.0,0.8093036413192749
restormer_deblur,patchcore,screw,defocus,3,good,1,0,0.508766770362854,1.0,0.7512844800949097
restormer_deblur,patchcore,screw,defocus,3,good,2,0,0.4916478395462036,1.0,0.7112951278686523
restormer_deblur,patchcore,screw,defocus,3,good,3,0,0.6749211549758911,1.0,0.9043949246406555
restormer_deblur,patchcore,screw,defocus,3,good,4,0,1.0,1.0,1.0
restormer_deblur,patchcore,screw,defocus,3,good,5,0,0.9249740839004517,1.0,1.0
restormer_deblur,patchcore,screw,defocus,3,good,6,0,0.5728501677513123,1.0,0.8882560133934021
restormer_deblur,patchcore,screw,defocus,3,good,7,0,0.6824322938919067,1.0,0.9588494300842285
restormer_deblur,patchcore,screw,defocus,3,manipulated_front,8,1,0.5714904069900513,1.0,0.7987650632858276
restormer_deblur,patchcore,screw,defocus,3,manipulated_front,9,1,0.8824355602264404,1.0,1.0
restormer_deblur,patchcore,screw,defocus,3,manipulated_front,10,1,0.6296618580818176,1.0,0.8956303596496582
restormer_deblur,patchcore,screw,defocus,3,manipulated_front,11,1,0.6469860076904297,1.0,0.805562436580658
restormer_deblur,patchcore,screw,defocus,3,manipulated_front,12,1,0.9064266681671143,1.0,1.0
restormer_deblur,patchcore,screw,defocus,3,manipulated_front,13,1,0.7920830249786377,1.0,0.9489243030548096
restormer_deblur,patchcore,screw,defocus,3,manipulated_front,14,1,0.6774455308914185,1.0,0.9828935861587524
restormer_deblur,patchcore,screw,defocus,3,manipulated_front,15,1,0.6200406551361084,1.0,0.9013105630874634
divide_lpres_on,patchcore,screw,defocus,3,good,0,0,0.6644894480705261,1.0,0.8194291591644287
divide_lpres_on,patchcore,screw,defocus,3,good,1,0,0.508766770362854,1.0,0.731911838054657
divide_lpres_on,patchcore,screw,defocus,3,good,2,0,0.4916478395462036,1.0,0.6949886083602905
divide_lpres_on,patchcore,screw,defocus,3,good,3,0,0.6749211549758911,1.0,0.8138399720191956
divide_lpres_on,patchcore,screw,defocus,3,good,4,0,1.0,1.0,1.0
divide_lpres_on,patchcore,screw,defocus,3,good,5,0,0.9249740839004517,1.0,1.0
divide_lpres_on,patchcore,screw,defocus,3,good,6,0,0.5728501677513123,1.0,1.0
divide_lpres_on,patchcore,screw,defocus,3,good,7,0,0.6824322938919067,1.0,0.7894695997238159
divide_lpres_on,patchcore,screw,defocus,3,manipulated_front,8,1,0.5714904069900513,1.0,0.7464037537574768
divide_lpres_on,patchcore,screw,defocus,3,manipulated_front,9,1,0.8824355602264404,1.0,0.9792888164520264
divide_lpres_on,patchcore,screw,defocus,3,manipulated_front,10,1,0.6296618580818176,1.0,0.9910305738449097
divide_lpres_on,patchcore,screw,defocus,3,manipulated_front,11,1,0.6469860076904297,1.0,0.8337538242340088
divide_lpres_on,patchcore,screw,defocus,3,manipulated_front,12,1,0.9064266681671143,1.0,1.0
divide_lpres_on,patchcore,screw,defocus,3,manipulated_front,13,1,0.7920830249786377,1.0,0.9563708305358887
divide_lpres_on,patchcore,screw,defocus,3,manipulated_front,14,1,0.6774455308914185,1.0,0.8419146537780762
divide_lpres_on,patchcore,screw,defocus,3,manipulated_front,15,1,0.6200406551361084,1.0,1.0
divide_lpres_off,patchcore,screw,defocus,3,good,0,0,0.6644894480705261,1.0,0.834033727645874
divide_lpres_off,patchcore,screw,defocus,3,good,1,0,0.508766770362854,1.0,0.7880048751831055
divide_lpres_off,patchcore,screw,defocus,3,good,2,0,0.4916478395462036,1.0,0.8359763622283936
divide_lpres_off,patchcore,screw,defocus,3,good,3,0,0.6749211549758911,1.0,0.8827139735221863
divide_lpres_off,patchcore,screw,defocus,3,good,4,0,1.0,1.0,1.0
divide_lpres_off,patchcore,screw,defocus,3,good,5,0,0.9249740839004517,1.0,1.0
divide_lpres_off,patchcore,screw,defocus,3,good,6,0,0.5728501677513123,1.0,1.0
divide_lpres_off,patchcore,screw,defocus,3,good,7,0,0.6824322938919067,1.0,0.8710412979125977
divide_lpres_off,patchcore,screw,defocus,3,manipulated_front,8,1,0.5714904069900513,1.0,0.8115131855010986
divide_lpres_off,patchcore,screw,defocus,3,manipulated_front,9,1,0.8824355602264404,1.0,1.0
divide_lpres_off,patchcore,screw,defocus,3,manipulated_front,10,1,0.6296618580818176,1.0,1.0
divide_lpres_off,patchcore,screw,defocus,3,manipulated_front,11,1,0.6469860076904297,1.0,0.9100881814956665
divide_lpres_off,patchcore,screw,defocus,3,manipulated_front,12,1,0.9064266681671143,1.0,1.0
divide_lpres_off,patchcore,screw,defocus,3,manipulated_front,13,1,0.7920830249786377,1.0,1.0
divide_lpres_off,patchcore,screw,defocus,3,manipulated_front,14,1,0.6774455308914185,1.0,0.876886785030365
divide_lpres_off,patchcore,screw,defocus,3,manipulated_front,15,1,0.6200406551361084,1.0,1.0
identity,patchcore,screw,defocus,4,good,0,0,0.6644894480705261,1.0,1.0
identity,patchcore,screw,defocus,4,good,1,0,0.508766770362854,1.0,1.0
identity,patchcore,screw,defocus,4,good,2,0,0.4916478395462036,1.0,1.0
identity,patchcore,screw,defocus,4,good,3,0,0.6749211549758911,1.0,1.0
identity,patchcore,screw,defocus,4,good,4,0,1.0,1.0,1.0
identity,patchcore,screw,defocus,4,good,5,0,0.9249740839004517,1.0,1.0
identity,patchcore,screw,defocus,4,good,6,0,0.5728501677513123,1.0,1.0
identity,patchcore,screw,defocus,4,good,7,0,0.6824322938919067,1.0,1.0
identity,patchcore,screw,defocus,4,manipulated_front,8,1,0.5714904069900513,1.0,1.0
identity,patchcore,screw,defocus,4,manipulated_front,9,1,0.8824355602264404,1.0,1.0
identity,patchcore,screw,defocus,4,manipulated_front,10,1,0.6296618580818176,1.0,1.0
identity,patchcore,screw,defocus,4,manipulated_front,11,1,0.6469860076904297,1.0,1.0
identity,patchcore,screw,defocus,4,manipulated_front,12,1,0.9064266681671143,1.0,1.0
identity,patchcore,screw,defocus,4,manipulated_front,13,1,0.7920830249786377,1.0,1.0
identity,patchcore,screw,defocus,4,manipulated_front,14,1,0.6774455308914185,1.0,1.0
identity,patchcore,screw,defocus,4,manipulated_front,15,1,0.6200406551361084,1.0,1.0
wiener,patchcore,screw,defocus,4,good,0,0,0.6644894480705261,1.0,1.0
wiener,patchcore,screw,defocus,4,good,1,0,0.508766770362854,1.0,1.0
wiener,patchcore,screw,defocus,4,good,2,0,0.4916478395462036,1.0,1.0
wiener,patchcore,screw,defocus,4,good,3,0,0.6749211549758911,1.0,0.9989182949066162
wiener,patchcore,screw,defocus,4,good,4,0,1.0,1.0,1.0
wiener,patchcore,screw,defocus,4,good,5,0,0.9249740839004517,1.0,1.0
wiener,patchcore,screw,defocus,4,good,6,0,0.5728501677513123,1.0,0.9299548864364624
wiener,patchcore,screw,defocus,4,good,7,0,0.6824322938919067,1.0,1.0
wiener,patchcore,screw,defocus,4,manipulated_front,8,1,0.5714904069900513,1.0,1.0
wiener,patchcore,screw,defocus,4,manipulated_front,9,1,0.8824355602264404,1.0,1.0
wiener,patchcore,screw,defocus,4,manipulated_front,10,1,0.6296618580818176,1.0,1.0
wiener,patchcore,screw,defocus,4,manipulated_front,11,1,0.6469860076904297,1.0,1.0
wiener,patchcore,screw,defocus,4,manipulated_front,12,1,0.9064266681671143,1.0,1.0
wiener,patchcore,screw,defocus,4,manipulated_front,13,1,0.7920830249786377,1.0,1.0
wiener,patchcore,screw,defocus,4,manipulated_front,14,1,0.6774455308914185,1.0,1.0
wiener,patchcore,screw,defocus,4,manipulated_front,15,1,0.6200406551361084,1.0,1.0
restormer_deblur,patchcore,screw,defocus,4,good,0,0,0.6644894480705261,1.0,1.0
restormer_deblur,patchcore,screw,defocus,4,good,1,0,0.508766770362854,1.0,0.8202692270278931
restormer_deblur,patchcore,screw,defocus,4,good,2,0,0.4916478395462036,1.0,0.8978363275527954
restormer_deblur,patchcore,screw,defocus,4,good,3,0,0.6749211549758911,1.0,0.9460024833679199
restormer_deblur,patchcore,screw,defocus,4,good,4,0,1.0,1.0,1.0
restormer_deblur,patchcore,screw,defocus,4,good,5,0,0.9249740839004517,1.0,1.0
restormer_deblur,patchcore,screw,defocus,4,good,6,0,0.5728501677513123,1.0,0.8796876072883606
restormer_deblur,patchcore,screw,defocus,4,good,7,0,0.6824322938919067,1.0,1.0
restormer_deblur,patchcore,screw,defocus,4,manipulated_front,8,1,0.5714904069900513,1.0,0.9936566352844238
restormer_deblur,patchcore,screw,defocus,4,manipulated_front,9,1,0.8824355602264404,1.0,1.0
restormer_deblur,patchcore,screw,defocus,4,manipulated_front,10,1,0.6296618580818176,1.0,1.0
restormer_deblur,patchcore,screw,defocus,4,manipulated_front,11,1,0.6469860076904297,1.0,0.9389925003051758
restormer_deblur,patchcore,screw,defocus,4,manipulated_front,12,1,0.9064266681671143,1.0,1.0
restormer_deblur,patchcore,screw,defocus,4,manipulated_front,13,1,0.7920830249786377,1.0,1.0
restormer_deblur,patchcore,screw,defocus,4,manipulated_front,14,1,0.6774455308914185,1.0,1.0
restormer_deblur,patchcore,screw,defocus,4,manipulated_front,15,1,0.6200406551361084,1.0,0.9885947704315186
divide_lpres_on,patchcore,screw,defocus,4,good,0,0,0.6644894480705261,1.0,1.0
divide_lpres_on,patchcore,screw,defocus,4,good,1,0,0.508766770362854,1.0,0.8260138630867004
divide_lpres_on,patchcore,screw,defocus,4,good,2,0,0.4916478395462036,1.0,0.8665158152580261
divide_lpres_on,patchcore,screw,defocus,4,good,3,0,0.6749211549758911,1.0,1.0
divide_lpres_on,patchcore,screw,defocus,4,good,4,0,1.0,1.0,1.0
divide_lpres_on,patchcore,screw,defocus,4,good,5,0,0.9249740839004517,1.0,1.0
divide_lpres_on,patchcore,screw,defocus,4,good,6,0,0.5728501677513123,1.0,0.9046745300292969
divide_lpres_on,patchcore,screw,defocus,4,good,7,0,0.6824322938919067,1.0,1.0
divide_lpres_on,patchcore,screw,defocus,4,manipulated_front,8,1,0.5714904069900513,1.0,0.972204327583313
divide_lpres_on,patchcore,screw,defocus,4,manipulated_front,9,1,0.8824355602264404,1.0,1.0
divide_lpres_on,patchcore,screw,defocus,4,manipulated_front,10,1,0.6296618580818176,1.0,1.0
divide_lpres_on,patchcore,screw,defocus,4,manipulated_front,11,1,0.6469860076904297,1.0,0.9203802347183228
divide_lpres_on,patchcore,screw,defocus,4,manipulated_front,12,1,0.9064266681671143,1.0,1.0
divide_lpres_on,patchcore,screw,defocus,4,manipulated_front,13,1,0.7920830249786377,1.0,1.0
divide_lpres_on,patchcore,screw,defocus,4,manipulated_front,14,1,0.6774455308914185,1.0,1.0
divide_lpres_on,patchcore,screw,defocus,4,manipulated_front,15,1,0.6200406551361084,1.0,0.9798775911331177
divide_lpres_off,patchcore,screw,defocus,4,good,0,0,0.6644894480705261,1.0,1.0
divide_lpres_off,patchcore,screw,defocus,4,good,1,0,0.508766770362854,1.0,0.9402703642845154
divide_lpres_off,patchcore,screw,defocus,4,good,2,0,0.4916478395462036,1.0,1.0
divide_lpres_off,patchcore,screw,defocus,4,good,3,0,0.6749211549758911,1.0,1.0
divide_lpres_off,patchcore,screw,defocus,4,good,4,0,1.0,1.0,1.0
divide_lpres_off,patchcore,screw,defocus,4,good,5,0,0.9249740839004517,1.0,1.0
divide_lpres_off,patchcore,screw,defocus,4,good,6,0,0.5728501677513123,1.0,0.9384821057319641
divide_lpres_off,patchcore,screw,defocus,4,good,7,0,0.6824322938919067,1.0,1.0
divide_lpres_off,patchcore,screw,defocus,4,manipulated_front,8,1,0.5714904069900513,1.0,1.0
divide_lpres_off,patchcore,screw,defocus,4,manipulated_front,9,1,0.8824355602264404,1.0,1.0
divide_lpres_off,patchcore,screw,defocus,4,manipulated_front,10,1,0.6296618580818176,1.0,1.0
divide_lpres_off,patchcore,screw,defocus,4,manipulated_front,11,1,0.6469860076904297,1.0,0.9899506568908691
divide_lpres_off,patchcore,screw,defocus,4,manipulated_front,12,1,0.9064266681671143,1.0,1.0
divide_lpres_off,patchcore,screw,defocus,4,manipulated_front,13,1,0.7920830249786377,1.0,1.0
divide_lpres_off,patchcore,screw,defocus,4,manipulated_front,14,1,0.6774455308914185,1.0,1.0
divide_lpres_off,patchcore,screw,defocus,4,manipulated_front,15,1,0.6200406551361084,1.0,1.0
identity,patchcore,screw,motion,2,good,0,0,0.6644894480705261,0.8909379243850708,0.8909379243850708
identity,patchcore,screw,motion,2,good,1,0,0.508766770362854,0.8213479518890381,0.8213479518890381
identity,patchcore,screw,motion,2,good,2,0,0.4916478395462036,0.9240978956222534,0.9240978956222534
identity,patchcore,screw,motion,2,good,3,0,0.6749211549758911,0.9761354923248291,0.9761354923248291
identity,patchcore,screw,motion,2,good,4,0,1.0,1.0,1.0
identity,patchcore,screw,motion,2,good,5,0,0.9249740839004517,1.0,1.0
identity,patchcore,screw,motion,2,good,6,0,0.5728501677513123,0.8332003355026245,0.8332003355026245
identity,patchcore,screw,motion,2,good,7,0,0.6824322938919067,1.0,1.0
identity,patchcore,screw,motion,2,manipulated_front,8,1,0.5714904069900513,0.8417220115661621,0.8417220115661621
identity,patchcore,screw,motion,2,manipulated_front,9,1,0.8824355602264404,1.0,1.0
identity,patchcore,screw,motion,2,manipulated_front,10,1,0.6296618580818176,0.9968808889389038,0.9968808889389038
identity,patchcore,screw,motion,2,manipulated_front,11,1,0.6469860076904297,1.0,1.0
identity,patchcore,screw,motion,2,manipulated_front,12,1,0.9064266681671143,1.0,1.0
identity,patchcore,screw,motion,2,manipulated_front,13,1,0.7920830249786377,0.9896121025085449,0.9896121025085449
identity,patchcore,screw,motion,2,manipulated_front,14,1,0.6774455308914185,1.0,1.0
identity,patchcore,screw,motion,2,manipulated_front,15,1,0.6200406551361084,1.0,1.0
wiener,patchcore,screw,motion,2,good,0,0,0.6644894480705261,0.8909379243850708,0.9311952590942383
wiener,patchcore,screw,motion,2,good,1,0,0.508766770362854,0.8213479518890381,0.8007396459579468
wiener,patchcore,screw,motion,2,good,2,0,0.4916478395462036,0.9240978956222534,0.8856463432312012
wiener,patchcore,screw,motion,2,good,3,0,0.6749211549758911,0.9761354923248291,0.9862070083618164
wiener,patchcore,screw,motion,2,good,4,0,1.0,1.0,1.0
wiener,patchcore,screw,motion,2,good,5,0,0.9249740839004517,1.0,1.0
wiener,patchcore,screw,motion,2,good,6,0,0.5728501677513123,0.8332003355026245,0.7391232252120972
wiener,patchcore,screw,motion,2,good,7,0,0.6824322938919067,1.0,0.9097580313682556
wiener,patchcore,screw,motion,2,manipulated_front,8,1,0.5714904069900513,0.8417220115661621,0.8493057489395142
wiener,patchcore,screw,motion,2,manipulated_front,9,1,0.8824355602264404,1.0,0.9401504993438721
wiener,patchcore,screw,motion,2,manipulated_front,10,1,0.6296618580818176,0.9968808889389038,0.9836129546165466
wiener,patchcore,screw,motion,2,manipulated_front,11,1,0.6469860076904297,1.0,1.0
wiener,patchcore,screw,motion,2,manipulated_front,12,1,0.9064266681671143,1.0,1.0
wiener,patchcore,screw,motion,2,manipulated_front,13,1,0.7920830249786377,0.9896121025085449,0.9621307849884033
wiener,patchcore,screw,motion,2,manipulated_front,14,1,0.6774455308914185,1.0,0.8779699802398682
wiener,patchcore,screw,motion,2,manipulated_front,15,1,0.6200406551361084,1.0,0.8409161567687988
restormer_deblur,patchcore,screw,motion,2,good,0,0,0.6644894480705261,0.8909379243850708,0.8909379243850708
restormer_deblur,patchcore,screw,motion,2,good,1,0,0.508766770362854,0.8213479518890381,0.8213479518890381
restormer_deblur,patchcore,screw,motion,2,good,2,0,0.4916478395462036,0.9240978956222534,0.5940520763397217
restormer_deblur,patchcore,screw,motion,2,good,3,0,0.6749211549758911,0.9761354923248291,0.9761354923248291
restormer_deblur,patchcore,screw,motion,2,good,4,0,1.0,1.0,1.0
restormer_deblur,patchcore,screw,motion,2,good,5,0,0.9249740839004517,1.0,1.0
restormer_deblur,patchcore,screw,motion,2,good,6,0,0.5728501677513123,0.8332003355026245,0.6610890626907349
restormer_deblur,patchcore,screw,motion,2,good,7,0,0.6824322938919067,1.0,0.7851260900497437
restormer_deblur,patchcore,screw,motion,2,manipulated_front,8,1,0.5714904069900513,0.8417220115661621,0.8417220115661621
restormer_deblur,patchcore,screw,motion,2,manipulated_front,9,1,0.8824355602264404,1.0,0.8953074216842651
restormer_deblur,patchcore,screw,motion,2,manipulated_front,10,1,0.6296618580818176,0.9968808889389038,0.9968808889389038
restormer_deblur,patchcore,screw,motion,2,manipulated_front,11,1,0.6469860076904297,1.0,1.0
restormer_deblur,patchcore,screw,motion,2,manipulated_front,12,1,0.9064266681671143,1.0,1.0
restormer_deblur,patchcore,screw,motion,2,manipulated_front,13,1,0.7920830249786377,0.9896121025085449,0.848064661026001
restormer_deblur,patchcore,screw,motion,2,manipulated_front,14,1,0.6774455308914185,1.0,0.7381221055984497
restormer_deblur,patchcore,screw,motion,2,manipulated_front,15,1,0.6200406551361084,1.0,0.6713940501213074
divide_lpres_on,patchcore,screw,motion,2,good,0,0,0.6644894480705261,0.8909379243850708,0.8667454123497009
divide_lpres_on,patchcore,screw,motion,2,good,1,0,0.508766770362854,0.8213479518890381,0.8022328615188599
divide_lpres_on,patchcore,screw,motion,2,good,2,0,0.4916478395462036,0.9240978956222534,0.8480199575424194
divide_lpres_on,patchcore,screw,motion,2,good,3,0,0.6749211549758911,0.9761354923248291,0.980515718460083
divide_lpres_on,patchcore,screw,motion,2,good,4,0,1.0,1.0,1.0
divide_lpres_on,patchcore,screw,motion,2,good,5,0,0.9249740839004517,1.0,1.0
divide_lpres_on,patchcore,screw,motion,2,good,6,0,0.5728501677513123,0.8332003355026245,0.7521511912345886
divide_lpres_on,patchcore,screw,motion,2,good,7,0,0.6824322938919067,1.0,0.9862337112426758
divide_lpres_on,patchcore,screw,motion,2,manipulated_front,8,1,0.5714904069900513,0.8417220115661621,0.817487359046936
divide_lpres_on,patchcore,screw,motion,2,manipulated_front,9,1,0.8824355602264404,1.0,0.9028500318527222
divide_lpres_on,patchcore,screw,motion,2,manipulated_front,10,1,0.6296618580818176,0.9968808889389038,1.0
divide_lpres_on,patchcore,screw,motion,2,manipulated_front,11,1,0.6469860076904297,1.0,1.0
divide_lpres_on,patchcore,screw,motion,2,manipulated_front,12,1,0.9064266681671143,1.0,1.0
divide_lpres_on,patchcore,screw,motion,2,manipulated_front,13,1,0.7920830249786377,0.9896121025085449,0.948986828327179
divide_lpres_on,patchcore,screw,motion,2,manipulated_front,14,1,0.6774455308914185,1.0,0.9304066896438599
divide_lpres_on,patchcore,screw,motion,2,manipulated_front,15,1,0.6200406551361084,1.0,1.0
divide_lpres_off,patchcore,screw,motion,2,good,0,0,0.6644894480705261,0.8909379243850708,0.9968533515930176
divide_lpres_off,patchcore,screw,motion,2,good,1,0,0.508766770362854,0.8213479518890381,0.8908723592758179
divide_lpres_off,patchcore,screw,motion,2,good,2,0,0.4916478395462036,0.9240978956222534,0.8180758953094482
divide_lpres_off,patchcore,screw,motion,2,good,3,0,0.6749211549758911,0.9761354923248291,1.0
divide_lpres_off,patchcore,screw,motion,2,good,4,0,1.0,1.0,1.0
divide_lpres_off,patchcore,screw,motion,2,good,5,0,0.9249740839004517,1.0,1.0
divide_lpres_off,patchcore,screw,motion,2,good,6,0,0.5728501677513123,0.8332003355026245,0.767594575881958
divide_lpres_off,patchcore,screw,motion,2,good,7,0,0.6824322938919067,1.0,0.981486439704895
divide_lpres_off,patchcore,screw,motion,2,manipulated_front,8,1,0.5714904069900513,0.8417220115661621,0.9141322374343872
divide_lpres_off,patchcore,screw,motion,2,manipulated_front,9,1,0.8824355602264404,1.0,0.9924906492233276
divide_lpres_off,patchcore,screw,motion,2,manipulated_front,10,1,0.6296618580818176,0.9968808889389038,1.0
divide_lpres_off,patchcore,screw,motion,2,manipulated_front,11,1,0.6469860076904297,1.0,1.0
divide_lpres_off,patchcore,screw,motion,2,manipulated_front,12,1,0.9064266681671143,1.0,1.0
divide_lpres_off,patchcore,screw,motion,2,manipulated_front,13,1,0.7920830249786377,0.9896121025085449,0.9958164691925049
divide_lpres_off,patchcore,screw,motion,2,manipulated_front,14,1,0.6774455308914185,1.0,0.9599522352218628
divide_lpres_off,patchcore,screw,motion,2,manipulated_front,15,1,0.6200406551361084,1.0,0.9245306253433228
identity,patchcore,screw,motion,3,good,0,0,0.6644894480705261,1.0,1.0
identity,patchcore,screw,motion,3,good,1,0,0.508766770362854,0.9903172254562378,0.9903172254562378
identity,patchcore,screw,motion,3,good,2,0,0.4916478395462036,1.0,1.0
identity,patchcore,screw,motion,3,good,3,0,0.6749211549758911,1.0,1.0
identity,patchcore,screw,motion,3,good,4,0,1.0,1.0,1.0
identity,patchcore,screw,motion,3,good,5,0,0.9249740839004517,1.0,1.0
identity,patchcore,screw,motion,3,good,6,0,0.5728501677513123,0.9967197179794312,0.9967197179794312
identity,patchcore,screw,motion,3,good,7,0,0.6824322938919067,1.0,1.0
identity,patchcore,screw,motion,3,manipulated_front,8,1,0.5714904069900513,1.0,1.0
identity,patchcore,screw,motion,3,manipulated_front,9,1,0.8824355602264404,1.0,1.0
identity,patchcore,screw,motion,3,manipulated_front,10,1,0.6296618580818176,1.0,1.0
identity,patchcore,screw,motion,3,manipulated_front,11,1,0.6469860076904297,1.0,1.0
identity,patchcore,screw,motion,3,manipulated_front,12,1,0.9064266681671143,1.0,1.0
identity,patchcore,screw,motion,3,manipulated_front,13,1,0.7920830249786377,1.0,1.0
identity,patchcore,screw,motion,3,manipulated_front,14,1,0.6774455308914185,1.0,1.0
identity,patchcore,screw,motion,3,manipulated_front,15,1,0.6200406551361084,1.0,1.0
wiener,patchcore,screw,motion,3,good,0,0,0.6644894480705261,1.0,1.0
wiener,patchcore,screw,motion,3,good,1,0,0.508766770362854,0.9903172254562378,0.8347647190093994
wiener,patchcore,screw,motion,3,good,2,0,0.4916478395462036,1.0,0.9131228923797607
wiener,patchcore,screw,motion,3,good,3,0,0.6749211549758911,1.0,0.8764796257019043
wiener,patchcore,screw,motion,3,good,4,0,1.0,1.0,1.0
wiener,patchcore,screw,motion,3,good,5,0,0.9249740839004517,1.0,1.0
wiener,patchcore,screw,motion,3,good,6,0,0.5728501677513123,0.9967197179794312,0.7428976893424988
wiener,patchcore,screw,motion,3,good,7,0,0.6824322938919067,1.0,1.0
wiener,patchcore,screw,motion,3,manipulated_front,8,1,0.5714904069900513,1.0,0.8307905197143555
wiener,patchcore,screw,motion,3,manipulated_front,9,1,0.8824355602264404,1.0,1.0
wiener,patchcore,screw,motion,3,manipulated_front,10,1,0.6296618580818176,1.0,0.9305732250213623
wiener,patchcore,screw,motion,3,manipulated_front,11,1,0.6469860076904297,1.0,1.0
wiener,patchcore,screw,motion,3,manipulated_front,12,1,0.9064266681671143,1.0,1.0
wiener,patchcore,screw,motion,3,manipulated_front,13,1,0.7920830249786377,1.0,1.0
wiener,patchcore,screw,motion,3,manipulated_front,14,1,0.6774455308914185,1.0,0.9566899538040161
wiener,patchcore,screw,motion,3,manipulated_front,15,1,0.6200406551361084,1.0,1.0
restormer_deblur,patchcore,screw,motion,3,good,0,0,0.6644894480705261,1.0,1.0
restormer_deblur,patchcore,screw,motion,3,good,1,0,0.508766770362854,0.9903172254562378,0.6376597881317139
restormer_deblur,patchcore,screw,motion,3,good,2,0,0.4916478395462036,1.0,0.6289154887199402
restormer_deblur,patchcore,screw,motion,3,good,3,0,0.6749211549758911,1.0,0.7407134175300598
restormer_deblur,patchcore,screw,motion,3,good,4,0,1.0,1.0,1.0
restormer_deblur,patchcore,screw,motion,3,good,5,0,0.9249740839004517,1.0,1.0
restormer_deblur,patchcore,screw,motion,3,good,6,0,0.5728501677513123,0.9967197179794312,0.7225653529167175
restormer_deblur,patchcore,screw,motion,3,good,7,0,0.6824322938919067,1.0,0.8055644035339355
restormer_deblur,patchcore,screw,motion,3,manipulated_front,8,1,0.5714904069900513,1.0,0.6242448091506958
restormer_deblur,patchcore,screw,motion,3,manipulated_front,9,1,0.8824355602264404,1.0,1.0
restormer_deblur,patchcore,screw,motion,3,manipulated_front,10,1,0.6296618580818176,1.0,0.7717938423156738
restormer_deblur,patchcore,screw,motion,3,manipulated_front,11,1,0.6469860076904297,1.0,1.0
restormer_deblur,patchcore,screw,motion,3,manipulated_front,12,1,0.9064266681671143,1.0,1.0
restormer_deblur,patchcore,screw,motion,3,manipulated_front,13,1,0.7920830249786377,1.0,0.854454517364502
restormer_deblur,patchcore,screw,motion,3,manipulated_front,14,1,0.6774455308914185,1.0,0.7769200801849365
restormer_deblur,patchcore,screw,motion,3,manipulated_front,15,1,0.6200406551361084,1.0,0.7044257521629333
divide_lpres_on,patchcore,screw,motion,3,good,0,0,0.6644894480705261,1.0,1.0
divide_lpres_on,patchcore,screw,motion,3,good,1,0,0.508766770362854,0.9903172254562378,0.8022621870040894
divide_lpres_on,patchcore,screw,motion,3,good,2,0,0.4916478395462036,1.0,0.8277182579040527
divide_lpres_on,patchcore,screw,motion,3,good,3,0,0.6749211549758911,1.0,1.0
divide_lpres_on,patchcore,screw,motion,3,good,4,0,1.0,1.0,1.0
divide_lpres_on,patchcore,screw,motion,3,good,5,0,0.9249740839004517,1.0,1.0
divide_lpres_on,patchcore,screw,motion,3,good,6,0,0.5728501677513123,0.9967197179794312,0.7721078395843506
divide_lpres_on,patchcore,screw,motion,3,good,7,0,0.6824322938919067,1.0,0.945100724697113
divide_lpres_on,patchcore,screw,motion,3,manipulated_front,8,1,0.5714904069900513,1.0,0.9385495185852051
divide_lpres_on,patchcore,screw,motion,3,manipulated_front,9,1,0.8824355602264404,1.0,1.0
divide_lpres_on,patchcore,screw,motion,3,manipulated_front,10,1,0.6296618580818176,1.0,0.9514375925064087
divide_lpres_on,patchcore,screw,motion,3,manipulated_front,11,1,0.6469860076904297,1.0,1.0
divide_lpres_on,patchcore,screw,motion,3,manipulated_front,12,1,0.9064266681671143,1.0,1.0
divide_lpres_on,patchcore,screw,motion,3,manipulated_front,13,1,0.7920830249786377,1.0,0.987756609916687
divide_lpres_on,patchcore,screw,motion,3,manipulated_front,14,1,0.6774455308914185,1.0,0.9716886878013611
divide_lpres_on,patchcore,screw,motion,3,manipulated_front,15,1,0.6200406551361084,1.0,1.0
divide_lpres_off,patchcore,screw,motion,3,good,0,0,0.6644894480705261,1.0,1.0
divide_lpres_off,patchcore,screw,motion,3,good,1,0,0.508766770362854,0.9903172254562378,0.7580603361129761
divide_lpres_off,patchcore,screw,motion,3,good,2,0,0.4916478395462036,1.0,0.8174034357070923
divide_lpres_off,patchcore,screw,motion,3,good,3,0,0.6749211549758911,1.0,1.0
divide_lpres_off,patchcore,screw,motion,3,good,4,0,1.0,1.0,1.0
divide_lpres_off,patchcore,screw,motion,3,good,5,0,0.9249740839004517,1.0,1.0
divide_lpres_off,patchcore,screw,motion,3,good,6,0,0.5728501677513123,0.9967197179794312,0.7552312612533569
divide_lpres_off,patchcore,screw,motion,3,good,7,0,0.6824322938919067,1.0,0.9668771624565125
divide_lpres_off,patchcore,screw,motion,3,manipulated_front,8,1,0.5714904069900513,1.0,0.933786153793335
divide_lpres_off,patchcore,screw,motion,3,manipulated_front,9,1,0.8824355602264404,1.0,1.0
divide_lpres_off,patchcore,screw,motion,3,manipulated_front,10,1,0.6296618580818176,1.0,0.9349905252456665
divide_lpres_off,patchcore,screw,motion,3,manipulated_front,11,1,0.6469860076904297,1.0,1.0
divide_lpres_off,patchcore,screw,motion,3,manipulated_front,12,1,0.9064266681671143,1.0,1.0
divide_lpres_off,patchcore,screw,motion,3,manipulated_front,13,1,0.7920830249786377,1.0,1.0
divide_lpres_off,patchcore,screw,motion,3,manipulated_front,14,1,0.6774455308914185,1.0,0.9947786331176758
divide_lpres_off,patchcore,screw,motion,3,manipulated_front,15,1,0.6200406551361084,1.0,1.0
identity,patchcore,screw,motion,4,good,0,0,0.6644894480705261,1.0,1.0
identity,patchcore,screw,motion,4,good,1,0,0.508766770362854,1.0,1.0
identity,patchcore,screw,motion,4,good,2,0,0.4916478395462036,1.0,1.0
identity,patchcore,screw,motion,4,good,3,0,0.6749211549758911,1.0,1.0
identity,patchcore,screw,motion,4,good,4,0,1.0,1.0,1.0
identity,patchcore,screw,motion,4,good,5,0,0.9249740839004517,1.0,1.0
identity,patchcore,screw,motion,4,good,6,0,0.5728501677513123,1.0,1.0
identity,patchcore,screw,motion,4,good,7,0,0.6824322938919067,1.0,1.0
identity,patchcore,screw,motion,4,manipulated_front,8,1,0.5714904069900513,1.0,1.0
identity,patchcore,screw,motion,4,manipulated_front,9,1,0.8824355602264404,1.0,1.0
identity,patchcore,screw,motion,4,manipulated_front,10,1,0.6296618580818176,1.0,1.0
identity,patchcore,screw,motion,4,manipulated_front,11,1,0.6469860076904297,1.0,1.0
identity,patchcore,screw,motion,4,manipulated_front,12,1,0.9064266681671143,1.0,1.0
identity,patchcore,screw,motion,4,manipulated_front,13,1,0.7920830249786377,1.0,1.0
identity,patchcore,screw,motion,4,manipulated_front,14,1,0.6774455308914185,1.0,1.0
identity,patchcore,screw,motion,4,manipulated_front,15,1,0.6200406551361084,1.0,1.0
wiener,patchcore,screw,motion,4,good,0,0,0.6644894480705261,1.0,1.0
wiener,patchcore,screw,motion,4,good,1,0,0.508766770362854,1.0,1.0
wiener,patchcore,screw,motion,4,good,2,0,0.4916478395462036,1.0,1.0
wiener,patchcore,screw,motion,4,good,3,0,0.6749211549758911,1.0,1.0
wiener,patchcore,screw,motion,4,good,4,0,1.0,1.0,1.0
wiener,patchcore,screw,motion,4,good,5,0,0.9249740839004517,1.0,1.0
wiener,patchcore,screw,motion,4,good,6,0,0.5728501677513123,1.0,1.0
wiener,patchcore,screw,motion,4,good,7,0,0.6824322938919067,1.0,1.0
wiener,patchcore,screw,motion,4,manipulated_front,8,1,0.5714904069900513,1.0,0.9117928743362427
wiener,patchcore,screw,motion,4,manipulated_front,9,1,0.8824355602264404,1.0,1.0
wiener,patchcore,screw,motion,4,manipulated_front,10,1,0.6296618580818176,1.0,1.0
wiener,patchcore,screw,motion,4,manipulated_front,11,1,0.6469860076904297,1.0,1.0
wiener,patchcore,screw,motion,4,manipulated_front,12,1,0.9064266681671143,1.0,1.0
wiener,patchcore,screw,motion,4,manipulated_front,13,1,0.7920830249786377,1.0,1.0
wiener,patchcore,screw,motion,4,manipulated_front,14,1,0.6774455308914185,1.0,0.9503705501556396
wiener,patchcore,screw,motion,4,manipulated_front,15,1,0.6200406551361084,1.0,0.9722150564193726
restormer_deblur,patchcore,screw,motion,4,good,0,0,0.6644894480705261,1.0,1.0
restormer_deblur,patchcore,screw,motion,4,good,1,0,0.508766770362854,1.0,1.0
restormer_deblur,patchcore,screw,motion,4,good,2,0,0.4916478395462036,1.0,0.6363505721092224
restormer_deblur,patchcore,screw,motion,4,good,3,0,0.6749211549758911,1.0,1.0
restormer_deblur,patchcore,screw,motion,4,good,4,0,1.0,1.0,1.0
restormer_deblur,patchcore,screw,motion,4,good,5,0,0.9249740839004517,1.0,1.0
restormer_deblur,patchcore,screw,motion,4,good,6,0,0.5728501677513123,1.0,1.0
restormer_deblur,patchcore,screw,motion,4,good,7,0,0.6824322938919067,1.0,1.0
restormer_deblur,patchcore,screw,motion,4,manipulated_front,8,1,0.5714904069900513,1.0,0.6361750960350037
restormer_deblur,patchcore,screw,motion,4,manipulated_front,9,1,0.8824355602264404,1.0,1.0
restormer_deblur,patchcore,screw,motion,4,manipulated_front,10,1,0.6296618580818176,1.0,1.0
restormer_deblur,patchcore,screw,motion,4,manipulated_front,11,1,0.6469860076904297,1.0,1.0
restormer_deblur,patchcore,screw,motion,4,manipulated_front,12,1,0.9064266681671143,1.0,1.0
restormer_deblur,patchcore,screw,motion,4,manipulated_front,13,1,0.7920830249786377,1.0,1.0
restormer_deblur,patchcore,screw,motion,4,manipulated_front,14,1,0.6774455308914185,1.0,0.7712018489837646
restormer_deblur,patchcore,screw,motion,4,manipulated_front,15,1,0.6200406551361084,1.0,0.711358904838562
divide_lpres_on,patchcore,screw,motion,4,good,0,0,0.6644894480705261,1.0,1.0
divide_lpres_on,patchcore,screw,motion,4,good,1,0,0.508766770362854,1.0,1.0
divide_lpres_on,patchcore,screw,motion,4,good,2,0,0.4916478395462036,1.0,0.936825156211853
divide_lpres_on,patchcore,screw,motion,4,good,3,0,0.6749211549758911,1.0,1.0
divide_lpres_on,patchcore,screw,motion,4,good,4,0,1.0,1.0,1.0
divide_lpres_on,patchcore,screw,motion,4,good,5,0,0.9249740839004517,1.0,1.0
divide_lpres_on,patchcore,screw,motion,4,good,6,0,0.5728501677513123,1.0,1.0
divide_lpres_on,patchcore,screw,motion,4,good,7,0,0.6824322938919067,1.0,1.0
divide_lpres_on,patchcore,screw,motion,4,manipulated_front,8,1,0.5714904069900513,1.0,1.0
divide_lpres_on,patchcore,screw,motion,4,manipulated_front,9,1,0.8824355602264404,1.0,1.0
divide_lpres_on,patchcore,screw,motion,4,manipulated_front,10,1,0.6296618580818176,1.0,1.0
divide_lpres_on,patchcore,screw,motion,4,manipulated_front,11,1,0.6469860076904297,1.0,1.0
divide_lpres_on,patchcore,screw,motion,4,manipulated_front,12,1,0.9064266681671143,1.0,1.0
divide_lpres_on,patchcore,screw,motion,4,manipulated_front,13,1,0.7920830249786377,1.0,1.0
divide_lpres_on,patchcore,screw,motion,4,manipulated_front,14,1,0.6774455308914185,1.0,1.0
divide_lpres_on,patchcore,screw,motion,4,manipulated_front,15,1,0.6200406551361084,1.0,1.0
divide_lpres_off,patchcore,screw,motion,4,good,0,0,0.6644894480705261,1.0,1.0
divide_lpres_off,patchcore,screw,motion,4,good,1,0,0.508766770362854,1.0,1.0
divide_lpres_off,patchcore,screw,motion,4,good,2,0,0.4916478395462036,1.0,0.932795524597168
divide_lpres_off,patchcore,screw,motion,4,good,3,0,0.6749211549758911,1.0,1.0
divide_lpres_off,patchcore,screw,motion,4,good,4,0,1.0,1.0,1.0
divide_lpres_off,patchcore,screw,motion,4,good,5,0,0.9249740839004517,1.0,1.0
divide_lpres_off,patchcore,screw,motion,4,good,6,0,0.5728501677513123,1.0,1.0
divide_lpres_off,patchcore,screw,motion,4,good,7,0,0.6824322938919067,1.0,1.0
divide_lpres_off,patchcore,screw,motion,4,manipulated_front,8,1,0.5714904069900513,1.0,1.0
divide_lpres_off,patchcore,screw,motion,4,manipulated_front,9,1,0.8824355602264404,1.0,1.0
divide_lpres_off,patchcore,screw,motion,4,manipulated_front,10,1,0.6296618580818176,1.0,1.0
divide_lpres_off,patchcore,screw,motion,4,manipulated_front,11,1,0.6469860076904297,1.0,1.0
divide_lpres_off,patchcore,screw,motion,4,manipulated_front,12,1,0.9064266681671143,1.0,1.0
divide_lpres_off,patchcore,screw,motion,4,manipulated_front,13,1,0.7920830249786377,1.0,1.0
divide_lpres_off,patchcore,screw,motion,4,manipulated_front,14,1,0.6774455308914185,1.0,1.0
divide_lpres_off,patchcore,screw,motion,4,manipulated_front,15,1,0.6200406551361084,1.0,1.0
identity,patchcore,screw,noise,2,good,0,0,0.6644894480705261,0.8974320888519287,0.8974320888519287
identity,patchcore,screw,noise,2,good,1,0,0.508766770362854,0.7638505697250366,0.7638505697250366
identity,patchcore,screw,noise,2,good,2,0,0.4916478395462036,0.8216120004653931,0.8216120004653931
identity,patchcore,screw,noise,2,good,3,0,0.6749211549758911,1.0,1.0
identity,patchcore,screw,noise,2,good,4,0,1.0,1.0,1.0
identity,patchcore,screw,noise,2,good,5,0,0.9249740839004517,1.0,1.0
identity,patchcore,screw,noise,2,good,6,0,0.5728501677513123,0.8243182897567749,0.8243182897567749
identity,patchcore,screw,noise,2,good,7,0,0.6824322938919067,0.9296778440475464,0.9296778440475464
identity,patchcore,screw,noise,2,manipulated_front,8,1,0.5714904069900513,0.7950901389122009,0.7950901389122009
identity,patchcore,screw,noise,2,manipulated_front,9,1,0.8824355602264404,1.0,1.0
identity,patchcore,screw,noise,2,manipulated_front,10,1,0.6296618580818176,0.973469614982605,0.973469614982605
identity,patchcore,screw,noise,2,manipulated_front,11,1,0.6469860076904297,0.9301537871360779,0.9301537871360779
identity,patchcore,screw,noise,2,manipulated_front,12,1,0.9064266681671143,1.0,1.0
identity,patchcore,screw,noise,2,manipulated_front,13,1,0.7920830249786377,0.987153172492981,0.987153172492981
identity,patchcore,screw,noise,2,manipulated_front,14,1,0.6774455308914185,0.9112042188644409,0.9112042188644409
identity,patchcore,screw,noise,2,manipulated_front,15,1,0.6200406551361084,0.8933870792388916,0.8933870792388916
wiener,patchcore,screw,noise,2,good,0,0,0.6644894480705261,0.8974320888519287,0.8614084720611572
wiener,patchcore,screw,noise,2,good,1,0,0.508766770362854,0.7638505697250366,0.7645784616470337
wiener,patchcore,screw,noise,2,good,2,0,0.4916478395462036,0.8216120004653931,0.7936801910400391
wiener,patchcore,screw,noise,2,good,3,0,0.6749211549758911,1.0,0.9908942580223083
wiener,patchcore,screw,noise,2,good,4,0,1.0,1.0,1.0
wiener,patchcore,screw,noise,2,good,5,0,0.9249740839004517,1.0,1.0
wiener,patchcore,screw,noise,2,good,6,0,0.5728501677513123,0.8243182897567749,0.8152183890342712
wiener,patchcore,screw,noise,2,good,7,0,0.6824322938919067,0.9296778440475464,0.9126835465431213
wiener,patchcore,screw,noise,2,manipulated_front,8,1,0.5714904069900513,0.7950901389122009,0.8067927360534668
wiener,patchcore,screw,noise,2,manipulated_front,9,1,0.8824355602264404,1.0,1.0
wiener,patchcore,screw,noise,2,manipulated_front,10,1,0.6296618580818176,0.973469614982605,0.9567241072654724
wiener,patchcore,screw,noise,2,manipulated_front,11,1,0.6469860076904297,0.9301537871360779,0.9179333448410034
wiener,patchcore,screw,noise,2,manipulated_front,12,1,0.9064266681671143,1.0,1.0
wiener,patchcore,screw,noise,2,manipulated_front,13,1,0.7920830249786377,0.987153172492981,0.9788050651550293
wiener,patchcore,screw,noise,2,manipulated_front,14,1,0.6774455308914185,0.9112042188644409,0.8880302906036377
wiener,patchcore,screw,noise,2,manipulated_front,15,1,0.6200406551361084,0.8933870792388916,0.85837721824646
restormer_deblur,patchcore,screw,noise,2,good,0,0,0.6644894480705261,0.8974320888519287,0.8974320888519287
restormer_deblur,patchcore,screw,noise,2,good,1,0,0.508766770362854,0.7638505697250366,0.7638505697250366
restormer_deblur,patchcore,screw,noise,2,good,2,0,0.4916478395462036,0.8216120004653931,0.8216120004653931
restormer_deblur,patchcore,screw,noise,2,good,3,0,0.6749211549758911,1.0,1.0
restormer_deblur,patchcore,screw,noise,2,good,4,0,1.0,1.0,1.0
restormer_deblur,patchcore,screw,noise,2,good,5,0,0.9249740839004517,1.0,1.0
restormer_deblur,patchcore,screw,noise,2,good,6,0,0.5728501677513123,0.8243182897567749,0.8243182897567749
restormer_deblur,patchcore,screw,noise,2,good,7,0,0.6824322938919067,0.9296778440475464,0.9296778440475464
restormer_deblur,patchcore,screw,noise,2,manipulated_front,8,1,0.5714904069900513,0.7950901389122009,0.7950901389122009
restormer_deblur,patchcore,screw,noise,2,manipulated_front,9,1,0.8824355602264404,1.0,1.0
restormer_deblur,patchcore,screw,noise,2,manipulated_front,10,1,0.6296618580818176,0.973469614982605,0.973469614982605
restormer_deblur,patchcore,screw,noise,2,manipulated_front,11,1,0.6469860076904297,0.9301537871360779,0.9301537871360779
restormer_deblur,patchcore,screw,noise,2,manipulated_front,12,1,0.9064266681671143,1.0,1.0
restormer_deblur,patchcore,screw,noise,2,manipulated_front,13,1,0.7920830249786377,0.987153172492981,0.987153172492981
restormer_deblur,patchcore,screw,noise,2,manipulated_front,14,1,0.6774455308914185,0.9112042188644409,0.9112042188644409
restormer_deblur,patchcore,screw,noise,2,manipulated_front,15,1,0.6200406551361084,0.8933870792388916,0.8933870792388916
divide_lpres_on,patchcore,screw,noise,2,good,0,0,0.6644894480705261,0.8974320888519287,0.8542439937591553
divide_lpres_on,patchcore,screw,noise,2,good,1,0,0.508766770362854,0.7638505697250366,0.7293586730957031
divide_lpres_on,patchcore,screw,noise,2,good,2,0,0.4916478395462036,0.8216120004653931,0.7756379246711731
divide_lpres_on,patchcore,screw,noise,2,good,3,0,0.6749211549758911,1.0,0.9551647901535034
divide_lpres_on,patchcore,screw,noise,2,good,4,0,1.0,1.0,1.0
divide_lpres_on,patchcore,screw,noise,2,good,5,0,0.9249740839004517,1.0,1.0
divide_lpres_on,patchcore,screw,noise,2,good,6,0,0.5728501677513123,0.8243182897567749,0.7726716995239258
divide_lpres_on,patchcore,screw,noise,2,good,7,0,0.6824322938919067,0.9296778440475464,0.909259021282196
divide_lpres_on,patchcore,screw,noise,2,manipulated_front,8,1,0.5714904069900513,0.7950901389122009,0.8016210794448853
divide_lpres_on,patchcore,screw,noise,2,manipulated_front,9,1,0.8824355602264404,1.0,1.0
divide_lpres_on,patchcore,screw,noise,2,manipulated_front,10,1,0.6296618580818176,0.973469614982605,0.9532830715179443
divide_lpres_on,patchcore,screw,noise,2,manipulated_front,11,1,0.6469860076904297,0.9301537871360779,0.8975762128829956
divide_lpres_on,patchcore,screw,noise,2,manipulated_front,12,1,0.9064266681671143,1.0,1.0
divide_lpres_on,patchcore,screw,noise,2,manipulated_front,13,1,0.7920830249786377,0.987153172492981,0.9555262327194214
divide_lpres_on,patchcore,screw,noise,2,manipulated_front,14,1,0.6774455308914185,0.9112042188644409,0.9382103681564331
divide_lpres_on,patchcore,screw,noise,2,manipulated_front,15,1,0.6200406551361084,0.8933870792388916,0.8797297477722168
divide_lpres_off,patchcore,screw,noise,2,good,0,0,0.6644894480705261,0.8974320888519287,0.8152671456336975
divide_lpres_off,patchcore,screw,noise,2,good,1,0,0.508766770362854,0.7638505697250366,0.7391835451126099
divide_lpres_off,patchcore,screw,noise,2,good,2,0,0.4916478395462036,0.8216120004653931,0.7517825365066528
divide_lpres_off,patchcore,screw,noise,2,good,3,0,0.6749211549758911,1.0,0.8999277353286743
divide_lpres_off,patchcore,screw,noise,2,good,4,0,1.0,1.0,1.0
divide_lpres_off,patchcore,screw,noise,2,good,5,0,0.9249740839004517,1.0,1.0
divide_lpres_off,patchcore,screw,noise,2,good,6,0,0.5728501677513123,0.8243182897567749,0.7451493144035339
divide_lpres_off,patchcore,screw,noise,2,good,7,0,0.6824322938919067,0.9296778440475464,0.8516156077384949
divide_lpres_off,patchcore,screw,noise,2,manipulated_front,8,1,0.5714904069900513,0.7950901389122009,0.8385911583900452
divide_lpres_off,patchcore,screw,noise,2,manipulated_front,9,1,0.8824355602264404,1.0,0.9746137261390686
divide_lpres_off,patchcore,screw,noise,2,manipulated_front,10,1,0.6296618580818176,0.973469614982605,0.9926502704620361
divide_lpres_off,patchcore,screw,noise,2,manipulated_front,11,1,0.6469860076904297,0.9301537871360779,0.8618108034133911
divide_lpres_off,patchcore,screw,noise,2,manipulated_front,12,1,0.9064266681671143,1.0,1.0
divide_lpres_off,patchcore,screw,noise,2,manipulated_front,13,1,0.7920830249786377,0.987153172492981,0.9886568784713745
divide_lpres_off,patchcore,screw,noise,2,manipulated_front,14,1,0.6774455308914185,0.9112042188644409,0.9259505271911621
divide_lpres_off,patchcore,screw,noise,2,manipulated_front,15,1,0.6200406551361084,0.8933870792388916,0.8720079660415649
identity,patchcore,screw,noise,3,good,0,0,0.6644894480705261,0.9418166875839233,0.9418166875839233
identity,patchcore,screw,noise,3,good,1,0,0.508766770362854,0.8451786637306213,0.8451786637306213
identity,patchcore,screw,noise,3,good,2,0,0.4916478395462036,0.8714287281036377,0.8714287281036377
identity,patchcore,screw,noise,3,good,3,0,0.6749211549758911,1.0,1.0
identity,patchcore,screw,noise,3,good,4,0,1.0,1.0,1.0
identity,patchcore,screw,noise,3,good,5,0,0.9249740839004517,1.0,1.0
identity,patchcore,screw,noise,3,good,6,0,0.5728501677513123,0.8740983009338379,0.8740983009338379
identity,patchcore,screw,noise,3,good,7,0,0.6824322938919067,0.9940435886383057,0.9940435886383057
identity,patchcore,screw,noise,3,manipulated_front,8,1,0.5714904069900513,0.8527360558509827,0.8527360558509827
identity,patchcore,screw,noise,3,manipulated_front,9,1,0.8824355602264404,1.0,1.0
identity,patchcore,screw,noise,3,manipulated_front,10,1,0.6296618580818176,1.0,1.0
identity,patchcore,screw,noise,3,manipulated_front,11,1,0.6469860076904297,0.9818662405014038,0.9818662405014038
identity,patchcore,screw,noise,3,manipulated_front,12,1,0.9064266681671143,1.0,1.0
identity,patchcore,screw,noise,3,manipulated_front,13,1,0.7920830249786377,1.0,1.0
identity,patchcore,screw,noise,3,manipulated_front,14,1,0.6774455308914185,0.9784274101257324,0.9784274101257324
identity,patchcore,screw,noise,3,manipulated_front,15,1,0.6200406551361084,0.9426175355911255,0.9426175355911255
wiener,patchcore,screw,noise,3,good,0,0,0.6644894480705261,0.9418166875839233,0.8947014808654785
wiener,patchcore,screw,noise,3,good,1,0,0.508766770362854,0.8451786637306213,0.8299850821495056
wiener,patchcore,screw,noise,3,good,2,0,0.4916478395462036,0.8714287281036377,0.8480973243713379
wiener,patchcore,screw,noise,3,good,3,0,0.6749211549758911,1.0,1.0
wiener,patchcore,screw,noise,3,good,4,0,1.0,1.0,1.0
wiener,patchcore,screw,noise,3,good,5,0,0.9249740839004517,1.0,1.0
wiener,patchcore,screw,noise,3,good,6,0,0.5728501677513123,0.8740983009338379,0.8623912334442139
wiener,patchcore,screw,noise,3,good,7,0,0.6824322938919067,0.9940435886383057,0.9893857836723328
wiener,patchcore,screw,noise,3,manipulated_front,8,1,0.5714904069900513,0.8527360558509827,0.8585764765739441
wiener,patchcore,screw,noise,3,manipulated_front,9,1,0.8824355602264404,1.0,1.0
wiener,patchcore,screw,noise,3,manipulated_front,10,1,0.6296618580818176,1.0,1.0
wiener,patchcore,screw,noise,3,manipulated_front,11,1,0.6469860076904297,0.9818662405014038,0.99154132604599
wiener,patchcore,screw,noise,3,manipulated_front,12,1,0.9064266681671143,1.0,1.0
wiener,patchcore,screw,noise,3,manipulated_front,13,1,0.7920830249786377,1.0,1.0
wiener,patchcore,screw,noise,3,manipulated_front,14,1,0.6774455308914185,0.9784274101257324,0.9634066224098206
wiener,patchcore,screw,noise,3,manipulated_front,15,1,0.6200406551361084,0.9426175355911255,0.9105627536773682
restormer_deblur,patchcore,screw,noise,3,good,0,0,0.6644894480705261,0.9418166875839233,0.9418166875839233
restormer_deblur,patchcore,screw,noise,3,good,1,0,0.508766770362854,0.8451786637306213,0.8451786637306213
restormer_deblur,patchcore,screw,noise,3,good,2,0,0.4916478395462036,0.8714287281036377,0.8714287281036377
restormer_deblur,patchcore,screw,noise,3,good,3,0,0.6749211549758911,1.0,1.0
restormer_deblur,patchcore,screw,noise,3,good,4,0,1.0,1.0,1.0
restormer_deblur,patchcore,screw,noise,3,good,5,0,0.9249740839004517,1.0,1.0
restormer_deblur,patchcore,screw,noise,3,good,6,0,0.5728501677513123,0.8740983009338379,0.8740983009338379
restormer_deblur,patchcore,screw,noise,3,good,7,0,0.6824322938919067,0.9940435886383057,0.9940435886383057
restormer_deblur,patchcore,screw,noise,3,manipulated_front,8,1,0.5714904069900513,0.8527360558509827,0.8527360558509827
restormer_deblur,patchcore,screw,noise,3,manipulated_front,9,1,0.8824355602264404,1.0,1.0
restormer_deblur,patchcore,screw,noise,3,manipulated_front,10,1,0.6296618580818176,1.0,1.0
restormer_deblur,patchcore,screw,noise,3,manipulated_front,11,1,0.6469860076904297,0.9818662405014038,0.9818662405014038
restormer_deblur,patchcore,screw,noise,3,manipulated_front,12,1,0.9064266681671143,1.0,1.0
restormer_deblur,patchcore,screw,noise,3,manipulated_front,13,1,0.7920830249786377,1.0,1.0
restormer_deblur,patchcore,screw,noise,3,manipulated_front,14,1,0.6774455308914185,0.9784274101257324,0.9784274101257324
restormer_deblur,patchcore,screw,noise,3,manipulated_front,15,1,0.6200406551361084,0.9426175355911255,0.9426175355911255
divide_lpres_on,patchcore,screw,noise,3,good,0,0,0.6644894480705261,0.9418166875839233,0.907559871673584
divide_lpres_on,patchcore,screw,noise,3,good,1,0,0.508766770362854,0.8451786637306213,0.8019189238548279
divide_lpres_on,patchcore,screw,noise,3,good,2,0,0.4916478395462036,0.8714287281036377,0.8490880727767944
divide_lpres_on,patchcore,screw,noise,3,good,3,0,0.6749211549758911,1.0,0.9962157607078552
divide_lpres_on,patchcore,screw,noise,3,good,4,0,1.0,1.0,1.0
divide_lpres_on,patchcore,screw,noise,3,good,5,0,0.9249740839004517,1.0,1.0
divide_lpres_on,patchcore,screw,noise,3,good,6,0,0.5728501677513123,0.8740983009338379,0.8274999856948853
divide_lpres_on,patchcore,screw,noise,3,good,7,0,0.6824322938919067,0.9940435886383057,0.9835118651390076
divide_lpres_on,patchcore,screw,noise,3,manipulated_front,8,1,0.5714904069900513,0.8527360558509827,0.854874849319458
divide_lpres_on,patchcore,screw,noise,3,manipulated_front,9,1,0.8824355602264404,1.0,1.0
divide_lpres_on,patchcore,screw,noise,3,manipulated_front,10,1,0.6296618580818176,1.0,1.0
divide_lpres_on,patchcore,screw,noise,3,manipulated_front,11,1,0.6469860076904297,0.9818662405014038,0.9566513895988464
divide_lpres_on,patchcore,screw,noise,3,manipulated_front,12,1,0.9064266681671143,1.0,1.0
divide_lpres_on,patchcore,screw,noise,3,manipulated_front,13,1,0.7920830249786377,1.0,1.0
divide_lpres_on,patchcore,screw,noise,3,manipulated_front,14,1,0.6774455308914185,0.9784274101257324,0.98667311668396
divide_lpres_on,patchcore,screw,noise,3,manipulated_front,15,1,0.6200406551361084,0.9426175355911255,0.9419756531715393
divide_lpres_off,patchcore,screw,noise,3,good,0,0,0.6644894480705261,0.9418166875839233,0.8496667742729187
divide_lpres_off,patchcore,screw,noise,3,good,1,0,0.508766770362854,0.8451786637306213,0.7833960056304932
divide_lpres_off,patchcore,screw,noise,3,good,2,0,0.4916478395462036,0.8714287281036377,0.794937252998352
divide_lpres_off,patchcore,screw,noise,3,good,3,0,0.6749211549758911,1.0,0.9405118227005005
divide_lpres_off,patchcore,screw,noise,3,good,4,0,1.0,1.0,1.0
divide_lpres_off,patchcore,screw,noise,3,good,5,0,0.9249740839004517,1.0,1.0
divide_lpres_off,patchcore,screw,noise,3,good,6,0,0.5728501677513123,0.8740983009338379,0.826345682144165
divide_lpres_off,patchcore,screw,noise,3,good,7,0,0.6824322938919067,0.9940435886383057,0.9172130227088928
divide_lpres_off,patchcore,screw,noise,3,manipulated_front,8,1,0.5714904069900513,0.8527360558509827,0.9180852174758911
divide_lpres_off,patchcore,screw,noise,3,manipulated_front,9,1,0.8824355602264404,1.0,1.0
divide_lpres_off,patchcore,screw,noise,3,manipulated_front,10,1,0.6296618580818176,1.0,1.0
divide_lpres_off,patchcore,screw,noise,3,manipulated_front,11,1,0.6469860076904297,0.9818662405014038,0.9032902717590332
divide_lpres_off,patchcore,screw,noise,3,manipulated_front,12,1,0.9064266681671143,1.0,1.0
divide_lpres_off,patchcore,screw,noise,3,manipulated_front,13,1,0.7920830249786377,1.0,1.0
divide_lpres_off,patchcore,screw,noise,3,manipulated_front,14,1,0.6774455308914185,0.9784274101257324,1.0
divide_lpres_off,patchcore,screw,noise,3,manipulated_front,15,1,0.6200406551361084,0.9426175355911255,0.8901247978210449
identity,patchcore,screw,noise,4,good,0,0,0.6644894480705261,0.9727259874343872,0.9727259874343872
identity,patchcore,screw,noise,4,good,1,0,0.508766770362854,0.913973867893219,0.913973867893219
identity,patchcore,screw,noise,4,good,2,0,0.4916478395462036,0.9209157228469849,0.9209157228469849
identity,patchcore,screw,noise,4,good,3,0,0.6749211549758911,1.0,1.0
identity,patchcore,screw,noise,4,good,4,0,1.0,1.0,1.0
identity,patchcore,screw,noise,4,good,5,0,0.9249740839004517,1.0,1.0
identity,patchcore,screw,noise,4,good,6,0,0.5728501677513123,0.9156578779220581,0.9156578779220581
identity,patchcore,screw,noise,4,good,7,0,0.6824322938919067,1.0,1.0
identity,patchcore,screw,noise,4,manipulated_front,8,1,0.5714904069900513,0.9176242351531982,0.9176242351531982
identity,patchcore,screw,noise,4,manipulated_front,9,1,0.8824355602264404,1.0,1.0
identity,patchcore,screw,noise,4,manipulated_front,10,1,0.6296618580818176,1.0,1.0
identity,patchcore,screw,noise,4,manipulated_front,11,1,0.6469860076904297,1.0,1.0
identity,patchcore,screw,noise,4,manipulated_front,12,1,0.9064266681671143,1.0,1.0
identity,patchcore,screw,noise,4,manipulated_front,13,1,0.7920830249786377,1.0,1.0
identity,patchcore,screw,noise,4,manipulated_front,14,1,0.6774455308914185,1.0,1.0
identity,patchcore,screw,noise,4,manipulated_front,15,1,0.6200406551361084,0.9788222908973694,0.9788222908973694
wiener,patchcore,screw,noise,4,good,0,0,0.6644894480705261,0.9727259874343872,0.9503532648086548
wiener,patchcore,screw,noise,4,good,1,0,0.508766770362854,0.913973867893219,0.9027608036994934
wiener,patchcore,screw,noise,4,good,2,0,0.4916478395462036,0.9209157228469849,0.911661684513092
wiener,patchcore,screw,noise,4,good,3,0,0.6749211549758911,1.0,1.0
wiener,patchcore,screw,noise,4,good,4,0,1.0,1.0,1.0
wiener,patchcore,screw,noise,4,good,5,0,0.9249740839004517,1.0,1.0
wiener,patchcore,screw,noise,4,good,6,0,0.5728501677513123,0.9156578779220581,0.9671022295951843
wiener,patchcore,screw,noise,4,good,7,0,0.6824322938919067,1.0,1.0
wiener,patchcore,screw,noise,4,manipulated_front,8,1,0.5714904069900513,0.9176242351531982,0.9269503355026245
wiener,patchcore,screw,noise,4,manipulated_front,9,1,0.8824355602264404,1.0,1.0
wiener,patchcore,screw,noise,4,manipulated_front,10,1,0.6296618580818176,1.0,1.0
wiener,patchcore,screw,noise,4,manipulated_front,11,1,0.6469860076904297,1.0,1.0
wiener,patchcore,screw,noise,4,manipulated_front,12,1,0.9064266681671143,1.0,1.0
wiener,patchcore,screw,noise,4,manipulated_front,13,1,0.7920830249786377,1.0,1.0
wiener,patchcore,screw,noise,4,manipulated_front,14,1,0.6774455308914185,1.0,1.0
wiener,patchcore,screw,noise,4,manipulated_front,15,1,0.6200406551361084,0.9788222908973694,0.9646377563476562
restormer_deblur,patchcore,screw,noise,4,good,0,0,0.6644894480705261,0.9727259874343872,0.9727259874343872
restormer_deblur,patchcore,screw,noise,4,good,1,0,0.508766770362854,0.913973867893219,0.913973867893219
restormer_deblur,patchcore,screw,noise,4,good,2,0,0.4916478395462036,0.9209157228469849,0.9209157228469849
restormer_deblur,patchcore,screw,noise,4,good,3,0,0.6749211549758911,1.0,1.0
restormer_deblur,patchcore,screw,noise,4,good,4,0,1.0,1.0,1.0
restormer_deblur,patchcore,screw,noise,4,good,5,0,0.9249740839004517,1.0,1.0
restormer_deblur,patchcore,screw,noise,4,good,6,0,0.5728501677513123,0.9156578779220581,0.9156578779220581
restormer_deblur,patchcore,screw,noise,4,good,7,0,0.6824322938919067,1.0,1.0
restormer_deblur,patchcore,screw,noise,4,manipulated_front,8,1,0.5714904069900513,0.9176242351531982,0.9176242351531982
restormer_deblur,patchcore,screw,noise,4,manipulated_front,9,1,0.8824355602264404,1.0,1.0
restormer_deblur,patchcore,screw,noise,4,manipulated_front,10,1,0.6296618580818176,1.0,1.0
restormer_deblur,patchcore,screw,noise,4,manipulated_front,11,1,0.6469860076904297,1.0,1.0
restormer_deblur,patchcore,screw,noise,4,manipulated_front,12,1,0.9064266681671143,1.0,1.0
restormer_deblur,patchcore,screw,noise,4,manipulated_front,13,1,0.7920830249786377,1.0,1.0
restormer_deblur,patchcore,screw,noise,4,manipulated_front,14,1,0.6774455308914185,1.0,1.0
restormer_deblur,patchcore,screw,noise,4,manipulated_front,15,1,0.6200406551361084,0.9788222908973694,0.9788222908973694
divide_lpres_on,patchcore,screw,noise,4,good,0,0,0.6644894480705261,0.9727259874343872,0.9468733668327332
divide_lpres_on,patchcore,screw,noise,4,good,1,0,0.508766770362854,0.913973867893219,0.85664963722229
divide_lpres_on,patchcore,screw,noise,4,good,2,0,0.4916478395462036,0.9209157228469849,0.8910377025604248
divide_lpres_on,patchcore,screw,noise,4,good,3,0,0.6749211549758911,1.0,1.0
divide_lpres_on,patchcore,screw,noise,4,good,4,0,1.0,1.0,1.0
divide_lpres_on,patchcore,screw,noise,4,good,5,0,0.9249740839004517,1.0,1.0
divide_lpres_on,patchcore,screw,noise,4,good,6,0,0.5728501677513123,0.9156578779220581,0.8962664604187012
divide_lpres_on,patchcore,screw,noise,4,good,7,0,0.6824322938919067,1.0,1.0
divide_lpres_on,patchcore,screw,noise,4,manipulated_front,8,1,0.5714904069900513,0.9176242351531982,0.913517415523529
divide_lpres_on,patchcore,screw,noise,4,manipulated_front,9,1,0.8824355602264404,1.0,1.0
divide_lpres_on,patchcore,screw,noise,4,manipulated_front,10,1,0.6296618580818176,1.0,1.0
divide_lpres_on,patchcore,screw,noise,4,manipulated_front,11,1,0.6469860076904297,1.0,0.9949802756309509
divide_lpres_on,patchcore,screw,noise,4,manipulated_front,12,1,0.9064266681671143,1.0,1.0
divide_lpres_on,patchcore,screw,noise,4,manipulated_front,13,1,0.7920830249786377,1.0,1.0
divide_lpres_on,patchcore,screw,noise,4,manipulated_front,14,1,0.6774455308914185,1.0,1.0
divide_lpres_on,patchcore,screw,noise,4,manipulated_front,15,1,0.6200406551361084,0.9788222908973694,0.9712508916854858
divide_lpres_off,patchcore,screw,noise,4,good,0,0,0.6644894480705261,0.9727259874343872,0.903362512588501
divide_lpres_off,patchcore,screw,noise,4,good,1,0,0.508766770362854,0.913973867893219,0.8363621234893799
divide_lpres_off,patchcore,screw,noise,4,good,2,0,0.4916478395462036,0.9209157228469849,0.8407636880874634
divide_lpres_off,patchcore,screw,noise,4,good,3,0,0.6749211549758911,1.0,1.0
divide_lpres_off,patchcore,screw,noise,4,good,4,0,1.0,1.0,1.0
divide_lpres_off,patchcore,screw,noise,4,good,5,0,0.9249740839004517,1.0,1.0
divide_lpres_off,patchcore,screw,noise,4,good,6,0,0.5728501677513123,0.9156578779220581,0.889460563659668
divide_lpres_off,patchcore,screw,noise,4,good,7,0,0.6824322938919067,1.0,0.9695901274681091
divide_lpres_off,patchcore,screw,noise,4,manipulated_front,8,1,0.5714904069900513,0.9176242351531982,0.9927561283111572
divide_lpres_off,patchcore,screw,noise,4,manipulated_front,9,1,0.8824355602264404,1.0,1.0
divide_lpres_off,patchcore,screw,noise,4,manipulated_front,10,1,0.6296618580818176,1.0,1.0
divide_lpres_off,patchcore,screw,noise,4,manipulated_front,11,1,0.6469860076904297,1.0,0.9394654035568237
divide_lpres_off,patchcore,screw,noise,4,manipulated_front,12,1,0.9064266681671143,1.0,1.0
divide_lpres_off,patchcore,screw,noise,4,manipulated_front,13,1,0.7920830249786377,1.0,1.0
divide_lpres_off,patchcore,screw,noise,4,manipulated_front,14,1,0.6774455308914185,1.0,1.0
divide_lpres_off,patchcore,screw,noise,4,manipulated_front,15,1,0.6200406551361084,0.9788222908973694,0.9370077848434448
identity,patchcore,screw,mixed,2,good,0,0,0.6644894480705261,1.0,1.0
identity,patchcore,screw,mixed,2,good,1,0,0.508766770362854,0.7940748929977417,0.7940748929977417
identity,patchcore,screw,mixed,2,good,2,0,0.4916478395462036,1.0,1.0
identity,patchcore,screw,mixed,2,good,3,0,0.6749211549758911,1.0,1.0
identity,patchcore,screw,mixed,2,good,4,0,1.0,1.0,1.0
identity,patchcore,screw,mixed,2,good,5,0,0.9249740839004517,1.0,1.0
identity,patchcore,screw,mixed,2,good,6,0,0.5728501677513123,0.7335882186889648,0.7335882186889648
identity,patchcore,screw,mixed,2,good,7,0,0.6824322938919067,1.0,1.0
identity,patchcore,screw,mixed,2,manipulated_front,8,1,0.5714904069900513,1.0,1.0
identity,patchcore,screw,mixed,2,manipulated_front,9,1,0.8824355602264404,1.0,1.0
identity,patchcore,screw,mixed,2,manipulated_front,10,1,0.6296618580818176,1.0,1.0
identity,patchcore,screw,mixed,2,manipulated_front,11,1,0.6469860076904297,1.0,1.0
identity,patchcore,screw,mixed,2,manipulated_front,12,1,0.9064266681671143,1.0,1.0
identity,patchcore,screw,mixed,2,manipulated_front,13,1,0.7920830249786377,1.0,1.0
identity,patchcore,screw,mixed,2,manipulated_front,14,1,0.6774455308914185,1.0,1.0
identity,patchcore,screw,mixed,2,manipulated_front,15,1,0.6200406551361084,0.9924203157424927,0.9924203157424927
wiener,patchcore,screw,mixed,2,good,0,0,0.6644894480705261,1.0,1.0
wiener,patchcore,screw,mixed,2,good,1,0,0.508766770362854,0.7940748929977417,0.8354120254516602
wiener,patchcore,screw,mixed,2,good,2,0,0.4916478395462036,1.0,1.0
wiener,patchcore,screw,mixed,2,good,3,0,0.6749211549758911,1.0,1.0
wiener,patchcore,screw,mixed,2,good,4,0,1.0,1.0,1.0
wiener,patchcore,screw,mixed,2,good,5,0,0.9249740839004517,1.0,1.0
wiener,patchcore,screw,mixed,2,good,6,0,0.5728501677513123,0.7335882186889648,0.7348889112472534
wiener,patchcore,screw,mixed,2,good,7,0,0.6824322938919067,1.0,1.0
wiener,patchcore,screw,mixed,2,manipulated_front,8,1,0.5714904069900513,1.0,1.0
wiener,patchcore,screw,mixed,2,manipulated_front,9,1,0.8824355602264404,1.0,1.0
wiener,patchcore,screw,mixed,2,manipulated_front,10,1,0.6296618580818176,1.0,1.0
wiener,patchcore,screw,mixed,2,manipulated_front,11,1,0.6469860076904297,1.0,1.0
wiener,patchcore,screw,mixed,2,manipulated_front,12,1,0.9064266681671143,1.0,1.0
wiener,patchcore,screw,mixed,2,manipulated_front,13,1,0.7920830249786377,1.0,1.0
wiener,patchcore,screw,mixed,2,manipulated_front,14,1,0.6774455308914185,1.0,1.0
wiener,patchcore,screw,mixed,2,manipulated_front,15,1,0.6200406551361084,0.9924203157424927,0.9957302808761597
restormer_deblur,patchcore,screw,mixed,2,good,0,0,0.6644894480705261,1.0,1.0
restormer_deblur,patchcore,screw,mixed,2,good,1,0,0.508766770362854,0.7940748929977417,0.7940748929977417
restormer_deblur,patchcore,screw,mixed,2,good,2,0,0.4916478395462036,1.0,1.0
restormer_deblur,patchcore,screw,mixed,2,good,3,0,0.6749211549758911,1.0,1.0
restormer_deblur,patchcore,screw,mixed,2,good,4,0,1.0,1.0,1.0
restormer_deblur,patchcore,screw,mixed,2,good,5,0,0.9249740839004517,1.0,1.0
restormer_deblur,patchcore,screw,mixed,2,good,6,0,0.5728501677513123,0.7335882186889648,0.7335882186889648
restormer_deblur,patchcore,screw,mixed,2,good,7,0,0.6824322938919067,1.0,1.0
restormer_deblur,patchcore,screw,mixed,2,manipulated_front,8,1,0.5714904069900513,1.0,1.0
restormer_deblur,patchcore,screw,mixed,2,manipulated_front,9,1,0.8824355602264404,1.0,1.0
restormer_deblur,patchcore,screw,mixed,2,manipulated_front,10,1,0.6296618580818176,1.0,1.0
restormer_deblur,patchcore,screw,mixed,2,manipulated_front,11,1,0.6469860076904297,1.0,1.0
restormer_deblur,patchcore,screw,mixed,2,manipulated_front,12,1,0.9064266681671143,1.0,1.0
restormer_deblur,patchcore,screw,mixed,2,manipulated_front,13,1,0.7920830249786377,1.0,1.0
restormer_deblur,patchcore,screw,mixed,2,manipulated_front,14,1,0.6774455308914185,1.0,1.0
restormer_deblur,patchcore,screw,mixed,2,manipulated_front,15,1,0.6200406551361084,0.9924203157424927,0.9924203157424927
divide_lpres_on,patchcore,screw,mixed,2,good,0,0,0.6644894480705261,1.0,1.0
divide_lpres_on,patchcore,screw,mixed,2,good,1,0,0.508766770362854,0.7940748929977417,0.7702202796936035
divide_lpres_on,patchcore,screw,mixed,2,good,2,0,0.4916478395462036,1.0,1.0
divide_lpres_on,patchcore,screw,mixed,2,good,3,0,0.6749211549758911,1.0,1.0
divide_lpres_on,patchcore,screw,mixed,2,good,4,0,1.0,1.0,1.0
divide_lpres_on,patchcore,screw,mixed,2,good,5,0,0.9249740839004517,1.0,1.0
divide_lpres_on,patchcore,screw,mixed,2,good,6,0,0.5728501677513123,0.7335882186889648,0.7322761416435242
divide_lpres_on,patchcore,screw,mixed,2,good,7,0,0.6824322938919067,1.0,1.0
divide_lpres_on,patchcore,screw,mixed,2,manipulated_front,8,1,0.5714904069900513,1.0,1.0
divide_lpres_on,patchcore,screw,mixed,2,manipulated_front,9,1,0.8824355602264404,1.0,1.0
divide_lpres_on,patchcore,screw,mixed,2,manipulated_front,10,1,0.6296618580818176,1.0,1.0
divide_lpres_on,patchcore,screw,mixed,2,manipulated_front,11,1,0.6469860076904297,1.0,1.0
divide_lpres_on,patchcore,screw,mixed,2,manipulated_front,12,1,0.9064266681671143,1.0,1.0
divide_lpres_on,patchcore,screw,mixed,2,manipulated_front,13,1,0.7920830249786377,1.0,1.0
divide_lpres_on,patchcore,screw,mixed,2,manipulated_front,14,1,0.6774455308914185,1.0,0.9915882349014282
divide_lpres_on,patchcore,screw,mixed,2,manipulated_front,15,1,0.6200406551361084,0.9924203157424927,0.9919325113296509
divide_lpres_off,patchcore,screw,mixed,2,good,0,0,0.6644894480705261,1.0,1.0
divide_lpres_off,patchcore,screw,mixed,2,good,1,0,0.508766770362854,0.7940748929977417,0.9936084747314453
divide_lpres_off,patchcore,screw,mixed,2,good,2,0,0.4916478395462036,1.0,1.0
divide_lpres_off,patchcore,screw,mixed,2,good,3,0,0.6749211549758911,1.0,1.0
divide_lpres_off,patchcore,screw,mixed,2,good,4,0,1.0,1.0,1.0
divide_lpres_off,patchcore,screw,mixed,2,good,5,0,0.9249740839004517,1.0,1.0
divide_lpres_off,patchcore,screw,mixed,2,good,6,0,0.5728501677513123,0.7335882186889648,1.0
divide_lpres_off,patchcore,screw,mixed,2,good,7,0,0.6824322938919067,1.0,1.0
divide_lpres_off,patchcore,screw,mixed,2,manipulated_front,8,1,0.5714904069900513,1.0,1.0
divide_lpres_off,patchcore,screw,mixed,2,manipulated_front,9,1,0.8824355602264404,1.0,1.0
divide_lpres_off,patchcore,screw,mixed,2,manipulated_front,10,1,0.6296618580818176,1.0,1.0
divide_lpres_off,patchcore,screw,mixed,2,manipulated_front,11,1,0.6469860076904297,1.0,1.0
divide_lpres_off,patchcore,screw,mixed,2,manipulated_front,12,1,0.9064266681671143,1.0,1.0
divide_lpres_off,patchcore,screw,mixed,2,manipulated_front,13,1,0.7920830249786377,1.0,1.0
divide_lpres_off,patchcore,screw,mixed,2,manipulated_front,14,1,0.6774455308914185,1.0,1.0
divide_lpres_off,patchcore,screw,mixed,2,manipulated_front,15,1,0.6200406551361084,0.9924203157424927,1.0
identity,patchcore,screw,mixed,3,good,0,0,0.6644894480705261,1.0,1.0
identity,patchcore,screw,mixed,3,good,1,0,0.508766770362854,0.8850654363632202,0.8850654363632202
identity,patchcore,screw,mixed,3,good,2,0,0.4916478395462036,1.0,1.0
identity,patchcore,screw,mixed,3,good,3,0,0.6749211549758911,1.0,1.0
identity,patchcore,screw,mixed,3,good,4,0,1.0,1.0,1.0
identity,patchcore,screw,mixed,3,good,5,0,0.9249740839004517,1.0,1.0
identity,patchcore,screw,mixed,3,good,6,0,0.5728501677513123,0.8397209048271179,0.8397209048271179
identity,patchcore,screw,mixed,3,good,7,0,0.6824322938919067,1.0,1.0
identity,patchcore,screw,mixed,3,manipulated_front,8,1,0.5714904069900513,1.0,1.0
identity,patchcore,screw,mixed,3,manipulated_front,9,1,0.8824355602264404,1.0,1.0
identity,patchcore,screw,mixed,3,manipulated_front,10,1,0.6296618580818176,1.0,1.0
identity,patchcore,screw,mixed,3,manipulated_front,11,1,0.6469860076904297,1.0,1.0
identity,patchcore,screw,mixed,3,manipulated_front,12,1,0.9064266681671143,1.0,1.0
identity,patchcore,screw,mixed,3,manipulated_front,13,1,0.7920830249786377,1.0,1.0
identity,patchcore,screw,mixed,3,manipulated_front,14,1,0.6774455308914185,1.0,1.0
identity,patchcore,screw,mixed,3,manipulated_front,15,1,0.6200406551361084,1.0,1.0
wiener,patchcore,screw,mixed,3,good,0,0,0.6644894480705261,1.0,1.0
wiener,patchcore,screw,mixed,3,good,1,0,0.508766770362854,0.8850654363632202,0.914010763168335
wiener,patchcore,screw,mixed,3,good,2,0,0.4916478395462036,1.0,1.0
wiener,patchcore,screw,mixed,3,good,3,0,0.6749211549758911,1.0,1.0
wiener,patchcore,screw,mixed,3,good,4,0,1.0,1.0,1.0
wiener,patchcore,screw,mixed,3,good,5,0,0.9249740839004517,1.0,1.0
wiener,patchcore,screw,mixed,3,good,6,0,0.5728501677513123,0.8397209048271179,1.0
wiener,patchcore,screw,mixed,3,good,7,0,0.6824322938919067,1.0,1.0
wiener,patchcore,screw,mixed,3,manipulated_front,8,1,0.5714904069900513,1.0,1.0
wiener,patchcore,screw,mixed,3,manipulated_front,9,1,0.8824355602264404,1.0,1.0
wiener,patchcore,screw,mixed,3,manipulated_front,10,1,0.6296618580818176,1.0,1.0
wiener,patchcore,screw,mixed,3,manipulated_front,11,1,0.6469860076904297,1.0,1.0
wiener,patchcore,screw,mixed,3,manipulated_front,12,1,0.9064266681671143,1.0,1.0
wiener,patchcore,screw,mixed,3,manipulated_front,13,1,0.7920830249786377,1.0,1.0
wiener,patchcore,screw,mixed,3,manipulated_front,14,1,0.6774455308914185,1.0,1.0
wiener,patchcore,screw,mixed,3,manipulated_front,15,1,0.6200406551361084,1.0,1.0
restormer_deblur,patchcore,screw,mixed,3,good,0,0,0.6644894480705261,1.0,1.0
restormer_deblur,patchcore,screw,mixed,3,good,1,0,0.508766770362854,0.8850654363632202,0.8850654363632202
restormer_deblur,patchcore,screw,mixed,3,good,2,0,0.4916478395462036,1.0,1.0
restormer_deblur,patchcore,screw,mixed,3,good,3,0,0.6749211549758911,1.0,1.0
restormer_deblur,patchcore,screw,mixed,3,good,4,0,1.0,1.0,1.0
restormer_deblur,patchcore,screw,mixed,3,good,5,0,0.9249740839004517,1.0,1.0
restormer_deblur,patchcore,screw,mixed,3,good,6,0,0.5728501677513123,0.8397209048271179,0.8492199182510376
restormer_deblur,patchcore,screw,mixed,3,good,7,0,0.6824322938919067,1.0,1.0
restormer_deblur,patchcore,screw,mixed,3,manipulated_front,8,1,0.5714904069900513,1.0,1.0
restormer_deblur,patchcore,screw,mixed,3,manipulated_front,9,1,0.8824355602264404,1.0,1.0
restormer_deblur,patchcore,screw,mixed,3,manipulated_front,10,1,0.6296618580818176,1.0,1.0
restormer_deblur,patchcore,screw,mixed,3,manipulated_front,11,1,0.6469860076904297,1.0,1.0
restormer_deblur,patchcore,screw,mixed,3,manipulated_front,12,1,0.9064266681671143,1.0,1.0
restormer_deblur,patchcore,screw,mixed,3,manipulated_front,13,1,0.7920830249786377,1.0,1.0
restormer_deblur,patchcore,screw,mixed,3,manipulated_front,14,1,0.6774455308914185,1.0,1.0
restormer_deblur,patchcore,screw,mixed,3,manipulated_front,15,1,0.6200406551361084,1.0,1.0
divide_lpres_on,patchcore,screw,mixed,3,good,0,0,0.6644894480705261,1.0,1.0
divide_lpres_on,patchcore,screw,mixed,3,good,1,0,0.508766770362854,0.8850654363632202,0.8632693290710449
divide_lpres_on,patchcore,screw,mixed,3,good,2,0,0.4916478395462036,1.0,1.0
divide_lpres_on,patchcore,screw,mixed,3,good,3,0,0.6749211549758911,1.0,1.0
divide_lpres_on,patchcore,screw,mixed,3,good,4,0,1.0,1.0,1.0
divide_lpres_on,patchcore,screw,mixed,3,good,5,0,0.9249740839004517,1.0,1.0
divide_lpres_on,patchcore,screw,mixed,3,good,6,0,0.5728501677513123,0.8397209048271179,1.0
divide_lpres_on,patchcore,screw,mixed,3,good,7,0,0.6824322938919067,1.0,1.0
divide_lpres_on,patchcore,screw,mixed,3,manipulated_front,8,1,0.5714904069900513,1.0,1.0
divide_lpres_on,patchcore,screw,mixed,3,manipulated_front,9,1,0.8824355602264404,1.0,1.0
divide_lpres_on,patchcore,screw,mixed,3,manipulated_front,10,1,0.6296618580818176,1.0,1.0
divide_lpres_on,patchcore,screw,mixed,3,manipulated_front,11,1,0.6469860076904297,1.0,1.0
divide_lpres_on,patchcore,screw,mixed,3,manipulated_front,12,1,0.9064266681671143,1.0,1.0
divide_lpres_on,patchcore,screw,mixed,3,manipulated_front,13,1,0.7920830249786377,1.0,1.0
divide_lpres_on,patchcore,screw,mixed,3,manipulated_front,14,1,0.6774455308914185,1.0,1.0
divide_lpres_on,patchcore,screw,mixed,3,manipulated_front,15,1,0.6200406551361084,1.0,1.0
divide_lpres_off,patchcore,screw,mixed,3,good,0,0,0.6644894480705261,1.0,1.0
divide_lpres_off,patchcore,screw,mixed,3,good,1,0,0.508766770362854,0.8850654363632202,0.9157291650772095
divide_lpres_off,patchcore,screw,mixed,3,good,2,0,0.4916478395462036,1.0,0.9356133937835693
divide_lpres_off,patchcore,screw,mixed,3,good,3,0,0.6749211549758911,1.0,1.0
divide_lpres_off,patchcore,screw,mixed,3,good,4,0,1.0,1.0,0.9853019118309021
divide_lpres_off,patchcore,screw,mixed,3,good,5,0,0.9249740839004517,1.0,1.0
divide_lpres_off,patchcore,screw,mixed,3,good,6,0,0.5728501677513123,0.8397209048271179,1.0
divide_lpres_off,patchcore,screw,mixed,3,good,7,0,0.6824322938919067,1.0,1.0
divide_lpres_off,patchcore,screw,mixed,3,manipulated_front,8,1,0.5714904069900513,1.0,1.0
divide_lpres_off,patchcore,screw,mixed,3,manipulated_front,9,1,0.8824355602264404,1.0,1.0
divide_lpres_off,patchcore,screw,mixed,3,manipulated_front,10,1,0.6296618580818176,1.0,1.0
divide_lpres_off,patchcore,screw,mixed,3,manipulated_front,11,1,0.6469860076904297,1.0,1.0
divide_lpres_off,patchcore,screw,mixed,3,manipulated_front,12,1,0.9064266681671143,1.0,1.0
divide_lpres_off,patchcore,screw,mixed,3,manipulated_front,13,1,0.7920830249786377,1.0,1.0
divide_lpres_off,patchcore,screw,mixed,3,manipulated_front,14,1,0.6774455308914185,1.0,1.0
divide_lpres_off,patchcore,screw,mixed,3,manipulated_front,15,1,0.6200406551361084,1.0,1.0
identity,patchcore,screw,mixed,4,good,0,0,0.6644894480705261,1.0,1.0
identity,patchcore,screw,mixed,4,good,1,0,0.508766770362854,0.9473211765289307,0.9473211765289307
identity,patchcore,screw,mixed,4,good,2,0,0.4916478395462036,1.0,1.0
identity,patchcore,screw,mixed,4,good,3,0,0.6749211549758911,1.0,1.0
identity,patchcore,screw,mixed,4,good,4,0,1.0,1.0,1.0
identity,patchcore,screw,mixed,4,good,5,0,0.9249740839004517,1.0,1.0
identity,patchcore,screw,mixed,4,good,6,0,0.5728501677513123,0.9374339580535889,0.9374339580535889
identity,patchcore,screw,mixed,4,good,7,0,0.6824322938919067,1.0,1.0
identity,patchcore,screw,mixed,4,manipulated_front,8,1,0.5714904069900513,1.0,1.0
identity,patchcore,screw,mixed,4,manipulated_front,9,1,0.8824355602264404,1.0,1.0
identity,patchcore,screw,mixed,4,manipulated_front,10,1,0.6296618580818176,1.0,1.0
identity,patchcore,screw,mixed,4,manipulated_front,11,1,0.6469860076904297,1.0,1.0
identity,patchcore,screw,mixed,4,manipulated_front,12,1,0.9064266681671143,1.0,1.0
identity,patchcore,screw,mixed,4,manipulated_front,13,1,0.7920830249786377,1.0,1.0
identity,patchcore,screw,mixed,4,manipulated_front,14,1,0.6774455308914185,1.0,1.0
identity,patchcore,screw,mixed,4,manipulated_front,15,1,0.6200406551361084,1.0,1.0
wiener,patchcore,screw,mixed,4,good,0,0,0.6644894480705261,1.0,1.0
wiener,patchcore,screw,mixed,4,good,1,0,0.508766770362854,0.9473211765289307,0.9943367838859558
wiener,patchcore,screw,mixed,4,good,2,0,0.4916478395462036,1.0,1.0
wiener,patchcore,screw,mixed,4,good,3,0,0.6749211549758911,1.0,1.0
wiener,patchcore,screw,mixed,4,good,4,0,1.0,1.0,1.0
wiener,patchcore,screw,mixed,4,good,5,0,0.9249740839004517,1.0,1.0
wiener,patchcore,screw,mixed,4,good,6,0,0.5728501677513123,0.9374339580535889,0.9695822596549988
wiener,patchcore,screw,mixed,4,good,7,0,0.6824322938919067,1.0,1.0
wiener,patchcore,screw,mixed,4,manipulated_front,8,1,0.5714904069900513,1.0,1.0
wiener,patchcore,screw,mixed,4,manipulated_front,9,1,0.8824355602264404,1.0,1.0
wiener,patchcore,screw,mixed,4,manipulated_front,10,1,0.6296618580818176,1.0,1.0
wiener,patchcore,screw,mixed,4,manipulated_front,11,1,0.6469860076904297,1.0,1.0
wiener,patchcore,screw,mixed,4,manipulated_front,12,1,0.9064266681671143,1.0,1.0
wiener,patchcore,screw,mixed,4,manipulated_front,13,1,0.7920830249786377,1.0,1.0
wiener,patchcore,screw,mixed,4,manipulated_front,14,1,0.6774455308914185,1.0,1.0
wiener,patchcore,screw,mixed,4,manipulated_front,15,1,0.6200406551361084,1.0,1.0
restormer_deblur,patchcore,screw,mixed,4,good,0,0,0.6644894480705261,1.0,1.0
restormer_deblur,patchcore,screw,mixed,4,good,1,0,0.508766770362854,0.9473211765289307,0.9473211765289307
restormer_deblur,patchcore,screw,mixed,4,good,2,0,0.4916478395462036,1.0,1.0
restormer_deblur,patchcore,screw,mixed,4,good,3,0,0.6749211549758911,1.0,1.0
restormer_deblur,patchcore,screw,mixed,4,good,4,0,1.0,1.0,1.0
restormer_deblur,patchcore,screw,mixed,4,good,5,0,0.9249740839004517,1.0,1.0
restormer_deblur,patchcore,screw,mixed,4,good,6,0,0.5728501677513123,0.9374339580535889,0.9374339580535889
restormer_deblur,patchcore,screw,mixed,4,good,7,0,0.6824322938919067,1.0,1.0
restormer_deblur,patchcore,screw,mixed,4,manipulated_front,8,1,0.5714904069900513,1.0,1.0
restormer_deblur,patchcore,screw,mixed,4,manipulated_front,9,1,0.8824355602264404,1.0,1.0
restormer_deblur,patchcore,screw,mixed,4,manipulated_front,10,1,0.6296618580818176,1.0,1.0
restormer_deblur,patchcore,screw,mixed,4,manipulated_front,11,1,0.6469860076904297,1.0,1.0
restormer_deblur,patchcore,screw,mixed,4,manipulated_front,12,1,0.9064266681671143,1.0,1.0
restormer_deblur,patchcore,screw,mixed,4,manipulated_front,13,1,0.7920830249786377,1.0,1.0
restormer_deblur,patchcore,screw,mixed,4,manipulated_front,14,1,0.6774455308914185,1.0,1.0
restormer_deblur,patchcore,screw,mixed,4,manipulated_front,15,1,0.6200406551361084,1.0,1.0
divide_lpres_on,patchcore,screw,mixed,4,good,0,0,0.6644894480705261,1.0,1.0
divide_lpres_on,patchcore,screw,mixed,4,good,1,0,0.508766770362854,0.9473211765289307,0.9322417378425598
divide_lpres_on,patchcore,screw,mixed,4,good,2,0,0.4916478395462036,1.0,1.0
divide_lpres_on,patchcore,screw,mixed,4,good,3,0,0.6749211549758911,1.0,1.0
divide_lpres_on,patchcore,screw,mixed,4,good,4,0,1.0,1.0,1.0
divide_lpres_on,patchcore,screw,mixed,4,good,5,0,0.9249740839004517,1.0,1.0
divide_lpres_on,patchcore,screw,mixed,4,good,6,0,0.5728501677513123,0.9374339580535889,0.9380833506584167
divide_lpres_on,patchcore,screw,mixed,4,good,7,0,0.6824322938919067,1.0,1.0
divide_lpres_on,patchcore,screw,mixed,4,manipulated_front,8,1,0.5714904069900513,1.0,1.0
divide_lpres_on,patchcore,screw,mixed,4,manipulated_front,9,1,0.8824355602264404,1.0,1.0
divide_lpres_on,patchcore,screw,mixed,4,manipulated_front,10,1,0.6296618580818176,1.0,1.0
divide_lpres_on,patchcore,screw,mixed,4,manipulated_front,11,1,0.6469860076904297,1.0,1.0
divide_lpres_on,patchcore,screw,mixed,4,manipulated_front,12,1,0.9064266681671143,1.0,1.0
divide_lpres_on,patchcore,screw,mixed,4,manipulated_front,13,1,0.7920830249786377,1.0,1.0
divide_lpres_on,patchcore,screw,mixed,4,manipulated_front,14,1,0.6774455308914185,1.0,1.0
divide_lpres_on,patchcore,screw,mixed,4,manipulated_front,15,1,0.6200406551361084,1.0,1.0
divide_lpres_off,patchcore,screw,mixed,4,good,0,0,0.6644894480705261,1.0,1.0
divide_lpres_off,patchcore,screw,mixed,4,good,1,0,0.508766770362854,0.9473211765289307,0.91173255443573
divide_lpres_off,patchcore,screw,mixed,4,good,2,0,0.4916478395462036,1.0,0.966447114944458
divide_lpres_off,patchcore,screw,mixed,4,good,3,0,0.6749211549758911,1.0,1.0
divide_lpres_off,patchcore,screw,mixed,4,good,4,0,1.0,1.0,0.9428234100341797
divide_lpres_off,patchcore,screw,mixed,4,good,5,0,0.9249740839004517,1.0,1.0
divide_lpres_off,patchcore,screw,mixed,4,good,6,0,0.5728501677513123,0.9374339580535889,1.0
divide_lpres_off,patchcore,screw,mixed,4,good,7,0,0.6824322938919067,1.0,1.0
divide_lpres_off,patchcore,screw,mixed,4,manipulated_front,8,1,0.5714904069900513,1.0,1.0
divide_lpres_off,patchcore,screw,mixed,4,manipulated_front,9,1,0.8824355602264404,1.0,1.0
divide_lpres_off,patchcore,screw,mixed,4,manipulated_front,10,1,0.6296618580818176,1.0,1.0
divide_lpres_off,patchcore,screw,mixed,4,manipulated_front,11,1,0.6469860076904297,1.0,0.9081501364707947
divide_lpres_off,patchcore,screw,mixed,4,manipulated_front,12,1,0.9064266681671143,1.0,1.0
divide_lpres_off,patchcore,screw,mixed,4,manipulated_front,13,1,0.7920830249786377,1.0,0.952081561088562
divide_lpres_off,patchcore,screw,mixed,4,manipulated_front,14,1,0.6774455308914185,1.0,1.0
divide_lpres_off,patchcore,screw,mixed,4,manipulated_front,15,1,0.6200406551361084,1.0,0.9442718029022217
