category,image,anomaly_kind,area_frac,family,severity,restorer,tier,drr,acg,dremr,psnr_normal,psnr_full,ssim_full,psnr_degraded
carpet,0,texture,0.0123291015625,defocus,2,identity,classical,0.9295088648796082,1.0,0.0,21.42068524791039,21.4499360752465,0.6399627327919006,21.4499360752465
carpet,0,texture,0.0123291015625,defocus,2,wiener,classical,0.4297794699668884,0.048941930165170955,-1.1399218652618228,14.919033572339115,14.867242331335737,-0.01963943988084793,21.4499360752465
carpet,0,texture,0.0123291015625,defocus,2,wiener_dbde_nsr,classical,0.4297794699668884,0.048941930165170955,-1.1399218652618228,14.919033572339115,14.867242331335737,-0.01963943988084793,21.4499360752465
carpet,0,texture,0.0123291015625,defocus,2,wiener_hqs_rawpixel,classical,0.9835888147354126,0.6853276957404775,0.5268009137628754,26.747648310438773,26.78247651012128,0.9501025676727295,21.4499360752465
carpet,0,texture,0.0123291015625,defocus,2,wiener_hqs_vst,classical,0.9737573862075806,0.6787274640138156,0.5201970453244642,26.60344592705776,26.641528071455717,0.9489366412162781,21.4499360752465
carpet,0,texture,0.0123291015625,defocus,2,wiener_hqs_vst_nofloor,classical,0.7221555709838867,0.1870090460064801,-2.666431690355307,10.36097704795174,10.357620034227592,0.233570396900177,21.4499360752465
carpet,0,texture,0.0123291015625,defocus,3,identity,classical,0.896259069442749,1.0,0.0,18.964335203468163,18.99580728256529,0.2984691560268402,18.99580728256529
carpet,0,texture,0.0123291015625,defocus,3,wiener,classical,0.31008973717689514,0.012718391343645014,-0.5993924072876584,15.009208339889621,14.934563690576537,-0.21346861124038696,18.99580728256529
carpet,0,texture,0.0123291015625,defocus,3,wiener_dbde_nsr,classical,0.31008973717689514,0.012718391343645014,-0.5993924072876584,15.009208339889621,14.934563690576537,-0.21346861124038696,18.99580728256529
carpet,0,texture,0.0123291015625,defocus,3,wiener_hqs_rawpixel,classical,0.973342776298523,0.6387856498940625,0.45625189107698394,24.006039814801035,24.039150074907184,0.8633376955986023,18.99580728256529
carpet,0,texture,0.0123291015625,defocus,3,wiener_hqs_vst,classical,0.9681373238563538,0.6375596798882232,0.4509277836422648,23.926935955794264,23.962383911602462,0.8604699969291687,18.99580728256529
carpet,0,texture,0.0123291015625,defocus,3,wiener_hqs_vst_nofloor,classical,0.7387820482254028,0.15375832607579631,-1.8814831191223607,9.971943005131699,9.971392647527969,0.2107170671224594,18.99580728256529
carpet,0,texture,0.0123291015625,defocus,4,identity,classical,0.844809889793396,1.0,0.0,17.591101960312468,17.621475132747612,0.013260760344564915,17.621475132747612
carpet,0,texture,0.0123291015625,defocus,4,wiener,classical,0.12932339310646057,0.10391834147282313,-0.07679681574735264,16.939816271276875,16.75215192231401,0.15292735397815704,17.621475132747612
carpet,0,texture,0.0123291015625,defocus,4,wiener_dbde_nsr,classical,0.12932339310646057,0.10391834147282313,-0.07679681574735264,16.939816271276875,16.75215192231401,0.15292735397815704,17.621475132747612
carpet,0,texture,0.0123291015625,defocus,4,wiener_hqs_rawpixel,classical,0.9541388750076294,0.5967270131479228,0.43245074280732365,22.351552693328998,22.381593789210925,0.7620866298675537,17.621475132747612
carpet,0,texture,0.0123291015625,defocus,4,wiener_hqs_vst,classical,0.9542691707611084,0.5979009235936188,0.4319510636831986,22.34345621558817,22.375193607163865,0.7609760165214539,17.621475132747612
carpet,0,texture,0.0123291015625,defocus,4,wiener_hqs_vst_nofloor,classical,0.7482373118400574,0.15368467836698668,-1.463880245899757,9.924252865793202,9.928346878633118,0.20234137773513794,17.621475132747612
carpet,0,texture,0.0123291015625,motion,2,identity,classical,0.9095127582550049,1.0,0.0,19.88606445180497,19.916526391412525,0.4655543863773346,19.916526391412525
carpet,0,texture,0.0123291015625,motion,2,wiener,classical,0.4628094732761383,0.050235627405094505,-0.6580342591841355,15.501782524399403,15.435901870352344,0.16824543476104736,19.916526391412525
carpet,0,texture,0.0123291015625,motion,2,wiener_dbde_nsr,classical,0.4628094732761383,0.050235627405094505,-0.6580342591841355,15.501782524399403,15.435901870352344,0.16824543476104736,19.916526391412525
carpet,0,texture,0.0123291015625,motion,2,wiener_hqs_rawpixel,classical,1.002051591873169,0.6166390539396748,-0.04530791365147402,19.374229207983213,19.39289356691447,0.7072980999946594,19.916526391412525
carpet,0,texture,0.0123291015625,motion,2,wiener_hqs_vst,classical,0.9928638935089111,0.6023882143879683,-0.06330747056493902,19.1850559924086,19.19829537108043,0.69970703125,19.916526391412525
carpet,0,texture,0.0123291015625,motion,2,wiener_hqs_vst_nofloor,classical,0.5201869010925293,0.08173793745108386,-3.8603080785122668,6.841911857600445,6.8583965037074,-0.015368063934147358,19.916526391412525
carpet,0,texture,0.0123291015625,motion,3,identity,classical,0.9172256588935852,1.0,0.0,19.520933282701392,19.553132034179082,0.46031323075294495,19.553132034179082
carpet,0,texture,0.0123291015625,motion,3,wiener,classical,0.31270498037338257,0.01804720273364803,-0.8436109719077229,14.273724474233067,14.213120765327831,-0.2910499572753906,19.553132034179082
carpet,0,texture,0.0123291015625,motion,3,wiener_dbde_nsr,classical,0.31270498037338257,0.01804720273364803,-0.8436109719077229,14.273724474233067,14.213120765327831,-0.2910499572753906,19.553132034179082
carpet,0,texture,0.0123291015625,motion,3,wiener_hqs_rawpixel,classical,0.9934375882148743,0.8433953641259255,0.2453934011748352,21.69368684918599,21.72931025475536,0.7863969802856445,19.553132034179082
carpet,0,texture,0.0123291015625,motion,3,wiener_hqs_vst,classical,0.9904264211654663,0.8354347491376013,0.23449851440608926,21.55193579406795,21.587543235028875,0.7817597389221191,19.553132034179082
carpet,0,texture,0.0123291015625,motion,3,wiener_hqs_vst_nofloor,classical,0.42636558413505554,0.08406285016808068,-3.2295840886187372,7.600561961638101,7.59972776789481,0.13327641785144806,19.553132034179082
carpet,0,texture,0.0123291015625,motion,4,identity,classical,0.9055846333503723,1.0,0.0,19.635219530717496,19.665462362223725,0.4558984339237213,19.665462362223725
carpet,0,texture,0.0123291015625,motion,4,wiener,classical,0.79948490858078,0.5427175742089657,-0.41088727698589667,16.67519951752618,16.693149214071976,-0.05973926559090614,19.665462362223725
carpet,0,texture,0.0123291015625,motion,4,wiener_dbde_nsr,classical,0.9055846333503723,1.0,0.0,19.635219530717496,19.665462362223725,0.4558984339237213,19.665462362223725
carpet,0,texture,0.0123291015625,motion,4,wiener_hqs_rawpixel,classical,0.9055846333503723,1.0,0.0,19.635219530717496,19.665462362223725,0.4558984339237213,19.665462362223725
carpet,0,texture,0.0123291015625,motion,4,wiener_hqs_vst,classical,0.9055845141410828,1.0000001390967128,0.0,19.635219530717496,19.665461613260256,0.4558984339237213,19.665462362223725
carpet,0,texture,0.0123291015625,motion,4,wiener_hqs_vst_nofloor,classical,0.9055845141410828,1.0000001390967128,0.0,19.635219530717496,19.665461613260256,0.4558984339237213,19.665462362223725
carpet,1,scratch,0.001251220703125,defocus,2,identity,classical,0.454721063375473,1.0,0.0,20.817082201134255,20.809162129041713,0.6299141049385071,20.809162129041713
carpet,1,scratch,0.001251220703125,defocus,2,wiener,classical,0.01563664898276329,0.5218725083826077,-1.0860807763751907,14.593557053559254,14.591055382520373,-0.004801311995834112,20.809162129041713
carpet,1,scratch,0.001251220703125,defocus,2,wiener_dbde_nsr,classical,0.01563664898276329,0.5218725083826077,-1.0860807763751907,14.593557053559254,14.591055382520373,-0.004801311995834112,20.809162129041713
carpet,1,scratch,0.001251220703125,defocus,2,wiener_hqs_rawpixel,classical,0.8256040215492249,1.2620087394018993,0.5494297758429176,26.917465742129284,26.916993384416035,0.9523436427116394,20.809162129041713
carpet,1,scratch,0.001251220703125,defocus,2,wiener_hqs_vst,classical,0.7996430397033691,1.2272732126719155,0.5414135520695166,26.796375827164184,26.794141811079342,0.9510169625282288,20.809162129041713
carpet,1,scratch,0.001251220703125,defocus,2,wiener_hqs_vst_nofloor,classical,0.8440368175506592,0.5946325322388181,-2.0558312114664528,11.27156544262359,11.274280454087428,0.3133203089237213,20.809162129041713
carpet,1,scratch,0.001251220703125,defocus,3,identity,classical,0.3213426470756531,1.0,0.0,18.37296836883603,18.366201381655767,0.27998924255371094,18.366201381655767
carpet,1,scratch,0.001251220703125,defocus,3,wiener,classical,0.019195225089788437,0.6193382490392126,-0.5231131877964925,14.84709522652335,14.838486395097359,-0.15830360352993011,18.366201381655767
carpet,1,scratch,0.001251220703125,defocus,3,wiener_dbde_nsr,classical,0.019195225089788437,0.6193382490392126,-0.5231131877964925,14.84709522652335,14.838486395097359,-0.15830360352993011,18.366201381655767
carpet,1,scratch,0.001251220703125,defocus,3,wiener_hqs_rawpixel,classical,0.7032926082611084,1.49096074471949,0.4709166820453732,23.778905569818622,23.775516361999326,0.8655346035957336,18.366201381655767
carpet,1,scratch,0.001251220703125,defocus,3,wiener_hqs_vst,classical,0.6766717433929443,1.440611008878265,0.4650733292909305,23.686549028437817,23.681959507468846,0.8623449206352234,18.366201381655767
carpet,1,scratch,0.001251220703125,defocus,3,wiener_hqs_vst_nofloor,classical,0.8123496174812317,0.40020658616451976,-1.5034675752251365,10.586173657192539,10.586874382756815,0.271823525428772,18.366201381655767
carpet,1,scratch,0.001251220703125,defocus,4,identity,classical,0.2170095145702362,1.0,0.0,17.045214829905355,17.03842737085911,-0.0034003453329205513,17.03842737085911
carpet,1,scratch,0.001251220703125,defocus,4,wiener,classical,0.011637724936008453,1.9235506429960192,-0.05203333646969699,16.668944207954862,16.66127300212082,0.16080980002880096,17.03842737085911
carpet,1,scratch,0.001251220703125,defocus,4,wiener_dbde_nsr,classical,0.011637724936008453,1.9235506429960192,-0.05203333646969699,16.668944207954862,16.66127300212082,0.16080980002880096,17.03842737085911
carpet,1,scratch,0.001251220703125,defocus,4,wiener_hqs_rawpixel,classical,0.5911295413970947,5.118515498815722,0.4482570040457764,22.1127658418083,22.10781893667333,0.774398148059845,17.03842737085911
carpet,1,scratch,0.001251220703125,defocus,4,wiener_hqs_vst,classical,0.5717805624008179,4.941484925471633,0.4472643681702332,22.0868846137345,22.080919067407176,0.7729424834251404,17.03842737085911
carpet,1,scratch,0.001251220703125,defocus,4,wiener_hqs_vst_nofloor,classical,0.7463679909706116,1.910279966584504,-1.3337356156942048,9.914201078298978,9.916042757657978,0.22734813392162323,17.03842737085911
carpet,1,scratch,0.001251220703125,motion,2,identity,classical,0.2808142602443695,1.0,0.0,19.750372415465193,19.73878803215801,0.524133026599884,19.73878803215801
carpet,1,scratch,0.001251220703125,motion,2,wiener,classical,0.09232134371995926,0.005574174770351633,-0.7384923995915149,14.97850372860677,14.974602794995938,0.19458551704883575,19.73878803215801
carpet,1,scratch,0.001251220703125,motion,2,wiener_dbde_nsr,classical,0.09232134371995926,0.005574174770351633,-0.7384923995915149,14.97850372860677,14.974602794995938,0.19458551704883575,19.73878803215801
carpet,1,scratch,0.001251220703125,motion,2,wiener_hqs_rawpixel,classical,0.7392488718032837,1.950554954248236,0.26110507520760073,22.027932779378368,22.02688901121233,0.868670642375946,19.73878803215801
carpet,1,scratch,0.001251220703125,motion,2,wiener_hqs_vst,classical,0.7108319401741028,1.8690294734368353,0.25723798088183003,21.859886787631986,21.858626664145078,0.8660488724708557,19.73878803215801
carpet,1,scratch,0.001251220703125,motion,2,wiener_hqs_vst_nofloor,classical,0.3371807336807251,0.6782701050412171,-3.467554026500502,7.517614443109814,7.517855246902638,0.11398544162511826,19.73878803215801
carpet,1,scratch,0.001251220703125,motion,3,identity,classical,0.29806527495384216,1.0,0.0,17.87191985914575,17.86565044989372,0.20469851791858673,17.86565044989372
carpet,1,scratch,0.001251220703125,motion,3,wiener,classical,0.02062349207699299,0.6633181399978805,-0.4490523566182629,14.734049872341917,14.724557476511846,-0.059122245758771896,17.86565044989372
carpet,1,scratch,0.001251220703125,motion,3,wiener_dbde_nsr,classical,0.02062349207699299,0.6633181399978805,-0.4490523566182629,14.734049872341917,14.724557476511846,-0.059122245758771896,17.86565044989372
carpet,1,scratch,0.001251220703125,motion,3,wiener_hqs_rawpixel,classical,0.743256151676178,1.484935403114999,0.4377462295007727,22.60137781265767,22.601632928963383,0.8581898212432861,17.86565044989372
carpet,1,scratch,0.001251220703125,motion,3,wiener_hqs_vst,classical,0.7066701650619507,1.447955340503638,0.43644267009376425,22.56497587673056,22.564838985238698,0.8567840456962585,17.86565044989372
carpet,1,scratch,0.001251220703125,motion,3,wiener_hqs_vst_nofloor,classical,0.4269510507583618,0.20304523585768383,-2.5329031269168922,7.5967684177468895,7.595271642964777,0.13319048285484314,17.86565044989372
carpet,1,scratch,0.001251220703125,motion,4,identity,classical,0.7276608347892761,1.0,0.0,19.451692606991948,19.4512020972805,0.5518166422843933,19.4512020972805
carpet,1,scratch,0.001251220703125,motion,4,wiener,classical,0.07680674642324448,0.3654271558391776,-0.6681383739612232,14.988492868142583,14.98591323656118,0.18560796976089478,19.4512020972805
carpet,1,scratch,0.001251220703125,motion,4,wiener_dbde_nsr,classical,0.07680674642324448,0.3654271558391776,-0.6681383739612232,14.988492868142583,14.98591323656118,0.18560796976089478,19.4512020972805
carpet,1,scratch,0.001251220703125,motion,4,wiener_hqs_rawpixel,classical,0.8696615099906921,0.43808211676917314,-0.4598914732426518,16.00781387090634,16.00442861310611,0.43780556321144104,19.4512020972805
carpet,1,scratch,0.001251220703125,motion,4,wiener_hqs_vst,classical,0.9176802635192871,0.4347672970868398,-0.4466380282886804,16.075679650314505,16.072501097030997,0.4425404965877533,19.4512020972805
carpet,1,scratch,0.001251220703125,motion,4,wiener_hqs_vst_nofloor,classical,0.4876248240470886,0.12163409926147917,-3.8995721791895575,6.458255126727499,6.457616425763632,0.03204107657074928,19.4512020972805
carpet,2,blob,0.0081939697265625,defocus,2,identity,classical,0.9853667616844177,1.0,0.0,21.885782272125894,21.886455427142643,0.6372044086456299,21.886455427142643
carpet,2,blob,0.0081939697265625,defocus,2,wiener,classical,0.4466722309589386,0.03170936682762508,-1.2108212371891627,15.091287011766967,15.081267665906253,-0.12221122533082962,21.886455427142643
carpet,2,blob,0.0081939697265625,defocus,2,wiener_dbde_nsr,classical,0.4466722309589386,0.03170936682762508,-1.2108212371891627,15.091287011766967,15.081267665906253,-0.12221122533082962,21.886455427142643
carpet,2,blob,0.0081939697265625,defocus,2,wiener_hqs_rawpixel,classical,0.9990994930267334,0.5971519309273453,0.534155139541313,27.397448888812722,27.412748298519602,0.9506474137306213,21.886455427142643
carpet,2,blob,0.0081939697265625,defocus,2,wiener_hqs_vst,classical,0.9947563409805298,0.5979727347199775,0.5250201012931657,27.18410423572555,27.200755191650053,0.9492166638374329,21.886455427142643
carpet,2,blob,0.0081939697265625,defocus,2,wiener_hqs_vst_nofloor,classical,0.8759855031967163,0.21036938847784534,-2.765601452498692,10.575988505119351,10.58825987066999,0.2225198894739151,21.886455427142643
carpet,2,blob,0.0081939697265625,defocus,3,identity,classical,0.9708417654037476,1.0,0.0,19.46030586753398,19.46141155137972,0.3010583221912384,19.46141155137972
carpet,2,blob,0.0081939697265625,defocus,3,wiener,classical,0.2883700132369995,0.13243899677118084,-0.5614198445131737,15.733204806395111,15.715867386309343,-0.1618715077638626,19.46141155137972
carpet,2,blob,0.0081939697265625,defocus,3,wiener_dbde_nsr,classical,0.2883700132369995,0.13243899677118084,-0.5614198445131737,15.733204806395111,15.715867386309343,-0.1618715077638626,19.46141155137972
carpet,2,blob,0.0081939697265625,defocus,3,wiener_hqs_rawpixel,classical,1.0000582933425903,0.45946883879019074,0.45064831006198025,24.4012235403321,24.40642101440721,0.8609029650688171,19.46141155137972
carpet,2,blob,0.0081939697265625,defocus,3,wiener_hqs_vst,classical,0.9956768751144409,0.4555697805619977,0.4445407079686733,24.26027097188105,24.266391124747674,0.857902467250824,19.46141155137972
carpet,2,blob,0.0081939697265625,defocus,3,wiener_hqs_vst_nofloor,classical,0.8112847208976746,0.12778491364513062,-2.290690007740012,9.434576748760485,9.445240062427173,0.17243409156799316,19.46141155137972
carpet,2,blob,0.0081939697265625,defocus,4,identity,classical,0.9401053190231323,1.0,0.0,18.11519415752248,18.116290238620845,0.02078614942729473,18.116290238620845
carpet,2,blob,0.0081939697265625,defocus,4,wiener,classical,0.06437443196773529,0.09296019906759437,-0.12751074912104876,17.09749053422,17.07434285510348,0.05271162465214729,18.116290238620845
carpet,2,blob,0.0081939697265625,defocus,4,wiener_dbde_nsr,classical,0.06437443196773529,0.09296019906759437,-0.12751074912104876,17.09749053422,17.07434285510348,0.05271162465214729,18.116290238620845
carpet,2,blob,0.0081939697265625,defocus,4,wiener_hqs_rawpixel,classical,0.999445915222168,0.4048889769777193,0.42068429367282145,22.644624828875195,22.64909140508997,0.7539541721343994,18.116290238620845
carpet,2,blob,0.0081939697265625,defocus,4,wiener_hqs_vst,classical,0.9961461424827576,0.40242484249144567,0.41749622442604317,22.57277486170132,22.576813034206044,0.7517187595367432,18.116290238620845
carpet,2,blob,0.0081939697265625,defocus,4,wiener_hqs_vst_nofloor,classical,0.8171989917755127,0.10024862533546641,-1.9152081993914325,9.164015633631738,9.177247620903508,0.14855922758579254,18.116290238620845
carpet,2,blob,0.0081939697265625,motion,2,identity,classical,0.9766216278076172,1.0,0.0,20.643214799969442,20.648263619856813,0.543822705745697,20.648263619856813
carpet,2,blob,0.0081939697265625,motion,2,wiener,classical,0.6204339861869812,0.2260112663729784,-0.4390740576374459,17.417575249677814,17.40999754769572,0.3464704751968384,20.648263619856813
carpet,2,blob,0.0081939697265625,motion,2,wiener_dbde_nsr,classical,0.6204339861869812,0.2260112663729784,-0.4390740576374459,17.417575249677814,17.40999754769572,0.3464704751968384,20.648263619856813
carpet,2,blob,0.0081939697265625,motion,2,wiener_hqs_rawpixel,classical,1.0025076866149902,0.7384637948950009,0.3981257616857333,24.453353451537716,24.469554982228555,0.8810243010520935,20.648263619856813
carpet,2,blob,0.0081939697265625,motion,2,wiener_hqs_vst,classical,0.9990969896316528,0.7362564456863129,0.3871018615224434,24.251998278106303,24.268211184176952,0.8768792748451233,20.648263619856813
carpet,2,blob,0.0081939697265625,motion,2,wiener_hqs_vst_nofloor,classical,0.596801221370697,0.15061795402309938,-3.3073005513115277,8.448364893067518,8.444115369321594,0.11001243442296982,20.648263619856813
carpet,2,blob,0.0081939697265625,motion,3,identity,classical,0.9412522912025452,1.0,0.0,18.07859878893123,18.079275004900765,0.05942797288298607,18.079275004900765
carpet,2,blob,0.0081939697265625,motion,3,wiener,classical,0.2896069884300232,0.1266496901374312,-0.24998517788592922,16.210096711990047,16.189270477061854,-0.0153637221083045,18.079275004900765
carpet,2,blob,0.0081939697265625,motion,3,wiener_dbde_nsr,classical,0.2896069884300232,0.1266496901374312,-0.24998517788592922,16.210096711990047,16.189270477061854,-0.0153637221083045,18.079275004900765
carpet,2,blob,0.0081939697265625,motion,3,wiener_hqs_rawpixel,classical,0.9987843036651611,0.503494439695942,0.5545857901345654,24.392151935987517,24.40728377362643,0.8755855560302734,18.079275004900765
carpet,2,blob,0.0081939697265625,motion,3,wiener_hqs_vst,classical,0.9932919144630432,0.49933765224316623,0.5503868515698918,24.287357689690797,24.302639825056804,0.8736231327056885,18.079275004900765
carpet,2,blob,0.0081939697265625,motion,3,wiener_hqs_vst_nofloor,classical,0.707526445388794,0.1283910724406837,-1.8763035703538278,9.183933732544169,9.185688283825106,0.1458718329668045,18.079275004900765
carpet,2,blob,0.0081939697265625,motion,4,identity,classical,0.93363356590271,1.0,0.0,18.52480154777039,18.524825162317956,0.13295094668865204,18.524825162317956
carpet,2,blob,0.0081939697265625,motion,4,wiener,classical,0.8757417798042297,0.7941109414645474,-0.050736645796410684,18.142529460709547,18.14108796158027,0.07127394527196884,18.524825162317956
carpet,2,blob,0.0081939697265625,motion,4,wiener_dbde_nsr,classical,0.93363356590271,1.0,0.0,18.52480154777039,18.524825162317956,0.13295094668865204,18.524825162317956
carpet,2,blob,0.0081939697265625,motion,4,wiener_hqs_rawpixel,classical,0.93363356590271,1.0,0.0,18.52480154777039,18.524825162317956,0.13295094668865204,18.524825162317956
carpet,2,blob,0.0081939697265625,motion,4,wiener_hqs_vst,classical,0.93363356590271,1.0000003022406612,0.0,18.52480154777039,18.524825162317956,0.13295094668865204,18.524825162317956
carpet,2,blob,0.0081939697265625,motion,4,wiener_hqs_vst_nofloor,classical,0.93363356590271,1.0000003022406612,0.0,18.52480154777039,18.524825162317956,0.13295094668865204,18.524825162317956
carpet,3,texture,0.005035400390625,defocus,2,identity,classical,0.6926053166389465,1.0,0.0,22.109768489266767,22.127554636668112,0.6411659121513367,22.127554636668112
carpet,3,texture,0.005035400390625,defocus,2,wiener,classical,0.41049331426620483,0.37960522488127624,-1.1753846516000745,15.471967765275378,15.484508737878134,-0.06445394456386566,22.127554636668112
carpet,3,texture,0.005035400390625,defocus,2,wiener_dbde_nsr,classical,0.41049331426620483,0.37960522488127624,-1.1753846516000745,15.471967765275378,15.484508737878134,-0.06445394456386566,22.127554636668112
carpet,3,texture,0.005035400390625,defocus,2,wiener_hqs_rawpixel,classical,0.9361485242843628,0.5242124998763953,0.5419496576844567,27.93418151345575,27.85585301602096,0.9515716433525085,22.127554636668112
carpet,3,texture,0.005035400390625,defocus,2,wiener_hqs_vst,classical,0.9451342225074768,0.5257656652038766,0.5429308633577045,28.046174572151266,27.94888002996153,0.9514899253845215,22.127554636668112
carpet,3,texture,0.005035400390625,defocus,2,wiener_hqs_vst_nofloor,classical,1.4540374279022217,0.19449582664430512,-2.2941196958625723,11.822041375493669,11.811161210476211,0.29196950793266296,22.127554636668112
carpet,3,texture,0.005035400390625,defocus,3,identity,classical,0.6154541969299316,1.0,0.0,19.69260631587888,19.710648284158804,0.3092760741710663,19.710648284158804
carpet,3,texture,0.005035400390625,defocus,3,wiener,classical,0.258216917514801,0.13048284724679432,-0.5922806861753243,15.792461063011082,15.804392716494247,-0.18464772403240204,19.710648284158804
carpet,3,texture,0.005035400390625,defocus,3,wiener_dbde_nsr,classical,0.258216917514801,0.13048284724679432,-0.5922806861753243,15.792461063011082,15.804392716494247,-0.18464772403240204,19.710648284158804
carpet,3,texture,0.005035400390625,defocus,3,wiener_hqs_rawpixel,classical,0.9345082640647888,0.4141024359709846,0.4646212312391632,24.83198342550037,24.8124957422765,0.8677422404289246,19.710648284158804
carpet,3,texture,0.005035400390625,defocus,3,wiener_hqs_vst,classical,0.9470250010490417,0.4167289790234512,0.4669028190129445,24.924011639488505,24.89502337600615,0.8673819899559021,19.710648284158804
carpet,3,texture,0.005035400390625,defocus,3,wiener_hqs_vst_nofloor,classical,2.103012800216675,0.12559426071120508,-2.082700500319184,10.138492928125526,10.128568347396264,0.20600204169750214,19.710648284158804
carpet,3,texture,0.005035400390625,defocus,4,identity,classical,0.5590993165969849,1.0,0.0,18.34687776209212,18.36481888275226,0.031469736248254776,18.36481888275226
carpet,3,texture,0.005035400390625,defocus,4,wiener,classical,0.14242641627788544,0.13031048034899584,-0.09719940879028166,17.582042634136602,17.593134340847524,0.12830661237239838,18.36481888275226
carpet,3,texture,0.005035400390625,defocus,4,wiener_dbde_nsr,classical,0.14242641627788544,0.13031048034899584,-0.09719940879028166,17.582042634136602,17.593134340847524,0.12830661237239838,18.36481888275226
carpet,3,texture,0.005035400390625,defocus,4,wiener_hqs_rawpixel,classical,0.9018645882606506,0.4620319693829839,0.4206130070004148,22.854059833537754,22.837671412145603,0.758841335773468,18.36481888275226
carpet,3,texture,0.005035400390625,defocus,4,wiener_hqs_vst,classical,0.9209753274917603,0.46816490153692,0.43037608623960544,23.060085987715286,23.033979776953117,0.7628226280212402,18.36481888275226
carpet,3,texture,0.005035400390625,defocus,4,wiener_hqs_vst_nofloor,classical,1.7557272911071777,0.0758437974107037,-1.891923909778273,9.391491701358074,9.388493272114914,0.15835195779800415,18.36481888275226
carpet,3,texture,0.005035400390625,motion,2,identity,classical,0.7106373906135559,1.0,0.0,20.552847772669132,20.570963364586667,0.49114975333213806,20.570963364586667
carpet,3,texture,0.005035400390625,motion,2,wiener,classical,0.573383092880249,0.3165468688945923,-0.48269859302352813,17.081310234938524,17.092190617905242,0.28947126865386963,20.570963364586667
carpet,3,texture,0.005035400390625,motion,2,wiener_dbde_nsr,classical,0.573383092880249,0.3165468688945923,-0.48269859302352813,17.081310234938524,17.092190617905242,0.28947126865386963,20.570963364586667
carpet,3,texture,0.005035400390625,motion,2,wiener_hqs_rawpixel,classical,1.1150654554367065,0.49075841752767635,0.3297573558229321,23.64187155698261,23.597728203693546,0.8486325740814209,20.570963364586667
carpet,3,texture,0.005035400390625,motion,2,wiener_hqs_vst,classical,1.1382337808609009,0.48262189281713574,0.3197239672821287,23.51715219067744,23.462543386763066,0.8438369631767273,20.570963364586667
carpet,3,texture,0.005035400390625,motion,2,wiener_hqs_vst_nofloor,classical,1.4304457902908325,0.06112552622866318,-3.357424359081774,8.224461298147746,8.224098838215147,0.09376462548971176,20.570963364586667
carpet,3,texture,0.005035400390625,motion,3,identity,classical,0.6796948313713074,1.0,0.0,20.291502822935183,20.308602640686857,0.47164830565452576,20.308602640686857
carpet,3,texture,0.005035400390625,motion,3,wiener,classical,0.3003852069377899,0.17374921862055173,-0.7858651912194414,15.301177677819002,15.312373338790376,-0.24299311637878418,20.308602640686857
carpet,3,texture,0.005035400390625,motion,3,wiener_dbde_nsr,classical,0.3003852069377899,0.17374921862055173,-0.7858651912194414,15.301177677819002,15.312373338790376,-0.24299311637878418,20.308602640686857
carpet,3,texture,0.005035400390625,motion,3,wiener_hqs_rawpixel,classical,1.022949457168579,0.49468236255455106,0.3099053675691712,23.20216851330637,23.158333570829555,0.8092470765113831,20.308602640686857
carpet,3,texture,0.005035400390625,motion,3,wiener_hqs_vst,classical,1.0287927389144897,0.4843180475452358,0.30589210816206513,23.127706465212686,23.074361113798627,0.8067310452461243,20.308602640686857
carpet,3,texture,0.005035400390625,motion,3,wiener_hqs_vst_nofloor,classical,1.265016794204712,0.025096960345892677,-3.1961907573623707,8.300385200715926,8.300789529939316,0.12174597382545471,20.308602640686857
carpet,3,texture,0.005035400390625,motion,4,identity,classical,0.5314792394638062,1.0,0.0,18.902186150106377,18.91907176148197,0.17043791711330414,18.91907176148197
carpet,3,texture,0.005035400390625,motion,4,wiener,classical,0.45150718092918396,0.8296257659755122,-0.09118282655299392,18.142947735301295,18.16002215059504,0.03170385956764221,18.91907176148197
carpet,3,texture,0.005035400390625,motion,4,wiener_dbde_nsr,classical,0.5314792394638062,1.0,0.0,18.902186150106377,18.91907176148197,0.17043791711330414,18.91907176148197
carpet,3,texture,0.005035400390625,motion,4,wiener_hqs_rawpixel,classical,0.5314792394638062,1.0,0.0,18.902186150106377,18.91907176148197,0.17043791711330414,18.91907176148197
carpet,3,texture,0.005035400390625,motion,4,wiener_hqs_vst,classical,0.5314792394638062,0.9999993173979311,8.217149005673718e-08,18.902186150106377,18.91907176148197,0.17043791711330414,18.91907176148197
carpet,3,texture,0.005035400390625,motion,4,wiener_hqs_vst_nofloor,classical,0.5314792394638062,0.9999993173979311,8.217149005673718e-08,18.902186150106377,18.91907176148197,0.17043791711330414,18.91907176148197
carpet,4,scratch,0.0060577392578125,defocus,2,identity,classical,0.842589795589447,1.0,0.0,22.018576532824838,22.01431257322146,0.6433596611022949,22.01431257322146
carpet,4,scratch,0.0060577392578125,defocus,2,wiener,classical,0.008960113860666752,0.11752150659048678,-1.207455597032176,15.228179541814363,15.205480296694532,-0.10414993017911911,22.01431257322146
carpet,4,scratch,0.0060577392578125,defocus,2,wiener_dbde_nsr,classical,0.008960113860666752,0.11752150659048678,-1.207455597032176,15.228179541814363,15.205480296694532,-0.10414993017911911,22.01431257322146
carpet,4,scratch,0.0060577392578125,defocus,2,wiener_hqs_rawpixel,classical,0.9775715470314026,0.68123393922265,0.5280939826762339,27.387674294410292,27.39892554651279,0.9502801299095154,22.01431257322146
carpet,4,scratch,0.0060577392578125,defocus,2,wiener_hqs_vst,classical,0.9819768071174622,0.6874713916426697,0.5243231533190056,27.324083741136125,27.336371408959998,0.9496709704399109,22.01431257322146
carpet,4,scratch,0.0060577392578125,defocus,2,wiener_hqs_vst_nofloor,classical,0.8505886197090149,0.24259806643047216,-2.5768112368581084,11.049092413746084,11.04666648711229,0.2529781758785248,22.01431257322146
carpet,4,scratch,0.0060577392578125,defocus,3,identity,classical,0.7423022389411926,1.0,0.0,19.57359341840744,19.568040490336486,0.3087315261363983,19.568040490336486
carpet,4,scratch,0.0060577392578125,defocus,3,wiener,classical,0.020214153453707695,0.024714611283681246,-0.5932798353093744,15.65026305072163,15.627041554242796,-0.18228094279766083,19.568040490336486
carpet,4,scratch,0.0060577392578125,defocus,3,wiener_dbde_nsr,classical,0.020214153453707695,0.024714611283681246,-0.5932798353093744,15.65026305072163,15.627041554242796,-0.18228094279766083,19.568040490336486
carpet,4,scratch,0.0060577392578125,defocus,3,wiener_hqs_rawpixel,classical,0.9665104150772095,0.6897105040909826,0.44942697398297415,24.4327117053529,24.435194928816138,0.862666666507721,19.568040490336486
carpet,4,scratch,0.0060577392578125,defocus,3,wiener_hqs_vst,classical,0.9697691798210144,0.6973496465007004,0.4474580759819088,24.408294309648525,24.411516369992064,0.861197292804718,19.568040490336486
carpet,4,scratch,0.0060577392578125,defocus,3,wiener_hqs_vst_nofloor,classical,0.6836130023002625,0.11881312565127854,-2.235151476838684,9.634701156671323,9.630872906107426,0.17899681627750397,19.568040490336486
carpet,4,scratch,0.0060577392578125,defocus,4,identity,classical,0.5854488611221313,1.0,0.0,18.210923948799273,18.20244882172925,0.02732877992093563,18.20244882172925
carpet,4,scratch,0.0060577392578125,defocus,4,wiener,classical,0.03253303840756416,0.01794673138463449,-0.1349171347062088,17.158575136328665,17.129112066193688,0.05198153853416443,18.20244882172925
carpet,4,scratch,0.0060577392578125,defocus,4,wiener_dbde_nsr,classical,0.03253303840756416,0.01794673138463449,-0.1349171347062088,17.158575136328665,17.129112066193688,0.05198153853416443,18.20244882172925
carpet,4,scratch,0.0060577392578125,defocus,4,wiener_hqs_rawpixel,classical,0.9044175744056702,0.9150969069636552,0.4178014970569284,22.68274227336265,22.683961467855656,0.75341796875,18.20244882172925
carpet,4,scratch,0.0060577392578125,defocus,4,wiener_hqs_vst,classical,0.9146676659584045,0.9312752132613501,0.4228994452312318,22.760587596593545,22.761823497104757,0.7559515833854675,18.20244882172925
carpet,4,scratch,0.0060577392578125,defocus,4,wiener_hqs_vst_nofloor,classical,0.6204578280448914,0.22441095690124105,-1.7192879772504326,9.713170057538141,9.70458875505031,0.17283089458942413,18.20244882172925
carpet,4,scratch,0.0060577392578125,motion,2,identity,classical,0.9175987839698792,1.0,0.0,21.123733153309235,21.118198676983337,0.5767650604248047,21.118198676983337
carpet,4,scratch,0.0060577392578125,motion,2,wiener,classical,0.012038455344736576,0.23939612057485105,-0.6339514963503572,16.892112139917323,16.859937428442763,0.2416178435087204,21.118198676983337
carpet,4,scratch,0.0060577392578125,motion,2,wiener_dbde_nsr,classical,0.012038455344736576,0.23939612057485105,-0.6339514963503572,16.892112139917323,16.859937428442763,0.2416178435087204,21.118198676983337
carpet,4,scratch,0.0060577392578125,motion,2,wiener_hqs_rawpixel,classical,0.9944677948951721,0.6880028600193616,0.40677674959408217,24.89733714120204,24.904339016790175,0.9020577073097229,21.118198676983337
carpet,4,scratch,0.0060577392578125,motion,2,wiener_hqs_vst,classical,0.997406005859375,0.6926598913508374,0.40021564353616956,24.77940609819231,24.78755403832789,0.9001040458679199,21.118198676983337
carpet,4,scratch,0.0060577392578125,motion,2,wiener_hqs_vst_nofloor,classical,0.7219222784042358,0.13661217525553773,-3.548919341519875,8.537402875729372,8.54086406694487,0.13719157874584198,21.118198676983337
carpet,4,scratch,0.0060577392578125,motion,3,identity,classical,0.4742242097854614,1.0,0.0,19.607075328342173,19.594668164792143,0.3558236062526703,19.594668164792143
carpet,4,scratch,0.0060577392578125,motion,3,wiener,classical,0.09688522666692734,0.21727038772305554,-0.6387921065406625,15.356308485460655,15.330513478248713,-0.23180828988552094,19.594668164792143
carpet,4,scratch,0.0060577392578125,motion,3,wiener_dbde_nsr,classical,0.09688522666692734,0.21727038772305554,-0.6387921065406625,15.356308485460655,15.330513478248713,-0.23180828988552094,19.594668164792143
carpet,4,scratch,0.0060577392578125,motion,3,wiener_hqs_rawpixel,classical,0.9304133653640747,1.62669814347529,0.33491540488309,22.800219805789208,22.795963183089697,0.7961141467094421,19.594668164792143
carpet,4,scratch,0.0060577392578125,motion,3,wiener_hqs_vst,classical,0.9447447061538696,1.6598210318763622,0.33373682510304303,22.803170034211774,22.79980170088752,0.7949408888816833,19.594668164792143
carpet,4,scratch,0.0060577392578125,motion,3,wiener_hqs_vst_nofloor,classical,0.6094495058059692,0.010232222811975729,-2.947627363556435,8.159494739065282,8.159013558398017,0.12983953952789307,19.594668164792143
carpet,4,scratch,0.0060577392578125,motion,4,identity,classical,0.42841628193855286,1.0,0.0,18.30436744869681,18.29132305672993,0.07043197751045227,18.29132305672993
carpet,4,scratch,0.0060577392578125,motion,4,wiener,classical,0.040819935500621796,0.2209282549495189,-0.1364715707112245,17.178170693303688,17.14506387954072,0.10282380133867264,18.29132305672993
carpet,4,scratch,0.0060577392578125,motion,4,wiener_dbde_nsr,classical,0.040819935500621796,0.2209282549495189,-0.1364715707112245,17.178170693303688,17.14506387954072,0.10282380133867264,18.29132305672993
carpet,4,scratch,0.0060577392578125,motion,4,wiener_hqs_rawpixel,classical,0.8503559231758118,1.8603009452309824,0.42475211711870087,22.75623877129906,22.76293519137669,0.7807366847991943,18.29132305672993
carpet,4,scratch,0.0060577392578125,motion,4,wiener_hqs_vst,classical,0.869364321231842,1.9647063647794003,0.42784672254406153,22.819007028525043,22.826505419205038,0.7824950814247131,18.29132305672993
carpet,4,scratch,0.0060577392578125,motion,4,wiener_hqs_vst_nofloor,classical,0.5779637694358826,0.08647809818373718,-1.9360314670945296,9.218674667887662,9.215347770399498,0.16820932924747467,18.29132305672993
carpet,5,blob,0.017852783203125,defocus,2,identity,classical,0.9939320087432861,1.0,0.0,22.06342755535081,22.067677853326874,0.6384783983230591,22.067677853326874
carpet,5,blob,0.017852783203125,defocus,2,wiener,classical,0.7419420480728149,0.049532787635866694,-1.2259479401119364,15.242222634266223,15.230524414220026,-0.13495738804340363,22.067677853326874
carpet,5,blob,0.017852783203125,defocus,2,wiener_dbde_nsr,classical,0.7419420480728149,0.049532787635866694,-1.2259479401119364,15.242222634266223,15.230524414220026,-0.13495738804340363,22.067677853326874
carpet,5,blob,0.017852783203125,defocus,2,wiener_hqs_rawpixel,classical,1.0000495910644531,0.529430430431915,0.5464859115133116,28.119248443266862,28.147102074910872,0.9525001049041748,22.067677853326874
carpet,5,blob,0.017852783203125,defocus,2,wiener_hqs_vst,classical,0.9938960075378418,0.5374888171936968,0.53763959325668,27.927799994773505,27.956073190697527,0.9509580135345459,22.067677853326874
carpet,5,blob,0.017852783203125,defocus,2,wiener_hqs_vst_nofloor,classical,0.86995929479599,0.17589729391844422,-2.5056590943898076,11.312135053426037,11.31952640764653,0.2578485906124115,22.067677853326874
carpet,5,blob,0.017852783203125,defocus,3,identity,classical,0.9877833724021912,1.0,0.0,19.660456928667827,19.65888021839014,0.3046327531337738,19.65888021839014
carpet,5,blob,0.017852783203125,defocus,3,wiener,classical,0.6437738537788391,0.12119315601743418,-0.5666607495144913,15.91685762567865,15.886816970242734,-0.16645988821983337,19.65888021839014
carpet,5,blob,0.017852783203125,defocus,3,wiener_dbde_nsr,classical,0.6437738537788391,0.12119315601743418,-0.5666607495144913,15.91685762567865,15.886816970242734,-0.16645988821983337,19.65888021839014
carpet,5,blob,0.017852783203125,defocus,3,wiener_hqs_rawpixel,classical,1.0004522800445557,0.43900037747990145,0.46394984196807043,24.8672751435842,24.881617150537338,0.8659628033638,19.65888021839014
carpet,5,blob,0.017852783203125,defocus,3,wiener_hqs_vst,classical,0.994743824005127,0.43390228089575383,0.4592319206727894,24.762287017466228,24.772669378773564,0.8634951114654541,19.65888021839014
carpet,5,blob,0.017852783203125,defocus,3,wiener_hqs_vst_nofloor,classical,0.9381266832351685,0.1347103696595787,-1.9154292399280637,10.54290400685608,10.566989908464151,0.22501152753829956,19.65888021839014
carpet,5,blob,0.017852783203125,defocus,4,identity,classical,0.9743698835372925,1.0,0.0,18.326276614046243,18.319203153679297,0.025256985798478127,18.319203153679297
carpet,5,blob,0.017852783203125,defocus,4,wiener,classical,0.44818389415740967,0.14438169687562588,-0.14656084262458768,17.179963760361893,17.169079869795837,0.01758444495499134,18.319203153679297
carpet,5,blob,0.017852783203125,defocus,4,wiener_dbde_nsr,classical,0.44818389415740967,0.14438169687562588,-0.14656084262458768,17.179963760361893,17.169079869795837,0.01758444495499134,18.319203153679297
carpet,5,blob,0.017852783203125,defocus,4,wiener_hqs_rawpixel,classical,1.0023880004882812,0.4539547366312838,0.42952984132267,23.101189777714065,23.101491707456727,0.758617639541626,18.319203153679297
carpet,5,blob,0.017852783203125,defocus,4,wiener_hqs_vst,classical,0.9981418251991272,0.4492792910074104,0.42878831602337575,23.0751924125897,23.077588674888823,0.7575650811195374,18.319203153679297
carpet,5,blob,0.017852783203125,defocus,4,wiener_hqs_vst_nofloor,classical,1.134775996208191,0.15815824654516322,-1.4414010591540474,10.682636554008562,10.709091840756546,0.22215749323368073,18.319203153679297
carpet,5,blob,0.017852783203125,motion,2,identity,classical,0.9891582131385803,1.0,0.0,21.179964738927662,21.164915470678856,0.5773997902870178,21.164915470678856
carpet,5,blob,0.017852783203125,motion,2,wiener,classical,0.8349047899246216,0.3138523797551589,-0.660082381774046,16.905608313589255,16.901878443239937,0.1883639097213745,21.164915470678856
carpet,5,blob,0.017852783203125,motion,2,wiener_dbde_nsr,classical,0.8349047899246216,0.3138523797551589,-0.660082381774046,16.905608313589255,16.901878443239937,0.1883639097213745,21.164915470678856
carpet,5,blob,0.017852783203125,motion,2,wiener_hqs_rawpixel,classical,1.0004862546920776,0.715358993946661,0.30600924892857595,24.41521842275138,24.428140248426264,0.8618819713592529,21.164915470678856
carpet,5,blob,0.017852783203125,motion,2,wiener_hqs_vst,classical,0.9971417188644409,0.7163943953429903,0.30229212819212714,24.304495030756172,24.31810710645788,0.8606587052345276,21.164915470678856
carpet,5,blob,0.017852783203125,motion,2,wiener_hqs_vst_nofloor,classical,0.6865292191505432,0.15327335998994335,-3.5065720485093923,8.732528638427787,8.733391495077598,0.1351965218782425,21.164915470678856
carpet,5,blob,0.017852783203125,motion,3,identity,classical,0.9741026759147644,1.0,0.0,19.148461049599568,19.13386895310824,0.23399652540683746,19.13386895310824
carpet,5,blob,0.017852783203125,motion,3,wiener,classical,0.6436026096343994,0.08159135194164566,-0.42328131525572665,16.196258517753915,16.164598622603062,-0.04024787247180939,19.13386895310824
carpet,5,blob,0.017852783203125,motion,3,wiener_dbde_nsr,classical,0.6436026096343994,0.08159135194164566,-0.42328131525572665,16.196258517753915,16.164598622603062,-0.04024787247180939,19.13386895310824
carpet,5,blob,0.017852783203125,motion,3,wiener_hqs_rawpixel,classical,0.9972192645072937,0.39014479219134446,0.5332490903327549,25.122569439961758,25.155093152177056,0.8847653269767761,19.13386895310824
carpet,5,blob,0.017852783203125,motion,3,wiener_hqs_vst,classical,0.9919058084487915,0.3967786934408799,0.5259861373487827,24.9920465784216,25.02310266424277,0.8807089924812317,19.13386895310824
carpet,5,blob,0.017852783203125,motion,3,wiener_hqs_vst_nofloor,classical,0.7485226392745972,0.1862815607211359,-2.317964224435514,9.043980313861436,9.051713057094267,0.13245461881160736,19.13386895310824
carpet,5,blob,0.017852783203125,motion,4,identity,classical,0.9669253826141357,1.0,0.0,19.704347226760245,19.7093346836602,0.334968239068985,19.7093346836602
carpet,5,blob,0.017852783203125,motion,4,wiener,classical,0.9381639361381531,0.923749790324941,-0.24010634143794607,17.82999090165835,17.818304743170984,-0.020954862236976624,19.7093346836602
carpet,5,blob,0.017852783203125,motion,4,wiener_dbde_nsr,classical,0.9669253826141357,1.0,0.0,19.704347226760245,19.7093346836602,0.334968239068985,19.7093346836602
carpet,5,blob,0.017852783203125,motion,4,wiener_hqs_rawpixel,classical,0.9669253826141357,1.0,0.0,19.704347226760245,19.7093346836602,0.334968239068985,19.7093346836602
carpet,5,blob,0.017852783203125,motion,4,wiener_hqs_vst,classical,0.9669253826141357,0.9999990957409852,-9.127707034650712e-08,19.704347226760245,19.7093346836602,0.334968239068985,19.7093346836602
carpet,5,blob,0.017852783203125,motion,4,wiener_hqs_vst_nofloor,classical,0.9669253826141357,0.9999990957409852,-9.127707034650712e-08,19.704347226760245,19.7093346836602,0.334968239068985,19.7093346836602
carpet,6,texture,0.0126495361328125,defocus,2,identity,classical,0.942513644695282,1.0,0.0,22.156303210262056,22.179772595619763,0.640195906162262,22.179772595619763
carpet,6,texture,0.0126495361328125,defocus,2,wiener,classical,0.6492313742637634,0.26690135018642125,-1.2023100959048079,15.408569291341456,15.394458072695347,-0.095753014087677,22.179772595619763
carpet,6,texture,0.0126495361328125,defocus,2,wiener_dbde_nsr,classical,0.6492313742637634,0.26690135018642125,-1.2023100959048079,15.408569291341456,15.394458072695347,-0.095753014087677,22.179772595619763
carpet,6,texture,0.0126495361328125,defocus,2,wiener_hqs_rawpixel,classical,0.9847614765167236,0.6430020906533888,0.5502647459165984,28.340745944601707,28.36517674951356,0.9538529515266418,22.179772595619763
carpet,6,texture,0.0126495361328125,defocus,2,wiener_hqs_vst,classical,0.9757320284843445,0.6383842379256875,0.54080233461415,28.092077659974905,28.119532071583585,0.9521774649620056,22.179772595619763
carpet,6,texture,0.0126495361328125,defocus,2,wiener_hqs_vst_nofloor,classical,0.8865312337875366,0.2380220893079051,-2.1867602450412336,12.139455599837149,12.131624295642041,0.3036777675151825,22.179772595619763
carpet,6,texture,0.0126495361328125,defocus,3,identity,classical,0.9174366593360901,1.0,0.0,19.730449155966816,19.75567073037764,0.3069615662097931,19.75567073037764
carpet,6,texture,0.0126495361328125,defocus,3,wiener,classical,0.5590695738792419,0.1818315314500136,-0.5864725281951677,15.855530818565606,15.835268229805756,-0.18637414276599884,19.75567073037764
carpet,6,texture,0.0126495361328125,defocus,3,wiener_dbde_nsr,classical,0.5590695738792419,0.1818315314500136,-0.5864725281951677,15.855530818565606,15.835268229805756,-0.18637414276599884,19.75567073037764
carpet,6,texture,0.0126495361328125,defocus,3,wiener_hqs_rawpixel,classical,0.9757823944091797,0.580411818220587,0.46984690351868785,25.072053525158417,25.096923635124746,0.868457019329071,19.75567073037764
carpet,6,texture,0.0126495361328125,defocus,3,wiener_hqs_vst,classical,0.9696360230445862,0.5807432914076869,0.4619469480078868,24.90215407514057,24.929395891499766,0.86495041847229,19.75567073037764
carpet,6,texture,0.0126495361328125,defocus,3,wiener_hqs_vst_nofloor,classical,0.9065112471580505,0.18952655183252407,-1.886981821147542,10.65930482107262,10.67266036707647,0.2375577688217163,19.75567073037764
carpet,6,texture,0.0126495361328125,defocus,4,identity,classical,0.8787509202957153,1.0,0.0,18.384885174708742,18.408878180148353,0.02916664071381092,18.408878180148353
carpet,6,texture,0.0126495361328125,defocus,4,wiener,classical,0.38895460963249207,0.0933070854593451,-0.11943811538455518,17.45890162053067,17.394135360552184,0.08881714940071106,18.408878180148353
carpet,6,texture,0.0126495361328125,defocus,4,wiener_dbde_nsr,classical,0.38895460963249207,0.0933070854593451,-0.11943811538455518,17.45890162053067,17.394135360552184,0.08881714940071106,18.408878180148353
carpet,6,texture,0.0126495361328125,defocus,4,wiener_hqs_rawpixel,classical,0.9652815461158752,0.6048456457450937,0.4398884447657324,23.30562992355248,23.330028115096134,0.7665596008300781,18.408878180148353
carpet,6,texture,0.0126495361328125,defocus,4,wiener_hqs_vst,classical,0.9624028205871582,0.6058910740200132,0.43342842604251774,23.176548103753497,23.202555335810544,0.762361466884613,18.408878180148353
carpet,6,texture,0.0126495361328125,defocus,4,wiener_hqs_vst_nofloor,classical,0.9115752577781677,0.16623426847969153,-1.5915181014597524,10.247171742169286,10.269217674039592,0.21106736361980438,18.408878180148353
carpet,6,texture,0.0126495361328125,motion,2,identity,classical,0.9279420375823975,1.0,0.0,21.138930612091524,21.159942400133755,0.5432846546173096,21.159942400133755
carpet,6,texture,0.0126495361328125,motion,2,wiener,classical,0.7454692721366882,0.3388463177691232,-0.5710285360531069,17.224715921992516,17.206134346315554,0.2970291078090668,21.159942400133755
carpet,6,texture,0.0126495361328125,motion,2,wiener_dbde_nsr,classical,0.7454692721366882,0.3388463177691232,-0.5710285360531069,17.224715921992516,17.206134346315554,0.2970291078090668,21.159942400133755
carpet,6,texture,0.0126495361328125,motion,2,wiener_hqs_rawpixel,classical,0.9967522025108337,0.5915277463875925,0.31738973306186513,23.969515316663788,23.995186620822075,0.8874363899230957,21.159942400133755
carpet,6,texture,0.0126495361328125,motion,2,wiener_hqs_vst,classical,0.9888946413993835,0.5939929413243847,0.30708235896071645,23.688575610327106,23.711395496700277,0.8834266662597656,21.159942400133755
carpet,6,texture,0.0126495361328125,motion,2,wiener_hqs_vst_nofloor,classical,0.5465307831764221,0.09348186532350766,-3.8607321090649256,8.061314767415602,8.063491562040234,0.13501302897930145,21.159942400133755
carpet,6,texture,0.0126495361328125,motion,3,identity,classical,0.9073828458786011,1.0,0.0,18.784600076635535,18.811353057370773,0.14197991788387299,18.811353057370773
carpet,6,texture,0.0126495361328125,motion,3,wiener,classical,0.5734805464744568,0.16591859858568747,-0.22168356672757272,17.063122807419397,17.025609656546084,0.100440114736557,18.811353057370773
carpet,6,texture,0.0126495361328125,motion,3,wiener_dbde_nsr,classical,0.5734805464744568,0.16591859858568747,-0.22168356672757272,17.063122807419397,17.025609656546084,0.100440114736557,18.811353057370773
carpet,6,texture,0.0126495361328125,motion,3,wiener_hqs_rawpixel,classical,0.9905720353126526,0.5392434947312802,0.3694247216490585,22.57688075325706,22.586134877400184,0.7690532207489014,18.811353057370773
carpet,6,texture,0.0126495361328125,motion,3,wiener_hqs_vst,classical,0.9846422076225281,0.5364598908280432,0.36177442512717206,22.438449380135488,22.445318534590136,0.7646101117134094,18.811353057370773
carpet,6,texture,0.0126495361328125,motion,3,wiener_hqs_vst_nofloor,classical,0.5154753923416138,0.0776635905780268,-2.5983934916367915,8.188546308619326,8.183869063531896,0.14122025668621063,18.811353057370773
carpet,6,texture,0.0126495361328125,motion,4,identity,classical,0.8745291829109192,1.0,0.0,18.42772970098078,18.45185589520533,0.05966566503047943,18.45185589520533
carpet,6,texture,0.0126495361328125,motion,4,wiener,classical,0.4066682457923889,0.09061044383304517,-0.12044742018749677,17.422143327821097,17.351156989633317,0.15309858322143555,18.45185589520533
carpet,6,texture,0.0126495361328125,motion,4,wiener_dbde_nsr,classical,0.4066682457923889,0.09061044383304517,-0.12044742018749677,17.422143327821097,17.351156989633317,0.15309858322143555,18.45185589520533
carpet,6,texture,0.0126495361328125,motion,4,wiener_hqs_rawpixel,classical,0.9698085188865662,0.5120727421447725,0.46486771290537965,23.550006939130547,23.572151657542072,0.8113123774528503,18.45185589520533
carpet,6,texture,0.0126495361328125,motion,4,wiener_hqs_vst,classical,0.9649414420127869,0.5137194554313106,0.4565036966223265,23.37319014448344,23.39657294150658,0.806195080280304,18.45185589520533
carpet,6,texture,0.0126495361328125,motion,4,wiener_hqs_vst_nofloor,classical,0.5807029604911804,0.11102039846160132,-2.235235356771678,8.603856798160221,8.600700465233016,0.11612848192453384,18.45185589520533
carpet,7,scratch,0.01239013671875,defocus,2,identity,classical,0.8805534243583679,1.0,0.0,22.01386013719609,21.973386538654363,0.6463621258735657,21.973386538654363
carpet,7,scratch,0.01239013671875,defocus,2,wiener,classical,0.014614056795835495,0.022946290629357817,-1.2115990862110602,15.19494816874717,14.992202019514512,-0.05563977360725403,21.973386538654363
carpet,7,scratch,0.01239013671875,defocus,2,wiener_dbde_nsr,classical,0.014614056795835495,0.022946290629357817,-1.2115990862110602,15.19494816874717,14.992202019514512,-0.05563977360725403,21.973386538654363
carpet,7,scratch,0.01239013671875,defocus,2,wiener_hqs_rawpixel,classical,0.9827369451522827,0.7804253580619137,0.5516601123538158,28.2182335889572,28.204367431371917,0.9545900225639343,21.973386538654363
carpet,7,scratch,0.01239013671875,defocus,2,wiener_hqs_vst,classical,0.9892488121986389,0.784686293999431,0.5444174235239767,28.087386167380938,28.084973029541025,0.95334392786026,21.973386538654363
carpet,7,scratch,0.01239013671875,defocus,2,wiener_hqs_vst_nofloor,classical,0.8172715902328491,0.26710283704659893,-2.4441552009724408,11.407933561664706,11.410747294380691,0.2720828950405121,21.973386538654363
carpet,7,scratch,0.01239013671875,defocus,3,identity,classical,0.807586669921875,1.0,0.0,19.561340999196617,19.523798336314623,0.3130258619785309,19.523798336314623
carpet,7,scratch,0.01239013671875,defocus,3,wiener,classical,0.011565840803086758,0.006122206241557039,-0.6274602633653183,15.436990284321372,15.211923000714778,-0.19955889880657196,19.523798336314623
carpet,7,scratch,0.01239013671875,defocus,3,wiener_dbde_nsr,classical,0.011565840803086758,0.006122206241557039,-0.6274602633653183,15.436990284321372,15.211923000714778,-0.19955889880657196,19.523798336314623
carpet,7,scratch,0.01239013671875,defocus,3,wiener_hqs_rawpixel,classical,0.9743219017982483,0.9428735159141577,0.46695795059758993,24.885948191269307,24.866450880732604,0.8700101971626282,19.523798336314623
carpet,7,scratch,0.01239013671875,defocus,3,wiener_hqs_vst,classical,0.982830822467804,0.9463094250981394,0.4636959253438071,24.829214445476953,24.820478705384197,0.868168830871582,19.523798336314623
carpet,7,scratch,0.01239013671875,defocus,3,wiener_hqs_vst_nofloor,classical,0.7152277827262878,0.2100422156491864,-1.899572682778039,10.532282367893872,10.529578739972031,0.22111016511917114,19.523798336314623
carpet,7,scratch,0.01239013671875,defocus,4,identity,classical,0.6919266581535339,1.0,0.0,18.182376519079835,18.129290519126315,0.030685653910040855,18.129290519126315
carpet,7,scratch,0.01239013671875,defocus,4,wiener,classical,0.022190488874912262,0.01305388682232215,-0.10306630475023004,17.29184837543653,16.927958955303183,0.14986659586429596,18.129290519126315
carpet,7,scratch,0.01239013671875,defocus,4,wiener_dbde_nsr,classical,0.022190488874912262,0.01305388682232215,-0.10306630475023004,17.29184837543653,16.927958955303183,0.14986659586429596,18.129290519126315
carpet,7,scratch,0.01239013671875,defocus,4,wiener_hqs_rawpixel,classical,0.9408808350563049,1.2039624846457713,0.4340264048456248,22.977942498145886,22.96310920296811,0.7658543586730957,18.129290519126315
carpet,7,scratch,0.01239013671875,defocus,4,wiener_hqs_vst,classical,0.9553802609443665,1.2513108813830713,0.43739920949830946,23.044179068784842,23.03315022973202,0.7671458125114441,18.129290519126315
carpet,7,scratch,0.01239013671875,defocus,4,wiener_hqs_vst_nofloor,classical,0.6356188654899597,0.2215013059340058,-1.66893094861739,9.925960435708506,9.919273611673807,0.18790166079998016,18.129290519126315
carpet,7,scratch,0.01239013671875,motion,2,identity,classical,0.9623532295227051,1.0,0.0,21.09022034960645,21.077491206020774,0.6084420084953308,21.077491206020774
carpet,7,scratch,0.01239013671875,motion,2,wiener,classical,0.008310738950967789,0.14823818588246807,-0.7164485718554305,16.55927874036192,16.286450922310593,0.14293734729290009,21.077491206020774
carpet,7,scratch,0.01239013671875,motion,2,wiener_dbde_nsr,classical,0.008310738950967789,0.14823818588246807,-0.7164485718554305,16.55927874036192,16.286450922310593,0.14293734729290009,21.077491206020774
carpet,7,scratch,0.01239013671875,motion,2,wiener_hqs_rawpixel,classical,0.9967820644378662,0.929822719840442,0.27968334120794736,23.958775043901326,23.953369117981733,0.833745002746582,21.077491206020774
carpet,7,scratch,0.01239013671875,motion,2,wiener_hqs_vst,classical,0.9999311566352844,0.9298797012663839,0.2792198019216412,23.949305779415827,23.948061768693346,0.8328281044960022,21.077491206020774
carpet,7,scratch,0.01239013671875,motion,2,wiener_hqs_vst_nofloor,classical,0.7320457100868225,0.2122884375881687,-2.368116838823164,10.526997348226658,10.52662619835602,0.20975065231323242,21.077491206020774
carpet,7,scratch,0.01239013671875,motion,3,identity,classical,0.9280546307563782,1.0,0.0,19.82360574705157,19.80634948101078,0.46449121832847595,19.80634948101078
carpet,7,scratch,0.01239013671875,motion,3,wiener,classical,0.006920496001839638,0.00020470159623658,-0.6693927492670413,15.535311668059018,15.302278641015548,-0.04480075463652611,19.80634948101078
carpet,7,scratch,0.01239013671875,motion,3,wiener_dbde_nsr,classical,0.006920496001839638,0.00020470159623658,-0.6693927492670413,15.535311668059018,15.302278641015548,-0.04480075463652611,19.80634948101078
carpet,7,scratch,0.01239013671875,motion,3,wiener_hqs_rawpixel,classical,0.9993190765380859,0.8615319261949766,0.5534660703144638,25.8130581569351,25.817218008623307,0.9096096158027649,19.80634948101078
carpet,7,scratch,0.01239013671875,motion,3,wiener_hqs_vst,classical,1.0034735202789307,0.8667650947716146,0.5589570285322328,25.98513621959743,25.987246933387624,0.9124932289123535,19.80634948101078
carpet,7,scratch,0.01239013671875,motion,3,wiener_hqs_vst_nofloor,classical,0.5785140991210938,0.1276117426022549,-2.4877267345039282,9.268122200440022,9.255531059921227,0.14133328199386597,19.80634948101078
carpet,7,scratch,0.01239013671875,motion,4,identity,classical,0.7671189904212952,1.0,0.0,18.070673189720495,18.034250923269507,0.03972058370709419,18.034250923269507
carpet,7,scratch,0.01239013671875,motion,4,wiener,classical,0.020086688920855522,0.014392903327196803,-0.1026865470423961,17.094833137523757,16.74961684011677,0.20974142849445343,18.034250923269507
carpet,7,scratch,0.01239013671875,motion,4,wiener_dbde_nsr,classical,0.020086688920855522,0.014392903327196803,-0.1026865470423961,17.094833137523757,16.74961684011677,0.20974142849445343,18.034250923269507
carpet,7,scratch,0.01239013671875,motion,4,wiener_hqs_rawpixel,classical,1.0218678712844849,1.0132457815095866,0.4952138076864091,23.69390018741743,23.683944272140188,0.8295344710350037,18.034250923269507
carpet,7,scratch,0.01239013671875,motion,4,wiener_hqs_vst,classical,1.037724256515503,1.0692453504557495,0.4968977252146386,23.77119959299062,23.760131970931123,0.8317500948905945,18.034250923269507
carpet,7,scratch,0.01239013671875,motion,4,wiener_hqs_vst_nofloor,classical,0.7012232542037964,0.20635333842216336,-1.8026573520006672,9.399457540419526,9.402767538545202,0.15165852010250092,18.034250923269507
carpet,8,blob,0.011199951171875,defocus,2,identity,classical,0.9907336831092834,1.0,0.0,22.347548748195546,22.35283288631074,0.6419286727905273,22.35283288631074
carpet,8,blob,0.011199951171875,defocus,2,wiener,classical,0.6894676089286804,0.07556886845778683,-1.1783304372381282,15.686975283118525,15.688343093796691,-0.05296565964818001,22.35283288631074
carpet,8,blob,0.011199951171875,defocus,2,wiener_dbde_nsr,classical,0.6894676089286804,0.07556886845778683,-1.1783304372381282,15.686975283118525,15.688343093796691,-0.05296565964818001,22.35283288631074
carpet,8,blob,0.011199951171875,defocus,2,wiener_hqs_rawpixel,classical,0.9959909915924072,0.5817086602341269,0.5268186259999579,27.745827866501035,27.734745973797015,0.9492846131324768,22.35283288631074
carpet,8,blob,0.011199951171875,defocus,2,wiener_hqs_vst,classical,0.9924070239067078,0.5793228798706308,0.5183800279659998,27.549211134933902,27.53415834115147,0.9477965235710144,22.35283288631074
carpet,8,blob,0.011199951171875,defocus,2,wiener_hqs_vst_nofloor,classical,0.935279905796051,0.19393238771809052,-2.900078646633862,10.666696275052644,10.661938579230785,0.21016840636730194,22.35283288631074
carpet,8,blob,0.011199951171875,defocus,3,identity,classical,0.9814645051956177,1.0,0.0,19.928968603209473,19.934996296591393,0.311820924282074,19.934996296591393
carpet,8,blob,0.011199951171875,defocus,3,wiener,classical,0.5807874798774719,0.061885233042386904,-0.6299062461802307,15.839399220274244,15.838433822930764,-0.22708864510059357,19.934996296591393
carpet,8,blob,0.011199951171875,defocus,3,wiener_dbde_nsr,classical,0.5807874798774719,0.061885233042386904,-0.6299062461802307,15.839399220274244,15.838433822930764,-0.22708864510059357,19.934996296591393
carpet,8,blob,0.011199951171875,defocus,3,wiener_hqs_rawpixel,classical,1.002542495727539,0.48414128016429914,0.4528528202248612,24.90280159386571,24.90441877998123,0.8637075424194336,19.934996296591393
carpet,8,blob,0.011199951171875,defocus,3,wiener_hqs_vst,classical,0.9965670108795166,0.4700652252457832,0.44964531467404867,24.82779097160522,24.825373272766033,0.8617990016937256,19.934996296591393
carpet,8,blob,0.011199951171875,defocus,3,wiener_hqs_vst_nofloor,classical,1.4981310367584229,0.11943897731378478,-2.1779730273365514,10.052684550060922,10.06428651577616,0.19316144287586212,19.934996296591393
carpet,8,blob,0.011199951171875,defocus,4,identity,classical,0.9616327881813049,1.0,0.0,18.57928120170046,18.584271298204612,0.03453879803419113,18.584271298204612
carpet,8,blob,0.011199951171875,defocus,4,wiener,classical,0.3760802745819092,0.01659723654577833,-0.14929449336271094,17.4278068379963,17.4250740893585,0.050667956471443176,18.584271298204612
carpet,8,blob,0.011199951171875,defocus,4,wiener_dbde_nsr,classical,0.3760802745819092,0.01659723654577833,-0.14929449336271094,17.4278068379963,17.4250740893585,0.050667956471443176,18.584271298204612
carpet,8,blob,0.011199951171875,defocus,4,wiener_hqs_rawpixel,classical,1.0047844648361206,0.5010668306267508,0.4197410883498308,23.156006538427597,23.152969298753483,0.757450520992279,18.584271298204612
carpet,8,blob,0.011199951171875,defocus,4,wiener_hqs_vst,classical,0.9985106587409973,0.48925926510546597,0.4210810443217927,23.175137128498996,23.166316954859205,0.7573527693748474,18.584271298204612
carpet,8,blob,0.011199951171875,defocus,4,wiener_hqs_vst_nofloor,classical,1.3603652715682983,0.08592889072196841,-1.8423617874731377,9.677541426868444,9.68818150060375,0.16634488105773926,18.584271298204612
carpet,8,blob,0.011199951171875,motion,2,identity,classical,0.9818477034568787,1.0,0.0,21.12486075677662,21.13247449793242,0.5931121706962585,21.13247449793242
carpet,8,blob,0.011199951171875,motion,2,wiener,classical,0.7580113410949707,0.21283261175033555,-0.47277737520141905,17.78642594749381,17.787385242412363,0.35985422134399414,21.13247449793242
carpet,8,blob,0.011199951171875,motion,2,wiener_dbde_nsr,classical,0.7580113410949707,0.21283261175033555,-0.47277737520141905,17.78642594749381,17.787385242412363,0.35985422134399414,21.13247449793242
carpet,8,blob,0.011199951171875,motion,2,wiener_hqs_rawpixel,classical,0.9994527101516724,0.9407937347438203,0.5619279730083648,26.516451286046667,26.548103990740685,0.931149423122406,21.13247449793242
carpet,8,blob,0.011199951171875,motion,2,wiener_hqs_vst,classical,0.9965507388114929,0.9388200614940002,0.5610078306966296,26.425689208892756,26.457612507532936,0.9312746524810791,21.13247449793242
carpet,8,blob,0.011199951171875,motion,2,wiener_hqs_vst_nofloor,classical,0.752196192741394,0.3304833745476762,-2.8427607116799365,9.41218276388803,9.418407260040311,0.15514713525772095,21.13247449793242
carpet,8,blob,0.011199951171875,motion,3,identity,classical,0.9642074108123779,1.0,0.0,18.587721790411848,18.590939637292113,0.07761884480714798,18.590939637292113
carpet,8,blob,0.011199951171875,motion,3,wiener,classical,0.5856034159660339,0.04684896402138319,-0.33020815268667003,16.178617674244006,16.17840291817759,-0.11084163933992386,18.590939637292113
carpet,8,blob,0.011199951171875,motion,3,wiener_dbde_nsr,classical,0.5856034159660339,0.04684896402138319,-0.33020815268667003,16.178617674244006,16.17840291817759,-0.11084163933992386,18.590939637292113
carpet,8,blob,0.011199951171875,motion,3,wiener_hqs_rawpixel,classical,1.0045768022537231,0.41269435147557243,0.5661827059690165,25.077850845997833,25.05287965978541,0.881403386592865,18.590939637292113
carpet,8,blob,0.011199951171875,motion,3,wiener_hqs_vst,classical,0.9966567754745483,0.4044545428674105,0.5645626534336523,25.051097210335726,25.022514421749467,0.8808860778808594,18.590939637292113
carpet,8,blob,0.011199951171875,motion,3,wiener_hqs_vst_nofloor,classical,0.9131102561950684,0.15961396738837205,-1.917046309716815,9.478199396851542,9.477868278218239,0.14808999001979828,18.590939637292113
carpet,8,blob,0.011199951171875,motion,4,identity,classical,0.9560940861701965,1.0,0.0,18.508776181913134,18.513203617700064,0.053312886506319046,18.513203617700064
carpet,8,blob,0.011199951171875,motion,4,wiener,classical,0.4204199016094208,0.11207852394338806,-0.1942732999771586,16.96928453388683,16.972522011566546,0.03277278319001198,18.513203617700064
carpet,8,blob,0.011199951171875,motion,4,wiener_dbde_nsr,classical,0.4204199016094208,0.11207852394338806,-0.1942732999771586,16.96928453388683,16.972522011566546,0.03277278319001198,18.513203617700064
carpet,8,blob,0.011199951171875,motion,4,wiener_hqs_rawpixel,classical,1.0004371404647827,0.4588244668728334,0.46939574249180327,23.6022211794509,23.573910475585464,0.8127260208129883,18.513203617700064
carpet,8,blob,0.011199951171875,motion,4,wiener_hqs_vst,classical,0.9827732443809509,0.4409565595666093,0.46740064453187413,23.58486985558896,23.549159284039128,0.8120747208595276,18.513203617700064
carpet,8,blob,0.011199951171875,motion,4,wiener_hqs_vst_nofloor,classical,1.1092385053634644,0.11000032865340825,-2.2338618694580337,8.653494429137913,8.66186687336419,0.11795724183320999,18.513203617700064
carpet,9,texture,0.008209228515625,defocus,2,identity,classical,0.751397430896759,1.0,0.0,22.12198591720856,22.136069287503094,0.6389040350914001,22.136069287503094
carpet,9,texture,0.008209228515625,defocus,2,wiener,classical,0.08767595887184143,0.01624827728783074,-1.1312515374364227,15.65378482781686,15.658807882941908,-0.030060788616538048,22.136069287503094
carpet,9,texture,0.008209228515625,defocus,2,wiener_dbde_nsr,classical,0.08767595887184143,0.01624827728783074,-1.1312515374364227,15.65378482781686,15.658807882941908,-0.030060788616538048,22.136069287503094
carpet,9,texture,0.008209228515625,defocus,2,wiener_hqs_rawpixel,classical,0.9347150325775146,0.6784776792685324,0.530272953704065,27.515752044768256,27.52612328354835,0.9495320916175842,22.136069287503094
carpet,9,texture,0.008209228515625,defocus,2,wiener_hqs_vst,classical,0.9367519021034241,0.6620931445202808,0.5287056479468869,27.505475827172717,27.51699832344134,0.9493968486785889,22.136069287503094
carpet,9,texture,0.008209228515625,defocus,2,wiener_hqs_vst_nofloor,classical,0.9925821423530579,0.2936277544150716,-2.2594863171991624,11.8900050789423,11.898522522379093,0.30113670229911804,22.136069287503094
carpet,9,texture,0.008209228515625,defocus,3,identity,classical,0.6642091274261475,1.0,0.0,19.723627804997616,19.738279235485198,0.3074159324169159,19.738279235485198
carpet,9,texture,0.008209228515625,defocus,3,wiener,classical,0.040432803332805634,0.39419968209746975,-0.5854630681911046,15.842222477602888,15.833931470634086,-0.2019471377134323,19.738279235485198
carpet,9,texture,0.008209228515625,defocus,3,wiener_dbde_nsr,classical,0.040432803332805634,0.39419968209746975,-0.5854630681911046,15.842222477602888,15.833931470634086,-0.2019471377134323,19.738279235485198
carpet,9,texture,0.008209228515625,defocus,3,wiener_hqs_rawpixel,classical,0.8837758302688599,0.7058432287959071,0.4576596361354125,24.753150604381947,24.7664878913117,0.8622255325317383,19.738279235485198
carpet,9,texture,0.008209228515625,defocus,3,wiener_hqs_vst,classical,0.8888056874275208,0.7084795427216817,0.45715759801865197,24.764512641319865,24.778805585799823,0.8618841171264648,19.738279235485198
carpet,9,texture,0.008209228515625,defocus,3,wiener_hqs_vst_nofloor,classical,1.040534257888794,0.3161131242406083,-1.5906022169218716,11.45906281911322,11.461589122645282,0.2713472843170166,19.738279235485198
carpet,9,texture,0.008209228515625,defocus,4,identity,classical,0.5460087656974792,1.0,0.0,18.398464419927816,18.410563408364855,0.032002050429582596,18.410563408364855
carpet,9,texture,0.008209228515625,defocus,4,wiener,classical,0.5082525610923767,0.1289661411231295,-0.15940151886105758,17.150379647573907,17.150762862432565,-0.06707889586687088,18.410563408364855
carpet,9,texture,0.008209228515625,defocus,4,wiener_dbde_nsr,classical,0.5082525610923767,0.1289661411231295,-0.15940151886105758,17.150379647573907,17.150762862432565,-0.06707889586687088,18.410563408364855
carpet,9,texture,0.008209228515625,defocus,4,wiener_hqs_rawpixel,classical,0.7328163981437683,0.42957107916010345,0.13718443705528993,19.653266901958155,19.657392293060937,0.38488999009132385,18.410563408364855
carpet,9,texture,0.008209228515625,defocus,4,wiener_hqs_vst,classical,0.7295850515365601,0.44267632700975856,0.14015430877938095,19.68428108952353,19.689621343734423,0.38696154952049255,18.410563408364855
carpet,9,texture,0.008209228515625,defocus,4,wiener_hqs_vst_nofloor,classical,3.3408055305480957,0.08729627428331388,-1.785541049020782,9.6471180740466,9.646786053623256,0.07211574912071228,18.410563408364855
carpet,9,texture,0.008209228515625,motion,2,identity,classical,0.8057853579521179,1.0,0.0,20.807873886338093,20.82759646492805,0.5379571914672852,20.82759646492805
carpet,9,texture,0.008209228515625,motion,2,wiener,classical,0.26310011744499207,0.2546612986591063,-0.4541512680028099,17.584304535105282,17.571215935322076,0.30463090538978577,20.82759646492805
carpet,9,texture,0.008209228515625,motion,2,wiener_dbde_nsr,classical,0.26310011744499207,0.2546612986591063,-0.4541512680028099,17.584304535105282,17.571215935322076,0.30463090538978577,20.82759646492805
carpet,9,texture,0.008209228515625,motion,2,wiener_hqs_rawpixel,classical,0.9570258259773254,0.6396388803787917,0.5153873532539521,26.64792521271382,26.632689206934597,0.9136741757392883,20.82759646492805
carpet,9,texture,0.008209228515625,motion,2,wiener_hqs_vst,classical,0.9586474299430847,0.629829650009203,0.513599899834126,26.65726581723653,26.641580334883837,0.9133143424987793,20.82759646492805
carpet,9,texture,0.008209228515625,motion,2,wiener_hqs_vst_nofloor,classical,0.7024006247520447,0.14337740649733502,-2.996323813415482,9.119518447979601,9.111634601407472,0.15547128021717072,20.82759646492805
carpet,9,texture,0.008209228515625,motion,3,identity,classical,0.6796413660049438,1.0,0.0,19.246141320092264,19.25951292834201,0.23856933414936066,19.25951292834201
carpet,9,texture,0.008209228515625,motion,3,wiener,classical,0.05841194465756416,0.40214790644317533,-0.5435004828922096,15.605269880629184,15.59462019882413,-0.16298113763332367,19.25951292834201
carpet,9,texture,0.008209228515625,motion,3,wiener_dbde_nsr,classical,0.05841194465756416,0.40214790644317533,-0.5435004828922096,15.605269880629184,15.59462019882413,-0.16298113763332367,19.25951292834201
carpet,9,texture,0.008209228515625,motion,3,wiener_hqs_rawpixel,classical,0.9161921143531799,0.645240940341901,0.5129018914874175,24.88884460232636,24.881221059729217,0.8895813822746277,19.25951292834201
carpet,9,texture,0.008209228515625,motion,3,wiener_hqs_vst,classical,0.9247906804084778,0.664521709757057,0.5080475337614156,24.84958386097756,24.842846655808106,0.8882158398628235,19.25951292834201
carpet,9,texture,0.008209228515625,motion,3,wiener_hqs_vst_nofloor,classical,0.655803918838501,0.06672478714057765,-2.383123669652482,8.997207260701778,8.995819928822884,0.1463932991027832,19.25951292834201
carpet,9,texture,0.008209228515625,motion,4,identity,classical,0.4525409936904907,1.0,0.0,18.329305845949325,18.338710549479245,0.0509929358959198,18.338710549479245
carpet,9,texture,0.008209228515625,motion,4,wiener,classical,0.09303762763738632,0.06387380704073138,-0.1615309487183978,16.99776463116782,16.990261983192333,0.057507146149873734,18.338710549479245
carpet,9,texture,0.008209228515625,motion,4,wiener_dbde_nsr,classical,0.09303762763738632,0.06387380704073138,-0.1615309487183978,16.99776463116782,16.990261983192333,0.057507146149873734,18.338710549479245
carpet,9,texture,0.008209228515625,motion,4,wiener_hqs_rawpixel,classical,0.8344393372535706,1.2903183007192918,0.40506371989238543,22.522744841065748,22.518640307736458,0.7630462646484375,18.338710549479245
carpet,9,texture,0.008209228515625,motion,4,wiener_hqs_vst,classical,0.8477573394775391,1.4291539953221029,0.4023500445014653,22.487521923276105,22.484922156205048,0.7607855796813965,18.338710549479245
carpet,9,texture,0.008209228515625,motion,4,wiener_hqs_vst_nofloor,classical,0.3745957612991333,0.6920606699993539,-2.626780020209226,7.694473141717486,7.692963623145701,0.10877954214811325,18.338710549479245
bottle,0,texture,0.0123291015625,defocus,2,identity,classical,0.9080094695091248,1.0,0.0,35.236106280302614,35.008563344205335,0.9475024342536926,35.008563344205335
bottle,0,texture,0.0123291015625,defocus,2,wiener,classical,0.40078720450401306,0.4518109231241084,-9.43748935982293,14.41343745656968,14.403101729217525,0.48575249314308167,35.008563344205335
bottle,0,texture,0.0123291015625,defocus,2,wiener_dbde_nsr,classical,0.40078720450401306,0.4518109231241084,-9.43748935982293,14.41343745656968,14.403101729217525,0.48575249314308167,35.008563344205335
bottle,0,texture,0.0123291015625,defocus,2,wiener_hqs_rawpixel,classical,0.9806936979293823,1.072922872599211,0.6141511289790735,42.806267836569994,42.48171004305754,0.9893791079521179,35.008563344205335
bottle,0,texture,0.0123291015625,defocus,2,wiener_hqs_vst,classical,0.9795419573783875,1.0669811100660012,0.323699223772974,36.97842571170047,36.94780656589384,0.968676745891571,35.008563344205335
bottle,0,texture,0.0123291015625,defocus,2,wiener_hqs_vst_nofloor,classical,0.9357557892799377,1.182570526422407,-3.687857866656569,24.639382996811907,24.65338892423076,0.5504719614982605,35.008563344205335
bottle,0,texture,0.0123291015625,defocus,3,identity,classical,0.860062301158905,1.0,0.0,32.12168240260694,31.964515468137385,0.9040997624397278,31.964515468137385
bottle,0,texture,0.0123291015625,defocus,3,wiener,classical,0.2760430574417114,0.34587331968014684,-6.486770597524095,13.590586357028007,13.579982949075244,0.5225608944892883,31.964515468137385
bottle,0,texture,0.0123291015625,defocus,3,wiener_dbde_nsr,classical,0.2760430574417114,0.34587331968014684,-6.486770597524095,13.590586357028007,13.579982949075244,0.5225608944892883,31.964515468137385
bottle,0,texture,0.0123291015625,defocus,3,wiener_hqs_rawpixel,classical,0.9657208323478699,1.0967048993500632,0.6413852622835934,40.018633876004714,39.6748666578832,0.979485034942627,31.964515468137385
bottle,0,texture,0.0123291015625,defocus,3,wiener_hqs_vst,classical,0.9589138031005859,1.0943919912589517,0.3742159061493554,35.65659033302106,35.57580308844954,0.951442539691925,31.964515468137385
bottle,0,texture,0.0123291015625,defocus,3,wiener_hqs_vst_nofloor,classical,1.082420825958252,1.2044041634696396,-3.7551674185671127,20.31289911172062,20.349243481494675,0.3957274854183197,31.964515468137385
bottle,0,texture,0.0123291015625,defocus,4,identity,classical,0.7838484048843384,1.0,0.0,28.583152171129868,28.48978537364086,0.8310341835021973,28.48978537364086
bottle,0,texture,0.0123291015625,defocus,4,wiener,classical,0.08581023663282394,0.2387100983588078,-5.166130288211193,12.088970631967086,12.081688546771453,0.4623223841190338,28.48978537364086
bottle,0,texture,0.0123291015625,defocus,4,wiener_dbde_nsr,classical,0.08581023663282394,0.2387100983588078,-5.166130288211193,12.088970631967086,12.081688546771453,0.4623223841190338,28.48978537364086
bottle,0,texture,0.0123291015625,defocus,4,wiener_hqs_rawpixel,classical,0.94512939453125,1.1180818635791592,0.589224163022248,36.30334171394511,36.095918967009666,0.9479600787162781,28.48978537364086
bottle,0,texture,0.0123291015625,defocus,4,wiener_hqs_vst,classical,0.9313139319419861,1.1236839327504498,0.34136627084537596,32.67703780380285,32.62272635417999,0.9023370146751404,28.48978537364086
bottle,0,texture,0.0123291015625,defocus,4,wiener_hqs_vst_nofloor,classical,1.3009134531021118,1.0316194805268644,-4.086606675085234,15.530578793998014,15.52916672742019,0.22417175769805908,28.48978537364086
bottle,0,texture,0.0123291015625,motion,2,identity,classical,0.8992623090744019,1.0,0.0,33.11538617443061,32.943428776770226,0.9274362921714783,32.943428776770226
bottle,0,texture,0.0123291015625,motion,2,wiener,classical,0.8286757469177246,0.950294571511729,-2.2822511378729073,23.215856759282243,23.18529477458398,0.7707376480102539,32.943428776770226
bottle,0,texture,0.0123291015625,motion,2,wiener_dbde_nsr,classical,0.8992623090744019,1.0,0.0,33.11538617443061,32.943428776770226,0.9274362921714783,32.943428776770226
bottle,0,texture,0.0123291015625,motion,2,wiener_hqs_rawpixel,classical,0.8992623090744019,1.0,0.0,33.11538617443061,32.943428776770226,0.9274362921714783,32.943428776770226
bottle,0,texture,0.0123291015625,motion,2,wiener_hqs_vst,classical,0.8992620706558228,1.0,-1.4838784463400145e-06,33.11538617443061,32.943428776770226,0.927433967590332,32.943428776770226
bottle,0,texture,0.0123291015625,motion,2,wiener_hqs_vst_nofloor,classical,0.8992620706558228,1.0,-1.4838784463400145e-06,33.11538617443061,32.943428776770226,0.927433967590332,32.943428776770226
bottle,0,texture,0.0123291015625,motion,3,identity,classical,0.901548445224762,1.0,0.0,28.849970277729167,28.8198144085218,0.8523290157318115,28.8198144085218
bottle,0,texture,0.0123291015625,motion,3,wiener,classical,0.27235788106918335,0.31373281165100664,-4.368613205545972,13.571867458881604,13.560282621680262,0.5140836238861084,28.8198144085218
bottle,0,texture,0.0123291015625,motion,3,wiener_dbde_nsr,classical,0.27235788106918335,0.31373281165100664,-4.368613205545972,13.571867458881604,13.560282621680262,0.5140836238861084,28.8198144085218
bottle,0,texture,0.0123291015625,motion,3,wiener_hqs_rawpixel,classical,0.9923513531684875,1.053739121483661,0.6248793083961914,38.087175338573914,37.962867013668415,0.9629129767417908,28.8198144085218
bottle,0,texture,0.0123291015625,motion,3,wiener_hqs_vst,classical,0.9901149868965149,1.0602930516048974,0.28688438022152296,32.19727258706474,32.20651973734899,0.9066897034645081,28.8198144085218
bottle,0,texture,0.0123291015625,motion,3,wiener_hqs_vst_nofloor,classical,0.8738691210746765,1.2228203768395807,-7.252306692468935,12.037330045733274,12.034170747179473,0.16609293222427368,28.8198144085218
bottle,0,texture,0.0123291015625,motion,4,identity,classical,0.8098669052124023,1.0,0.0,25.90147972677663,25.891345695817304,0.7666597366333008,25.891345695817304
bottle,0,texture,0.0123291015625,motion,4,wiener,classical,0.7266152501106262,0.9487472766235473,-0.6365032179633061,22.16154985420531,22.14093526032852,0.6614755988121033,25.891345695817304
bottle,0,texture,0.0123291015625,motion,4,wiener_dbde_nsr,classical,0.8098669052124023,1.0,0.0,25.90147972677663,25.891345695817304,0.7666597366333008,25.891345695817304
bottle,0,texture,0.0123291015625,motion,4,wiener_hqs_rawpixel,classical,0.8098669052124023,1.0,0.0,25.90147972677663,25.891345695817304,0.7666597366333008,25.891345695817304
bottle,0,texture,0.0123291015625,motion,4,wiener_hqs_vst,classical,0.8098668456077576,1.0,-8.457937548111971e-07,25.901480513826872,25.891345695817304,0.7666593194007874,25.891345695817304
bottle,0,texture,0.0123291015625,motion,4,wiener_hqs_vst_nofloor,classical,0.8098668456077576,1.0,-8.457937548111971e-07,25.901480513826872,25.891345695817304,0.7666593194007874,25.891345695817304
bottle,1,scratch,0.001251220703125,defocus,2,identity,classical,0.451081246137619,1.0,0.0,35.231419194019026,34.96561052697575,0.9493157267570496,34.96561052697575
bottle,1,scratch,0.001251220703125,defocus,2,wiener,classical,0.016037600114941597,0.0866871478517401,-9.26386772241662,14.607538603961688,14.601476318592386,0.4983230531215668,34.96561052697575
bottle,1,scratch,0.001251220703125,defocus,2,wiener_dbde_nsr,classical,0.016037600114941597,0.0866871478517401,-9.26386772241662,14.607538603961688,14.601476318592386,0.4983230531215668,34.96561052697575
bottle,1,scratch,0.001251220703125,defocus,2,wiener_hqs_rawpixel,classical,0.8232128024101257,1.8261484284043599,0.6228110367398654,43.0537952505324,42.843702379714834,0.9905023574829102,34.96561052697575
bottle,1,scratch,0.001251220703125,defocus,2,wiener_hqs_vst,classical,0.7943682670593262,1.7512871923347744,0.2672546157054493,35.41124537287823,35.36586315980137,0.9639256596565247,34.96561052697575
bottle,1,scratch,0.001251220703125,defocus,2,wiener_hqs_vst_nofloor,classical,0.9112052917480469,2.073576946700245,-4.827741896366794,22.59742818348947,22.599643566289988,0.4766686260700226,34.96561052697575
bottle,1,scratch,0.001251220703125,defocus,3,identity,classical,0.3184151351451874,1.0,0.0,32.01300676278521,31.81857901907735,0.905354917049408,31.81857901907735
bottle,1,scratch,0.001251220703125,defocus,3,wiener,classical,0.019247956573963165,0.5976174204761557,-6.474549506490325,13.725504469352188,13.72301703689702,0.5197615623474121,31.81857901907735
bottle,1,scratch,0.001251220703125,defocus,3,wiener_dbde_nsr,classical,0.019247956573963165,0.5976174204761557,-6.474549506490325,13.725504469352188,13.72301703689702,0.5197615623474121,31.81857901907735
bottle,1,scratch,0.001251220703125,defocus,3,wiener_hqs_rawpixel,classical,0.7001534700393677,2.2344626336903253,0.6231809580384309,39.72933646321043,39.489388089417425,0.9767170548439026,31.81857901907735
bottle,1,scratch,0.001251220703125,defocus,3,wiener_hqs_vst,classical,0.6737366318702698,2.120418052502688,0.32935525092364004,34.88014949313613,34.78535774004924,0.9416655898094177,31.81857901907735
bottle,1,scratch,0.001251220703125,defocus,3,wiener_hqs_vst_nofloor,classical,0.9189714193344116,2.396303131349609,-4.548070291716861,18.904853579635564,18.907578946448748,0.33698615431785583,31.81857901907735
bottle,1,scratch,0.001251220703125,defocus,4,identity,classical,0.21486850082874298,1.0,0.0,28.441217856621744,28.324326221336854,0.830695629119873,28.324326221336854
bottle,1,scratch,0.001251220703125,defocus,4,wiener,classical,0.011490869335830212,0.5779945512341482,-5.124483893124787,12.180820953057632,12.177034455444355,0.4688394367694855,28.324326221336854
bottle,1,scratch,0.001251220703125,defocus,4,wiener_dbde_nsr,classical,0.011490869335830212,0.5779945512341482,-5.124483893124787,12.180820953057632,12.177034455444355,0.4688394367694855,28.324326221336854
bottle,1,scratch,0.001251220703125,defocus,4,wiener_hqs_rawpixel,classical,0.5884266495704651,2.9740177195376143,0.6047578883326127,36.33394264339127,36.141946808157776,0.949690580368042,28.324326221336854
bottle,1,scratch,0.001251220703125,defocus,4,wiener_hqs_vst,classical,0.5665667653083801,2.7251607470297357,0.3517238973530217,33.094003048497,32.984322762579836,0.9013741612434387,28.324326221336854
bottle,1,scratch,0.001251220703125,defocus,4,wiener_hqs_vst_nofloor,classical,0.8351298570632935,3.2385293474819647,-3.02435048231483,17.189951548080757,17.19291702023616,0.2910235822200775,28.324326221336854
bottle,1,scratch,0.001251220703125,motion,2,identity,classical,0.2789195775985718,1.0,0.0,32.972123436115496,32.71075565785071,0.9268729090690613,32.71075565785071
bottle,1,scratch,0.001251220703125,motion,2,wiener,classical,0.2352668195962906,0.6156048398673631,-2.335083997797208,23.246751935329613,23.20980437498234,0.7607676982879639,32.71075565785071
bottle,1,scratch,0.001251220703125,motion,2,wiener_dbde_nsr,classical,0.2789195775985718,1.0,0.0,32.972123436115496,32.71075565785071,0.9268729090690613,32.71075565785071
bottle,1,scratch,0.001251220703125,motion,2,wiener_hqs_rawpixel,classical,0.2789195775985718,1.0,0.0,32.972123436115496,32.71075565785071,0.9268729090690613,32.71075565785071
bottle,1,scratch,0.001251220703125,motion,2,wiener_hqs_vst,classical,0.2789195775985718,1.0,-1.5696855353297678e-06,32.97212393727599,32.71075565785071,0.9268696904182434,32.71075565785071
bottle,1,scratch,0.001251220703125,motion,2,wiener_hqs_vst_nofloor,classical,0.2789195775985718,1.0,-1.5696855353297678e-06,32.97212393727599,32.71075565785071,0.9268696904182434,32.71075565785071
bottle,1,scratch,0.001251220703125,motion,3,identity,classical,0.29629841446876526,1.0,0.0,28.848327172885995,28.754001676845412,0.8520548939704895,28.754001676845412
bottle,1,scratch,0.001251220703125,motion,3,wiener,classical,0.020238567143678665,0.7566880605108842,-4.462965094054924,13.69733865521259,13.6950824722544,0.5113608837127686,28.754001676845412
bottle,1,scratch,0.001251220703125,motion,3,wiener_dbde_nsr,classical,0.020238567143678665,0.7566880605108842,-4.462965094054924,13.69733865521259,13.6950824722544,0.5113608837127686,28.754001676845412
bottle,1,scratch,0.001251220703125,motion,3,wiener_hqs_rawpixel,classical,0.7519932389259338,2.7629893753635244,0.4648550950608591,35.248091199541484,35.18327404652601,0.9383637309074402,28.754001676845412
bottle,1,scratch,0.001251220703125,motion,3,wiener_hqs_vst,classical,0.7180987596511841,2.6132668065223466,0.09426838346242827,30.676745407096785,30.65059430760112,0.8609784245491028,28.754001676845412
bottle,1,scratch,0.001251220703125,motion,3,wiener_hqs_vst_nofloor,classical,0.8488473296165466,2.6226379079977096,-6.415480132783422,12.853665305599014,12.857687486848038,0.19014103710651398,28.754001676845412
bottle,1,scratch,0.001251220703125,motion,4,identity,classical,0.7212936282157898,1.0,0.0,25.89566220829607,25.878382304893194,0.7663952708244324,25.878382304893194
bottle,1,scratch,0.001251220703125,motion,4,wiener,classical,0.05220268666744232,0.15460876192903603,-0.5689489590094712,22.45413574690346,22.398550737210652,0.6828444004058838,25.878382304893194
bottle,1,scratch,0.001251220703125,motion,4,wiener_dbde_nsr,classical,0.7212936282157898,1.0,0.0,25.89566220829607,25.878382304893194,0.7663952708244324,25.878382304893194
bottle,1,scratch,0.001251220703125,motion,4,wiener_hqs_rawpixel,classical,0.7212936282157898,1.0,0.0,25.89566220829607,25.878382304893194,0.7663952708244324,25.878382304893194
bottle,1,scratch,0.001251220703125,motion,4,wiener_hqs_vst,classical,0.7212936878204346,1.000000188519395,-6.28153855819491e-07,25.89566220829607,25.878382304893194,0.7663931250572205,25.878382304893194
bottle,1,scratch,0.001251220703125,motion,4,wiener_hqs_vst_nofloor,classical,0.7212936878204346,1.000000188519395,-6.28153855819491e-07,25.89566220829607,25.878382304893194,0.7663931250572205,25.878382304893194
bottle,2,blob,0.0081939697265625,defocus,2,identity,classical,0.9854157567024231,1.0,0.0,33.854173918284246,33.8610354726169,0.9299927353858948,33.8610354726169
bottle,2,blob,0.0081939697265625,defocus,2,wiener,classical,0.4468359053134918,0.17385241677765242,-8.485306286608052,14.2045149831199,14.2259506195634,0.5029879212379456,33.8610354726169
bottle,2,blob,0.0081939697265625,defocus,2,wiener_dbde_nsr,classical,0.4468359053134918,0.17385241677765242,-8.485306286608052,14.2045149831199,14.2259506195634,0.5029879212379456,33.8610354726169
bottle,2,blob,0.0081939697265625,defocus,2,wiener_hqs_rawpixel,classical,1.0000001192092896,0.9656405756376993,0.5583511561061276,40.777321733561934,40.78372776455946,0.9837048649787903,33.8610354726169
bottle,2,blob,0.0081939697265625,defocus,2,wiener_hqs_vst,classical,0.9980835914611816,0.9644174397624458,0.315331070506326,36.399823346644844,36.42429185474817,0.9658508896827698,33.8610354726169
bottle,2,blob,0.0081939697265625,defocus,2,wiener_hqs_vst_nofloor,classical,1.0002381801605225,0.87834770304834,-3.1058351301756684,24.492824561799186,24.487836729544807,0.5657706260681152,33.8610354726169
bottle,2,blob,0.0081939697265625,defocus,3,identity,classical,0.9709394574165344,1.0,0.0,31.176319098165102,31.175880965213967,0.8832530379295349,31.175880965213967
bottle,2,blob,0.0081939697265625,defocus,3,wiener,classical,0.2876814901828766,0.10546035138580687,-6.217819799412354,13.328290557736436,13.356290875924532,0.5143697261810303,31.175880965213967
bottle,2,blob,0.0081939697265625,defocus,3,wiener_dbde_nsr,classical,0.2876814901828766,0.10546035138580687,-6.217819799412354,13.328290557736436,13.356290875924532,0.5143697261810303,31.175880965213967
bottle,2,blob,0.0081939697265625,defocus,3,wiener_hqs_rawpixel,classical,0.9999948143959045,0.9419778565221276,0.6141685789793339,38.50140647529959,38.51045917303673,0.9717147946357727,31.175880965213967
bottle,2,blob,0.0081939697265625,defocus,3,wiener_hqs_vst,classical,0.9963562488555908,0.9403685788564337,0.331630734886164,34.335934679009256,34.36014183629476,0.9394986033439636,31.175880965213967
bottle,2,blob,0.0081939697265625,defocus,3,wiener_hqs_vst_nofloor,classical,1.0033714771270752,0.7227737868605706,-4.330432264736298,18.82141415241494,18.813715018824936,0.3315070569515228,31.175880965213967
bottle,2,blob,0.0081939697265625,defocus,4,identity,classical,0.9403043389320374,1.0,0.0,28.19040041715394,28.174084104493996,0.8172013759613037,28.174084104493996
bottle,2,blob,0.0081939697265625,defocus,4,wiener,classical,0.06401237100362778,0.5820438118652489,-5.184721306061435,11.871581502706164,11.895113139723914,0.4675496518611908,28.174084104493996
bottle,2,blob,0.0081939697265625,defocus,4,wiener_dbde_nsr,classical,0.06401237100362778,0.5820438118652489,-5.184721306061435,11.871581502706164,11.895113139723914,0.4675496518611908,28.174084104493996
bottle,2,blob,0.0081939697265625,defocus,4,wiener_hqs_rawpixel,classical,0.9994989037513733,0.9407659689357745,0.5748807832197005,35.18391199440159,35.18195800181029,0.9421722888946533,28.174084104493996
bottle,2,blob,0.0081939697265625,defocus,4,wiener_hqs_vst,classical,0.9934216737747192,0.9313205061150788,0.2650995319975492,31.218150610498533,31.242248604088722,0.8807277679443359,28.174084104493996
bottle,2,blob,0.0081939697265625,defocus,4,wiener_hqs_vst_nofloor,classical,0.9483907222747803,0.4992798031328896,-5.355811530155088,13.97028656672829,13.968815619566568,0.1456727832555771,28.174084104493996
bottle,2,blob,0.0081939697265625,motion,2,identity,classical,0.9766998887062073,1.0,0.0,32.138822583071864,32.143887944154365,0.9114876389503479,32.143887944154365
bottle,2,blob,0.0081939697265625,motion,2,wiener,classical,0.9148670434951782,0.8197977980081383,-2.284272367497923,22.61303531485254,22.593751127451668,0.717339813709259,32.143887944154365
bottle,2,blob,0.0081939697265625,motion,2,wiener_dbde_nsr,classical,0.9766998887062073,1.0,0.0,32.138822583071864,32.143887944154365,0.9114876389503479,32.143887944154365
bottle,2,blob,0.0081939697265625,motion,2,wiener_hqs_rawpixel,classical,0.9766998887062073,1.0,0.0,32.138822583071864,32.143887944154365,0.9114876389503479,32.143887944154365
bottle,2,blob,0.0081939697265625,motion,2,wiener_hqs_vst,classical,0.976699948310852,0.9999998836488602,1.292041412526146e-06,32.138822583071864,32.143887944154365,0.9114890098571777,32.143887944154365
bottle,2,blob,0.0081939697265625,motion,2,wiener_hqs_vst_nofloor,classical,0.976699948310852,0.9999998836488602,1.292041412526146e-06,32.138822583071864,32.143887944154365,0.9114890098571777,32.143887944154365
bottle,2,blob,0.0081939697265625,motion,3,identity,classical,0.9414470791816711,1.0,0.0,28.726971763179428,28.664848118544114,0.8416730761528015,28.664848118544114
bottle,2,blob,0.0081939697265625,motion,3,wiener,classical,0.28877952694892883,0.12123572443319192,-4.549076974603494,13.352511622731974,13.380615132871931,0.5105412006378174,28.664848118544114
bottle,2,blob,0.0081939697265625,motion,3,wiener_dbde_nsr,classical,0.28877952694892883,0.12123572443319192,-4.549076974603494,13.352511622731974,13.380615132871931,0.5105412006378174,28.664848118544114
bottle,2,blob,0.0081939697265625,motion,3,wiener_hqs_rawpixel,classical,0.999314546585083,0.8775866612029384,0.6454982865862697,38.10241250653623,38.1021140726233,0.9646909236907959,28.664848118544114
bottle,2,blob,0.0081939697265625,motion,3,wiener_hqs_vst,classical,0.9948059916496277,0.870372764167018,0.24252208607907222,31.640242314853527,31.659999075480982,0.8898459076881409,28.664848118544114
bottle,2,blob,0.0081939697265625,motion,3,wiener_hqs_vst_nofloor,classical,0.959642231464386,0.6490242816358166,-5.391205266652062,14.457379023893091,14.473547963257198,0.21682004630565643,28.664848118544114
bottle,2,blob,0.0081939697265625,motion,4,identity,classical,0.9338482022285461,1.0,0.0,25.516777025018527,25.550766688211304,0.7626516222953796,25.550766688211304
bottle,2,blob,0.0081939697265625,motion,4,wiener,classical,0.8761147260665894,0.7596854735772446,-0.6457661131468337,21.925779170563565,21.907676683710232,0.6506059765815735,25.550766688211304
bottle,2,blob,0.0081939697265625,motion,4,wiener_dbde_nsr,classical,0.9338482022285461,1.0,0.0,25.516777025018527,25.550766688211304,0.7626516222953796,25.550766688211304
bottle,2,blob,0.0081939697265625,motion,4,wiener_hqs_rawpixel,classical,0.9338482022285461,1.0,0.0,25.516777025018527,25.550766688211304,0.7626516222953796,25.550766688211304
bottle,2,blob,0.0081939697265625,motion,4,wiener_hqs_vst,classical,0.9338482022285461,1.0000000645929696,-2.7792488488387335e-07,25.516777025018527,25.550766688211304,0.7626537680625916,25.550766688211304
bottle,2,blob,0.0081939697265625,motion,4,wiener_hqs_vst_nofloor,classical,0.9338482022285461,1.0000000645929696,-2.7792488488387335e-07,25.516777025018527,25.550766688211304,0.7626537680625916,25.550766688211304
bottle,3,texture,0.005035400390625,defocus,2,identity,classical,0.9150198698043823,1.0,0.0,34.046287462063205,33.88445706339201,0.9375231862068176,33.88445706339201
bottle,3,texture,0.005035400390625,defocus,2,wiener,classical,0.46404221653938293,0.06016922093794085,-8.660008987630183,14.337659444137552,14.328755784106955,0.48596981167793274,33.88445706339201
bottle,3,texture,0.005035400390625,defocus,2,wiener_dbde_nsr,classical,0.46404221653938293,0.06016922093794085,-8.660008987630183,14.337659444137552,14.328755784106955,0.48596981167793274,33.88445706339201
bottle,3,texture,0.005035400390625,defocus,2,wiener_hqs_rawpixel,classical,0.9741219282150269,1.1315224149495557,0.5495246016666535,38.440553521450425,35.40164633416836,0.9821651577949524,33.88445706339201
bottle,3,texture,0.005035400390625,defocus,2,wiener_hqs_vst,classical,0.9433035254478455,1.1260293075338215,0.34304582114615934,36.395352874142056,34.945034105727835,0.9671315550804138,33.88445706339201
bottle,3,texture,0.005035400390625,defocus,2,wiener_hqs_vst_nofloor,classical,0.9325262904167175,0.7701666990834531,-4.571488714217012,21.489293964813044,21.197012049731217,0.4803466498851776,33.88445706339201
bottle,3,texture,0.005035400390625,defocus,3,identity,classical,0.8765609860420227,1.0,0.0,31.291164261866925,31.170935978942794,0.8942718505859375,31.170935978942794
bottle,3,texture,0.005035400390625,defocus,3,wiener,classical,0.36063557863235474,0.35119430914090854,-6.224171718947167,13.47743136622158,13.471909021378352,0.5008665323257446,31.170935978942794
bottle,3,texture,0.005035400390625,defocus,3,wiener_dbde_nsr,classical,0.36063557863235474,0.35119430914090854,-6.224171718947167,13.47743136622158,13.471909021378352,0.5008665323257446,31.170935978942794
bottle,3,texture,0.005035400390625,defocus,3,wiener_hqs_rawpixel,classical,0.9744743704795837,1.2356841551637328,0.5750963780985936,36.58044630279169,34.03445518198305,0.9646248817443848,31.170935978942794
bottle,3,texture,0.005035400390625,defocus,3,wiener_hqs_vst,classical,0.9293040037155151,1.2367347903503816,0.32047045891584314,34.04370919287985,32.99112585276429,0.9349691271781921,31.170935978942794
bottle,3,texture,0.005035400390625,defocus,3,wiener_hqs_vst_nofloor,classical,0.9445527791976929,0.7638282693590881,-5.259718086683229,17.199112952468464,17.045901903622852,0.29142478108406067,31.170935978942794
bottle,3,texture,0.005035400390625,defocus,4,identity,classical,0.8212924003601074,1.0,0.0,28.168384895030396,28.092574917789165,0.8254629969596863,28.092574917789165
bottle,3,texture,0.005035400390625,defocus,4,wiener,classical,0.17799705266952515,0.7717179256541277,-5.021409023663282,12.021740996445768,12.02198375893009,0.4669821262359619,28.092574917789165
bottle,3,texture,0.005035400390625,defocus,4,wiener_dbde_nsr,classical,0.17799705266952515,0.7717179256541277,-5.021409023663282,12.021740996445768,12.02198375893009,0.4669821262359619,28.092574917789165
bottle,3,texture,0.005035400390625,defocus,4,wiener_hqs_rawpixel,classical,0.9601699709892273,1.4096217965310343,0.546118107404341,33.80797579984248,31.988768963421794,0.9341084361076355,28.092574917789165
bottle,3,texture,0.005035400390625,defocus,4,wiener_hqs_vst,classical,0.9010156989097595,1.4533606028728314,0.2518840232223484,30.656925814462895,30.032059705039984,0.8747382164001465,28.092574917789165
bottle,3,texture,0.005035400390625,defocus,4,wiener_hqs_vst_nofloor,classical,0.7739904522895813,0.6470171917374894,-5.890346171880039,13.022500243524096,12.99394909898053,0.13787125051021576,28.092574917789165
bottle,3,texture,0.005035400390625,motion,2,identity,classical,0.9460135102272034,1.0,0.0,32.48146720146996,32.43193093468914,0.9198763370513916,32.43193093468914
bottle,3,texture,0.005035400390625,motion,2,wiener,classical,0.5908629894256592,0.15142929621464588,-6.174721630679153,15.452436776650075,15.4391772708985,0.4610065519809723,32.43193093468914
bottle,3,texture,0.005035400390625,motion,2,wiener_dbde_nsr,classical,0.5908629894256592,0.15142929621464588,-6.174721630679153,15.452436776650075,15.4391772708985,0.4610065519809723,32.43193093468914
bottle,3,texture,0.005035400390625,motion,2,wiener_hqs_rawpixel,classical,1.0025663375854492,0.9620525995586345,0.35058798276406666,35.50676867081225,33.015380820226014,0.9568955898284912,32.43193093468914
bottle,3,texture,0.005035400390625,motion,2,wiener_hqs_vst,classical,0.9652016162872314,0.9889693575744711,0.1404747639740438,34.362555045256904,33.185324251594544,0.9348878860473633,32.43193093468914
bottle,3,texture,0.005035400390625,motion,2,wiener_hqs_vst_nofloor,classical,0.8408259749412537,0.5887164661832125,-9.528848739657413,13.849159750209951,13.805344058587732,0.2079836130142212,32.43193093468914
bottle,3,texture,0.005035400390625,motion,3,identity,classical,0.9123749136924744,1.0,0.0,28.40361790820119,28.374515157690876,0.8474476337432861,28.374515157690876
bottle,3,texture,0.005035400390625,motion,3,wiener,classical,0.34391453862190247,0.3220953637594545,-4.329973383955628,13.476041116446266,13.467649271891784,0.4928896427154541,28.374515157690876
bottle,3,texture,0.005035400390625,motion,3,wiener_dbde_nsr,classical,0.34391453862190247,0.3220953637594545,-4.329973383955628,13.476041116446266,13.467649271891784,0.4928896427154541,28.374515157690876
bottle,3,texture,0.005035400390625,motion,3,wiener_hqs_rawpixel,classical,0.9456202983856201,0.883564598789656,0.574088185461492,34.69160190703462,32.22795795222944,0.9502214789390564,28.374515157690876
bottle,3,texture,0.005035400390625,motion,3,wiener_hqs_vst,classical,0.9158250689506531,0.9865204950791494,0.3355284852612834,32.3080818425396,31.395943952523048,0.9098127484321594,28.374515157690876
bottle,3,texture,0.005035400390625,motion,3,wiener_hqs_vst_nofloor,classical,0.658055305480957,0.327460905593247,-5.536207809558558,13.618664613212317,13.575237427231304,0.2165815830230713,28.374515157690876
bottle,3,texture,0.005035400390625,motion,4,identity,classical,0.7632887959480286,1.0,0.0,25.58945558529213,25.53519961301062,0.7661582827568054,25.53519961301062
bottle,3,texture,0.005035400390625,motion,4,wiener,classical,0.6731768846511841,0.42148946035656654,-0.6595794561221962,21.786514193936632,21.770745209260728,0.6545233130455017,25.53519961301062
bottle,3,texture,0.005035400390625,motion,4,wiener_dbde_nsr,classical,0.7632887959480286,1.0,0.0,25.58945558529213,25.53519961301062,0.7661582827568054,25.53519961301062
bottle,3,texture,0.005035400390625,motion,4,wiener_hqs_rawpixel,classical,0.7632887959480286,1.0,0.0,25.58945558529213,25.53519961301062,0.7661582827568054,25.53519961301062
bottle,3,texture,0.005035400390625,motion,4,wiener_hqs_vst,classical,0.7632887959480286,0.9999990903857526,-8.880217545748081e-07,25.589456684022977,25.535199974707222,0.7661576271057129,25.53519961301062
bottle,3,texture,0.005035400390625,motion,4,wiener_hqs_vst_nofloor,classical,0.7632887959480286,0.9999990903857526,-8.880217545748081e-07,25.589456684022977,25.535199974707222,0.7661576271057129,25.53519961301062
bottle,4,scratch,0.0060577392578125,defocus,2,identity,classical,0.8421359658241272,1.0,0.0,34.446795429791116,34.37074697088421,0.9417223334312439,34.37074697088421
bottle,4,scratch,0.0060577392578125,defocus,2,wiener,classical,0.009871475398540497,0.3205406051712892,-8.430264639955395,14.723754696937586,14.71796822482877,0.5030279755592346,34.37074697088421
bottle,4,scratch,0.0060577392578125,defocus,2,wiener_dbde_nsr,classical,0.009871475398540497,0.3205406051712892,-8.430264639955395,14.723754696937586,14.71796822482877,0.5030279755592346,34.37074697088421
bottle,4,scratch,0.0060577392578125,defocus,2,wiener_hqs_rawpixel,classical,0.9769838452339172,1.2383495141470338,0.5955500027237872,41.67543964890021,41.623689417859495,0.9877362251281738,34.37074697088421
bottle,4,scratch,0.0060577392578125,defocus,2,wiener_hqs_vst,classical,0.9835610389709473,1.244790793187954,0.36748865622761884,37.52374154772972,37.52265037602642,0.9720885157585144,34.37074697088421
bottle,4,scratch,0.0060577392578125,defocus,2,wiener_hqs_vst_nofloor,classical,1.0059822797775269,1.3319822418176681,-2.615234622218733,25.743662633425775,25.7382310959845,0.6207125186920166,34.37074697088421
bottle,4,scratch,0.0060577392578125,defocus,3,identity,classical,0.7427284717559814,1.0,0.0,31.47873593420721,31.39066618525534,0.895129382610321,31.39066618525534
bottle,4,scratch,0.0060577392578125,defocus,3,wiener,classical,0.024208789691329002,0.18175658640192466,-5.912389735206811,13.883430793221097,13.881405647811981,0.5365755558013916,31.39066618525534
bottle,4,scratch,0.0060577392578125,defocus,3,wiener_dbde_nsr,classical,0.024208789691329002,0.18175658640192466,-5.912389735206811,13.883430793221097,13.881405647811981,0.5365755558013916,31.39066618525534
bottle,4,scratch,0.0060577392578125,defocus,3,wiener_hqs_rawpixel,classical,0.9628167152404785,1.5145171968059756,0.6110585748657374,38.71962469125551,38.67620178118374,0.9734002947807312,31.39066618525534
bottle,4,scratch,0.0060577392578125,defocus,3,wiener_hqs_vst,classical,0.9669479131698608,1.5156155824402773,0.35351263914093,35.15010634183712,35.14595792975423,0.9454935193061829,31.39066618525534
bottle,4,scratch,0.0060577392578125,defocus,3,wiener_hqs_vst_nofloor,classical,1.0113074779510498,1.5028149661395804,-3.4854644294614125,20.244896691220475,20.239120037990794,0.39358916878700256,31.39066618525534
bottle,4,scratch,0.0060577392578125,defocus,4,identity,classical,0.5868707895278931,1.0,0.0,28.259020073910897,28.163767303533838,0.8233882784843445,28.163767303533838
bottle,4,scratch,0.0060577392578125,defocus,4,wiener,classical,0.03538072854280472,0.24576694614964592,-4.936800805968561,12.244304265808656,12.250337871055683,0.46861132979393005,28.163767303533838
bottle,4,scratch,0.0060577392578125,defocus,4,wiener_dbde_nsr,classical,0.03538072854280472,0.24576694614964592,-4.936800805968561,12.244304265808656,12.250337871055683,0.46861132979393005,28.163767303533838
bottle,4,scratch,0.0060577392578125,defocus,4,wiener_hqs_rawpixel,classical,0.9026510119438171,2.2210214484615673,0.6104889187904292,36.03924521388244,35.9639568577436,0.9512129426002502,28.163767303533838
bottle,4,scratch,0.0060577392578125,defocus,4,wiener_hqs_vst,classical,0.9133798480033875,2.2610082228036745,0.3317073369569882,32.145058892150495,32.13744861182358,0.8947985768318176,28.163767303533838
bottle,4,scratch,0.0060577392578125,defocus,4,wiener_hqs_vst_nofloor,classical,1.0023539066314697,2.4648463971278107,-4.224262125141379,15.497514860026836,15.496535926362272,0.19244658946990967,28.163767303533838
bottle,4,scratch,0.0060577392578125,motion,2,identity,classical,0.9319612383842468,1.0,0.0,32.378804833231875,32.362027430274374,0.9184281229972839,32.362027430274374
bottle,4,scratch,0.0060577392578125,motion,2,wiener,classical,0.7958989143371582,0.3438723608558095,-2.3109610451792455,22.81287755601777,22.77301951822269,0.7252373099327087,32.362027430274374
bottle,4,scratch,0.0060577392578125,motion,2,wiener_dbde_nsr,classical,1.1181761026382446,1.0,0.0,32.378804833231875,32.362027430274374,0.9184281229972839,32.362027430274374
bottle,4,scratch,0.0060577392578125,motion,2,wiener_hqs_rawpixel,classical,0.932761013507843,1.0,0.0,32.378804833231875,32.362027430274374,0.9184281229972839,32.362027430274374
bottle,4,scratch,0.0060577392578125,motion,2,wiener_hqs_vst,classical,0.9146925210952759,1.0,-8.087869853845575e-07,32.378804833231875,32.362027430274374,0.9184308052062988,32.362027430274374
bottle,4,scratch,0.0060577392578125,motion,2,wiener_hqs_vst_nofloor,classical,1.1064798831939697,1.0,-8.087869853845575e-07,32.378804833231875,32.362027430274374,0.9184308052062988,32.362027430274374
bottle,4,scratch,0.0060577392578125,motion,3,identity,classical,0.4606940448284149,1.0,0.0,28.56226142703763,28.41063830387587,0.8446758389472961,28.41063830387587
bottle,4,scratch,0.0060577392578125,motion,3,wiener,classical,0.10502614080905914,1.3126711350366622,-4.199646517844307,13.862738159980319,13.857971702028482,0.5252417922019958,28.41063830387587
bottle,4,scratch,0.0060577392578125,motion,3,wiener_dbde_nsr,classical,0.10502614080905914,1.3126711350366622,-4.199646517844307,13.862738159980319,13.857971702028482,0.5252417922019958,28.41063830387587
bottle,4,scratch,0.0060577392578125,motion,3,wiener_hqs_rawpixel,classical,0.9199665784835815,4.682400635523176,0.596326629419947,36.852396656799286,36.75847392649773,0.959520161151886,28.41063830387587
bottle,4,scratch,0.0060577392578125,motion,3,wiener_hqs_vst,classical,0.9469295740127563,4.772775290223817,0.287299927493853,32.01378682577453,31.99605445056472,0.9063917994499207,28.41063830387587
bottle,4,scratch,0.0060577392578125,motion,3,wiener_hqs_vst_nofloor,classical,1.0691732168197632,0.5554519040886473,-8.308440992492029,10.972352155783888,10.966689860840116,0.12806834280490875,28.41063830387587
bottle,4,scratch,0.0060577392578125,motion,4,identity,classical,0.4429168701171875,1.0,0.0,25.628436808493294,25.50400131423131,0.763749897480011,25.50400131423131
bottle,4,scratch,0.0060577392578125,motion,4,wiener,classical,0.03275346755981445,1.1847798792052446,-3.7762724036874715,12.340368892609423,12.350092072794885,0.458005428314209,25.50400131423131
bottle,4,scratch,0.0060577392578125,motion,4,wiener_dbde_nsr,classical,0.03275346755981445,1.1847798792052446,-3.7762724036874715,12.340368892609423,12.350092072794885,0.458005428314209,25.50400131423131
bottle,4,scratch,0.0060577392578125,motion,4,wiener_hqs_rawpixel,classical,0.8536373376846313,6.694671422545852,0.4755425373349188,32.4069737576082,32.318668391494604,0.9102916717529297,25.50400131423131
bottle,4,scratch,0.0060577392578125,motion,4,wiener_hqs_vst,classical,0.8778747320175171,7.009830488686964,0.18098457539766832,28.783520585852543,28.75563187087179,0.8299086093902588,25.50400131423131
bottle,4,scratch,0.0060577392578125,motion,4,wiener_hqs_vst_nofloor,classical,0.8261422514915466,6.936235806708168,-5.991284365264031,10.66488201968638,10.660863559820408,0.1192537248134613,25.50400131423131
bottle,5,blob,0.017852783203125,defocus,2,identity,classical,0.9939306378364563,1.0,0.0,35.72881048254835,35.764780815932234,0.9520977139472961,35.764780815932234
bottle,5,blob,0.017852783203125,defocus,2,wiener,classical,0.741966187953949,0.991253694009642,-10.074050526567017,14.37429045470651,14.432483411012171,0.4987024962902069,35.764780815932234
bottle,5,blob,0.017852783203125,defocus,2,wiener_dbde_nsr,classical,0.741966187953949,0.991253694009642,-10.074050526567017,14.37429045470651,14.432483411012171,0.4987024962902069,35.764780815932234
bottle,5,blob,0.017852783203125,defocus,2,wiener_hqs_rawpixel,classical,0.9947564005851746,0.958672755489643,0.6075463201843665,43.39567781316476,43.41082959005841,0.9903622269630432,35.764780815932234
bottle,5,blob,0.017852783203125,defocus,2,wiener_hqs_vst,classical,0.9599862098693848,1.0532591389984698,0.35001921359811317,37.70159733181744,37.64694310203779,0.9741786122322083,35.764780815932234
bottle,5,blob,0.017852783203125,defocus,2,wiener_hqs_vst_nofloor,classical,0.6263983249664307,1.1296162841176403,-3.2182566663478998,25.758512821603613,25.58528460960592,0.6118124127388,35.764780815932234
bottle,5,blob,0.017852783203125,defocus,3,identity,classical,0.987781822681427,1.0,0.0,32.575738730362374,32.588854692169264,0.9106931686401367,32.588854692169264
bottle,5,blob,0.017852783203125,defocus,3,wiener,classical,0.6437274217605591,1.016549057977232,-7.112892884695002,13.435641458496871,13.492343893499568,0.515381932258606,32.588854692169264
bottle,5,blob,0.017852783203125,defocus,3,wiener_dbde_nsr,classical,0.6437274217605591,1.016549057977232,-7.112892884695002,13.435641458496871,13.492343893499568,0.515381932258606,32.588854692169264
bottle,5,blob,0.017852783203125,defocus,3,wiener_hqs_rawpixel,classical,0.9886334538459778,0.92716795323515,0.637266874651693,40.73762497209499,40.74680248317685,0.9805018305778503,32.588854692169264
bottle,5,blob,0.017852783203125,defocus,3,wiener_hqs_vst,classical,0.9311269521713257,1.0388443406670966,0.36069460060917446,35.680453540543155,35.59260477340261,0.9521871209144592,32.588854692169264
bottle,5,blob,0.017852783203125,defocus,3,wiener_hqs_vst_nofloor,classical,0.6011013388633728,0.8876941096936869,-4.007750647219539,20.036347640895954,19.92633406608234,0.40019211173057556,32.588854692169264
bottle,5,blob,0.017852783203125,defocus,4,identity,classical,0.9743726253509521,1.0,0.0,29.113995113073805,29.09625299549421,0.8437573313713074,29.09625299549421
bottle,5,blob,0.017852783203125,defocus,4,wiener,classical,0.4435952603816986,1.0956920221027395,-5.712008060931658,11.93474928878661,11.991601348143725,0.4829586446285248,29.09625299549421
bottle,5,blob,0.017852783203125,defocus,4,wiener_dbde_nsr,classical,0.4435952603816986,1.0956920221027395,-5.712008060931658,11.93474928878661,11.991601348143725,0.4829586446285248,29.09625299549421
bottle,5,blob,0.017852783203125,defocus,4,wiener_hqs_rawpixel,classical,0.9619026184082031,0.8663571160547638,0.6025986609221565,36.9935955385592,36.97899967706007,0.9533448219299316,29.09625299549421
bottle,5,blob,0.017852783203125,defocus,4,wiener_hqs_vst,classical,0.8858239054679871,1.0136193094168988,0.2886559581213136,32.45030305660889,32.37579818209901,0.8955835700035095,29.09625299549421
bottle,5,blob,0.017852783203125,defocus,4,wiener_hqs_vst_nofloor,classical,0.5939702391624451,0.7765660121199953,-5.101539812582185,15.03601138506027,15.000038093617436,0.16685056686401367,29.09625299549421
bottle,5,blob,0.017852783203125,motion,2,identity,classical,0.9891594052314758,1.0,0.0,33.65083445841382,33.71452696166144,0.9308673739433289,33.71452696166144
bottle,5,blob,0.017852783203125,motion,2,wiener,classical,0.9603776335716248,0.9147064295610575,-2.495303333200642,23.25354685794852,23.315006907567913,0.7645403742790222,33.71452696166144
bottle,5,blob,0.017852783203125,motion,2,wiener_dbde_nsr,classical,0.9891594052314758,1.0,0.0,33.65083445841382,33.71452696166144,0.9308673739433289,33.71452696166144
bottle,5,blob,0.017852783203125,motion,2,wiener_hqs_rawpixel,classical,0.9891594052314758,1.0,0.0,33.65083445841382,33.71452696166144,0.9308673739433289,33.71452696166144
bottle,5,blob,0.017852783203125,motion,2,wiener_hqs_vst,classical,0.9891588091850281,1.0,-1.4116115212292613e-06,33.65083445841382,33.71452696166144,0.9308649897575378,33.71452696166144
bottle,5,blob,0.017852783203125,motion,2,wiener_hqs_vst_nofloor,classical,0.9891588091850281,1.0,-1.4116115212292613e-06,33.65083445841382,33.71452696166144,0.9308649897575378,33.71452696166144
bottle,5,blob,0.017852783203125,motion,3,identity,classical,0.9741045236587524,1.0,0.0,29.336245083925114,29.407740923240418,0.8624189496040344,29.407740923240418
bottle,5,blob,0.017852783203125,motion,3,wiener,classical,0.6436977982521057,0.9860266329745591,-4.898099183589204,13.417789437642709,13.473878989859694,0.5104179978370667,29.407740923240418
bottle,5,blob,0.017852783203125,motion,3,wiener_dbde_nsr,classical,0.6436977982521057,0.9860266329745591,-4.898099183589204,13.417789437642709,13.473878989859694,0.5104179978370667,29.407740923240418
bottle,5,blob,0.017852783203125,motion,3,wiener_hqs_rawpixel,classical,0.994742214679718,0.9026873465437628,0.5803151669631912,37.63902371096689,37.70107841107827,0.9625637531280518,29.407740923240418
bottle,5,blob,0.017852783203125,motion,3,wiener_hqs_vst,classical,0.9237871170043945,1.0085211282487123,0.1837632812000971,31.39723336013461,31.43702827597902,0.8942877650260925,29.407740923240418
bottle,5,blob,0.017852783203125,motion,3,wiener_hqs_vst_nofloor,classical,0.43149152398109436,0.008656689769033792,-10.050136373674551,10.403268967154961,10.364399295631422,0.1009666919708252,29.407740923240418
bottle,5,blob,0.017852783203125,motion,4,identity,classical,0.9669287204742432,1.0,0.0,26.40728317803593,26.396400019880048,0.7818990349769592,26.396400019880048
bottle,5,blob,0.017852783203125,motion,4,wiener,classical,0.9381687045097351,0.936036030476679,-0.5430785762573134,23.041590537554736,23.066773070920167,0.7255347371101379,26.396400019880048
bottle,5,blob,0.017852783203125,motion,4,wiener_dbde_nsr,classical,0.9669287204742432,1.0,0.0,26.40728317803593,26.396400019880048,0.7818990349769592,26.396400019880048
bottle,5,blob,0.017852783203125,motion,4,wiener_hqs_rawpixel,classical,0.9669287204742432,1.0,0.0,26.40728317803593,26.396400019880048,0.7818990349769592,26.396400019880048
bottle,5,blob,0.017852783203125,motion,4,wiener_hqs_vst,classical,0.9669285416603088,0.9999990626501957,-6.887270533884049e-07,26.407284062301688,26.396400019880048,0.7818986773490906,26.396400019880048
bottle,5,blob,0.017852783203125,motion,4,wiener_hqs_vst_nofloor,classical,0.9669285416603088,0.9999990626501957,-6.887270533884049e-07,26.407284062301688,26.396400019880048,0.7818986773490906,26.396400019880048
bottle,6,texture,0.0126495361328125,defocus,2,identity,classical,0.9358956217765808,1.0,0.0,34.60576577178866,34.414332919840625,0.9323363900184631,34.414332919840625
bottle,6,texture,0.0126495361328125,defocus,2,wiener,classical,0.6139175295829773,1.790707316737679,-8.89227527797324,14.299846227598263,14.340331776079008,0.49552807211875916,34.414332919840625
bottle,6,texture,0.0126495361328125,defocus,2,wiener_dbde_nsr,classical,0.6139175295829773,1.790707316737679,-8.89227527797324,14.299846227598263,14.340331776079008,0.49552807211875916,34.414332919840625
bottle,6,texture,0.0126495361328125,defocus,2,wiener_hqs_rawpixel,classical,0.9775930643081665,0.9234831847834216,0.5972530375737006,42.11223167901763,41.8425494198292,0.9850272536277771,34.414332919840625
bottle,6,texture,0.0126495361328125,defocus,2,wiener_hqs_vst,classical,0.9767046570777893,0.9043923567102797,0.37822965911602346,38.1522939036436,38.07213131482523,0.9704620242118835,34.414332919840625
bottle,6,texture,0.0126495361328125,defocus,2,wiener_hqs_vst_nofloor,classical,0.7587742805480957,1.0338180349984354,-2.4569003665664937,26.020939372484264,25.965577922922396,0.6311141848564148,34.414332919840625
bottle,6,texture,0.0126495361328125,defocus,3,identity,classical,0.90753173828125,1.0,0.0,31.6319000054327,31.501014210655157,0.8877463936805725,31.501014210655157
bottle,6,texture,0.0126495361328125,defocus,3,wiener,classical,0.5377506017684937,1.6944120483757623,-6.354618948985629,13.471739170091773,13.515373949766396,0.512507975101471,31.501014210655157
bottle,6,texture,0.0126495361328125,defocus,3,wiener_dbde_nsr,classical,0.5377506017684937,1.6944120483757623,-6.354618948985629,13.471739170091773,13.515373949766396,0.512507975101471,31.501014210655157
bottle,6,texture,0.0126495361328125,defocus,3,wiener_hqs_rawpixel,classical,0.9614937901496887,0.8884951085644603,0.6248432685729484,39.2712465581761,38.996604064708265,0.9712790846824646,31.501014210655157
bottle,6,texture,0.0126495361328125,defocus,3,wiener_hqs_vst,classical,0.9571555852890015,0.8506803976877925,0.37523435883641243,35.79557643196662,35.692292220307195,0.9456479549407959,31.501014210655157
bottle,6,texture,0.0126495361328125,defocus,3,wiener_hqs_vst_nofloor,classical,0.7025715112686157,0.9096174304539872,-3.2151845287898126,20.9656759335264,20.957569193307485,0.41144415736198425,31.501014210655157
bottle,6,texture,0.0126495361328125,defocus,4,identity,classical,0.8646976351737976,1.0,0.0,28.294629370960052,28.21842076978829,0.823589026927948,28.21842076978829
bottle,6,texture,0.0126495361328125,defocus,4,wiener,classical,0.3910987675189972,1.6467517879545956,-5.271560172481379,11.987876236225553,12.034162993954705,0.4631737470626831,28.21842076978829
bottle,6,texture,0.0126495361328125,defocus,4,wiener_dbde_nsr,classical,0.3910987675189972,1.6467517879545956,-5.271560172481379,11.987876236225553,12.034162993954705,0.4631737470626831,28.21842076978829
bottle,6,texture,0.0126495361328125,defocus,4,wiener_hqs_rawpixel,classical,0.9456005096435547,0.8751379584297926,0.5920152891798673,35.96492708823719,35.795233685346695,0.9413614869117737,28.21842076978829
bottle,6,texture,0.0126495361328125,defocus,4,wiener_hqs_vst,classical,0.918023407459259,0.830980019933973,0.31802814314600847,32.27551896422585,32.21499467893815,0.888353168964386,28.21842076978829
bottle,6,texture,0.0126495361328125,defocus,4,wiener_hqs_vst_nofloor,classical,0.7140929698944092,1.029960295279032,-3.999058769448573,16.05851208976443,16.073114154296384,0.2096349000930786,28.21842076978829
bottle,6,texture,0.0126495361328125,motion,2,identity,classical,0.9206339716911316,1.0,0.0,32.36744947851313,32.216274232891095,0.9087819457054138,32.216274232891095
bottle,6,texture,0.0126495361328125,motion,2,wiener,classical,0.8533316850662231,1.2486947301614024,-2.3137210455363104,22.613799812758955,22.621891580412736,0.7262160181999207,32.216274232891095
bottle,6,texture,0.0126495361328125,motion,2,wiener_dbde_nsr,classical,0.9206339716911316,1.0,0.0,32.36744947851313,32.216274232891095,0.9087819457054138,32.216274232891095
bottle,6,texture,0.0126495361328125,motion,2,wiener_hqs_rawpixel,classical,0.9206339716911316,1.0,0.0,32.36744947851313,32.216274232891095,0.9087819457054138,32.216274232891095
bottle,6,texture,0.0126495361328125,motion,2,wiener_hqs_vst,classical,0.9206336736679077,0.9999991677281106,-1.3931742655071133e-06,32.36744947851313,32.216274232891095,0.9087791442871094,32.216274232891095
bottle,6,texture,0.0126495361328125,motion,2,wiener_hqs_vst_nofloor,classical,0.9206336736679077,0.9999991677281106,-1.3931742655071133e-06,32.36744947851313,32.216274232891095,0.9087791442871094,32.216274232891095
bottle,6,texture,0.0126495361328125,motion,3,identity,classical,0.8931066393852234,1.0,0.0,28.720428201676246,28.678649464359825,0.8491020798683167,28.678649464359825
bottle,6,texture,0.0126495361328125,motion,3,wiener,classical,0.5514918565750122,1.503153884732015,-4.57409840559999,13.418947856601458,13.462569869454493,0.4991507828235626,28.678649464359825
bottle,6,texture,0.0126495361328125,motion,3,wiener_dbde_nsr,classical,0.5514918565750122,1.503153884732015,-4.57409840559999,13.418947856601458,13.462569869454493,0.4991507828235626,28.678649464359825
bottle,6,texture,0.0126495361328125,motion,3,wiener_hqs_rawpixel,classical,0.981532633304596,0.7982738934425593,0.4728087604832262,35.216213863116025,35.13558667683698,0.9384071826934814,28.678649464359825
bottle,6,texture,0.0126495361328125,motion,3,wiener_hqs_vst,classical,0.9505502581596375,0.8139914963504217,0.12885770268954144,31.22696027081972,31.21140880845358,0.8733954429626465,28.678649464359825
bottle,6,texture,0.0126495361328125,motion,3,wiener_hqs_vst_nofloor,classical,0.5964133739471436,0.6453766669979054,-6.098761359970989,13.297455508782367,13.274494229568493,0.18776263296604156,28.678649464359825
bottle,6,texture,0.0126495361328125,motion,4,identity,classical,0.8567333221435547,1.0,0.0,25.775895965085525,25.76891908827956,0.7719414234161377,25.76891908827956
bottle,6,texture,0.0126495361328125,motion,4,wiener,classical,0.415182501077652,1.3799405697441642,-4.032917819482026,12.04667531163555,12.092863670350877,0.4581146240234375,25.76891908827956
bottle,6,texture,0.0126495361328125,motion,4,wiener_dbde_nsr,classical,0.415182501077652,1.3799405697441642,-4.032917819482026,12.04667531163555,12.092863670350877,0.4581146240234375,25.76891908827956
bottle,6,texture,0.0126495361328125,motion,4,wiener_hqs_rawpixel,classical,0.950890064239502,0.73563523468428,0.3687680569405306,31.598105677753416,31.58375295322115,0.8660328388214111,25.76891908827956
bottle,6,texture,0.0126495361328125,motion,4,wiener_hqs_vst,classical,0.8809185028076172,0.776733081285111,0.0580353109709798,27.712508119068286,27.723069705765266,0.7809369564056396,25.76891908827956
bottle,6,texture,0.0126495361328125,motion,4,wiener_hqs_vst_nofloor,classical,0.3622056543827057,0.32579607629850527,-9.422565308735892,7.952685377071292,7.9340989915309255,0.05241446569561958,25.76891908827956
bottle,7,scratch,0.01239013671875,defocus,2,identity,classical,0.8806498050689697,1.0,0.0,34.673006971036486,34.0414815077642,0.9453816413879395,34.0414815077642
bottle,7,scratch,0.01239013671875,defocus,2,wiener,classical,0.014587929472327232,0.08846355202795768,-9.479074502771937,14.129497778435722,14.013000792515871,0.4497772753238678,34.0414815077642
bottle,7,scratch,0.01239013671875,defocus,2,wiener_dbde_nsr,classical,0.014587929472327232,0.08846355202795768,-9.479074502771937,14.129497778435722,14.013000792515871,0.4497772753238678,34.0414815077642
bottle,7,scratch,0.01239013671875,defocus,2,wiener_hqs_rawpixel,classical,0.9828559756278992,1.2589254934960956,0.6045816871392116,42.13547475439671,41.49722360303712,0.9875537753105164,34.0414815077642
bottle,7,scratch,0.01239013671875,defocus,2,wiener_hqs_vst,classical,1.0002039670944214,1.249037757237063,0.3730614053808976,37.39869993282296,37.32988147837253,0.9730170369148254,34.0414815077642
bottle,7,scratch,0.01239013671875,defocus,2,wiener_hqs_vst_nofloor,classical,1.025456190109253,1.2404157332009234,-3.6405961937302855,23.47515843617277,23.489988706095062,0.5537009239196777,34.0414815077642
bottle,7,scratch,0.01239013671875,defocus,3,identity,classical,0.807654619216919,1.0,0.0,31.48198846759029,30.94880613596051,0.899094820022583,30.94880613596051
bottle,7,scratch,0.01239013671875,defocus,3,wiener,classical,0.011552980169653893,0.013864588316346474,-6.468409098572751,13.322469815603794,13.239388825245177,0.46731218695640564,30.94880613596051
bottle,7,scratch,0.01239013671875,defocus,3,wiener_dbde_nsr,classical,0.011552980169653893,0.013864588316346474,-6.468409098572751,13.322469815603794,13.239388825245177,0.46731218695640564,30.94880613596051
bottle,7,scratch,0.01239013671875,defocus,3,wiener_hqs_rawpixel,classical,0.9745872020721436,1.6116713061609194,0.6500545272376099,39.72004605932378,39.101254939169316,0.9778509140014648,30.94880613596051
bottle,7,scratch,0.01239013671875,defocus,3,wiener_hqs_vst,classical,0.9943039417266846,1.498279787634078,0.35832393831991805,34.86593881877427,34.77813869193635,0.946254551410675,30.94880613596051
bottle,7,scratch,0.01239013671875,defocus,3,wiener_hqs_vst_nofloor,classical,1.0284156799316406,1.0988284800197559,-4.7916547186841525,17.674354229751007,17.69251994273025,0.3296886682510376,30.94880613596051
bottle,7,scratch,0.01239013671875,defocus,4,identity,classical,0.6919785141944885,1.0,0.0,27.942749837484993,27.484574475872073,0.8193080425262451,27.484574475872073
bottle,7,scratch,0.01239013671875,defocus,4,wiener,classical,0.022224949672818184,0.09047152908904799,-5.002079918276879,11.889609092498645,11.850071780347669,0.4198683798313141,27.484574475872073
bottle,7,scratch,0.01239013671875,defocus,4,wiener_dbde_nsr,classical,0.022224949672818184,0.09047152908904799,-5.002079918276879,11.889609092498645,11.850071780347669,0.4198683798313141,27.484574475872073
bottle,7,scratch,0.01239013671875,defocus,4,wiener_hqs_rawpixel,classical,0.9409387707710266,1.7453990602284921,0.5850958865575928,35.633393950690476,35.27969991815418,0.9400528073310852,27.484574475872073
bottle,7,scratch,0.01239013671875,defocus,4,wiener_hqs_vst,classical,0.9694144129753113,1.855319375286631,0.27504278994274456,31.09161808776375,31.01753964926697,0.8721187710762024,27.484574475872073
bottle,7,scratch,0.01239013671875,defocus,4,wiener_hqs_vst_nofloor,classical,1.0342282056808472,0.9261758798354742,-5.320187724781769,13.470275197861067,13.477728639848262,0.1496976763010025,27.484574475872073
bottle,7,scratch,0.01239013671875,motion,2,identity,classical,0.9624230861663818,1.0,0.0,32.91323718487498,32.797417730771116,0.9277029037475586,32.797417730771116
bottle,7,scratch,0.01239013671875,motion,2,wiener,classical,0.008288316428661346,0.14174958682659056,-6.895249544455071,15.292597814757979,15.118830450892823,0.4280569553375244,32.797417730771116
bottle,7,scratch,0.01239013671875,motion,2,wiener_dbde_nsr,classical,0.008288316428661346,0.14174958682659056,-6.895249544455071,15.292597814757979,15.118830450892823,0.4280569553375244,32.797417730771116
bottle,7,scratch,0.01239013671875,motion,2,wiener_hqs_rawpixel,classical,0.9970580339431763,1.0681000533858875,0.625790720016667,41.672336699287314,41.50616656711411,0.9853525161743164,32.797417730771116
bottle,7,scratch,0.01239013671875,motion,2,wiener_hqs_vst,classical,1.0040925741195679,1.0631077151082242,0.39249023265624405,37.841462021953575,37.81276104709573,0.9656532406806946,32.797417730771116
bottle,7,scratch,0.01239013671875,motion,2,wiener_hqs_vst_nofloor,classical,1.0043447017669678,0.8077796860465002,-3.0137333936616155,23.01233581507541,23.016279377626216,0.5472617745399475,32.797417730771116
bottle,7,scratch,0.01239013671875,motion,3,identity,classical,0.9281759858131409,1.0,0.0,28.387814730549707,28.3208390285497,0.8495769500732422,28.3208390285497
bottle,7,scratch,0.01239013671875,motion,3,wiener,classical,0.0069206273183226585,0.016726617797594427,-4.567638588263352,13.35260089986583,13.268396201826517,0.46526670455932617,28.3208390285497
bottle,7,scratch,0.01239013671875,motion,3,wiener_dbde_nsr,classical,0.0069206273183226585,0.016726617797594427,-4.567638588263352,13.35260089986583,13.268396201826517,0.46526670455932617,28.3208390285497
bottle,7,scratch,0.01239013671875,motion,3,wiener_hqs_rawpixel,classical,0.9997961521148682,1.142197736009997,0.6536926453547895,38.20524575085788,37.9283639065203,0.9677404761314392,28.3208390285497
bottle,7,scratch,0.01239013671875,motion,3,wiener_hqs_vst,classical,1.0119127035140991,1.1392935220622236,0.320797183085332,31.38557845545676,31.36383497715248,0.9089796543121338,28.3208390285497
bottle,7,scratch,0.01239013671875,motion,3,wiener_hqs_vst_nofloor,classical,0.963363766670227,0.3723478145458743,-5.8486039773837195,13.656545127735784,13.647089688544103,0.20350046455860138,28.3208390285497
bottle,7,scratch,0.01239013671875,motion,4,identity,classical,0.7672398686408997,1.0,0.0,25.246692670791298,25.09432690864716,0.75700443983078,25.09432690864716
bottle,7,scratch,0.01239013671875,motion,4,wiener,classical,0.01719929836690426,0.06690928499297506,-3.8481488153265797,11.897940414198105,11.857811827954754,0.3993837535381317,25.09432690864716
bottle,7,scratch,0.01239013671875,motion,4,wiener_dbde_nsr,classical,0.01719929836690426,0.06690928499297506,-3.8481488153265797,11.897940414198105,11.857811827954754,0.3993837535381317,25.09432690864716
bottle,7,scratch,0.01239013671875,motion,4,wiener_hqs_rawpixel,classical,1.0061323642730713,1.8137536002809975,0.3739834113932099,31.025289211705697,30.958865358675546,0.8638584613800049,25.09432690864716
bottle,7,scratch,0.01239013671875,motion,4,wiener_hqs_vst,classical,1.0362248420715332,1.8760026343519494,-0.006183309138303672,26.262644522854632,26.2705050043786,0.7580525279045105,25.09432690864716
bottle,7,scratch,0.01239013671875,motion,4,wiener_hqs_vst_nofloor,classical,0.7648517489433289,0.24694274675096592,-9.90928241427542,7.127912704676881,7.1500099801132215,0.04730096831917763,25.09432690864716
bottle,8,blob,0.011199951171875,defocus,2,identity,classical,0.9907363057136536,1.0,0.0,34.227829517320416,34.25960875143034,0.9351498484611511,34.25960875143034
bottle,8,blob,0.011199951171875,defocus,2,wiener,classical,0.6762861013412476,1.0272644357105936,-8.384296019553533,14.332453516539719,14.362102443992166,0.4918021261692047,34.25960875143034
bottle,8,blob,0.011199951171875,defocus,2,wiener_dbde_nsr,classical,0.6762861013412476,1.0272644357105936,-8.384296019553533,14.332453516539719,14.362102443992166,0.4918021261692047,34.25960875143034
bottle,8,blob,0.011199951171875,defocus,2,wiener_hqs_rawpixel,classical,0.9913952946662903,0.9972446267548547,0.5851770805448788,41.32773275159642,41.144593287735375,0.9851765036582947,34.25960875143034
bottle,8,blob,0.011199951171875,defocus,2,wiener_hqs_vst,classical,0.9364158511161804,1.0251201052992613,0.33006379142275577,36.52835711201234,36.556520919384134,0.9652923941612244,34.25960875143034
bottle,8,blob,0.011199951171875,defocus,2,wiener_hqs_vst_nofloor,classical,0.5641733407974243,1.1732113742627333,-3.1783960802795184,24.57266250493186,24.573505020350282,0.557172417640686,34.25960875143034
bottle,8,blob,0.011199951171875,defocus,3,identity,classical,0.9814708232879639,1.0,0.0,31.383351404874848,31.40533071446044,0.885491669178009,31.40533071446044
bottle,8,blob,0.011199951171875,defocus,3,wiener,classical,0.5640504956245422,0.9566617818746024,-5.9661469099083995,13.476969821677384,13.506657339376405,0.5111925601959229,31.40533071446044
bottle,8,blob,0.011199951171875,defocus,3,wiener_dbde_nsr,classical,0.5640504956245422,0.9566617818746024,-5.9661469099083995,13.476969821677384,13.506657339376405,0.5111925601959229,31.40533071446044
bottle,8,blob,0.011199951171875,defocus,3,wiener_hqs_rawpixel,classical,0.9876260757446289,0.9947630858554027,0.6124499760843376,38.59872944867442,38.47652053000998,0.9699139595031738,31.40533071446044
bottle,8,blob,0.011199951171875,defocus,3,wiener_hqs_vst,classical,0.8888427019119263,1.0383922271842645,0.32934816233184017,34.170569253248985,34.17949642756475,0.9344403147697449,31.40533071446044
bottle,8,blob,0.011199951171875,defocus,3,wiener_hqs_vst_nofloor,classical,0.5731244683265686,1.1819287696957788,-4.57480605389511,18.463014675626063,18.451977100016737,0.30704858899116516,31.40533071446044
bottle,8,blob,0.011199951171875,defocus,4,identity,classical,0.96164870262146,1.0,0.0,28.263640458712935,28.273745651487175,0.814487636089325,28.273745651487175
bottle,8,blob,0.011199951171875,defocus,4,wiener,classical,0.3526540696620941,0.8322835210549665,-5.036438116869076,11.953365241332222,11.986477778128368,0.46125340461730957,28.273745651487175
bottle,8,blob,0.011199951171875,defocus,4,wiener_dbde_nsr,classical,0.3526540696620941,0.8322835210549665,-5.036438116869076,11.953365241332222,11.986477778128368,0.46125340461730957,28.273745651487175
bottle,8,blob,0.011199951171875,defocus,4,wiener_hqs_rawpixel,classical,0.9585013389587402,1.0004497819124676,0.5821475088577164,35.60444999814066,35.51090120926462,0.9425674080848694,28.273745651487175
bottle,8,blob,0.011199951171875,defocus,4,wiener_hqs_vst,classical,0.7785892486572266,1.0812216162711812,0.2705676089358652,30.89181898383454,30.86714056818524,0.8747103810310364,28.273745651487175
bottle,8,blob,0.011199951171875,defocus,4,wiener_hqs_vst_nofloor,classical,0.4905570447444916,0.7278402923663954,-5.770116848644995,13.27788335548179,13.237492716252683,0.12851928174495697,28.273745651487175
bottle,8,blob,0.011199951171875,motion,2,identity,classical,0.9818570613861084,1.0,0.0,32.64435434810018,32.685832283840966,0.9156973958015442,32.685832283840966
bottle,8,blob,0.011199951171875,motion,2,wiener,classical,0.7589709758758545,1.0451137555717198,-6.141120866060504,15.511591649188697,15.543085170378578,0.4583336114883423,32.685832283840966
bottle,8,blob,0.011199951171875,motion,2,wiener_dbde_nsr,classical,0.7589709758758545,1.0451137555717198,-6.141120866060504,15.511591649188697,15.543085170378578,0.4583336114883423,32.685832283840966
bottle,8,blob,0.011199951171875,motion,2,wiener_hqs_rawpixel,classical,0.9947020411491394,0.9787317739898985,0.4818735707493731,38.638760878055734,38.68417890842339,0.9705472588539124,32.685832283840966
bottle,8,blob,0.011199951171875,motion,2,wiener_hqs_vst,classical,0.991838812828064,0.9780216594807314,0.25328126911072557,35.307869048534094,35.354027540586365,0.9450729489326477,32.685832283840966
bottle,8,blob,0.011199951171875,motion,2,wiener_hqs_vst_nofloor,classical,0.7563204169273376,1.0608647410102365,-6.076398261652369,17.26514395520165,17.308610220964148,0.3415779173374176,32.685832283840966
bottle,8,blob,0.011199951171875,motion,3,identity,classical,0.9642244577407837,1.0,0.0,28.42004627121613,28.382571602601665,0.8361746668815613,28.382571602601665
bottle,8,blob,0.011199951171875,motion,3,wiener,classical,0.5539436340332031,1.0513370722840907,-4.25186855511794,13.506834366103435,13.536457514005246,0.5004006028175354,28.382571602601665
bottle,8,blob,0.011199951171875,motion,3,wiener_dbde_nsr,classical,0.5539436340332031,1.0513370722840907,-4.25186855511794,13.506834366103435,13.536457514005246,0.5004006028175354,28.382571602601665
bottle,8,blob,0.011199951171875,motion,3,wiener_hqs_rawpixel,classical,0.9175890684127808,1.0582079096739614,0.6420656411274392,37.57895340659299,37.363810135421325,0.9618268013000488,28.382571602601665
bottle,8,blob,0.011199951171875,motion,3,wiener_hqs_vst,classical,0.7560787796974182,1.1086961916456661,0.2518469104930412,31.209339748459914,31.164666628970586,0.8851860165596008,28.382571602601665
bottle,8,blob,0.011199951171875,motion,3,wiener_hqs_vst_nofloor,classical,0.6347943544387817,1.0110366856181345,-5.8438556759811355,13.492303037558091,13.492385472949668,0.18888145685195923,28.382571602601665
bottle,8,blob,0.011199951171875,motion,4,identity,classical,0.9560961723327637,1.0,0.0,25.779067607992122,25.81501857363131,0.7590405941009521,25.81501857363131
bottle,8,blob,0.011199951171875,motion,4,wiener,classical,0.35667285323143005,0.7971402288738388,-3.834865547022871,12.034148004426067,12.06663178092336,0.46699491143226624,25.81501857363131
bottle,8,blob,0.011199951171875,motion,4,wiener_dbde_nsr,classical,0.35667285323143005,0.7971402288738388,-3.834865547022871,12.034148004426067,12.06663178092336,0.46699491143226624,25.81501857363131
bottle,8,blob,0.011199951171875,motion,4,wiener_hqs_rawpixel,classical,0.9322434663772583,0.9977310533172044,0.4977566192612086,33.09970893250593,33.006101377692715,0.9018574357032776,25.81501857363131
bottle,8,blob,0.011199951171875,motion,4,wiener_hqs_vst,classical,0.6606529951095581,1.0826983252826294,0.08891185778279698,26.992715689094155,26.947136575939034,0.7967514395713806,25.81501857363131
bottle,8,blob,0.011199951171875,motion,4,wiener_hqs_vst_nofloor,classical,0.31590694189071655,0.08281925246175643,-8.89313791939852,8.138275265370973,8.109182166033369,0.054898232221603394,25.81501857363131
bottle,9,texture,0.008209228515625,defocus,2,identity,classical,0.8852717280387878,1.0,0.0,34.68584882292144,34.27415694656649,0.9455573558807373,34.27415694656649
bottle,9,texture,0.008209228515625,defocus,2,wiener,classical,0.07757405936717987,2.4742481886516643,-9.537403469741374,14.177203711229788,14.140075074093751,0.46164026856422424,34.27415694656649
bottle,9,texture,0.008209228515625,defocus,2,wiener_dbde_nsr,classical,0.07757405936717987,2.4742481886516643,-9.537403469741374,14.177203711229788,14.140075074093751,0.46164026856422424,34.27415694656649
bottle,9,texture,0.008209228515625,defocus,2,wiener_hqs_rawpixel,classical,0.9757241010665894,1.222898190726087,0.5852460858345948,40.596652022312306,38.17258615539459,0.9869272112846375,34.27415694656649
bottle,9,texture,0.008209228515625,defocus,2,wiener_hqs_vst,classical,0.9683789014816284,1.213419902204719,0.26253021584272784,35.27525131053564,34.70859828996835,0.9629311561584473,34.27415694656649
bottle,9,texture,0.008209228515625,defocus,2,wiener_hqs_vst_nofloor,classical,0.9476943612098694,0.8546742188437606,-5.072962635329016,21.953447116330057,21.834606349377466,0.44322872161865234,34.27415694656649
bottle,9,texture,0.008209228515625,defocus,3,identity,classical,0.8309420347213745,1.0,0.0,31.599406116931142,31.30026257390682,0.9008800387382507,31.30026257390682
bottle,9,texture,0.008209228515625,defocus,3,wiener,classical,0.02615833282470703,2.632913032826172,-6.518307903124324,13.353016500327676,13.321678546683069,0.5060644149780273,31.30026257390682
bottle,9,texture,0.008209228515625,defocus,3,wiener_dbde_nsr,classical,0.02615833282470703,2.632913032826172,-6.518307903124324,13.353016500327676,13.321678546683069,0.5060644149780273,31.30026257390682
bottle,9,texture,0.008209228515625,defocus,3,wiener_hqs_rawpixel,classical,0.9578797817230225,1.4701938898898814,0.6008708682928525,38.306798279916464,36.662099260787684,0.9721963405609131,31.30026257390682
bottle,9,texture,0.008209228515625,defocus,3,wiener_hqs_vst,classical,0.9480887651443481,1.4612763859442293,0.2811050975244259,33.19663185108182,32.82577213105246,0.9318747520446777,31.30026257390682
bottle,9,texture,0.008209228515625,defocus,3,wiener_hqs_vst_nofloor,classical,1.0595039129257202,1.1461743012756667,-6.641813848914023,16.264493221387372,16.19670059303062,0.22046343982219696,31.30026257390682
bottle,9,texture,0.008209228515625,defocus,4,identity,classical,0.7501135468482971,1.0,0.0,28.320191994845775,28.124951453667578,0.8304844498634338,28.124951453667578
bottle,9,texture,0.008209228515625,defocus,4,wiener,classical,0.022467264905571938,2.8688421687723333,-5.30947081078417,11.924876599218386,11.911151216139297,0.4415476322174072,28.124951453667578
bottle,9,texture,0.008209228515625,defocus,4,wiener_dbde_nsr,classical,0.022467264905571938,2.8688421687723333,-5.30947081078417,11.924876599218386,11.911151216139297,0.4415476322174072,28.124951453667578
bottle,9,texture,0.008209228515625,defocus,4,wiener_hqs_rawpixel,classical,0.9300633072853088,2.2243964692119538,0.5452335082114572,34.936346960569836,33.737366524588,0.9377171397209167,28.124951453667578
bottle,9,texture,0.008209228515625,defocus,4,wiener_hqs_vst,classical,0.9159582853317261,2.304690307383979,0.18959348955786848,29.931382180259373,29.716325983005426,0.866754949092865,28.124951453667578
bottle,9,texture,0.008209228515625,defocus,4,wiener_hqs_vst_nofloor,classical,1.0264148712158203,1.7300117172838343,-7.374354099355484,11.752377416355602,11.743648425672234,0.09700068086385727,28.124951453667578
bottle,9,texture,0.008209228515625,motion,2,identity,classical,0.9346166849136353,1.0,0.0,32.62291918781622,32.46045126274297,0.9274795651435852,32.46045126274297
bottle,9,texture,0.008209228515625,motion,2,wiener,classical,0.25707578659057617,1.7182589216151976,-6.540308926553479,15.459261583952165,15.418145671360971,0.45073962211608887,32.46045126274297
bottle,9,texture,0.008209228515625,motion,2,wiener_dbde_nsr,classical,0.2755555808544159,1.7182589216151976,-6.540308926553479,15.459261583952165,15.418145671360971,0.45073962211608887,32.46045126274297
bottle,9,texture,0.008209228515625,motion,2,wiener_hqs_rawpixel,classical,0.9542067646980286,1.0094393647573117,0.5708231558692018,38.867240942266854,36.453491433226134,0.9776890277862549,32.46045126274297
bottle,9,texture,0.008209228515625,motion,2,wiener_hqs_vst,classical,0.9569693207740784,1.0188319935866375,0.29092394382125475,34.89300502880098,34.1352967713371,0.953294575214386,32.46045126274297
bottle,9,texture,0.008209228515625,motion,2,wiener_hqs_vst_nofloor,classical,1.158988356590271,0.6304542443829629,-8.285505263437466,15.798755144737973,15.736749354493853,0.24121202528476715,32.46045126274297
bottle,9,texture,0.008209228515625,motion,3,identity,classical,0.8286423683166504,1.0,0.0,28.44736640903725,28.30016383930171,0.8519101738929749,28.30016383930171
bottle,9,texture,0.008209228515625,motion,3,wiener,classical,0.05515933781862259,2.26043226690979,-4.579729209072551,13.344076739831232,13.315968373204548,0.49090754985809326,28.30016383930171
bottle,9,texture,0.008209228515625,motion,3,wiener_dbde_nsr,classical,0.05515933781862259,2.26043226690979,-4.579729209072551,13.344076739831232,13.315968373204548,0.49090754985809326,28.30016383930171
bottle,9,texture,0.008209228515625,motion,3,wiener_hqs_rawpixel,classical,0.963688850402832,1.2858605877995768,0.6324127021800952,36.30221491411496,35.33246122843338,0.9616683125495911,28.30016383930171
bottle,9,texture,0.008209228515625,motion,3,wiener_hqs_vst,classical,0.9494350552558899,1.3450403032149496,0.2293592179449606,30.56265574228707,30.381867516865384,0.8910989761352539,28.30016383930171
bottle,9,texture,0.008209228515625,motion,3,wiener_hqs_vst_nofloor,classical,0.7617952823638916,0.7998706489384738,-6.86834995223011,12.563584092130867,12.542818053570354,0.15876233577728271,28.30016383930171
bottle,9,texture,0.008209228515625,motion,4,identity,classical,0.6353980302810669,1.0,0.0,25.541665772155696,25.38804033720718,0.769245445728302,25.38804033720718
bottle,9,texture,0.008209228515625,motion,4,wiener,classical,0.05491624027490616,29.663577342089198,-4.0165671475938005,11.94541315899119,11.93390672405825,0.4252752363681793,25.38804033720718
bottle,9,texture,0.008209228515625,motion,4,wiener_dbde_nsr,classical,0.05491624027490616,29.663577342089198,-4.0165671475938005,11.94541315899119,11.93390672405825,0.4252752363681793,25.38804033720718
bottle,9,texture,0.008209228515625,motion,4,wiener_hqs_rawpixel,classical,0.8863628506660461,23.729200653972487,0.321444769598486,30.362175761113697,30.130832888074632,0.8479798436164856,25.38804033720718
bottle,9,texture,0.008209228515625,motion,4,wiener_hqs_vst,classical,0.8688971996307373,23.67344145364513,-0.06981095535660886,25.876020620468655,25.81349004368728,0.7548385262489319,25.38804033720718
bottle,9,texture,0.008209228515625,motion,4,wiener_hqs_vst_nofloor,classical,0.3323516547679901,31.94738762846283,-10.658471232558137,7.065540575309267,7.067383258623837,0.03552480414509773,25.38804033720718
screw,0,texture,0.0123291015625,defocus,2,identity,classical,0.9240555167198181,1.0,0.0,38.648240414952085,38.43478083962284,0.9668661952018738,38.43478083962284
screw,0,texture,0.0123291015625,defocus,2,wiener,classical,0.5065785050392151,0.5362320174025021,-6.392197044695306,22.026145689001506,21.875248945644422,0.788642168045044,38.43478083962284
screw,0,texture,0.0123291015625,defocus,2,wiener_dbde_nsr,classical,0.5065785050392151,0.5362320174025021,-6.392197044695306,22.026145689001506,21.875248945644422,0.788642168045044,38.43478083962284
screw,0,texture,0.0123291015625,defocus,2,wiener_hqs_rawpixel,classical,0.9807407855987549,1.0269462939287763,0.27412882348882883,42.60529172738454,42.50305585324477,0.9826307892799377,38.43478083962284
screw,0,texture,0.0123291015625,defocus,2,wiener_hqs_vst,classical,0.9867695569992065,1.0277101367145487,0.09601689695500715,39.64876442559429,39.62714124170748,0.9731156229972839,38.43478083962284
screw,0,texture,0.0123291015625,defocus,2,wiener_hqs_vst_nofloor,classical,0.996491551399231,0.839468223925725,-9.247701979207967,22.361582916076244,22.373001767790235,0.3061506748199463,38.43478083962284
screw,0,texture,0.0123291015625,defocus,3,identity,classical,0.8930631279945374,1.0,0.0,36.23478768796348,36.04245697136242,0.949360191822052,36.04245697136242
screw,0,texture,0.0123291015625,defocus,3,wiener,classical,0.3772803843021393,0.5152151896943167,-5.889885266926432,20.909930202511152,20.776653203885118,0.7773690223693848,36.04245697136242
screw,0,texture,0.0123291015625,defocus,3,wiener_dbde_nsr,classical,0.3772803843021393,0.5152151896943167,-5.889885266926432,20.909930202511152,20.776653203885118,0.7773690223693848,36.04245697136242
screw,0,texture,0.0123291015625,defocus,3,wiener_hqs_rawpixel,classical,0.9673017263412476,1.0326891374272507,0.25640637851822945,40.6572125463496,40.51668675288425,0.9692332744598389,36.04245697136242
screw,0,texture,0.0123291015625,defocus,3,wiener_hqs_vst,classical,0.9761221408843994,1.0369584114248316,0.09362326726263304,38.08190022138278,38.03421351358343,0.9538992047309875,36.04245697136242
screw,0,texture,0.0123291015625,defocus,3,wiener_hqs_vst_nofloor,classical,1.0005667209625244,0.6592057994864282,-12.835742402962806,18.026548788508858,18.050468198107858,0.16874705255031586,36.04245697136242
screw,0,texture,0.0123291015625,defocus,4,identity,classical,0.8495938777923584,1.0,0.0,34.11799068395687,33.92285677675352,0.9278003573417664,33.92285677675352
screw,0,texture,0.0123291015625,defocus,4,wiener,classical,0.15043692290782928,0.4516508123311879,-6.125306810640207,19.097983283275568,18.99327427996623,0.758478581905365,33.92285677675352
screw,0,texture,0.0123291015625,defocus,4,wiener_dbde_nsr,classical,0.15043692290782928,0.4516508123311879,-6.125306810640207,19.097983283275568,18.99327427996623,0.758478581905365,33.92285677675352
screw,0,texture,0.0123291015625,defocus,4,wiener_hqs_rawpixel,classical,0.953083336353302,1.0756496008801715,0.20118902586755494,38.32034017903324,38.195385519510864,0.9457079768180847,33.92285677675352
screw,0,texture,0.0123291015625,defocus,4,wiener_hqs_vst,classical,0.966350793838501,1.0939524197004744,0.005514614044167421,36.03389265504238,35.98642650226335,0.9194960594177246,33.92285677675352
screw,0,texture,0.0123291015625,defocus,4,wiener_hqs_vst_nofloor,classical,1.0493277311325073,0.5935968363928859,-13.498660052037877,16.04339391302503,16.062005119490973,0.11191141605377197,33.92285677675352
screw,0,texture,0.0123291015625,motion,2,identity,classical,0.9052563905715942,1.0,0.0,37.26204367607225,37.06631340312323,0.960107147693634,37.06631340312323
screw,0,texture,0.0123291015625,motion,2,wiener,classical,0.5467206239700317,0.550951089067397,-5.677000503511029,21.918939579558888,21.77020192596167,0.7779555320739746,37.06631340312323
screw,0,texture,0.0123291015625,motion,2,wiener_dbde_nsr,classical,0.5467206239700317,0.550951089067397,-5.677000503511029,21.918939579558888,21.77020192596167,0.7779555320739746,37.06631340312323
screw,0,texture,0.0123291015625,motion,2,wiener_hqs_rawpixel,classical,1.0042989253997803,1.0725659271937211,-0.1277031708688945,38.39537901588935,38.32731123329165,0.9467118382453918,37.06631340312323
screw,0,texture,0.0123291015625,motion,2,wiener_hqs_vst,classical,1.0153789520263672,1.0707534194371238,-0.37777411202956634,36.377783629207286,36.354943203505144,0.9253246784210205,37.06631340312323
screw,0,texture,0.0123291015625,motion,2,wiener_hqs_vst_nofloor,classical,0.9918457269668579,0.7926869657543598,-13.200617731508624,18.882015325370766,18.892708028375967,0.14539958536624908,37.06631340312323
screw,0,texture,0.0123291015625,motion,3,identity,classical,0.9199740290641785,1.0,0.0,34.526550270837845,34.434317554660765,0.9389141201972961,34.434317554660765
screw,0,texture,0.0123291015625,motion,3,wiener,classical,0.38264888525009155,0.4904719382198216,-4.916449910963601,20.9076934141892,20.77279136001774,0.7724226117134094,34.434317554660765
screw,0,texture,0.0123291015625,motion,3,wiener_dbde_nsr,classical,0.38264888525009155,0.4904719382198216,-4.916449910963601,20.9076934141892,20.77279136001774,0.7724226117134094,34.434317554660765
screw,0,texture,0.0123291015625,motion,3,wiener_hqs_rawpixel,classical,0.9939934611320496,1.001081501993681,0.21554932670897087,39.87611321364212,39.8306998257776,0.9571103453636169,34.434317554660765
screw,0,texture,0.0123291015625,motion,3,wiener_hqs_vst,classical,1.0046814680099487,1.0062966170023009,-0.051525085421915584,36.748409217519296,36.752022490851665,0.9250853657722473,34.434317554660765
screw,0,texture,0.0123291015625,motion,3,wiener_hqs_vst_nofloor,classical,1.0537471771240234,0.5677376767333312,-11.706202544324444,17.62951847694647,17.629916863920222,0.11916718631982803,34.434317554660765
screw,0,texture,0.0123291015625,motion,4,identity,classical,0.9040501117706299,1.0,0.0,33.202753833520504,33.088000445612174,0.9233147501945496,33.088000445612174
screw,0,texture,0.0123291015625,motion,4,wiener,classical,0.8514363765716553,0.8128316609630796,-0.8693775401200778,29.640734896137772,29.449536613571766,0.8877363204956055,33.088000445612174
screw,0,texture,0.0123291015625,motion,4,wiener_dbde_nsr,classical,0.9040501117706299,1.0,0.0,33.202753833520504,33.088000445612174,0.9233147501945496,33.088000445612174
screw,0,texture,0.0123291015625,motion,4,wiener_hqs_rawpixel,classical,0.9040501117706299,1.0,0.0,33.202753833520504,33.088000445612174,0.9233147501945496,33.088000445612174
screw,0,texture,0.0123291015625,motion,4,wiener_hqs_vst,classical,0.9040501117706299,1.0,9.897455433005575e-08,33.20275330502681,33.087999930899954,0.9233147501945496,33.088000445612174
screw,0,texture,0.0123291015625,motion,4,wiener_hqs_vst_nofloor,classical,0.9040501117706299,1.0,9.897455433005575e-08,33.20275330502681,33.087999930899954,0.9233147501945496,33.088000445612174
screw,1,scratch,0.001251220703125,defocus,2,identity,classical,0.45036888122558594,1.0,0.0,37.007533637589624,36.64870144683717,0.9602228999137878,36.64870144683717
screw,1,scratch,0.001251220703125,defocus,2,wiener,classical,0.015987016260623932,0.012110101935722522,-6.175682401236964,20.49502401932294,20.473807490470037,0.7417728304862976,36.64870144683717
screw,1,scratch,0.001251220703125,defocus,2,wiener_dbde_nsr,classical,0.015987016260623932,0.012110101935722522,-6.175682401236964,20.49502401932294,20.473807490470037,0.7417728304862976,36.64870144683717
screw,1,scratch,0.001251220703125,defocus,2,wiener_hqs_rawpixel,classical,0.8226844072341919,2.088918041192792,-0.04950960035044427,35.58960409959904,35.56149036833381,0.958282470703125,36.64870144683717
screw,1,scratch,0.001251220703125,defocus,2,wiener_hqs_vst,classical,0.8100523948669434,2.041752052533634,0.12956393438712377,38.32670115231696,38.261521833348205,0.9692029356956482,36.64870144683717
screw,1,scratch,0.001251220703125,defocus,2,wiener_hqs_vst_nofloor,classical,0.9787895679473877,1.6116852376454458,-8.72866703243561,21.439619107844415,21.443808601248264,0.2717696726322174,36.64870144683717
screw,1,scratch,0.001251220703125,defocus,3,identity,classical,0.3178916573524475,1.0,0.0,34.572180602792365,34.26446094764371,0.9397031664848328,34.26446094764371
screw,1,scratch,0.001251220703125,defocus,3,wiener,classical,0.019130373373627663,0.13371556205348065,-5.544994281881734,19.492227172276902,19.47576774075031,0.7231078743934631,34.26446094764371
screw,1,scratch,0.001251220703125,defocus,3,wiener_dbde_nsr,classical,0.019130373373627663,0.13371556205348065,-5.544994281881734,19.492227172276902,19.47576774075031,0.7231078743934631,34.26446094764371
screw,1,scratch,0.001251220703125,defocus,3,wiener_hqs_rawpixel,classical,0.6995685696601868,2.4498961310065126,-0.044969130760036835,34.378595132855295,34.31800981374932,0.9289600253105164,34.26446094764371
screw,1,scratch,0.001251220703125,defocus,3,wiener_hqs_vst,classical,0.6871861815452576,2.4007036652734652,0.12981858947350322,36.77180770807644,36.65480246160425,0.9464980959892273,34.26446094764371
screw,1,scratch,0.001251220703125,defocus,3,wiener_hqs_vst_nofloor,classical,0.9651792049407959,1.4723145348806894,-11.40200865026613,17.30083252114859,17.30458350931513,0.1546393632888794,34.26446094764371
screw,1,scratch,0.001251220703125,defocus,4,identity,classical,0.21454103291034698,1.0,0.0,32.471822270539654,32.22363973131512,0.9154888987541199,32.22363973131512
screw,1,scratch,0.001251220703125,defocus,4,wiener,classical,0.011477175168693066,0.37765610890760914,-5.6330757166015095,17.927787633305257,17.917492529010005,0.6976072192192078,32.22363973131512
screw,1,scratch,0.001251220703125,defocus,4,wiener_dbde_nsr,classical,0.011477175168693066,0.37765610890760914,-5.6330757166015095,17.927787633305257,17.917492529010005,0.6976072192192078,32.22363973131512
screw,1,scratch,0.001251220703125,defocus,4,wiener_hqs_rawpixel,classical,0.5878569483757019,3.421144915966462,-0.18559122849485554,32.22782621508023,32.16078769833196,0.8773143887519836,32.22363973131512
screw,1,scratch,0.001251220703125,defocus,4,wiener_hqs_vst,classical,0.5770634412765503,3.3629345232043497,0.03648312123847197,34.615004272318316,34.490293959137325,0.9076091647148132,32.22363973131512
screw,1,scratch,0.001251220703125,defocus,4,wiener_hqs_vst_nofloor,classical,0.9664042592048645,1.629968241898195,-11.183287084221174,15.623799786673844,15.62790107420973,0.11006798595190048,32.22363973131512
screw,1,scratch,0.001251220703125,motion,2,identity,classical,0.27830156683921814,1.0,0.0,35.54107038834203,35.117739486312686,0.9509508013725281,35.117739486312686
screw,1,scratch,0.001251220703125,motion,2,wiener,classical,0.09160719066858292,0.9021059651708546,-4.5631635115588125,21.783638851821546,21.747504151482513,0.7501103281974792,35.117739486312686
screw,1,scratch,0.001251220703125,motion,2,wiener_dbde_nsr,classical,0.09160719066858292,0.9021059651708546,-4.5631635115588125,21.783638851821546,21.747504151482513,0.7501103281974792,35.117739486312686
screw,1,scratch,0.001251220703125,motion,2,wiener_hqs_rawpixel,classical,0.7392377853393555,3.0890037701552635,-0.1096733497030633,36.73253755656488,36.650816391135535,0.9336755871772766,35.117739486312686
screw,1,scratch,0.001251220703125,motion,2,wiener_hqs_vst,classical,0.7222818732261658,3.019681591626556,-0.00711693725731366,37.75055769268667,37.634198798538584,0.9448578357696533,35.117739486312686
screw,1,scratch,0.001251220703125,motion,2,wiener_hqs_vst_nofloor,classical,0.848395049571991,0.9117600158784046,-12.469185876289243,18.022894989978045,18.021683724447705,0.13160623610019684,35.117739486312686
screw,1,scratch,0.001251220703125,motion,3,identity,classical,0.29530811309814453,1.0,0.0,32.96158230091654,32.73576973135416,0.9261166453361511,32.73576973135416
screw,1,scratch,0.001251220703125,motion,3,wiener,classical,0.02020396664738655,0.07200057830490454,-4.743188609126093,19.419384845944112,19.403687312827685,0.6934609413146973,32.73576973135416
screw,1,scratch,0.001251220703125,motion,3,wiener_dbde_nsr,classical,0.02020396664738655,0.07200057830490454,-4.743188609126093,19.419384845944112,19.403687312827685,0.6934609413146973,32.73576973135416
screw,1,scratch,0.001251220703125,motion,3,wiener_hqs_rawpixel,classical,0.750740110874176,2.7729013909971005,-0.4067520106201097,31.84301416833643,31.821825286681758,0.858873188495636,32.73576973135416
screw,1,scratch,0.001251220703125,motion,3,wiener_hqs_vst,classical,0.733851969242096,2.707630718418735,-0.21838451125515412,33.94373673590901,33.90119554624395,0.8795895576477051,32.73576973135416
screw,1,scratch,0.001251220703125,motion,3,wiener_hqs_vst_nofloor,classical,0.8676379919052124,0.8056642873996491,-13.939807388451538,14.686066247118015,14.683062684711206,0.07596025615930557,32.73576973135416
screw,1,scratch,0.001251220703125,motion,4,identity,classical,0.7198508977890015,1.0,0.0,32.1800852087187,32.13526860382892,0.9255189299583435,32.13526860382892
screw,1,scratch,0.001251220703125,motion,4,wiener,classical,0.05187208205461502,0.09195697306002024,-1.022609531888199,27.784537256437098,27.66968977604659,0.8670522570610046,32.13526860382892
screw,1,scratch,0.001251220703125,motion,4,wiener_dbde_nsr,classical,0.7198508977890015,1.0,0.0,32.1800852087187,32.13526860382892,0.9255189299583435,32.13526860382892
screw,1,scratch,0.001251220703125,motion,4,wiener_hqs_rawpixel,classical,0.7198508977890015,1.0,0.0,32.1800852087187,32.13526860382892,0.9255189299583435,32.13526860382892
screw,1,scratch,0.001251220703125,motion,4,wiener_hqs_vst,classical,0.7198508977890015,1.0,-8.915922755647898e-08,32.1800852087187,32.13526860382892,0.9255189895629883,32.13526860382892
screw,1,scratch,0.001251220703125,motion,4,wiener_hqs_vst_nofloor,classical,0.7198508977890015,1.0,-8.915922755647898e-08,32.1800852087187,32.13526860382892,0.9255189895629883,32.13526860382892
screw,2,blob,0.0081939697265625,defocus,2,identity,classical,0.985415518283844,1.0,0.0,36.66568774221753,36.69738077084809,0.9653186202049255,36.69738077084809
screw,2,blob,0.0081939697265625,defocus,2,wiener,classical,0.4468354284763336,0.02756007700978066,-5.57939785925569,21.70587083111986,21.720092150986105,0.8022845387458801,36.69738077084809
screw,2,blob,0.0081939697265625,defocus,2,wiener_dbde_nsr,classical,0.4468354284763336,0.02756007700978066,-5.57939785925569,21.70587083111986,21.720092150986105,0.8022845387458801,36.69738077084809
screw,2,blob,0.0081939697265625,defocus,2,wiener_hqs_rawpixel,classical,1.0000001192092896,0.9941695189380985,0.32393278835856176,41.440930567583166,41.47295519501627,0.9819542765617371,36.69738077084809
screw,2,blob,0.0081939697265625,defocus,2,wiener_hqs_vst,classical,0.9996099472045898,0.9941243174104932,0.24822410126871808,39.78149643336089,39.81469084172658,0.9776539206504822,36.69738077084809
screw,2,blob,0.0081939697265625,defocus,2,wiener_hqs_vst_nofloor,classical,1.0007786750793457,0.35413833401204425,-6.263682062301563,23.94010862729261,23.962618599388446,0.3908381462097168,36.69738077084809
screw,2,blob,0.0081939697265625,defocus,3,identity,classical,0.9709395170211792,1.0,0.0,34.048980928677025,34.08138918247716,0.9461129307746887,34.08138918247716
screw,2,blob,0.0081939697265625,defocus,3,wiener,classical,0.2876804769039154,0.031260167839774325,-4.822563642063652,20.77256955816335,20.787204711804467,0.7933736443519592,34.08138918247716
screw,2,blob,0.0081939697265625,defocus,3,wiener_dbde_nsr,classical,0.2876804769039154,0.031260167839774325,-4.822563642063652,20.77256955816335,20.787204711804467,0.7933736443519592,34.08138918247716
screw,2,blob,0.0081939697265625,defocus,3,wiener_hqs_rawpixel,classical,0.9999951124191284,1.0334903502264696,0.31748378482514794,39.3000406223406,39.33182385999413,0.9677441716194153,34.08138918247716
screw,2,blob,0.0081939697265625,defocus,3,wiener_hqs_vst,classical,0.999215841293335,1.0279586241971683,0.2536228368814636,37.972369170024535,38.00522844598707,0.9610879421234131,34.08138918247716
screw,2,blob,0.0081939697265625,defocus,3,wiener_hqs_vst_nofloor,classical,0.9803460240364075,0.19980977913214426,-8.45142307379152,19.496732882719993,19.514685060964535,0.21433638036251068,34.08138918247716
screw,2,blob,0.0081939697265625,defocus,4,identity,classical,0.9403043389320374,1.0,0.0,31.662539827074163,31.694443202386736,0.918501079082489,31.694443202386736
screw,2,blob,0.0081939697265625,defocus,4,wiener,classical,0.06401235610246658,0.1198293561550359,-4.865698733223291,18.89695816775159,18.916774735391666,0.7524788975715637,31.694443202386736
screw,2,blob,0.0081939697265625,defocus,4,wiener_dbde_nsr,classical,0.06401235610246658,0.1198293561550359,-4.865698733223291,18.89695816775159,18.916774735391666,0.7524788975715637,31.694443202386736
screw,2,blob,0.0081939697265625,defocus,4,wiener_hqs_rawpixel,classical,0.9994996190071106,1.0846876570593087,0.26220571070924314,36.533485548220526,36.56667297063915,0.9400179982185364,31.694443202386736
screw,2,blob,0.0081939697265625,defocus,4,wiener_hqs_vst,classical,0.9980517625808716,1.1053885114619473,0.1869792880386576,35.52546786541438,35.5591666247284,0.9295511841773987,31.694443202386736
screw,2,blob,0.0081939697265625,defocus,4,wiener_hqs_vst_nofloor,classical,0.8871168494224548,0.13599687400930752,-8.686131320969704,17.243933956635725,17.254270869887485,0.14261864125728607,31.694443202386736
screw,2,blob,0.0081939697265625,motion,2,identity,classical,0.9766996502876282,1.0,0.0,35.24146601278587,35.27393349581334,0.9606180191040039,35.27393349581334
screw,2,blob,0.0081939697265625,motion,2,wiener,classical,0.6205637454986572,0.11649781800103891,-4.182426730976085,22.39032171488793,22.407760301412978,0.7847914695739746,35.27393349581334
screw,2,blob,0.0081939697265625,motion,2,wiener_dbde_nsr,classical,0.6205637454986572,0.11649781800103891,-4.182426730976085,22.39032171488793,22.407760301412978,0.7847914695739746,35.27393349581334
screw,2,blob,0.0081939697265625,motion,2,wiener_hqs_rawpixel,classical,1.00278639793396,1.0222547266471178,0.23224260679079956,40.04141479462262,40.07384031901029,0.967826783657074,35.27393349581334
screw,2,blob,0.0081939697265625,motion,2,wiener_hqs_vst,classical,1.002009630203247,1.0033181454250635,0.1453009346804257,38.742233487617874,38.775623727046124,0.9604327082633972,35.27393349581334
screw,2,blob,0.0081939697265625,motion,2,wiener_hqs_vst_nofloor,classical,0.9584512710571289,0.17959806766701436,-9.421958850485513,20.11794675942033,20.119745447861753,0.1864527463912964,35.27393349581334
screw,2,blob,0.0081939697265625,motion,3,identity,classical,0.9414469003677368,1.0,0.0,32.11971662292793,32.151190915659555,0.9274609088897705,32.151190915659555
screw,2,blob,0.0081939697265625,motion,3,wiener,classical,0.28877970576286316,0.03618583918507294,-3.8287418514709666,20.835595853158424,20.850111284561102,0.7910344004631042,32.151190915659555
screw,2,blob,0.0081939697265625,motion,3,wiener_dbde_nsr,classical,0.28877970576286316,0.03618583918507294,-3.8287418514709666,20.835595853158424,20.850111284561102,0.7910344004631042,32.151190915659555
screw,2,blob,0.0081939697265625,motion,3,wiener_hqs_rawpixel,classical,0.999314546585083,1.1349974112938672,0.3300559195694135,38.30914702934674,38.34234523919756,0.9530632495880127,32.151190915659555
screw,2,blob,0.0081939697265625,motion,3,wiener_hqs_vst,classical,0.997972309589386,1.1053611689341047,0.23799234326305296,36.830226955946806,36.86370887455918,0.9414284825325012,32.151190915659555
screw,2,blob,0.0081939697265625,motion,3,wiener_hqs_vst_nofloor,classical,0.9070356488227844,0.1337067161818421,-7.4039423020848005,19.22049164928857,19.205023353583368,0.1615164875984192,32.151190915659555
screw,2,blob,0.0081939697265625,motion,4,identity,classical,0.9338481426239014,1.0,0.0,31.85191183808575,31.882767468350668,0.9269728064537048,31.882767468350668
screw,2,blob,0.0081939697265625,motion,4,wiener,classical,0.8761149644851685,0.7769088909662314,-0.9161468076980059,27.86662623140839,27.89040481338541,0.8785416483879089,31.882767468350668
screw,2,blob,0.0081939697265625,motion,4,wiener_dbde_nsr,classical,0.9338481426239014,1.0,0.0,31.85191183808575,31.882767468350668,0.9269728064537048,31.882767468350668
screw,2,blob,0.0081939697265625,motion,4,wiener_hqs_rawpixel,classical,0.9338481426239014,1.0,0.0,31.85191183808575,31.882767468350668,0.9269728064537048,31.882767468350668
screw,2,blob,0.0081939697265625,motion,4,wiener_hqs_vst,classical,0.9338481426239014,0.9999990133414868,0.0,31.85191183808575,31.882767468350668,0.9269726872444153,31.882767468350668
screw,2,blob,0.0081939697265625,motion,4,wiener_hqs_vst_nofloor,classical,0.9338481426239014,0.9999990133414868,0.0,31.85191183808575,31.882767468350668,0.9269726872444153,31.882767468350668
screw,3,texture,0.005035400390625,defocus,2,identity,classical,0.9087453484535217,1.0,0.0,38.844100083125774,38.5526812028682,0.9705232977867126,38.5526812028682
screw,3,texture,0.005035400390625,defocus,2,wiener,classical,0.49455782771110535,0.18809834196875916,-6.828294069257794,21.452022867786262,21.385854195432263,0.7862499356269836,38.5526812028682
screw,3,texture,0.005035400390625,defocus,2,wiener_dbde_nsr,classical,0.49455782771110535,0.18809834196875916,-6.828294069257794,21.452022867786262,21.385854195432263,0.7862499356269836,38.5526812028682
screw,3,texture,0.005035400390625,defocus,2,wiener_hqs_rawpixel,classical,0.9741646647453308,1.268528299686268,0.16711669036897292,39.543264651676054,37.87654340082088,0.976268470287323,38.5526812028682
screw,3,texture,0.005035400390625,defocus,2,wiener_hqs_vst,classical,0.9604873657226562,1.2420592767340155,-0.043523541126196275,36.03898474051432,35.29741464245816,0.9661661982536316,38.5526812028682
screw,3,texture,0.005035400390625,defocus,2,wiener_hqs_vst_nofloor,classical,1.2479503154754639,0.15158762662592992,-18.74911594474361,16.867835886414667,16.806059428808894,0.15989673137664795,38.5526812028682
screw,3,texture,0.005035400390625,defocus,3,identity,classical,0.8683357834815979,1.0,0.0,36.16479921262468,35.93171497894973,0.9536593556404114,35.93171497894973
screw,3,texture,0.005035400390625,defocus,3,wiener,classical,0.3906826972961426,0.14565940381918818,-6.132627171640014,20.2865814812319,20.229246374965236,0.7607322335243225,35.93171497894973
screw,3,texture,0.005035400390625,defocus,3,wiener_dbde_nsr,classical,0.3906826972961426,0.14565940381918818,-6.132627171640014,20.2865814812319,20.229246374965236,0.7607322335243225,35.93171497894973
screw,3,texture,0.005035400390625,defocus,3,wiener_hqs_rawpixel,classical,0.9778648018836975,1.1093672366590173,0.1580535717502174,38.12392592135826,36.56248970503049,0.9578248858451843,35.93171497894973
screw,3,texture,0.005035400390625,defocus,3,wiener_hqs_vst,classical,0.9605416059494019,1.066711530092886,-0.03202976371836175,34.931037096621495,34.22790045170782,0.9424921870231628,35.93171497894973
screw,3,texture,0.005035400390625,defocus,3,wiener_hqs_vst_nofloor,classical,1.5895992517471313,0.1242000494267079,-20.58528725227873,13.830070401318613,13.778911942456677,0.09436199814081192,35.93171497894973
screw,3,texture,0.005035400390625,defocus,4,identity,classical,0.8084670901298523,1.0,0.0,33.59962063553413,33.41104228881646,0.9291079640388489,33.41104228881646
screw,3,texture,0.005035400390625,defocus,4,wiener,classical,0.20231589674949646,0.025864491551616527,-6.03241312871277,18.617136008865295,18.57372450025367,0.7480040192604065,33.41104228881646
screw,3,texture,0.005035400390625,defocus,4,wiener_dbde_nsr,classical,0.20231589674949646,0.025864491551616527,-6.03241312871277,18.617136008865295,18.57372450025367,0.7480040192604065,33.41104228881646
screw,3,texture,0.005035400390625,defocus,4,wiener_hqs_rawpixel,classical,0.9725339412689209,0.8824570514241926,0.088873018691357,35.73821811500433,34.58490641124045,0.9249401092529297,33.41104228881646
screw,3,texture,0.005035400390625,defocus,4,wiener_hqs_vst,classical,0.9482080340385437,0.8436261110061819,-0.11607276783025222,33.004920116996786,32.4390985537875,0.9031484127044678,33.41104228881646
screw,3,texture,0.005035400390625,defocus,4,wiener_hqs_vst_nofloor,classical,1.3076179027557373,0.11298167078238476,-19.226357659747777,12.354821044367963,12.33314295419294,0.07067476958036423,33.41104228881646
screw,3,texture,0.005035400390625,motion,2,identity,classical,0.9444281458854675,1.0,0.0,37.50123730621632,37.37018516215061,0.9650996327400208,37.37018516215061
screw,3,texture,0.005035400390625,motion,2,wiener,classical,0.5035306215286255,0.11049363631894117,-5.958577492884744,21.586914849599847,21.516299919495747,0.7838017344474792,37.37018516215061
screw,3,texture,0.005035400390625,motion,2,wiener_dbde_nsr,classical,0.5035306215286255,0.11049363631894117,-5.958577492884744,21.586914849599847,21.516299919495747,0.7838017344474792,37.37018516215061
screw,3,texture,0.005035400390625,motion,2,wiener_hqs_rawpixel,classical,0.9935218691825867,0.48290513086956327,-0.5575798211949068,34.89442203324438,34.357551734116484,0.9224582314491272,37.37018516215061
screw,3,texture,0.005035400390625,motion,2,wiener_hqs_vst,classical,0.983018159866333,0.457616183147718,-0.7070761145918261,33.9500778175446,33.542761244669045,0.911766767501831,37.37018516215061
screw,3,texture,0.005035400390625,motion,2,wiener_hqs_vst_nofloor,classical,1.3125860691070557,0.07452586928904852,-24.306809495433335,14.077107231312594,14.046862159194816,0.06145891547203064,37.37018516215061
screw,3,texture,0.005035400390625,motion,3,identity,classical,0.9092733263969421,1.0,0.0,34.34672219132339,34.244463859323474,0.9403690695762634,34.244463859323474
screw,3,texture,0.005035400390625,motion,3,wiener,classical,0.3746088743209839,0.09815216808051823,-5.128964414615441,20.274401995061847,20.212675177353134,0.7509642243385315,34.244463859323474
screw,3,texture,0.005035400390625,motion,3,wiener_dbde_nsr,classical,0.3746088743209839,0.09815216808051823,-5.128964414615441,20.274401995061847,20.212675177353134,0.7509642243385315,34.244463859323474
screw,3,texture,0.005035400390625,motion,3,wiener_hqs_rawpixel,classical,0.9858201742172241,0.5528263164038988,0.08733952347734153,36.02204794472944,34.43421264097101,0.9343212246894836,34.244463859323474
screw,3,texture,0.005035400390625,motion,3,wiener_hqs_vst,classical,0.9596979022026062,0.5277901722796725,-0.08950592945315572,34.19499449517835,33.28905354726979,0.9197525382041931,34.244463859323474
screw,3,texture,0.005035400390625,motion,3,wiener_hqs_vst_nofloor,classical,1.2010072469711304,0.07686955512503958,-20.11158463931507,12.891365911491604,12.870211273466088,0.05845510959625244,34.244463859323474
screw,3,texture,0.005035400390625,motion,4,identity,classical,0.7480844259262085,1.0,0.0,33.1843618779322,32.95091208352279,0.9335569739341736,32.95091208352279
screw,3,texture,0.005035400390625,motion,4,wiener,classical,0.6771038770675659,0.8541870064393696,-1.1948381131856225,28.04445806469012,27.948214231049917,0.8721215128898621,32.95091208352279
screw,3,texture,0.005035400390625,motion,4,wiener_dbde_nsr,classical,0.7480844259262085,1.0,0.0,33.1843618779322,32.95091208352279,0.9335569739341736,32.95091208352279
screw,3,texture,0.005035400390625,motion,4,wiener_hqs_rawpixel,classical,0.7480844259262085,1.0,0.0,33.1843618779322,32.95091208352279,0.9335569739341736,32.95091208352279
screw,3,texture,0.005035400390625,motion,4,wiener_hqs_vst,classical,0.7480844259262085,1.0000002178775027,0.0,33.18436161480203,32.95091208352279,0.9335564970970154,32.95091208352279
screw,3,texture,0.005035400390625,motion,4,wiener_hqs_vst_nofloor,classical,0.7480844259262085,1.0000002178775027,0.0,33.18436161480203,32.95091208352279,0.9335564970970154,32.95091208352279
screw,4,scratch,0.0060577392578125,defocus,2,identity,classical,0.8425893187522888,1.0,0.0,38.007574578209486,37.85013832379001,0.9671289920806885,37.85013832379001
screw,4,scratch,0.0060577392578125,defocus,2,wiener,classical,0.008960166946053505,0.05293348475335465,-5.399107569594029,22.449158111889705,22.357324365998842,0.7536790370941162,37.85013832379001
screw,4,scratch,0.0060577392578125,defocus,2,wiener_dbde_nsr,classical,0.008960166946053505,0.05293348475335465,-5.399107569594029,22.449158111889705,22.357324365998842,0.7536790370941162,37.85013832379001
screw,4,scratch,0.0060577392578125,defocus,2,wiener_hqs_rawpixel,classical,0.9773978590965271,1.752649919338287,-0.03381227292709332,34.7474129074303,34.76066197280586,0.9672768712043762,37.85013832379001
screw,4,scratch,0.0060577392578125,defocus,2,wiener_hqs_vst,classical,0.9826189875602722,1.7049749113751038,0.1563930150512517,38.591331599840146,38.58923211535826,0.9754279255867004,37.85013832379001
screw,4,scratch,0.0060577392578125,defocus,2,wiener_hqs_vst_nofloor,classical,0.9868040084838867,0.6528501759256603,-9.197790225638803,21.365032708027893,21.387211169065395,0.3223482668399811,37.85013832379001
screw,4,scratch,0.0060577392578125,defocus,3,identity,classical,0.742302417755127,1.0,0.0,35.23325765658606,35.050287049313674,0.9464110732078552,35.050287049313674
screw,4,scratch,0.0060577392578125,defocus,3,wiener,classical,0.020214123651385307,0.011953183743043732,-4.247651337927823,22.207241635095883,22.12279099704634,0.7716953158378601,35.050287049313674
screw,4,scratch,0.0060577392578125,defocus,3,wiener_dbde_nsr,classical,0.020214123651385307,0.011953183743043732,-4.247651337927823,22.207241635095883,22.12279099704634,0.7716953158378601,35.050287049313674
screw,4,scratch,0.0060577392578125,defocus,3,wiener_hqs_rawpixel,classical,0.966510534286499,1.8292750212171782,-0.03844660001970279,33.53985140701566,33.54966397608748,0.9442847371101379,35.050287049313674
screw,4,scratch,0.0060577392578125,defocus,3,wiener_hqs_vst,classical,0.9707597494125366,1.8353539266928904,0.14231105708294078,36.94090195964468,36.932171230401025,0.956404447555542,35.050287049313674
screw,4,scratch,0.0060577392578125,defocus,3,wiener_hqs_vst_nofloor,classical,0.9439926147460938,0.5381163785433748,-12.507295452756434,16.507953691930936,16.53138431217173,0.16068203747272491,35.050287049313674
screw,4,scratch,0.0060577392578125,defocus,4,identity,classical,0.5854489207267761,1.0,0.0,32.6949257628092,32.464404299400364,0.9152409434318542,32.464404299400364
screw,4,scratch,0.0060577392578125,defocus,4,wiener,classical,0.03253306448459625,0.049618958055243745,-3.8946843942088867,20.901444393537055,20.844905451939646,0.7501043677330017,32.464404299400364
screw,4,scratch,0.0060577392578125,defocus,4,wiener_dbde_nsr,classical,0.03253306448459625,0.049618958055243745,-3.8946843942088867,20.901444393537055,20.844905451939646,0.7501043677330017,32.464404299400364
screw,4,scratch,0.0060577392578125,defocus,4,wiener_hqs_rawpixel,classical,0.9044176340103149,2.5276201994806113,-0.13338075672889937,31.40467777309354,31.41038813255438,0.9045526385307312,32.464404299400364
screw,4,scratch,0.0060577392578125,defocus,4,wiener_hqs_vst,classical,0.9131251573562622,2.593056752426223,0.08350648514024472,34.730849888597405,34.71692095262375,0.9230389595031738,32.464404299400364
screw,4,scratch,0.0060577392578125,defocus,4,wiener_hqs_vst_nofloor,classical,0.8681336641311646,0.58199190367492,-12.30272322388829,14.708817065422826,14.730920622428044,0.08834144473075867,32.464404299400364
screw,4,scratch,0.0060577392578125,motion,2,identity,classical,0.9175988435745239,1.0,0.0,36.84096511878667,36.790501669682364,0.9623448848724365,36.790501669682364
screw,4,scratch,0.0060577392578125,motion,2,wiener,classical,0.012038461863994598,0.08411426616668581,-4.509804063581053,22.958760725214077,22.85176815492836,0.7415309548377991,36.790501669682364
screw,4,scratch,0.0060577392578125,motion,2,wiener_dbde_nsr,classical,0.012038461863994598,0.08411426616668581,-4.509804063581053,22.958760725214077,22.85176815492836,0.7415309548377991,36.790501669682364
screw,4,scratch,0.0060577392578125,motion,2,wiener_hqs_rawpixel,classical,0.9929185509681702,1.2840434384476918,-0.4168151648003364,32.59817200596804,32.6168488066348,0.935103714466095,36.790501669682364
screw,4,scratch,0.0060577392578125,motion,2,wiener_hqs_vst,classical,0.9963364005088806,1.285257737342929,-0.09133612976250238,36.40204264571397,36.41043009300694,0.9520411491394043,36.790501669682364
screw,4,scratch,0.0060577392578125,motion,2,wiener_hqs_vst_nofloor,classical,0.7422263026237488,0.09885101023289498,-20.115459459647376,15.593786889915904,15.606504535547085,0.08866990357637405,36.790501669682364
screw,4,scratch,0.0060577392578125,motion,3,identity,classical,0.4742242097854614,1.0,0.0,32.46864611524094,32.13837460910684,0.9124158024787903,32.13837460910684
screw,4,scratch,0.0060577392578125,motion,3,wiener,classical,0.09688529372215271,0.546765910263662,-3.0654350945370368,22.200023352993323,22.101072263780818,0.7440549731254578,32.13837460910684
screw,4,scratch,0.0060577392578125,motion,3,wiener_dbde_nsr,classical,0.09688529372215271,0.546765910263662,-3.0654350945370368,22.200023352993323,22.101072263780818,0.7440549731254578,32.13837460910684
screw,4,scratch,0.0060577392578125,motion,3,wiener_hqs_rawpixel,classical,0.9304140210151672,4.815584479158878,-0.08002165862599386,33.802120502444005,33.80053183655142,0.9070520997047424,32.13837460910684
screw,4,scratch,0.0060577392578125,motion,3,wiener_hqs_vst,classical,0.9449627995491028,4.947815133178854,-0.016137508153496904,35.631207067179126,35.61972160169082,0.9075727462768555,32.13837460910684
screw,4,scratch,0.0060577392578125,motion,3,wiener_hqs_vst_nofloor,classical,0.895196259021759,0.24074790368326096,-10.86634295405921,16.56583284241362,16.568059873122106,0.09639032930135727,32.13837460910684
screw,4,scratch,0.0060577392578125,motion,4,identity,classical,0.42841625213623047,1.0,0.0,31.45206023186524,31.1569469951117,0.8934633135795593,31.1569469951117
screw,4,scratch,0.0060577392578125,motion,4,wiener,classical,0.06403536349534988,0.22592253441031385,-3.232035710623757,20.88484912338773,20.831301654709037,0.7316097617149353,31.1569469951117
screw,4,scratch,0.0060577392578125,motion,4,wiener_dbde_nsr,classical,0.06464632600545883,0.22592253441031385,-3.232035710623757,20.88484912338773,20.831301654709037,0.7316097617149353,31.1569469951117
screw,4,scratch,0.0060577392578125,motion,4,wiener_hqs_rawpixel,classical,0.8334041237831116,6.030256191205514,-0.13368454701823862,31.18181475795609,31.176256789119044,0.8796293139457703,31.1569469951117
screw,4,scratch,0.0060577392578125,motion,4,wiener_hqs_vst,classical,0.848030686378479,6.128406451108087,0.07120333168395121,34.44584647067173,34.41346121642007,0.9008786082267761,31.1569469951117
screw,4,scratch,0.0060577392578125,motion,4,wiener_hqs_vst_nofloor,classical,1.040363073348999,0.3493201100924806,-11.88528564480644,14.447187417104539,14.451936134783207,0.08374089747667313,31.1569469951117
screw,5,blob,0.017852783203125,defocus,2,identity,classical,0.9939330816268921,1.0,0.0,38.496381565564064,38.3271981533215,0.9660932421684265,38.3271981533215
screw,5,blob,0.017852783203125,defocus,2,wiener,classical,0.7419686317443848,0.550105321219859,-6.821761688621381,20.534090631410006,20.503610319690267,0.7562601566314697,38.3271981533215
screw,5,blob,0.017852783203125,defocus,2,wiener_dbde_nsr,classical,0.7419686317443848,0.550105321219859,-6.821761688621381,20.534090631410006,20.503610319690267,0.7562601566314697,38.3271981533215
screw,5,blob,0.017852783203125,defocus,2,wiener_hqs_rawpixel,classical,1.0001174211502075,1.0376697581490815,0.134820313074153,39.3932396766263,39.39449893975067,0.9729716777801514,38.3271981533215
screw,5,blob,0.017852783203125,defocus,2,wiener_hqs_vst,classical,0.9994396567344666,1.0392370851662096,0.004075708017624469,36.81926187670158,36.85979082130413,0.9671141505241394,38.3271981533215
screw,5,blob,0.017852783203125,defocus,2,wiener_hqs_vst_nofloor,classical,0.9999070167541504,0.9611433510336973,-11.741829596076103,19.88060199367245,19.927772262417115,0.24833838641643524,38.3271981533215
screw,5,blob,0.017852783203125,defocus,3,identity,classical,0.9877846240997314,1.0,0.0,36.06318700410305,35.87748796178014,0.9491135478019714,35.87748796178014
screw,5,blob,0.017852783203125,defocus,3,wiener,classical,0.6438031196594238,0.43597857652478567,-6.100511149863871,19.649287570701684,19.614398328782638,0.7528724670410156,35.87748796178014
screw,5,blob,0.017852783203125,defocus,3,wiener_dbde_nsr,classical,0.6438031196594238,0.43597857652478567,-6.100511149863871,19.649287570701684,19.614398328782638,0.7528724670410156,35.87748796178014
screw,5,blob,0.017852783203125,defocus,3,wiener_hqs_rawpixel,classical,1.0004554986953735,1.0588699364715375,0.1183509564973626,37.73399225772462,37.69056631766685,0.9520701766014099,35.87748796178014
screw,5,blob,0.017852783203125,defocus,3,wiener_hqs_vst,classical,0.9992678761482239,1.0584825427797064,-0.0023760828031373915,35.590126045896795,35.59845774497129,0.9432412981987,35.87748796178014
screw,5,blob,0.017852783203125,defocus,3,wiener_hqs_vst_nofloor,classical,1.115904450416565,0.8704460441166079,-15.316228710312139,15.679734326277245,15.725764883928337,0.13364802300930023,35.87748796178014
screw,5,blob,0.017852783203125,defocus,4,identity,classical,0.9743725657463074,1.0,0.0,33.86264304629517,33.668286038290624,0.9287921786308289,33.668286038290624
screw,5,blob,0.017852783203125,defocus,4,wiener,classical,0.44822606444358826,0.5446946227408493,-6.144602316349905,18.13877259782776,18.101858407413648,0.7357341647148132,33.668286038290624
screw,5,blob,0.017852783203125,defocus,4,wiener_dbde_nsr,classical,0.44822606444358826,0.5446946227408493,-6.144602316349905,18.13877259782776,18.101858407413648,0.7357341647148132,33.668286038290624
screw,5,blob,0.017852783203125,defocus,4,wiener_hqs_rawpixel,classical,1.002383828163147,1.213278015812962,0.039454655722774734,35.62047126222315,35.55296817794305,0.916985034942627,33.668286038290624
screw,5,blob,0.017852783203125,defocus,4,wiener_hqs_vst,classical,1.000601887702942,1.2295042651906893,-0.10518250090354742,33.62034199425282,33.61526236027257,0.9028210639953613,33.668286038290624
screw,5,blob,0.017852783203125,defocus,4,wiener_hqs_vst_nofloor,classical,1.0403172969818115,0.3786373753462694,-15.795249273859156,13.598916272952092,13.621423338258186,0.08303368091583252,33.668286038290624
screw,5,blob,0.017852783203125,motion,2,identity,classical,0.9891591668128967,1.0,0.0,37.405775989516684,37.096824490911146,0.9617330431938171,37.096824490911146
screw,5,blob,0.017852783203125,motion,2,wiener,classical,0.8349235653877258,0.35361034710858896,-5.028156354872744,21.848044090459933,21.804378354809653,0.7704142928123474,37.096824490911146
screw,5,blob,0.017852783203125,motion,2,wiener_dbde_nsr,classical,0.8349235653877258,0.35361034710858896,-5.028156354872744,21.848044090459933,21.804378354809653,0.7704142928123474,37.096824490911146
screw,5,blob,0.017852783203125,motion,2,wiener_hqs_rawpixel,classical,1.0004864931106567,1.05277777033861,0.23725172432075636,41.133671193515426,41.08506250863351,0.9671812653541565,37.096824490911146
screw,5,blob,0.017852783203125,motion,2,wiener_hqs_vst,classical,0.9994021654129028,1.056123721988186,0.019294971831021468,37.07196527545943,37.086439977561284,0.9497721791267395,37.096824490911146
screw,5,blob,0.017852783203125,motion,2,wiener_hqs_vst_nofloor,classical,0.9142124652862549,0.5866723107631961,-16.85036259336944,16.838708615311347,16.82936266570328,0.10749450325965881,37.096824490911146
screw,5,blob,0.017852783203125,motion,3,identity,classical,0.9741054177284241,1.0,0.0,34.14437320728641,33.85871020329502,0.9386168122291565,33.85871020329502
screw,5,blob,0.017852783203125,motion,3,wiener,classical,0.6444218754768372,0.5003071015357573,-4.960982568839125,19.617426838661324,19.581866901190008,0.7404768466949463,33.85871020329502
screw,5,blob,0.017852783203125,motion,3,wiener_dbde_nsr,classical,0.6444218754768372,0.5003071015357573,-4.960982568839125,19.617426838661324,19.581866901190008,0.7404768466949463,33.85871020329502
screw,5,blob,0.017852783203125,motion,3,wiener_hqs_rawpixel,classical,1.0029581785202026,1.1555600655768188,-0.004041999457887524,36.708574239889245,36.67008438133334,0.92049640417099,33.85871020329502
screw,5,blob,0.017852783203125,motion,3,wiener_hqs_vst,classical,1.0015512704849243,1.1810452128839022,-0.26522959282454917,33.81078953818723,33.80847217371511,0.8926778435707092,33.85871020329502
screw,5,blob,0.017852783203125,motion,3,wiener_hqs_vst_nofloor,classical,0.8169064521789551,0.06448096392549714,-20.267330380925788,12.487110201730609,12.483638691829587,0.041182588785886765,33.85871020329502
screw,5,blob,0.017852783203125,motion,4,identity,classical,0.9669287204742432,1.0,0.0,32.790802075756595,32.64913997603197,0.9230718016624451,32.64913997603197
screw,5,blob,0.017852783203125,motion,4,wiener,classical,0.9381694793701172,0.5939670105740451,-0.8496229952070993,28.916652288767636,28.78704052350431,0.8930781483650208,32.64913997603197
screw,5,blob,0.017852783203125,motion,4,wiener_dbde_nsr,classical,0.9669287204742432,1.0,0.0,32.790802075756595,32.64913997603197,0.9230718016624451,32.64913997603197
screw,5,blob,0.017852783203125,motion,4,wiener_hqs_rawpixel,classical,0.9669287204742432,1.0,0.0,32.790802075756595,32.64913997603197,0.9230718016624451,32.64913997603197
screw,5,blob,0.017852783203125,motion,4,wiener_hqs_vst,classical,0.9669287204742432,1.0000000647237293,8.930482708890963e-08,32.790802075756595,32.64913997603197,0.9230716824531555,32.64913997603197
screw,5,blob,0.017852783203125,motion,4,wiener_hqs_vst_nofloor,classical,0.9669287204742432,1.0000000647237293,8.930482708890963e-08,32.790802075756595,32.64913997603197,0.9230716824531555,32.64913997603197
screw,6,texture,0.0126495361328125,defocus,2,identity,classical,0.6593921184539795,1.0,0.0,38.828587601869444,38.383667827478305,0.964724600315094,38.383667827478305
screw,6,texture,0.0126495361328125,defocus,2,wiener,classical,0.5404216051101685,0.02882339054053211,-5.7929604710388,22.21941311523581,22.222634225916515,0.7591955065727234,38.383667827478305
screw,6,texture,0.0126495361328125,defocus,2,wiener_dbde_nsr,classical,0.5404216051101685,0.02882339054053211,-5.7929604710388,22.21941311523581,22.222634225916515,0.7591955065727234,38.383667827478305
screw,6,texture,0.0126495361328125,defocus,2,wiener_hqs_rawpixel,classical,0.8974360227584839,1.0911396164878204,-0.10134352223951848,35.004498279562675,35.00899469248274,0.9643366932868958,38.383667827478305
screw,6,texture,0.0126495361328125,defocus,2,wiener_hqs_vst,classical,0.8953779339790344,1.0784823417580658,0.1870000260530309,38.85265251936509,38.7839581771665,0.9776579737663269,38.383667827478305
screw,6,texture,0.0126495361328125,defocus,2,wiener_hqs_vst_nofloor,classical,1.0004894733428955,0.5159323331260257,-8.357870294985442,21.79271885970227,21.84475319975447,0.4465550482273102,38.383667827478305
screw,6,texture,0.0126495361328125,defocus,3,identity,classical,0.5488830208778381,1.0,0.0,36.30757285718716,35.96728119724482,0.9469764828681946,35.96728119724482
screw,6,texture,0.0126495361328125,defocus,3,wiener,classical,0.50881028175354,0.01741999098397335,-3.5677172432835897,23.59122676626057,23.583578265926597,0.7747630476951599,35.96728119724482
screw,6,texture,0.0126495361328125,defocus,3,wiener_dbde_nsr,classical,0.50881028175354,0.01741999098397335,-3.5677172432835897,23.59122676626057,23.583578265926597,0.7747630476951599,35.96728119724482
screw,6,texture,0.0126495361328125,defocus,3,wiener_hqs_rawpixel,classical,0.8030108213424683,0.6916406007909918,-0.5795262606358915,32.39517072176757,32.31123736528658,0.9006727337837219,35.96728119724482
screw,6,texture,0.0126495361328125,defocus,3,wiener_hqs_vst,classical,0.8032546043395996,0.6801047883047151,-0.2944572440283295,34.77618850683439,34.592260057547904,0.9221715331077576,35.96728119724482
screw,6,texture,0.0126495361328125,defocus,3,wiener_hqs_vst_nofloor,classical,1.0758569240570068,0.15771630979638826,-15.881780849964237,16.3906043052686,16.410663714644038,0.09550756961107254,35.96728119724482
screw,6,texture,0.0126495361328125,defocus,4,identity,classical,0.4182664155960083,1.0,0.0,34.04672165496102,33.7868880468477,0.9245462417602539,33.7868880468477
screw,6,texture,0.0126495361328125,defocus,4,wiener,classical,0.2917765974998474,0.142114682008431,-4.787130692451366,20.07418138628978,20.10673413536604,0.7446772456169128,33.7868880468477
screw,6,texture,0.0126495361328125,defocus,4,wiener_dbde_nsr,classical,0.2917765974998474,0.142114682008431,-4.787130692451366,20.07418138628978,20.10673413536604,0.7446772456169128,33.7868880468477
screw,6,texture,0.0126495361328125,defocus,4,wiener_hqs_rawpixel,classical,0.759828507900238,1.2176670816282287,-0.22784625510808043,31.899217087159634,31.878676566242554,0.9012265205383301,33.7868880468477
screw,6,texture,0.0126495361328125,defocus,4,wiener_hqs_vst,classical,0.7583938241004944,1.4197708377700375,0.10103986991928504,35.29184524244154,35.18566829446078,0.9356111884117126,33.7868880468477
screw,6,texture,0.0126495361328125,defocus,4,wiener_hqs_vst_nofloor,classical,1.007315754890442,0.35109451832477284,-12.108903501737721,15.052751032279897,15.104638960109265,0.16336245834827423,33.7868880468477
screw,6,texture,0.0126495361328125,motion,2,identity,classical,0.6064284443855286,1.0,0.0,37.335825967484865,36.9406013833638,0.9575493335723877,36.9406013833638
screw,6,texture,0.0126495361328125,motion,2,wiener,classical,0.6546469926834106,0.019294116445327757,-4.138567228812657,23.41528313500803,23.400318183099706,0.7673757672309875,36.9406013833638
screw,6,texture,0.0126495361328125,motion,2,wiener_dbde_nsr,classical,0.6546469926834106,0.019294116445327757,-4.138567228812657,23.41528313500803,23.400318183099706,0.7673757672309875,36.9406013833638
screw,6,texture,0.0126495361328125,motion,2,wiener_hqs_rawpixel,classical,0.9954797029495239,1.008587912681005,-0.310505170353619,34.879385916350515,34.84599714095533,0.9394347071647644,36.9406013833638
screw,6,texture,0.0126495361328125,motion,2,wiener_hqs_vst,classical,0.994100034236908,0.9493188634587237,-0.06283335335245366,37.73283421900202,37.61575620650448,0.9554452300071716,36.9406013833638
screw,6,texture,0.0126495361328125,motion,2,wiener_hqs_vst_nofloor,classical,1.3472446203231812,0.12109502888810307,-16.19758153711089,17.070786290677248,17.087493646067852,0.12101159244775772,36.9406013833638
screw,6,texture,0.0126495361328125,motion,3,identity,classical,0.5377605557441711,1.0,0.0,34.890740264038264,34.63749353301795,0.9374394416809082,34.63749353301795
screw,6,texture,0.0126495361328125,motion,3,wiener,classical,0.480571448802948,0.19875806441850874,-4.5508588657139315,21.182583928908265,21.20423385095675,0.7278997302055359,34.63749353301795
screw,6,texture,0.0126495361328125,motion,3,wiener_dbde_nsr,classical,0.480571448802948,0.19875806441850874,-4.5508588657139315,21.182583928908265,21.20423385095675,0.7278997302055359,34.63749353301795
screw,6,texture,0.0126495361328125,motion,3,wiener_hqs_rawpixel,classical,0.9127085208892822,1.157258334010479,-0.4794469574546767,31.518387726615245,31.52694755197315,0.8898670077323914,34.63749353301795
screw,6,texture,0.0126495361328125,motion,3,wiener_hqs_vst,classical,0.9111296534538269,1.2561987802621333,-0.08741969788869608,34.86668530526306,34.828616151535364,0.9268105030059814,34.63749353301795
screw,6,texture,0.0126495361328125,motion,3,wiener_hqs_vst_nofloor,classical,1.0277366638183594,0.029327257769972824,-17.15942906695675,14.59428905666341,14.607259568967363,0.08557671308517456,34.63749353301795
screw,6,texture,0.0126495361328125,motion,4,identity,classical,0.43821603059768677,1.0,0.0,33.304739478332834,33.10156523114668,0.9213011264801025,33.10156523114668
screw,6,texture,0.0126495361328125,motion,4,wiener,classical,0.33168089389801025,0.32073137962757736,-4.477768665519997,20.052552641847868,20.085010301129994,0.728466808795929,33.10156523114668
screw,6,texture,0.0126495361328125,motion,4,wiener_dbde_nsr,classical,0.33168089389801025,0.32073137962757736,-4.477768665519997,20.052552641847868,20.085010301129994,0.728466808795929,33.10156523114668
screw,6,texture,0.0126495361328125,motion,4,wiener_hqs_rawpixel,classical,0.8161951303482056,0.7019429926653877,-0.41908504172142824,30.681578793597595,30.686225118835186,0.8692616820335388,33.10156523114668
screw,6,texture,0.0126495361328125,motion,4,wiener_hqs_vst,classical,0.8149096369743347,1.4861301941447767,-0.014883575150007822,34.22297493868711,34.1859721448475,0.9148905277252197,33.10156523114668
screw,6,texture,0.0126495361328125,motion,4,wiener_hqs_vst_nofloor,classical,0.8059102892875671,0.451702908108473,-17.73258155604247,13.180752400827663,13.171974562477121,0.05139352008700371,33.10156523114668
screw,7,scratch,0.01239013671875,defocus,2,identity,classical,0.8761351108551025,1.0,0.0,37.87713527233396,36.99234200781773,0.9654856324195862,36.99234200781773
screw,7,scratch,0.01239013671875,defocus,2,wiener,classical,0.014654573053121567,0.08247481673069701,-4.172588482491921,23.420913147956675,22.579533242188926,0.7852579951286316,36.99234200781773
screw,7,scratch,0.01239013671875,defocus,2,wiener_dbde_nsr,classical,0.014654573053121567,0.08247481673069701,-4.172588482491921,23.420913147956675,22.579533242188926,0.7852579951286316,36.99234200781773
screw,7,scratch,0.01239013671875,defocus,2,wiener_hqs_rawpixel,classical,0.9735579490661621,1.1809679949217209,0.17521184953864766,39.99975933137251,39.82341332640791,0.9756937026977539,36.99234200781773
screw,7,scratch,0.01239013671875,defocus,2,wiener_hqs_vst,classical,0.9810624718666077,1.1918912143311913,0.11789749496740731,38.19895989189264,38.13847267590618,0.9731917977333069,36.99234200781773
screw,7,scratch,0.01239013671875,defocus,2,wiener_hqs_vst_nofloor,classical,0.9635120630264282,1.1719872551087884,-9.514819371039938,21.259023411279983,21.302491221454837,0.33200639486312866,36.99234200781773
screw,7,scratch,0.01239013671875,defocus,3,identity,classical,0.8047217130661011,1.0,0.0,35.297154834991645,34.445560451361686,0.9458070397377014,34.445560451361686
screw,7,scratch,0.01239013671875,defocus,3,wiener,classical,0.013399574905633926,0.05294571210880401,-3.435904388392223,22.812959879914835,22.079184793451205,0.7765713334083557,34.445560451361686
screw,7,scratch,0.01239013671875,defocus,3,wiener_dbde_nsr,classical,0.013399574905633926,0.05294571210880401,-3.435904388392223,22.812959879914835,22.079184793451205,0.7765713334083557,34.445560451361686
screw,7,scratch,0.01239013671875,defocus,3,wiener_hqs_rawpixel,classical,0.9512208104133606,1.3414668184479053,0.171532433243625,38.2818283539974,37.93363671676767,0.9561459422111511,34.445560451361686
screw,7,scratch,0.01239013671875,defocus,3,wiener_hqs_vst,classical,0.9592095017433167,1.3525746944219519,0.11057726812029056,36.692369468954745,36.502309093576734,0.9527831077575684,34.445560451361686
screw,7,scratch,0.01239013671875,defocus,3,wiener_hqs_vst_nofloor,classical,0.9447455406188965,1.2536387624045233,-12.257587724502654,17.138394089116236,17.183151619603485,0.20254363119602203,34.445560451361686
screw,7,scratch,0.01239013671875,defocus,4,identity,classical,0.6921198964118958,1.0,0.0,33.037334450852704,32.074870641789275,0.9208223223686218,32.074870641789275
screw,7,scratch,0.01239013671875,defocus,4,wiener,classical,0.02118314988911152,0.22622879159222595,-3.1954702421694128,21.839850109221544,21.109878699053635,0.7565717697143555,32.074870641789275
screw,7,scratch,0.01239013671875,defocus,4,wiener_dbde_nsr,classical,0.02118314988911152,0.22622879159222595,-3.1954702421694128,21.839850109221544,21.109878699053635,0.7565717697143555,32.074870641789275
screw,7,scratch,0.01239013671875,defocus,4,wiener_hqs_rawpixel,classical,0.9339244365692139,1.701278222965507,0.08840051784523728,35.85195130938575,35.61190996869903,0.9223477840423584,32.074870641789275
screw,7,scratch,0.01239013671875,defocus,4,wiener_hqs_vst,classical,0.9413669109344482,1.7286740687280349,0.01938114453768358,34.554599388216644,34.40321332152847,0.9182508587837219,32.074870641789275
screw,7,scratch,0.01239013671875,defocus,4,wiener_hqs_vst_nofloor,classical,0.9318158626556396,1.5979861789432948,-12.279650308111496,15.207207326320653,15.252403289325688,0.1499365270137787,32.074870641789275
screw,7,scratch,0.01239013671875,motion,2,identity,classical,0.9600675106048584,1.0,0.0,37.48024980667075,37.223149158887225,0.9642329216003418,37.223149158887225
screw,7,scratch,0.01239013671875,motion,2,wiener,classical,0.19296720623970032,0.0035799081950689234,-5.536274944028356,21.602896067349278,21.032793206122324,0.7014290690422058,37.223149158887225
screw,7,scratch,0.01239013671875,motion,2,wiener_dbde_nsr,classical,0.18898190557956696,0.0035799081950689234,-5.536274944028356,21.602896067349278,21.032793206122324,0.7014290690422058,37.223149158887225
screw,7,scratch,0.01239013671875,motion,2,wiener_hqs_rawpixel,classical,0.6863380670547485,0.408853895575417,-2.939630766625091,26.102058294658267,24.9967863618997,0.727498471736908,37.223149158887225
screw,7,scratch,0.01239013671875,motion,2,wiener_hqs_vst,classical,0.6696736216545105,0.42017736818611445,-3.054016134895143,25.90636927273554,24.891454147618454,0.7195737361907959,37.223149158887225
screw,7,scratch,0.01239013671875,motion,2,wiener_hqs_vst_nofloor,classical,1.3198918104171753,0.09354154035211155,-55.189382756675094,7.375972232463105,7.354916518432168,0.009806032292544842,37.223149158887225
screw,7,scratch,0.01239013671875,motion,3,identity,classical,0.9279574155807495,1.0,0.0,34.26799221265394,34.00824461825333,0.9392582774162292,34.00824461825333
screw,7,scratch,0.01239013671875,motion,3,wiener,classical,0.0062200529500842094,0.03824316916217945,-2.955039528011511,22.83399619470682,22.096788190757543,0.7802632451057434,34.00824461825333
screw,7,scratch,0.01239013671875,motion,3,wiener_dbde_nsr,classical,0.0062200529500842094,0.03824316916217945,-2.955039528011511,22.83399619470682,22.096788190757543,0.7802632451057434,34.00824461825333
screw,7,scratch,0.01239013671875,motion,3,wiener_hqs_rawpixel,classical,0.977210283279419,1.0890379279435392,0.27682322712994756,39.74810144737239,39.55002153267791,0.9578986763954163,34.00824461825333
screw,7,scratch,0.01239013671875,motion,3,wiener_hqs_vst,classical,0.9785643219947815,1.0918671313262265,0.034578099676067064,35.91941768527229,35.87086196166598,0.9306103587150574,34.00824461825333
screw,7,scratch,0.01239013671875,motion,3,wiener_hqs_vst_nofloor,classical,0.8358260989189148,0.7053062324709748,-11.974014937025375,16.02453306047495,16.048656509768545,0.17462730407714844,34.00824461825333
screw,7,scratch,0.01239013671875,motion,4,identity,classical,0.7619874477386475,1.0,0.0,31.531596168648175,30.982349068264064,0.9131900668144226,30.982349068264064
screw,7,scratch,0.01239013671875,motion,4,wiener,classical,0.017974797636270523,0.16432563810800307,-2.658684180136974,21.76846582079747,21.055995901524234,0.7348256707191467,30.982349068264064
screw,7,scratch,0.01239013671875,motion,4,wiener_dbde_nsr,classical,0.017974797636270523,0.16432563810800307,-2.658684180136974,21.76846582079747,21.055995901524234,0.7348256707191467,30.982349068264064
screw,7,scratch,0.01239013671875,motion,4,wiener_hqs_rawpixel,classical,0.9753263592720032,1.4192241016225826,-0.06486488330155082,34.35845193931748,34.27187583352617,0.8799470067024231,30.982349068264064
screw,7,scratch,0.01239013671875,motion,4,wiener_hqs_vst,classical,0.9798056483268738,1.4479705501143696,-0.2703420548236892,32.707627687379876,32.64350815880063,0.8546068072319031,30.982349068264064
screw,7,scratch,0.01239013671875,motion,4,wiener_hqs_vst_nofloor,classical,0.7014952301979065,0.5290185853537082,-17.955864580066354,11.563257063309019,11.57062050676231,0.043129608035087585,30.982349068264064
screw,8,blob,0.011199951171875,defocus,2,identity,classical,0.9907386302947998,1.0,0.0,38.50330362202781,38.54367980330742,0.9673420786857605,38.54367980330742
screw,8,blob,0.011199951171875,defocus,2,wiener,classical,0.691241979598999,0.07936467777251273,-5.291565521565887,22.808059496080272,22.831937505204152,0.7813408970832825,38.54367980330742
screw,8,blob,0.011199951171875,defocus,2,wiener_dbde_nsr,classical,0.691241979598999,0.07936467777251273,-5.291565521565887,22.808059496080272,22.831937505204152,0.7813408970832825,38.54367980330742
screw,8,blob,0.011199951171875,defocus,2,wiener_hqs_rawpixel,classical,0.9984671473503113,0.6787391929159984,0.10793599535389498,38.253857687262695,38.11271143786896,0.9720063209533691,38.54367980330742
screw,8,blob,0.011199951171875,defocus,2,wiener_hqs_vst,classical,0.9960010647773743,0.48846145251039946,0.07124965025452623,38.95903503794905,38.66862112759213,0.9689486622810364,38.54367980330742
screw,8,blob,0.011199951171875,defocus,2,wiener_hqs_vst_nofloor,classical,1.1196510791778564,0.09640983846553432,-10.250583646399308,21.532628735370075,21.44116714867511,0.23958182334899902,38.54367980330742
screw,8,blob,0.011199951171875,defocus,3,identity,classical,0.981473445892334,1.0,0.0,36.17868976881027,36.2210985692493,0.9515511393547058,36.2210985692493
screw,8,blob,0.011199951171875,defocus,3,wiener,classical,0.5806604623794556,0.03786083188547791,-4.775792059248042,21.823426211156253,21.846554109752702,0.7673675417900085,36.2210985692493
screw,8,blob,0.011199951171875,defocus,3,wiener_dbde_nsr,classical,0.5806604623794556,0.03786083188547791,-4.775792059248042,21.823426211156253,21.846554109752702,0.7673675417900085,36.2210985692493
screw,8,blob,0.011199951171875,defocus,3,wiener_hqs_rawpixel,classical,1.0025304555892944,0.6824462343725295,0.08542498589216307,36.68292681825773,36.54594289123581,0.9516754150390625,36.2210985692493
screw,8,blob,0.011199951171875,defocus,3,wiener_hqs_vst,classical,0.9987890720367432,0.46700644428947846,0.05536037367589319,37.33029192448327,37.06138359845499,0.9462306499481201,36.2210985692493
screw,8,blob,0.011199951171875,defocus,3,wiener_hqs_vst_nofloor,classical,1.4337036609649658,0.05609678704049822,-14.674867343298589,16.834783598575413,16.7698221634573,0.11175038665533066,36.2210985692493
screw,8,blob,0.011199951171875,defocus,4,identity,classical,0.9616484642028809,1.0,0.0,34.08366753875831,34.12691329728513,0.9326489567756653,34.12691329728513
screw,8,blob,0.011199951171875,defocus,4,wiener,classical,0.37595313787460327,0.016714974586355277,-4.683355412659323,20.46694413764426,20.488889749102373,0.7522046566009521,34.12691329728513
screw,8,blob,0.011199951171875,defocus,4,wiener_dbde_nsr,classical,0.37595313787460327,0.016714974586355277,-4.683355412659323,20.46694413764426,20.488889749102373,0.7522046566009521,34.12691329728513
screw,8,blob,0.011199951171875,defocus,4,wiener_hqs_rawpixel,classical,1.004810094833374,0.6313061017928896,-0.004830945596322245,34.75529273971533,34.62166057713616,0.9188645482063293,34.12691329728513
screw,8,blob,0.011199951171875,defocus,4,wiener_hqs_vst,classical,0.9987207055091858,0.42169018449063905,-0.04157416850023443,35.40646909744143,35.13931037638111,0.9079001545906067,34.12691329728513
screw,8,blob,0.011199951171875,defocus,4,wiener_hqs_vst_nofloor,classical,1.3233239650726318,0.04024004041076763,-15.222021832299866,14.787375303569178,14.73820917805523,0.07049929350614548,34.12691329728513
screw,8,blob,0.011199951171875,motion,2,identity,classical,0.9818565249443054,1.0,0.0,37.27279954338264,37.3152861598648,0.963114321231842,37.3152861598648
screw,8,blob,0.011199951171875,motion,2,wiener,classical,0.7589702606201172,0.14427959700366919,-4.2395938950007155,24.019869859780787,24.05010766618198,0.7915544509887695,37.3152861598648
screw,8,blob,0.011199951171875,motion,2,wiener_dbde_nsr,classical,0.7589702606201172,0.14427959700366919,-4.2395938950007155,24.019869859780787,24.05010766618198,0.7915544509887695,37.3152861598648
screw,8,blob,0.011199951171875,motion,2,wiener_hqs_rawpixel,classical,1.002987265586853,0.9465392738706019,-0.012229533234158207,36.4834631638204,36.53047905766797,0.9535272717475891,37.3152861598648
screw,8,blob,0.011199951171875,motion,2,wiener_hqs_vst,classical,1.0025765895843506,0.9483722177694752,0.06453398329554727,38.78311809044635,38.82885302525729,0.9587860703468323,37.3152861598648
screw,8,blob,0.011199951171875,motion,2,wiener_hqs_vst_nofloor,classical,1.0001044273376465,0.11608057651832202,-12.116952617020123,19.343142744265094,19.35166232646707,0.21262645721435547,37.3152861598648
screw,8,blob,0.011199951171875,motion,3,identity,classical,0.9642243385314941,1.0,0.0,34.054298935703414,34.09813047215255,0.9376757740974426,34.09813047215255
screw,8,blob,0.011199951171875,motion,3,wiener,classical,0.585464596748352,0.04162341694387721,-3.788869204883059,21.831483787309725,21.853071711146526,0.7520904541015625,34.09813047215255
screw,8,blob,0.011199951171875,motion,3,wiener_dbde_nsr,classical,0.585464596748352,0.04162341694387721,-3.788869204883059,21.831483787309725,21.853071711146526,0.7520904541015625,34.09813047215255
screw,8,blob,0.011199951171875,motion,3,wiener_hqs_rawpixel,classical,1.0050063133239746,0.48647056062013605,0.04091179630303099,35.6476676132019,35.499581602854754,0.9263224005699158,34.09813047215255
screw,8,blob,0.011199951171875,motion,3,wiener_hqs_vst,classical,0.9991843700408936,0.3618362165372606,-0.040789979969257484,36.05284705630831,35.77500728414059,0.9107766151428223,34.09813047215255
screw,8,blob,0.011199951171875,motion,3,wiener_hqs_vst_nofloor,classical,1.1018041372299194,0.056172255810415454,-13.091860589877314,16.2081887506065,16.192743397359287,0.08732008188962936,34.09813047215255
screw,8,blob,0.011199951171875,motion,4,identity,classical,0.9560960531234741,1.0,0.0,32.98235715283346,33.025833799717155,0.9238741993904114,33.025833799717155
screw,8,blob,0.011199951171875,motion,4,wiener,classical,0.42027968168258667,0.022863110557974207,-4.103161231405851,20.413308156296154,20.432777068880476,0.737293541431427,33.025833799717155
screw,8,blob,0.011199951171875,motion,4,wiener_dbde_nsr,classical,0.42027968168258667,0.022863110557974207,-4.103161231405851,20.413308156296154,20.432777068880476,0.737293541431427,33.025833799717155
screw,8,blob,0.011199951171875,motion,4,wiener_hqs_rawpixel,classical,1.010512113571167,0.549492774164902,-0.06145164292730443,34.269477342425795,34.05895914888288,0.8956043720245361,33.025833799717155
screw,8,blob,0.011199951171875,motion,4,wiener_hqs_vst,classical,1.0009839534759521,0.3795901187137556,-0.14819255253054342,34.439523262200154,34.11257591287391,0.8778532147407532,33.025833799717155
screw,8,blob,0.011199951171875,motion,4,wiener_hqs_vst_nofloor,classical,1.194967269897461,0.02961812106795743,-16.493449974708177,13.313470167497945,13.276080446066867,0.050542015582323074,33.025833799717155
screw,9,texture,0.008209228515625,defocus,2,identity,classical,0.8796579837799072,1.0,0.0,38.06712711869595,37.3644659562651,0.9638175964355469,37.3644659562651
screw,9,texture,0.008209228515625,defocus,2,wiener,classical,0.17886982858181,0.059359394498142225,-6.068891948038177,21.693067406812677,21.4886682378186,0.6493396162986755,37.3644659562651
screw,9,texture,0.008209228515625,defocus,2,wiener_dbde_nsr,classical,0.17886982858181,0.059359394498142225,-6.068891948038177,21.693067406812677,21.4886682378186,0.6493396162986755,37.3644659562651
screw,9,texture,0.008209228515625,defocus,2,wiener_hqs_rawpixel,classical,1.0422511100769043,0.3327233540353448,-5.008964801554659,24.125627234782844,23.942982995768524,0.5917660593986511,37.3644659562651
screw,9,texture,0.008209228515625,defocus,2,wiener_hqs_vst,classical,1.0292468070983887,0.3094719864512188,-5.538302576844477,23.618317802139646,23.45922400554936,0.5606714487075806,37.3644659562651
screw,9,texture,0.008209228515625,defocus,2,wiener_hqs_vst_nofloor,classical,0.5889379978179932,0.03253704789578945,-50.85833944544189,8.43436863322082,8.431034539725026,0.01111452654004097,37.3644659562651
screw,9,texture,0.008209228515625,defocus,3,identity,classical,0.8265154957771301,1.0,0.0,35.68753583035526,35.06377299867114,0.9452939033508301,35.06377299867114
screw,9,texture,0.008209228515625,defocus,3,wiener,classical,0.030250756070017815,0.12116951643552312,-3.356577496697869,23.455358182893864,23.153498070618927,0.7917544841766357,35.06377299867114
screw,9,texture,0.008209228515625,defocus,3,wiener_dbde_nsr,classical,0.030250756070017815,0.12116951643552312,-3.356577496697869,23.455358182893864,23.153498070618927,0.7917544841766357,35.06377299867114
screw,9,texture,0.008209228515625,defocus,3,wiener_hqs_rawpixel,classical,0.9593378901481628,1.552874792843747,0.13340839472100585,37.85912266174859,37.07139660160662,0.9529890418052673,35.06377299867114
screw,9,texture,0.008209228515625,defocus,3,wiener_hqs_vst,classical,0.9473276138305664,1.4733204206354733,0.014979283517948194,35.42319543441009,34.92701287065976,0.9437169432640076,35.06377299867114
screw,9,texture,0.008209228515625,defocus,3,wiener_hqs_vst_nofloor,classical,1.531587839126587,0.15911638685739368,-17.694279747290093,14.801819087758318,14.701102402226063,0.10465532541275024,35.06377299867114
screw,9,texture,0.008209228515625,defocus,4,identity,classical,0.7452178001403809,1.0,0.0,33.55335836493527,32.983225287938325,0.9227640628814697,32.983225287938325
screw,9,texture,0.008209228515625,defocus,4,wiener,classical,0.025005925446748734,0.022374077466167284,-3.254621007183064,22.111979062616168,21.9054531964581,0.7722470164299011,32.983225287938325
screw,9,texture,0.008209228515625,defocus,4,wiener_dbde_nsr,classical,0.025005925446748734,0.022374077466167284,-3.254621007183064,22.111979062616168,21.9054531964581,0.7722470164299011,32.983225287938325
screw,9,texture,0.008209228515625,defocus,4,wiener_hqs_rawpixel,classical,0.9328924417495728,1.46348315393396,0.07838106662910815,35.92832617448519,35.24650534310207,0.919515073299408,32.983225287938325
screw,9,texture,0.008209228515625,defocus,4,wiener_hqs_vst,classical,0.9189699292182922,1.2383580840617407,-0.07874230819665762,33.63141092290237,33.16121506354524,0.903526782989502,32.983225287938325
screw,9,texture,0.008209228515625,defocus,4,wiener_hqs_vst_nofloor,classical,1.4279084205627441,0.1938324849249637,-16.327991996153493,13.542204505271503,13.489577765825338,0.0810529887676239,32.983225287938325
screw,9,texture,0.008209228515625,motion,2,identity,classical,0.9412372708320618,1.0,0.0,36.75628674750923,36.33902733028688,0.9591745734214783,36.33902733028688
screw,9,texture,0.008209228515625,motion,2,wiener,classical,0.6739070415496826,0.10544704878607966,-1.2674293274381334,30.34350494147651,29.883904615000034,0.8978018760681152,36.33902733028688
screw,9,texture,0.008209228515625,motion,2,wiener_dbde_nsr,classical,0.9412372708320618,1.0,0.0,36.75628674750923,36.33902733028688,0.9591745734214783,36.33902733028688
screw,9,texture,0.008209228515625,motion,2,wiener_hqs_rawpixel,classical,0.9412372708320618,1.0,0.0,36.75628674750923,36.33902733028688,0.9591745734214783,36.33902733028688
screw,9,texture,0.008209228515625,motion,2,wiener_hqs_vst,classical,0.9412372708320618,0.9999997932679358,0.0,36.75628674750923,36.33902733028688,0.9591749310493469,36.33902733028688
screw,9,texture,0.008209228515625,motion,2,wiener_hqs_vst_nofloor,classical,0.9412372708320618,0.9999997932679358,0.0,36.75628674750923,36.33902733028688,0.9591749310493469,36.33902733028688
screw,9,texture,0.008209228515625,motion,3,identity,classical,0.8426775336265564,1.0,0.0,33.69900473491841,33.27807920674491,0.9301519989967346,33.27807920674491
screw,9,texture,0.008209228515625,motion,3,wiener,classical,0.07565777003765106,0.10346606982077393,-2.6978783900502354,23.43055112212934,23.125343449965797,0.7750100493431091,33.27807920674491
screw,9,texture,0.008209228515625,motion,3,wiener_dbde_nsr,classical,0.07565777003765106,0.10346606982077393,-2.6978783900502354,23.43055112212934,23.125343449965797,0.7750100493431091,33.27807920674491
screw,9,texture,0.008209228515625,motion,3,wiener_hqs_rawpixel,classical,0.9830030202865601,1.0290769903435573,0.0721631431029911,35.84338045373749,35.361549167830674,0.9219021201133728,33.27807920674491
screw,9,texture,0.008209228515625,motion,3,wiener_hqs_vst,classical,0.9705843925476074,0.8696009830721422,-0.09148298289904488,33.750819705601366,33.41964934745586,0.9060273766517639,33.27807920674491
screw,9,texture,0.008209228515625,motion,3,wiener_hqs_vst_nofloor,classical,0.9497525095939636,0.1947137017490642,-16.53529079501391,14.05974174954148,14.052404101996283,0.06430061906576157,33.27807920674491
screw,9,texture,0.008209228515625,motion,4,identity,classical,0.6297558546066284,1.0,0.0,31.734413634328394,31.202044778229137,0.9097493290901184,31.202044778229137
screw,9,texture,0.008209228515625,motion,4,wiener,classical,0.08622143417596817,0.013493758821368895,-2.6031446429708627,22.101224161152054,21.883138432204984,0.7437750697135925,31.202044778229137
screw,9,texture,0.008209228515625,motion,4,wiener_dbde_nsr,classical,0.08622143417596817,0.013493758821368895,-2.6031446429708627,22.101224161152054,21.883138432204984,0.7437750697135925,31.202044778229137
screw,9,texture,0.008209228515625,motion,4,wiener_hqs_rawpixel,classical,0.9351061582565308,1.5648394462750799,-0.1656760255155778,33.574908011998176,33.39226850047969,0.8628184795379639,31.202044778229137
screw,9,texture,0.008209228515625,motion,4,wiener_hqs_vst,classical,0.9138376116752625,1.4479729614562193,-0.430650962661703,31.492604751443032,31.36273050285375,0.8257699012756348,31.202044778229137
screw,9,texture,0.008209228515625,motion,4,wiener_hqs_vst_nofloor,classical,0.6972149014472961,0.07713123860129309,-18.869506082230764,11.196369348933814,11.188537781634565,0.03216994181275368,31.202044778229137
