category,image,anomaly_kind,area_frac,family,severity,restorer,tier,drr,acg,dremr,psnr_normal,psnr_full,ssim_full,psnr_degraded
carpet,0,texture,0.0123291015625,defocus,2,identity,classical,0.9295088648796082,1.0,0.0,21.42068524791039,21.4499360752465,0.6399627327919006,21.4499360752465
carpet,0,texture,0.0123291015625,defocus,2,wiener_nsr_1e-05,classical,0.4163225591182709,0.04391363209165635,-1.8835021521144464,12.33212810748925,12.310645893753163,-0.022438684478402138,21.4499360752465
carpet,0,texture,0.0123291015625,defocus,2,wiener_nsr_0.0001,classical,0.4270422160625458,0.04695793933762546,-1.4808217929164966,13.615222481717451,13.585235614198021,-0.031174054369330406,21.4499360752465
carpet,0,texture,0.0123291015625,defocus,2,wiener_nsr_0.001,classical,0.432029664516449,0.04659675440596778,-1.303184611592192,14.276007384240884,14.236459769780424,-0.029860101640224457,21.4499360752465
carpet,0,texture,0.0123291015625,defocus,2,wiener_nsr_0.01,classical,0.4297794699668884,0.048941930165170955,-1.1399218652618228,14.919033572339115,14.867242331335737,-0.01963943988084793,21.4499360752465
carpet,0,texture,0.0123291015625,defocus,2,wiener_nsr_0.1,classical,0.38903167843818665,0.05136093239079828,-0.9177015277105589,15.92697432198334,15.832734564736574,0.023570531979203224,21.4499360752465
carpet,0,texture,0.0123291015625,defocus,2,wiener_nsr_1,classical,0.2097039371728897,0.051331180697779984,-1.7933973479183059,13.1196738864848,12.981782611154976,0.05135905742645264,21.4499360752465
carpet,0,texture,0.0123291015625,defocus,3,identity,classical,0.896259069442749,1.0,0.0,18.964335203468163,18.99580728256529,0.2984691560268402,18.99580728256529
carpet,0,texture,0.0123291015625,defocus,3,wiener_nsr_1e-05,classical,0.3018920123577118,0.014246935038232175,-1.2683242163406323,11.935200946528335,11.903183201843376,-0.04722987487912178,18.99580728256529
carpet,0,texture,0.0123291015625,defocus,3,wiener_nsr_0.0001,classical,0.31076133251190186,0.015153547994714592,-0.9180765958174597,13.405849335526153,13.362142769196465,-0.08299509435892105,18.99580728256529
carpet,0,texture,0.0123291015625,defocus,3,wiener_nsr_0.001,classical,0.3146703839302063,0.014133079057365022,-0.743382792044117,14.273506766437778,14.215369896201937,-0.13271594047546387,18.99580728256529
carpet,0,texture,0.0123291015625,defocus,3,wiener_nsr_0.01,classical,0.31008973717689514,0.012718391343645014,-0.5993924072876584,15.009208339889621,14.934563690576537,-0.21346861124038696,18.99580728256529
carpet,0,texture,0.0123291015625,defocus,3,wiener_nsr_0.1,classical,0.28171107172966003,0.012744357497746292,-0.3991307815814362,16.183724614067728,16.051588545043725,-0.10571859031915665,18.99580728256529
carpet,0,texture,0.0123291015625,defocus,3,wiener_nsr_1,classical,0.1506868451833725,0.013181760395723453,-1.0978546876533977,13.110268816157527,12.956554800102891,0.02310229279100895,18.99580728256529
carpet,0,texture,0.0123291015625,defocus,4,identity,classical,0.844809889793396,1.0,0.0,17.591101960312468,17.621475132747612,0.013260760344564915,17.621475132747612
carpet,0,texture,0.0123291015625,defocus,4,wiener_nsr_1e-05,classical,0.10766758769750595,0.04107639314731481,-0.7409154469603376,12.710872442556534,12.636075751387377,0.10920777916908264,17.621475132747612
carpet,0,texture,0.0123291015625,defocus,4,wiener_nsr_0.0001,classical,0.1213735044002533,0.0648234823494142,-0.3910844292253661,14.580354208634482,14.472051269435582,0.1748141497373581,17.621475132747612
carpet,0,texture,0.0123291015625,defocus,4,wiener_nsr_0.001,classical,0.13009734451770782,0.08590909793698263,-0.208821654492783,15.888461064584291,15.743289467261157,0.20892739295959473,17.621475132747612
carpet,0,texture,0.0123291015625,defocus,4,wiener_nsr_0.01,classical,0.12932339310646057,0.10391834147282313,-0.07679681574735264,16.939816271276875,16.75215192231401,0.15292735397815704,17.621475132747612
carpet,0,texture,0.0123291015625,defocus,4,wiener_nsr_0.1,classical,0.10953016579151154,0.11003414864500818,-0.06464104766294088,17.110161515806574,16.877481471433498,0.07583022117614746,17.621475132747612
carpet,0,texture,0.0123291015625,defocus,4,wiener_nsr_1,classical,0.057712819427251816,0.10279553868956835,-0.7730271411492962,13.17871655432895,12.996720010719951,0.048477187752723694,17.621475132747612
carpet,0,texture,0.0123291015625,motion,2,identity,classical,0.9095127582550049,1.0,0.0,19.88606445180497,19.916526391412525,0.4655543863773346,19.916526391412525
carpet,0,texture,0.0123291015625,motion,2,wiener_nsr_1e-05,classical,0.387998104095459,0.038160390565007474,-3.209902984054442,7.982369378302474,7.979094079320118,0.1043187603354454,19.916526391412525
carpet,0,texture,0.0123291015625,motion,2,wiener_nsr_0.0001,classical,0.5192200541496277,0.04664945986416014,-2.300203353009191,9.795779246069316,9.798560389232478,0.15053187310695648,19.916526391412525
carpet,0,texture,0.0123291015625,motion,2,wiener_nsr_0.001,classical,0.5070076584815979,0.03765635767554241,-1.0895483073612753,13.467939405073846,13.433279986060969,0.1909681111574173,19.916526391412525
carpet,0,texture,0.0123291015625,motion,2,wiener_nsr_0.01,classical,0.4628094732761383,0.050235627405094505,-0.6580342591841355,15.501782524399403,15.435901870352344,0.16824543476104736,19.916526391412525
carpet,0,texture,0.0123291015625,motion,2,wiener_nsr_0.1,classical,0.4019887447357178,0.04959579849729048,-0.4327871810175208,16.82161513061346,16.696925927808483,0.14554743468761444,19.916526391412525
carpet,0,texture,0.0123291015625,motion,2,wiener_nsr_1,classical,0.21176983416080475,0.047281268020592696,-1.313840304351547,13.150292068106548,13.01144679172975,0.05484035611152649,19.916526391412525
carpet,0,texture,0.0123291015625,motion,3,identity,classical,0.9172256588935852,1.0,0.0,19.520933282701392,19.553132034179082,0.46031323075294495,19.553132034179082
carpet,0,texture,0.0123291015625,motion,3,wiener_nsr_1e-05,classical,0.28055649995803833,0.015356990868975887,-2.225416844029202,9.603330407263558,9.584845821005565,0.07852157205343246,19.553132034179082
carpet,0,texture,0.0123291015625,motion,3,wiener_nsr_0.0001,classical,0.3390146493911743,0.02676397266107579,-1.2922838927183844,12.304870417574678,12.265530893168435,-0.024322738870978355,19.553132034179082
carpet,0,texture,0.0123291015625,motion,3,wiener_nsr_0.001,classical,0.3276095390319824,0.021865683982510077,-0.9865183216163347,13.57912970025347,13.529761437635074,-0.21255068480968475,19.553132034179082
carpet,0,texture,0.0123291015625,motion,3,wiener_nsr_0.01,classical,0.31270498037338257,0.01804720273364803,-0.8436109719077229,14.273724474233067,14.213120765327831,-0.2910499572753906,19.553132034179082
carpet,0,texture,0.0123291015625,motion,3,wiener_nsr_0.1,classical,0.28002429008483887,0.01757898180439588,-0.6976488237741791,15.081892465124183,14.983592520709106,-0.2668417990207672,19.553132034179082
carpet,0,texture,0.0123291015625,motion,3,wiener_nsr_1,classical,0.14978858828544617,0.021309481891002336,-1.265724949102931,12.884915671350495,12.740157294322763,-0.07608893513679504,19.553132034179082
carpet,0,texture,0.0123291015625,motion,4,identity,classical,0.9055846333503723,1.0,0.0,19.635219530717496,19.665462362223725,0.4558984339237213,19.665462362223725
carpet,0,texture,0.0123291015625,motion,4,wiener_nsr_1e-05,classical,0.8074716329574585,0.5427174351122528,-0.41069352855982166,16.661557268276386,16.680708141952202,-0.06066235899925232,19.665462362223725
carpet,0,texture,0.0123291015625,motion,4,wiener_nsr_0.0001,classical,0.8073989152908325,0.542717469886431,-0.4106921799628884,16.661704283930874,16.68084450623729,-0.06065401807427406,19.665462362223725
carpet,0,texture,0.0123291015625,motion,4,wiener_nsr_0.001,classical,0.8066731095314026,0.5427174351122528,-0.4106808517486493,16.66314732669639,16.682185021785127,-0.06057063117623329,19.665462362223725
carpet,0,texture,0.0123291015625,motion,4,wiener_nsr_0.01,classical,0.79948490858078,0.5427175742089657,-0.41088727698589667,16.67519951752618,16.693149214071976,-0.05973926559090614,19.665462362223725
carpet,0,texture,0.0123291015625,motion,4,wiener_nsr_0.1,classical,0.7340724468231201,0.5427175046606092,-0.4414969210183417,16.596531890625037,16.59971299907143,-0.05172008275985718,19.665462362223725
carpet,0,texture,0.0123291015625,motion,4,wiener_nsr_1,classical,0.403739869594574,0.5427174351122528,-1.276022728713274,13.039300452427106,12.957658821386321,-0.004963624756783247,19.665462362223725
carpet,1,scratch,0.001251220703125,defocus,2,identity,classical,0.454721063375473,1.0,0.0,20.817082201134255,20.809162129041713,0.6299141049385071,20.809162129041713
carpet,1,scratch,0.001251220703125,defocus,2,wiener_nsr_1e-05,classical,0.00521543063223362,0.35997120886932393,-1.6143131304009266,12.57736535963753,12.576196949160696,-0.014636512845754623,20.809162129041713
carpet,1,scratch,0.001251220703125,defocus,2,wiener_nsr_0.0001,classical,0.013684221543371677,0.4464833305628351,-1.3550054313682343,13.499701695909465,13.497842703939893,-0.01693352870643139,20.809162129041713
carpet,1,scratch,0.001251220703125,defocus,2,wiener_nsr_0.001,classical,0.02355530671775341,0.4709164785988228,-1.2303019581243517,13.99589575644601,13.993589028788001,-0.015818564221262932,20.809162129041713
carpet,1,scratch,0.001251220703125,defocus,2,wiener_nsr_0.01,classical,0.01563664898276329,0.5218725083826077,-1.0860807763751907,14.593557053559254,14.591055382520373,-0.004801311995834112,20.809162129041713
carpet,1,scratch,0.001251220703125,defocus,2,wiener_nsr_0.1,classical,0.0029223784804344177,0.5682499394475252,-0.8617933287413755,15.603258656593862,15.601461955223979,0.044872548431158066,20.809162129041713
carpet,1,scratch,0.001251220703125,defocus,2,wiener_nsr_1,classical,0.00020960468100383878,0.5185012263116497,-1.788275905886215,12.5496819922431,12.553933738001133,0.05641870200634003,20.809162129041713
carpet,1,scratch,0.001251220703125,defocus,3,identity,classical,0.3213426470756531,1.0,0.0,18.37296836883603,18.366201381655767,0.27998924255371094,18.366201381655767
carpet,1,scratch,0.001251220703125,defocus,3,wiener_nsr_1e-05,classical,0.007600604556500912,0.20743564187656385,-1.0551006387720192,12.18252115442177,12.176939908736117,-0.01975194178521633,18.366201381655767
carpet,1,scratch,0.001251220703125,defocus,3,wiener_nsr_0.0001,classical,0.016414720565080643,0.3644913400605626,-0.7920337266663668,13.410653797442327,13.40419269551267,-0.03206280618906021,18.366201381655767
carpet,1,scratch,0.001251220703125,defocus,3,wiener_nsr_0.001,classical,0.01925724186003208,0.5012254910671238,-0.6501242961334055,14.158964123100422,14.151151129614785,-0.07156785577535629,18.366201381655767
carpet,1,scratch,0.001251220703125,defocus,3,wiener_nsr_0.01,classical,0.019195225089788437,0.6193382490392126,-0.5231131877964925,14.84709522652335,14.838486395097359,-0.15830360352993011,18.366201381655767
carpet,1,scratch,0.001251220703125,defocus,3,wiener_nsr_0.1,classical,0.004435844719409943,0.6527239071095541,-0.3513655515941385,15.9035669343716,15.897141548620775,-0.07472418993711472,18.366201381655767
carpet,1,scratch,0.001251220703125,defocus,3,wiener_nsr_1,classical,0.0002997576375491917,0.5053434727467134,-1.10437835649961,12.527234601375842,12.531452535563833,0.02494691126048565,18.366201381655767
carpet,1,scratch,0.001251220703125,defocus,4,identity,classical,0.2170095145702362,1.0,0.0,17.045214829905355,17.03842737085911,-0.0034003453329205513,17.03842737085911
carpet,1,scratch,0.001251220703125,defocus,4,wiener_nsr_1e-05,classical,0.003547867527231574,1.0487527958529925,-0.66377472683589,12.564920243507807,12.562736946857447,0.1300954669713974,17.03842737085911
carpet,1,scratch,0.001251220703125,defocus,4,wiener_nsr_0.0001,classical,0.005655884742736816,1.4852817583385365,-0.3559210839538607,14.315790820029498,14.31189720754227,0.1878330260515213,17.03842737085911
carpet,1,scratch,0.001251220703125,defocus,4,wiener_nsr_0.001,classical,0.009438076056540012,1.9679624058469092,-0.18358106290591647,15.579233753287983,15.574027688681447,0.2174810916185379,17.03842737085911
carpet,1,scratch,0.001251220703125,defocus,4,wiener_nsr_0.01,classical,0.011637724936008453,1.9235506429960192,-0.05203333646969699,16.668944207954862,16.66127300212082,0.16080980002880096,17.03842737085911
carpet,1,scratch,0.001251220703125,defocus,4,wiener_nsr_0.1,classical,0.005078395362943411,0.6252931452937646,-0.04887880087939478,16.728370011098946,16.722235079951936,0.07300321012735367,17.03842737085911
carpet,1,scratch,0.001251220703125,defocus,4,wiener_nsr_1,classical,0.0002446706930641085,0.23725277377858278,-0.7940272258061689,12.571064645841403,12.575295233198677,0.043923765420913696,17.03842737085911
carpet,1,scratch,0.001251220703125,motion,2,identity,classical,0.2808142602443695,1.0,0.0,19.750372415465193,19.73878803215801,0.524133026599884,19.73878803215801
carpet,1,scratch,0.001251220703125,motion,2,wiener_nsr_1e-05,classical,0.1437288075685501,0.16155836877046997,-2.4029190686494566,9.48503313322128,9.483759015010662,0.09248435497283936,19.73878803215801
carpet,1,scratch,0.001251220703125,motion,2,wiener_nsr_0.0001,classical,0.1522180140018463,0.18038199443845895,-1.563535098976363,11.714513941266953,11.713524833558353,0.1751989722251892,19.73878803215801
carpet,1,scratch,0.001251220703125,motion,2,wiener_nsr_0.001,classical,0.12886148691177368,0.09680828902139717,-1.058132403360689,13.530514582100789,13.528895027165618,0.22593434154987335,19.73878803215801
carpet,1,scratch,0.001251220703125,motion,2,wiener_nsr_0.01,classical,0.09232134371995926,0.005574174770351633,-0.7384923995915149,14.97850372860677,14.974602794995938,0.19458551704883575,19.73878803215801
carpet,1,scratch,0.001251220703125,motion,2,wiener_nsr_0.1,classical,0.05063137039542198,0.01895521713314185,-0.5505664423570606,16.053889950072712,16.050274748474315,0.13722260296344757,19.73878803215801
carpet,1,scratch,0.001251220703125,motion,2,wiener_nsr_1,classical,0.006849300116300583,0.030394843762153716,-1.4601286804810178,12.567530369753646,12.571844093725545,0.06007621809840202,19.73878803215801
carpet,1,scratch,0.001251220703125,motion,3,identity,classical,0.29806527495384216,1.0,0.0,17.87191985914575,17.86565044989372,0.20469851791858673,17.86565044989372
carpet,1,scratch,0.001251220703125,motion,3,wiener_nsr_1e-05,classical,0.03228263184428215,0.1358830564400517,-1.5566613435178591,9.897255239392967,9.893009201831013,-0.016514454036951065,17.86565044989372
carpet,1,scratch,0.001251220703125,motion,3,wiener_nsr_0.0001,classical,0.03798212110996246,0.29754893196414367,-1.0002769469530466,11.913126781343644,11.907155090938357,-0.013904944993555546,17.86565044989372
carpet,1,scratch,0.001251220703125,motion,3,wiener_nsr_0.001,classical,0.03204897791147232,0.4703621398594001,-0.7265691701142305,13.19632716044991,13.188849375661924,-0.020435761660337448,17.86565044989372
carpet,1,scratch,0.001251220703125,motion,3,wiener_nsr_0.01,classical,0.02062349207699299,0.6633181399978805,-0.4490523566182629,14.734049872341917,14.724557476511846,-0.059122245758771896,17.86565044989372
carpet,1,scratch,0.001251220703125,motion,3,wiener_nsr_0.1,classical,0.011168154887855053,0.7548929978288647,-0.22887807744238042,16.139116003586818,16.13248948899253,-0.010198085568845272,17.86565044989372
carpet,1,scratch,0.001251220703125,motion,3,wiener_nsr_1,classical,0.0005654529668390751,0.5118504905359776,-0.9656957363232765,12.545384109106127,12.549640668570683,0.03430422022938728,17.86565044989372
carpet,1,scratch,0.001251220703125,motion,4,identity,classical,0.7276608347892761,1.0,0.0,19.451692606991948,19.4512020972805,0.5518166422843933,19.4512020972805
carpet,1,scratch,0.001251220703125,motion,4,wiener_nsr_1e-05,classical,0.21354037523269653,0.01251299048987162,-2.3663182025653264,9.17780908978872,9.17111768888135,0.05145619809627533,19.4512020972805
carpet,1,scratch,0.001251220703125,motion,4,wiener_nsr_0.0001,classical,0.2700207233428955,0.026548488334314203,-1.7752509926683366,10.661831555207,10.653961969156146,0.0790807455778122,19.4512020972805
carpet,1,scratch,0.001251220703125,motion,4,wiener_nsr_0.001,classical,0.21745868027210236,0.20088319623843928,-1.0955798915357922,12.966465233202296,12.962318683117912,0.12995702028274536,19.4512020972805
carpet,1,scratch,0.001251220703125,motion,4,wiener_nsr_0.01,classical,0.07680674642324448,0.3654271558391776,-0.6681383739612232,14.988492868142583,14.98591323656118,0.18560796976089478,19.4512020972805
carpet,1,scratch,0.001251220703125,motion,4,wiener_nsr_0.1,classical,0.0036705154925584793,0.5246342664387891,-0.46491905841544545,16.198422487340594,16.197040266801082,0.2145475298166275,19.4512020972805
carpet,1,scratch,0.001251220703125,motion,4,wiener_nsr_1,classical,1.8360318790655583e-05,0.550394340248122,-1.3300292748764777,12.645518148578503,12.649735563220952,0.12153621762990952,19.4512020972805
carpet,2,blob,0.0081939697265625,defocus,2,identity,classical,0.9853667616844177,1.0,0.0,21.885782272125894,21.886455427142643,0.6372044086456299,21.886455427142643
carpet,2,blob,0.0081939697265625,defocus,2,wiener_nsr_1e-05,classical,0.43803906440734863,0.05834742962435472,-1.8580012760715943,12.869937454641606,12.867077174216401,-0.07171282917261124,21.886455427142643
carpet,2,blob,0.0081939697265625,defocus,2,wiener_nsr_0.0001,classical,0.4498679041862488,0.04081318452902261,-1.515983136720918,13.964876581157526,13.961008775201382,-0.1007746085524559,21.886455427142643
carpet,2,blob,0.0081939697265625,defocus,2,wiener_nsr_0.001,classical,0.45062655210494995,0.029957378399650597,-1.3552604890763629,14.536698286093369,14.529090331460289,-0.11046188324689865,21.886455427142643
carpet,2,blob,0.0081939697265625,defocus,2,wiener_nsr_0.01,classical,0.4466722309589386,0.03170936682762508,-1.2108212371891627,15.091287011766967,15.081267665906253,-0.12221122533082962,21.886455427142643
carpet,2,blob,0.0081939697265625,defocus,2,wiener_nsr_0.1,classical,0.4100405275821686,0.035469008269994044,-1.0057481843180134,15.993806883181957,15.985976610205181,-0.09424600005149841,21.886455427142643
carpet,2,blob,0.0081939697265625,defocus,2,wiener_nsr_1,classical,0.2252911627292633,0.03272458661503147,-1.9623643294609572,13.106977513242516,13.123990778753447,0.014267779886722565,21.886455427142643
carpet,2,blob,0.0081939697265625,defocus,3,identity,classical,0.9708417654037476,1.0,0.0,19.46030586753398,19.46141155137972,0.3010583221912384,19.46141155137972
carpet,2,blob,0.0081939697265625,defocus,3,wiener_nsr_1e-05,classical,0.28385183215141296,0.05993465078307224,-1.351405394367239,12.092211183291976,12.093905338194887,-0.025311492383480072,19.46141155137972
carpet,2,blob,0.0081939697265625,defocus,3,wiener_nsr_0.0001,classical,0.2899421155452728,0.0872693674633801,-0.9152098845651702,13.859484265378338,13.85302974626024,-0.053505513817071915,19.46141155137972
carpet,2,blob,0.0081939697265625,defocus,3,wiener_nsr_0.001,classical,0.2911018431186676,0.1045934363300411,-0.7116456214075921,14.899211660808982,14.883983059566644,-0.09823831170797348,19.46141155137972
carpet,2,blob,0.0081939697265625,defocus,3,wiener_nsr_0.01,classical,0.2883700132369995,0.13243899677118084,-0.5614198445131737,15.733204806395111,15.715867386309343,-0.1618715077638626,19.46141155137972
carpet,2,blob,0.0081939697265625,defocus,3,wiener_nsr_0.1,classical,0.264839768409729,0.15273727418047453,-0.3806522526195535,16.79084398848894,16.77975207598171,-0.07382940500974655,19.46141155137972
carpet,2,blob,0.0081939697265625,defocus,3,wiener_nsr_1,classical,0.1463175117969513,0.14512958837799553,-1.2193907651428364,13.170283564618021,13.188877022445002,0.03385382890701294,19.46141155137972
carpet,2,blob,0.0081939697265625,defocus,4,identity,classical,0.9401053190231323,1.0,0.0,18.11519415752248,18.116290238620845,0.02078614942729473,18.116290238620845
carpet,2,blob,0.0081939697265625,defocus,4,wiener_nsr_1e-05,classical,0.0633963868021965,0.06399486068555683,-0.9847452901340337,12.162987744957451,12.157632008876602,0.013111460022628307,18.116290238620845
carpet,2,blob,0.0081939697265625,defocus,4,wiener_nsr_0.0001,classical,0.06480009108781815,0.0632162950277228,-0.5484620697705502,14.20211819206757,14.195260494009663,0.03124065138399601,18.116290238620845
carpet,2,blob,0.0081939697265625,defocus,4,wiener_nsr_0.001,classical,0.06475906819105148,0.06632295950385028,-0.32482652318780003,15.630861039455173,15.615514783689015,0.04539036750793457,18.116290238620845
carpet,2,blob,0.0081939697265625,defocus,4,wiener_nsr_0.01,classical,0.06437443196773529,0.09296019906759437,-0.12751074912104876,17.09749053422,17.07434285510348,0.05271162465214729,18.116290238620845
carpet,2,blob,0.0081939697265625,defocus,4,wiener_nsr_0.1,classical,0.06153154745697975,0.10843309714207192,-0.07686717781819308,17.544381576603776,17.53296476804669,0.059618785977363586,18.116290238620845
carpet,2,blob,0.0081939697265625,defocus,4,wiener_nsr_1,classical,0.03943813219666481,0.12220187060102906,-0.8912005690124114,13.203770816806873,13.22475842195802,0.052064795047044754,18.116290238620845
carpet,2,blob,0.0081939697265625,motion,2,identity,classical,0.9766216278076172,1.0,0.0,20.643214799969442,20.648263619856813,0.543822705745697,20.648263619856813
carpet,2,blob,0.0081939697265625,motion,2,wiener_nsr_1e-05,classical,0.5169641971588135,0.086083382473012,-1.8682722910736813,11.593020915718098,11.588080057783646,0.10489662736654282,20.648263619856813
carpet,2,blob,0.0081939697265625,motion,2,wiener_nsr_0.0001,classical,0.5957838892936707,0.1398801985403809,-0.9847498712201441,14.544776586141918,14.542656482672498,0.2310800403356552,20.648263619856813
carpet,2,blob,0.0081939697265625,motion,2,wiener_nsr_0.001,classical,0.6261189579963684,0.19477205999934288,-0.6084293964186434,16.363698830514444,16.360979877701585,0.3182919919490814,20.648263619856813
carpet,2,blob,0.0081939697265625,motion,2,wiener_nsr_0.01,classical,0.6204339861869812,0.2260112663729784,-0.4390740576374459,17.417575249677814,17.40999754769572,0.3464704751968384,20.648263619856813
carpet,2,blob,0.0081939697265625,motion,2,wiener_nsr_0.1,classical,0.5686914324760437,0.25518028080743854,-0.3749005527705602,17.88607710720457,17.883803556597936,0.33277347683906555,20.648263619856813
carpet,2,blob,0.0081939697265625,motion,2,wiener_nsr_1,classical,0.30989646911621094,0.29049900581457627,-1.4903247927262382,13.371913129653088,13.389639682586875,0.18084824085235596,20.648263619856813
carpet,2,blob,0.0081939697265625,motion,3,identity,classical,0.9412522912025452,1.0,0.0,18.07859878893123,18.079275004900765,0.05942797288298607,18.079275004900765
carpet,2,blob,0.0081939697265625,motion,3,wiener_nsr_1e-05,classical,0.2649422287940979,0.04821919433681847,-1.1040957258107023,11.634708986765022,11.623324947788502,-0.010525227524340153,18.079275004900765
carpet,2,blob,0.0081939697265625,motion,3,wiener_nsr_0.0001,classical,0.28943926095962524,0.06380952501635652,-0.6467507047513381,13.71087836991389,13.70127898566132,-0.0148395374417305,18.079275004900765
carpet,2,blob,0.0081939697265625,motion,3,wiener_nsr_0.001,classical,0.29128050804138184,0.10227939320516628,-0.42650717349200407,15.03824054264609,15.023372768170036,-0.016884496435523033,18.079275004900765
carpet,2,blob,0.0081939697265625,motion,3,wiener_nsr_0.01,classical,0.2896069884300232,0.1266496901374312,-0.24998517788592922,16.210096711990047,16.189270477061854,-0.0153637221083045,18.079275004900765
carpet,2,blob,0.0081939697265625,motion,3,wiener_nsr_0.1,classical,0.26839739084243774,0.1446940534270317,-0.11453669959182178,17.185267018235614,17.172658397349814,0.017221840098500252,18.079275004900765
carpet,2,blob,0.0081939697265625,motion,3,wiener_nsr_1,classical,0.15304219722747803,0.11361384766981161,-0.8766822538734689,13.17694223347898,13.195666599386511,0.03951108083128929,18.079275004900765
carpet,2,blob,0.0081939697265625,motion,4,identity,classical,0.93363356590271,1.0,0.0,18.52480154777039,18.524825162317956,0.13295094668865204,18.524825162317956
carpet,2,blob,0.0081939697265625,motion,4,wiener_nsr_1e-05,classical,0.8844902515411377,0.794111092584878,-0.050153259002479134,18.14303186979869,18.141348962166074,0.07129522413015366,18.524825162317956
carpet,2,blob,0.0081939697265625,motion,4,wiener_nsr_0.0001,classical,0.8844107389450073,0.7941109414645474,-0.050154845370375734,18.143060090825877,18.141378490492738,0.07129506021738052,18.524825162317956
carpet,2,blob,0.0081939697265625,motion,4,wiener_nsr_0.001,classical,0.8836154937744141,0.7941110422114345,-0.05017475428747642,18.143305120349606,18.141645045456116,0.0712934359908104,18.524825162317956
carpet,2,blob,0.0081939697265625,motion,4,wiener_nsr_0.01,classical,0.8757417798042297,0.7941109414645474,-0.050736645796410684,18.142529460709547,18.14108796158027,0.07127394527196884,18.524825162317956
carpet,2,blob,0.0081939697265625,motion,4,wiener_nsr_0.1,classical,0.804090142250061,0.7941110422114345,-0.08773360060459656,17.876353026815714,17.877841018838584,0.07078758627176285,18.524825162317956
carpet,2,blob,0.0081939697265625,motion,4,wiener_nsr_1,classical,0.4422495663166046,0.7941105888504427,-0.9752707454088927,13.260440345201394,13.275184086888261,0.05569000169634819,18.524825162317956
carpet,3,texture,0.005035400390625,defocus,2,identity,classical,0.6926053166389465,1.0,0.0,22.109768489266767,22.127554636668112,0.6411659121513367,22.127554636668112
carpet,3,texture,0.005035400390625,defocus,2,wiener_nsr_1e-05,classical,0.6851071715354919,0.19521661470668655,-1.8122733970067628,13.230566339994013,13.232526857612214,-0.04765494540333748,22.127554636668112
carpet,3,texture,0.005035400390625,defocus,2,wiener_nsr_0.0001,classical,0.5824515223503113,0.2610510679563872,-1.471812233042638,14.346150068021286,14.351952808269274,-0.059414420276880264,22.127554636668112
carpet,3,texture,0.005035400390625,defocus,2,wiener_nsr_0.001,classical,0.47240373492240906,0.3354305607009619,-1.3211794621243018,14.908230352447214,14.919198286094629,-0.062004681676626205,22.127554636668112
carpet,3,texture,0.005035400390625,defocus,2,wiener_nsr_0.01,classical,0.41049331426620483,0.37960522488127624,-1.1753846516000745,15.471967765275378,15.484508737878134,-0.06445394456386566,22.127554636668112
carpet,3,texture,0.005035400390625,defocus,2,wiener_nsr_0.1,classical,0.3104130029678345,0.4390136836762876,-0.9766975137385008,16.34597037023481,16.356942572197216,-0.03496987000107765,22.127554636668112
carpet,3,texture,0.005035400390625,defocus,2,wiener_nsr_1,classical,0.12465304881334305,0.5973820172706281,-2.01714820478305,13.200018492792907,13.19602861222985,0.03444953262805939,22.127554636668112
carpet,3,texture,0.005035400390625,defocus,3,identity,classical,0.6154541969299316,1.0,0.0,19.69260631587888,19.710648284158804,0.3092760741710663,19.710648284158804
carpet,3,texture,0.005035400390625,defocus,3,wiener_nsr_1e-05,classical,0.7007327675819397,0.06497781701216829,-1.3819252615654922,12.188681299947381,12.192952954990481,-0.041732314974069595,19.710648284158804
carpet,3,texture,0.005035400390625,defocus,3,wiener_nsr_0.0001,classical,0.46625807881355286,0.09479726930120302,-0.9436920502122381,13.959165738143952,13.965930056010528,-0.077072374522686,19.710648284158804
carpet,3,texture,0.005035400390625,defocus,3,wiener_nsr_0.001,classical,0.3182559907436371,0.11247599832552535,-0.7460053071981536,14.964856628202124,14.974889673600714,-0.12196055799722672,19.710648284158804
carpet,3,texture,0.005035400390625,defocus,3,wiener_nsr_0.01,classical,0.258216917514801,0.13048284724679432,-0.5922806861753243,15.792461063011082,15.804392716494247,-0.18464772403240204,19.710648284158804
carpet,3,texture,0.005035400390625,defocus,3,wiener_nsr_0.1,classical,0.16904881596565247,0.22707379773448585,-0.40241419976794024,16.894274377370873,16.90518861264057,-0.08306872099637985,19.710648284158804
carpet,3,texture,0.005035400390625,defocus,3,wiener_nsr_1,classical,0.06871633231639862,0.40771557118877244,-1.2667789058581698,13.238345180817927,13.23366107959914,0.034658972173929214,19.710648284158804
carpet,3,texture,0.005035400390625,defocus,4,identity,classical,0.5590993165969849,1.0,0.0,18.34687776209212,18.36481888275226,0.031469736248254776,18.36481888275226
carpet,3,texture,0.005035400390625,defocus,4,wiener_nsr_1e-05,classical,0.49896571040153503,0.06986491086233486,-1.047246826964452,12.10742275734643,12.110592152253252,0.0690256655216217,18.36481888275226
carpet,3,texture,0.005035400390625,defocus,4,wiener_nsr_0.0001,classical,0.31936395168304443,0.07523700036800136,-0.49940913823412636,14.626630750546878,14.631562981394081,0.12575502693653107,18.36481888275226
carpet,3,texture,0.005035400390625,defocus,4,wiener_nsr_0.001,classical,0.2214958369731903,0.09039403403129545,-0.26391212115237184,16.211979474148425,16.219272438703193,0.15582558512687683,18.36481888275226
carpet,3,texture,0.005035400390625,defocus,4,wiener_nsr_0.01,classical,0.14242641627788544,0.13031048034899584,-0.09719940879028166,17.582042634136602,17.593134340847524,0.12830661237239838,18.36481888275226
carpet,3,texture,0.005035400390625,defocus,4,wiener_nsr_0.1,classical,0.09174065291881561,0.24383408727701592,-0.07458784076617553,17.813121677716634,17.822060764612896,0.08134470134973526,18.36481888275226
carpet,3,texture,0.005035400390625,defocus,4,wiener_nsr_1,classical,0.041921503841876984,0.3802949258767616,-0.9260579588109463,13.29098067718567,13.284888771653325,0.05727638304233551,18.36481888275226
carpet,3,texture,0.005035400390625,motion,2,identity,classical,0.7106373906135559,1.0,0.0,20.552847772669132,20.570963364586667,0.49114975333213806,20.570963364586667
carpet,3,texture,0.005035400390625,motion,2,wiener_nsr_1e-05,classical,1.637833595275879,0.05645365915658062,-2.01430523364434,11.06344915051259,11.06079046200201,0.0849241316318512,20.570963364586667
carpet,3,texture,0.005035400390625,motion,2,wiener_nsr_0.0001,classical,1.3524227142333984,0.11947364572384256,-1.1348931197409127,13.85257050705537,13.846564799121147,0.17538900673389435,20.570963364586667
carpet,3,texture,0.005035400390625,motion,2,wiener_nsr_0.001,classical,0.8968056440353394,0.22589779914843372,-0.6969703527546887,15.827165018308637,15.830320062765434,0.2515422999858856,20.570963364586667
carpet,3,texture,0.005035400390625,motion,2,wiener_nsr_0.01,classical,0.573383092880249,0.3165468688945923,-0.48269859302352813,17.081310234938524,17.092190617905242,0.28947126865386963,20.570963364586667
carpet,3,texture,0.005035400390625,motion,2,wiener_nsr_0.1,classical,0.38447022438049316,0.39896510605997393,-0.360461531008637,17.85062540307688,17.861725535826693,0.2940342426300049,20.570963364586667
carpet,3,texture,0.005035400390625,motion,2,wiener_nsr_1,classical,0.16639341413974762,0.5976956635258935,-1.4463073270544267,13.37719315150343,13.37315259279636,0.13851730525493622,20.570963364586667
carpet,3,texture,0.005035400390625,motion,3,identity,classical,0.6796948313713074,1.0,0.0,20.291502822935183,20.308602640686857,0.47164830565452576,20.308602640686857
carpet,3,texture,0.005035400390625,motion,3,wiener_nsr_1e-05,classical,0.7998304963111877,0.008515828121329507,-1.9477300670134743,10.977783938230395,10.979533875032757,0.013844507746398449,20.308602640686857
carpet,3,texture,0.005035400390625,motion,3,wiener_nsr_0.0001,classical,0.653803825378418,0.07777839542868904,-1.1484011153365508,13.584782783539646,13.583607712476857,-0.038032133132219315,20.308602640686857
carpet,3,texture,0.005035400390625,motion,3,wiener_nsr_0.001,classical,0.4626985192298889,0.13310131608647807,-0.9059788020662287,14.690371818768961,14.696348692072366,-0.165253147482872,20.308602640686857
carpet,3,texture,0.005035400390625,motion,3,wiener_nsr_0.01,classical,0.3003852069377899,0.17374921862055173,-0.7858651912194414,15.301177677819002,15.312373338790376,-0.24299311637878418,20.308602640686857
carpet,3,texture,0.005035400390625,motion,3,wiener_nsr_0.1,classical,0.2081952542066574,0.23835235442912364,-0.6738895559089133,15.943571508959433,15.953701948618363,-0.22372162342071533,20.308602640686857
carpet,3,texture,0.005035400390625,motion,3,wiener_nsr_1,classical,0.09400343894958496,0.36606578931651773,-1.4488040039793608,13.033287500723393,13.029392901732137,-0.06572020053863525,20.308602640686857
carpet,3,texture,0.005035400390625,motion,4,identity,classical,0.5314792394638062,1.0,0.0,18.902186150106377,18.91907176148197,0.17043791711330414,18.91907176148197
carpet,3,texture,0.005035400390625,motion,4,wiener_nsr_1e-05,classical,0.4560176730155945,0.8296242301208573,-0.09013678348412202,18.141015200576526,18.158315178844425,0.03134810924530029,18.91907176148197
carpet,3,texture,0.005035400390625,motion,4,wiener_nsr_0.0001,classical,0.4559766948223114,0.8296245714218917,-0.09014228897395826,18.14106528954256,18.158363614978292,0.03135136142373085,18.91907176148197
carpet,3,texture,0.005035400390625,motion,4,wiener_nsr_0.001,classical,0.4555667042732239,0.829623632844047,-0.09020169896129482,18.141531935565446,18.158811476296925,0.031383808702230453,18.91907176148197
carpet,3,texture,0.005035400390625,motion,4,wiener_nsr_0.01,classical,0.45150718092918396,0.8296257659755122,-0.09118282655299392,18.142947735301295,18.16002215059504,0.03170385956764221,18.91907176148197
carpet,3,texture,0.005035400390625,motion,4,wiener_nsr_0.1,classical,0.41456571221351624,0.8296239741450815,-0.13241500119436256,17.89513689504266,17.909025261624546,0.034493688493967056,18.91907176148197
carpet,3,texture,0.005035400390625,motion,4,wiener_nsr_1,classical,0.2280111163854599,0.8296241447955987,-1.050344992892577,13.295226018692672,13.29205465722416,0.039964646100997925,18.91907176148197
carpet,4,scratch,0.0060577392578125,defocus,2,identity,classical,0.842589795589447,1.0,0.0,22.018576532824838,22.01431257322146,0.6433596611022949,22.01431257322146
carpet,4,scratch,0.0060577392578125,defocus,2,wiener_nsr_1e-05,classical,0.003676753491163254,0.07684339627130271,-1.898723892548552,12.838442829448004,12.82035955468494,-0.05942107364535332,22.01431257322146
carpet,4,scratch,0.0060577392578125,defocus,2,wiener_nsr_0.0001,classical,0.007643904071301222,0.09604647593975976,-1.51960961662247,14.053317750364858,14.03614816005215,-0.08691399544477463,22.01431257322146
carpet,4,scratch,0.0060577392578125,defocus,2,wiener_nsr_0.001,classical,0.011248807422816753,0.10934411552121667,-1.3555912236050838,14.653077465701061,14.63534251051123,-0.09594149142503738,22.01431257322146
carpet,4,scratch,0.0060577392578125,defocus,2,wiener_nsr_0.01,classical,0.008960113860666752,0.11752150659048678,-1.207455597032176,15.228179541814363,15.205480296694532,-0.10414993017911911,22.01431257322146
carpet,4,scratch,0.0060577392578125,defocus,2,wiener_nsr_0.1,classical,0.0043839565478265285,0.1389917237857429,-1.000460181061451,16.133273125337176,16.09631170069408,-0.07732754945755005,22.01431257322146
carpet,4,scratch,0.0060577392578125,defocus,2,wiener_nsr_1,classical,0.0009195439051836729,0.186716152441974,-1.9575718277201597,13.217467091489858,13.175542054185033,0.019052473828196526,22.01431257322146
carpet,4,scratch,0.0060577392578125,defocus,3,identity,classical,0.7423022389411926,1.0,0.0,19.57359341840744,19.568040490336486,0.3087315261363983,19.568040490336486
carpet,4,scratch,0.0060577392578125,defocus,3,wiener_nsr_1e-05,classical,0.0061238300986588,0.009026884287221022,-1.425077319270057,11.906432795925664,11.895310378285227,-0.036690011620521545,19.568040490336486
carpet,4,scratch,0.0060577392578125,defocus,3,wiener_nsr_0.0001,classical,0.012970753945410252,0.011040028041387684,-0.9651261028677105,13.729266928584178,13.717603160168315,-0.0743996724486351,19.568040490336486
carpet,4,scratch,0.0060577392578125,defocus,3,wiener_nsr_0.001,classical,0.020412417128682137,0.020535456926274617,-0.7539631985453852,14.783454368343413,14.767011604397261,-0.1212783083319664,19.568040490336486
carpet,4,scratch,0.0060577392578125,defocus,3,wiener_nsr_0.01,classical,0.020214153453707695,0.024714611283681246,-0.5932798353093744,15.65026305072163,15.627041554242796,-0.18228094279766083,19.568040490336486
carpet,4,scratch,0.0060577392578125,defocus,3,wiener_nsr_0.1,classical,0.007288173772394657,0.037412399970635404,-0.3965360216992184,16.8029235030291,16.763137774430724,-0.08209776133298874,19.568040490336486
carpet,4,scratch,0.0060577392578125,defocus,3,wiener_nsr_1,classical,0.0009992588311433792,0.002419849061056497,-1.2128954559894911,13.272723318073476,13.23112464668132,0.033861298114061356,19.568040490336486
carpet,4,scratch,0.0060577392578125,defocus,4,identity,classical,0.5854488611221313,1.0,0.0,18.210923948799273,18.20244882172925,0.02732877992093563,18.20244882172925
carpet,4,scratch,0.0060577392578125,defocus,4,wiener_nsr_1e-05,classical,0.006014404818415642,0.06176840273301534,-0.9979896594534856,12.176569220029418,12.167322130438148,0.016337666660547256,18.20244882172925
carpet,4,scratch,0.0060577392578125,defocus,4,wiener_nsr_0.0001,classical,0.015471919439733028,0.04784631485487537,-0.5448105060001285,14.29725960918052,14.288843960574276,0.028020745143294334,18.20244882172925
carpet,4,scratch,0.0060577392578125,defocus,4,wiener_nsr_0.001,classical,0.031275708228349686,0.07016881585318689,-0.32566025457820436,15.72574734843284,15.711506532500172,0.045406538993120193,18.20244882172925
carpet,4,scratch,0.0060577392578125,defocus,4,wiener_nsr_0.01,classical,0.03253303840756416,0.01794673138463449,-0.1349171347062088,17.158575136328665,17.129112066193688,0.05198153853416443,18.20244882172925
carpet,4,scratch,0.0060577392578125,defocus,4,wiener_nsr_0.1,classical,0.008927805349230766,0.0012128771788689288,-0.08129491497979169,17.631737723202715,17.581912835466778,0.059387173503637314,18.20244882172925
carpet,4,scratch,0.0060577392578125,defocus,4,wiener_nsr_1,classical,0.0007665439043194056,0.008851487675765712,-0.8789589327450538,13.31482425402542,13.272421190381433,0.05247770622372627,18.20244882172925
carpet,4,scratch,0.0060577392578125,motion,2,identity,classical,0.9175987839698792,1.0,0.0,21.123733153309235,21.118198676983337,0.5767650604248047,21.118198676983337
carpet,4,scratch,0.0060577392578125,motion,2,wiener_nsr_1e-05,classical,0.05351947620511055,0.11246680895980138,-2.0827852154955764,11.568296963304652,11.56981550878109,0.1664971262216568,21.118198676983337
carpet,4,scratch,0.0060577392578125,motion,2,wiener_nsr_0.0001,classical,0.04718725383281708,0.12850927602826126,-1.2586992354250262,14.078630635370118,14.072434435564382,0.28720822930336,21.118198676983337
carpet,4,scratch,0.0060577392578125,motion,2,wiener_nsr_0.001,classical,0.029399817809462547,0.16525804333295357,-0.7945605168100871,16.02372897122206,16.004575617220887,0.3428741991519928,21.118198676983337
carpet,4,scratch,0.0060577392578125,motion,2,wiener_nsr_0.01,classical,0.012038455344736576,0.23939612057485105,-0.6339514963503572,16.892112139917323,16.859937428442763,0.2416178435087204,21.118198676983337
carpet,4,scratch,0.0060577392578125,motion,2,wiener_nsr_0.1,classical,0.007249159272760153,0.2816481846483934,-0.5948949279111013,17.19246819253052,17.144908359286113,0.16556721925735474,21.118198676983337
carpet,4,scratch,0.0060577392578125,motion,2,wiener_nsr_1,classical,0.004783331882208586,0.31699724929898304,-1.656705253615245,13.333608408709432,13.29041910967394,0.09361793845891953,21.118198676983337
carpet,4,scratch,0.0060577392578125,motion,3,identity,classical,0.4742242097854614,1.0,0.0,19.607075328342173,19.594668164792143,0.3558236062526703,19.594668164792143
carpet,4,scratch,0.0060577392578125,motion,3,wiener_nsr_1e-05,classical,0.10801595449447632,0.14428369963303647,-1.985272972421651,10.287740503279618,10.287495381185781,0.05428226664662361,19.594668164792143
carpet,4,scratch,0.0060577392578125,motion,3,wiener_nsr_0.0001,classical,0.09208842366933823,0.11816177975141717,-1.185530695404272,12.803358148875608,12.794523477792252,0.0334448516368866,19.594668164792143
carpet,4,scratch,0.0060577392578125,motion,3,wiener_nsr_0.001,classical,0.09176549315452576,0.11691534193275929,-0.7803195878706723,14.586895022889435,14.567812888254988,-0.11235949397087097,19.594668164792143
carpet,4,scratch,0.0060577392578125,motion,3,wiener_nsr_0.01,classical,0.09688522666692734,0.21727038772305554,-0.6387921065406625,15.356308485460655,15.330513478248713,-0.23180828988552094,19.594668164792143
carpet,4,scratch,0.0060577392578125,motion,3,wiener_nsr_0.1,classical,0.06281834840774536,0.36765283677643307,-0.5061719181455886,16.160858704389184,16.119472608416853,-0.19601722061634064,19.594668164792143
carpet,4,scratch,0.0060577392578125,motion,3,wiener_nsr_1,classical,0.013361247256398201,0.322467390514338,-1.2229230946374998,13.161388134320928,13.119886261006622,-0.02433769963681698,19.594668164792143
carpet,4,scratch,0.0060577392578125,motion,4,identity,classical,0.42841628193855286,1.0,0.0,18.30436744869681,18.29132305672993,0.07043197751045227,18.29132305672993
carpet,4,scratch,0.0060577392578125,motion,4,wiener_nsr_1e-05,classical,0.040812794119119644,0.27767122925836507,-1.141586758376496,11.707814022740823,11.699000358574489,0.012577441520988941,18.29132305672993
carpet,4,scratch,0.0060577392578125,motion,4,wiener_nsr_0.0001,classical,0.03200937807559967,0.36477789944196404,-0.685738257462684,13.709485095752441,13.690964191516937,0.021873079240322113,18.29132305672993
carpet,4,scratch,0.0060577392578125,motion,4,wiener_nsr_0.001,classical,0.033772021532058716,0.38096638614328654,-0.35354819465519305,15.614232185357544,15.588354503718385,0.059514015913009644,18.29132305672993
carpet,4,scratch,0.0060577392578125,motion,4,wiener_nsr_0.01,classical,0.040819935500621796,0.2209282549495189,-0.1364715707112245,17.178170693303688,17.14506387954072,0.10282380133867264,18.29132305672993
carpet,4,scratch,0.0060577392578125,motion,4,wiener_nsr_0.1,classical,0.022279581055045128,0.06447651967404096,-0.08425539920517222,17.652873075316197,17.604826672922684,0.07710325717926025,18.29132305672993
carpet,4,scratch,0.0060577392578125,motion,4,wiener_nsr_1,classical,0.0031042268965393305,0.008633685636120521,-0.8922310688763615,13.312300343509163,13.27018767870096,0.052396684885025024,18.29132305672993
carpet,5,blob,0.017852783203125,defocus,2,identity,classical,0.9939320087432861,1.0,0.0,22.06342755535081,22.067677853326874,0.6384783983230591,22.067677853326874
carpet,5,blob,0.017852783203125,defocus,2,wiener_nsr_1e-05,classical,0.7228496074676514,0.025472273707827425,-1.7477211440225346,13.376736856267499,13.363158685833456,-0.0868670642375946,22.067677853326874
carpet,5,blob,0.017852783203125,defocus,2,wiener_nsr_0.0001,classical,0.7414483428001404,0.028386537708626768,-1.482721018011783,14.268531894044783,14.258697987422263,-0.11112994700670242,22.067677853326874
carpet,5,blob,0.017852783203125,defocus,2,wiener_nsr_0.001,classical,0.7481887340545654,0.0342788408421112,-1.3567475849554795,14.735298352987744,14.725780175951613,-0.12112269550561905,22.067677853326874
carpet,5,blob,0.017852783203125,defocus,2,wiener_nsr_0.01,classical,0.7419420480728149,0.049532787635866694,-1.2259479401119364,15.242222634266223,15.230524414220026,-0.13495738804340363,22.067677853326874
carpet,5,blob,0.017852783203125,defocus,2,wiener_nsr_0.1,classical,0.680855929851532,0.0997164766995363,-1.0283527826081897,16.108375589687196,16.10283406797327,-0.11068707704544067,22.067677853326874
carpet,5,blob,0.017852783203125,defocus,2,wiener_nsr_1,classical,0.3734966218471527,0.21694236401095796,-1.9868873696515705,13.233479175409268,13.253041007996156,0.008888800628483295,22.067677853326874
carpet,5,blob,0.017852783203125,defocus,3,identity,classical,0.9877833724021912,1.0,0.0,19.660456928667827,19.65888021839014,0.3046327531337738,19.65888021839014
carpet,5,blob,0.017852783203125,defocus,3,wiener_nsr_1e-05,classical,0.6741800308227539,0.09270746615219555,-1.191743209518298,12.908556745185749,12.898028489976952,-0.03381441533565521,19.65888021839014
carpet,5,blob,0.017852783203125,defocus,3,wiener_nsr_0.0001,classical,0.6528993248939514,0.09419556970336121,-0.8644301663379259,14.336415670246572,14.317830101263985,-0.059460703283548355,19.65888021839014
carpet,5,blob,0.017852783203125,defocus,3,wiener_nsr_0.001,classical,0.6498490571975708,0.11297329174690442,-0.7094854147694682,15.145693568178558,15.119349191808332,-0.10476163774728775,19.65888021839014
carpet,5,blob,0.017852783203125,defocus,3,wiener_nsr_0.01,classical,0.6437738537788391,0.12119315601743418,-0.5666607495144913,15.91685762567865,15.886816970242734,-0.16645988821983337,19.65888021839014
carpet,5,blob,0.017852783203125,defocus,3,wiener_nsr_0.1,classical,0.5905548334121704,0.09684475084699701,-0.3880197270159398,16.964284658608413,16.948582206001664,-0.07491690665483475,19.65888021839014
carpet,5,blob,0.017852783203125,defocus,3,wiener_nsr_1,classical,0.3233976662158966,0.06652591385097088,-1.2385705992279856,13.311662138248945,13.331431361120288,0.03532462194561958,19.65888021839014
carpet,5,blob,0.017852783203125,defocus,4,identity,classical,0.9743698835372925,1.0,0.0,18.326276614046243,18.319203153679297,0.025256985798478127,18.319203153679297
carpet,5,blob,0.017852783203125,defocus,4,wiener_nsr_1e-05,classical,0.5444066524505615,0.04019903176947727,-0.8489788071302016,12.972987141752121,12.963438575362003,-0.001851939596235752,18.319203153679297
carpet,5,blob,0.017852783203125,defocus,4,wiener_nsr_0.0001,classical,0.47174784541130066,0.08263540206288804,-0.5260150552580831,14.617028044950269,14.60806634227133,-0.007251732517033815,18.319203153679297
carpet,5,blob,0.017852783203125,defocus,4,wiener_nsr_0.001,classical,0.4562946856021881,0.1327139620468656,-0.3434903530839786,15.769133224398379,15.76073296379355,-0.002836506115272641,18.319203153679297
carpet,5,blob,0.017852783203125,defocus,4,wiener_nsr_0.01,classical,0.44818389415740967,0.14438169687562588,-0.14656084262458768,17.179963760361893,17.169079869795837,0.01758444495499134,18.319203153679297
carpet,5,blob,0.017852783203125,defocus,4,wiener_nsr_0.1,classical,0.4108710289001465,0.11214607951131585,-0.08249607956380856,17.726011048812744,17.718950528648733,0.05615057051181793,18.319203153679297
carpet,5,blob,0.017852783203125,defocus,4,wiener_nsr_1,classical,0.2245510220527649,0.09523759513318646,-0.9086364713137622,13.350808006546,13.372815257773993,0.05439513921737671,18.319203153679297
carpet,5,blob,0.017852783203125,motion,2,identity,classical,0.9891582131385803,1.0,0.0,21.179964738927662,21.164915470678856,0.5773997902870178,21.164915470678856
carpet,5,blob,0.017852783203125,motion,2,wiener_nsr_1e-05,classical,0.7888320684432983,0.06297101335409132,-1.5403473540811299,13.185095767887663,13.186761877646838,0.2206137329339981,21.164915470678856
carpet,5,blob,0.017852783203125,motion,2,wiener_nsr_0.0001,classical,0.8380061984062195,0.1408258915620709,-0.9226833111097659,15.434444196350794,15.444351589567987,0.32477593421936035,21.164915470678856
carpet,5,blob,0.017852783203125,motion,2,wiener_nsr_0.001,classical,0.8424990177154541,0.24579276016786897,-0.691624038328573,16.630722966132744,16.636116519196044,0.30019280314445496,21.164915470678856
carpet,5,blob,0.017852783203125,motion,2,wiener_nsr_0.01,classical,0.8349047899246216,0.3138523797551589,-0.660082381774046,16.905608313589255,16.901878443239937,0.1883639097213745,21.164915470678856
carpet,5,blob,0.017852783203125,motion,2,wiener_nsr_0.1,classical,0.765870988368988,0.4021325207418725,-0.6197074264109281,17.197519438057128,17.19471237103049,0.15108118951320648,21.164915470678856
carpet,5,blob,0.017852783203125,motion,2,wiener_nsr_1,classical,0.4191397726535797,0.49399568723770476,-1.6934817101243391,13.366365909177327,13.385134234923058,0.09820476919412613,21.164915470678856
carpet,5,blob,0.017852783203125,motion,3,identity,classical,0.9741026759147644,1.0,0.0,19.148461049599568,19.13386895310824,0.23399652540683746,19.13386895310824
carpet,5,blob,0.017852783203125,motion,3,wiener_nsr_1e-05,classical,0.6073972582817078,0.05311004934072733,-1.196326841429384,12.355430164220527,12.335229588350202,-0.050173502415418625,19.13386895310824
carpet,5,blob,0.017852783203125,motion,3,wiener_nsr_0.0001,classical,0.6308953762054443,0.05437081589114564,-0.794362686728799,14.07692728812247,14.053254393488011,-0.06986449658870697,19.13386895310824
carpet,5,blob,0.017852783203125,motion,3,wiener_nsr_0.001,classical,0.6474644541740417,0.02502938833804595,-0.5859902527401661,15.219831078523177,15.191619217114145,-0.070641428232193,19.13386895310824
carpet,5,blob,0.017852783203125,motion,3,wiener_nsr_0.01,classical,0.6436026096343994,0.08159135194164566,-0.42328131525572665,16.196258517753915,16.164598622603062,-0.04024787247180939,19.13386895310824
carpet,5,blob,0.017852783203125,motion,3,wiener_nsr_0.1,classical,0.590598464012146,0.051845560916868164,-0.24369180149969605,17.33827248173547,17.322162668914352,0.056776564568281174,19.13386895310824
carpet,5,blob,0.017852783203125,motion,3,wiener_nsr_1,classical,0.3236459791660309,0.06147335843007482,-1.0902160434479526,13.346061569363021,13.365698990865729,0.060349222272634506,19.13386895310824
carpet,5,blob,0.017852783203125,motion,4,identity,classical,0.9669253826141357,1.0,0.0,19.704347226760245,19.7093346836602,0.334968239068985,19.7093346836602
carpet,5,blob,0.017852783203125,motion,4,wiener_nsr_1e-05,classical,0.9475361108779907,0.9237507699388736,-0.23902233495143244,17.824451226518093,17.812452415065586,-0.02175314910709858,19.7093346836602
carpet,5,blob,0.017852783203125,motion,4,wiener_nsr_0.0001,classical,0.9474506974220276,0.9237502424544484,-0.23902854179221067,17.824530637130408,17.81253502846895,-0.021745910868048668,19.7093346836602
carpet,5,blob,0.017852783203125,motion,4,wiener_nsr_0.001,classical,0.9465988874435425,0.9237506945839558,-0.2390937136203828,17.82529834791845,17.813328979398907,-0.021673545241355896,19.7093346836602
carpet,5,blob,0.017852783203125,motion,4,wiener_nsr_0.01,classical,0.9381639361381531,0.923749790324941,-0.24010634143794607,17.82999090165835,17.818304743170984,-0.020954862236976624,19.7093346836602
carpet,5,blob,0.017852783203125,motion,4,wiener_nsr_0.1,classical,0.861405074596405,0.9237501670995304,-0.2828371542219206,17.63396232641208,17.626427298846707,-0.01425887644290924,19.7093346836602
carpet,5,blob,0.017852783203125,motion,4,wiener_nsr_1,classical,0.4737727642059326,0.9237492628405157,-1.236940304978598,13.325752200293252,13.3406422169947,0.017326047644019127,19.7093346836602
carpet,6,texture,0.0126495361328125,defocus,2,identity,classical,0.942513644695282,1.0,0.0,22.156303210262056,22.179772595619763,0.640195906162262,22.179772595619763
carpet,6,texture,0.0126495361328125,defocus,2,wiener_nsr_1e-05,classical,0.6487160325050354,0.20606358505504474,-1.7340845363282114,13.505575021408356,13.501090484527122,-0.06669339537620544,22.179772595619763
carpet,6,texture,0.0126495361328125,defocus,2,wiener_nsr_0.0001,classical,0.6529925465583801,0.23663496190541838,-1.4618273202154635,14.414849696264467,14.408138612630419,-0.08113206177949905,22.179772595619763
carpet,6,texture,0.0126495361328125,defocus,2,wiener_nsr_0.001,classical,0.6553881168365479,0.25159840607120515,-1.3354646189184192,14.889668949437995,14.88007400035915,-0.08663829416036606,22.179772595619763
carpet,6,texture,0.0126495361328125,defocus,2,wiener_nsr_0.01,classical,0.6492313742637634,0.26690135018642125,-1.2023100959048079,15.408569291341456,15.394458072695347,-0.095753014087677,22.179772595619763
carpet,6,texture,0.0126495361328125,defocus,2,wiener_nsr_0.1,classical,0.5924938917160034,0.29948096724998874,-1.0030810936695573,16.292620830376883,16.26048610892441,-0.06969474256038666,22.179772595619763
carpet,6,texture,0.0126495361328125,defocus,2,wiener_nsr_1,classical,0.32151055335998535,0.3451257875381891,-2.003493302099962,13.293163092532453,13.212138980674988,0.023126734420657158,22.179772595619763
carpet,6,texture,0.0126495361328125,defocus,3,identity,classical,0.9174366593360901,1.0,0.0,19.730449155966816,19.75567073037764,0.3069615662097931,19.75567073037764
carpet,6,texture,0.0126495361328125,defocus,3,wiener_nsr_1e-05,classical,0.5532416105270386,0.10614931405934215,-1.1758781840912356,13.038386840707108,13.030650509848307,-0.05094892904162407,19.75567073037764
carpet,6,texture,0.0126495361328125,defocus,3,wiener_nsr_0.0001,classical,0.5593611598014832,0.13351309679346232,-0.8819171795537781,14.333765933447047,14.323841604799634,-0.08358830213546753,19.75567073037764
carpet,6,texture,0.0126495361328125,defocus,3,wiener_nsr_0.001,classical,0.5631433129310608,0.15539388399601514,-0.7333137032243464,15.095035362840283,15.081685752721372,-0.1250150352716446,19.75567073037764
carpet,6,texture,0.0126495361328125,defocus,3,wiener_nsr_0.01,classical,0.5590695738792419,0.1818315314500136,-0.5864725281951677,15.855530818565606,15.835268229805756,-0.18637414276599884,19.75567073037764
carpet,6,texture,0.0126495361328125,defocus,3,wiener_nsr_0.1,classical,0.5094956755638123,0.20727956886760524,-0.3995258649034592,16.95105335953954,16.901505870130666,-0.08550480753183365,19.75567073037764
carpet,6,texture,0.0126495361328125,defocus,3,wiener_nsr_1,classical,0.27404114603996277,0.22202226221178603,-1.2508345857783718,13.348185806902745,13.258643290510717,0.03479808196425438,19.75567073037764
carpet,6,texture,0.0126495361328125,defocus,4,identity,classical,0.8787509202957153,1.0,0.0,18.384885174708742,18.408878180148353,0.02916664071381092,18.408878180148353
carpet,6,texture,0.0126495361328125,defocus,4,wiener_nsr_1e-05,classical,0.3828280568122864,0.04629135473002902,-0.7374139696508293,13.531788477646815,13.505289978507811,0.06816272437572479,18.408878180148353
carpet,6,texture,0.0126495361328125,defocus,4,wiener_nsr_0.0001,classical,0.38943153619766235,0.05725154302840401,-0.4482579099309876,15.094648669393253,15.058234318394133,0.08664865046739578,18.408878180148353
carpet,6,texture,0.0126495361328125,defocus,4,wiener_nsr_0.001,classical,0.3919525444507599,0.07175344094872682,-0.28183957937059256,16.22022705841938,16.174084213854165,0.10026707500219345,18.408878180148353
carpet,6,texture,0.0126495361328125,defocus,4,wiener_nsr_0.01,classical,0.38895460963249207,0.0933070854593451,-0.11943811538455518,17.45890162053067,17.394135360552184,0.08881714940071106,18.408878180148353
carpet,6,texture,0.0126495361328125,defocus,4,wiener_nsr_0.1,classical,0.3521451950073242,0.10287669265779771,-0.08147201475276411,17.795614526156548,17.699325170816767,0.07195810228586197,18.408878180148353
carpet,6,texture,0.0126495361328125,defocus,4,wiener_nsr_1,classical,0.18707028031349182,0.09496259133325459,-0.9117788465307952,13.400930519683232,13.295471341343823,0.05673525854945183,18.408878180148353
carpet,6,texture,0.0126495361328125,motion,2,identity,classical,0.9279420375823975,1.0,0.0,21.138930612091524,21.159942400133755,0.5432846546173096,21.159942400133755
carpet,6,texture,0.0126495361328125,motion,2,wiener_nsr_1e-05,classical,0.6537068486213684,0.13319792496115931,-2.60006062682583,10.361182046571889,10.35881337307573,0.17125765979290009,21.159942400133755
carpet,6,texture,0.0126495361328125,motion,2,wiener_nsr_0.0001,classical,0.7605643272399902,0.2062834476975486,-1.6342841879205934,12.886623644964047,12.892290991016061,0.2905066907405853,21.159942400133755
carpet,6,texture,0.0126495361328125,motion,2,wiener_nsr_0.001,classical,0.7631992697715759,0.262883257011528,-0.9902758390381643,15.198518788492304,15.197441672456605,0.367491751909256,21.159942400133755
carpet,6,texture,0.0126495361328125,motion,2,wiener_nsr_0.01,classical,0.7454692721366882,0.3388463177691232,-0.5710285360531069,17.224715921992516,17.206134346315554,0.2970291078090668,21.159942400133755
carpet,6,texture,0.0126495361328125,motion,2,wiener_nsr_0.1,classical,0.6745380163192749,0.39173079463235316,-0.5240482792635641,17.56419238069586,17.53390910144576,0.18190310895442963,21.159942400133755
carpet,6,texture,0.0126495361328125,motion,2,wiener_nsr_1,classical,0.3605724275112152,0.4266680630102048,-1.636827737141699,13.422403265787818,13.346144770968529,0.09260284900665283,21.159942400133755
carpet,6,texture,0.0126495361328125,motion,3,identity,classical,0.9073828458786011,1.0,0.0,18.784600076635535,18.811353057370773,0.14197991788387299,18.811353057370773
carpet,6,texture,0.0126495361328125,motion,3,wiener_nsr_1e-05,classical,0.5564326643943787,0.09345248909664744,-1.7863793586887744,10.122051951646045,10.118439942445514,-0.04844944551587105,18.811353057370773
carpet,6,texture,0.0126495361328125,motion,3,wiener_nsr_0.0001,classical,0.5985833406448364,0.10687170855668855,-1.1611492253774611,12.22083117528646,12.215359214466353,-0.06971929222345352,18.811353057370773
carpet,6,texture,0.0126495361328125,motion,3,wiener_nsr_0.001,classical,0.5923996567726135,0.12686774536038467,-0.580704682267992,14.815399949249814,14.797083296562612,0.0068646022118628025,18.811353057370773
carpet,6,texture,0.0126495361328125,motion,3,wiener_nsr_0.01,classical,0.5734805464744568,0.16591859858568747,-0.22168356672757272,17.063122807419397,17.025609656546084,0.100440114736557,18.811353057370773
carpet,6,texture,0.0126495361328125,motion,3,wiener_nsr_0.1,classical,0.5168503522872925,0.19760474732307767,-0.14335815722484035,17.66668362410128,17.603813215070872,0.07345523685216904,18.811353057370773
carpet,6,texture,0.0126495361328125,motion,3,wiener_nsr_1,classical,0.27891257405281067,0.2165845457314079,-0.9937414683952974,13.388948703859597,13.299464792751817,0.05613700672984123,18.811353057370773
carpet,6,texture,0.0126495361328125,motion,4,identity,classical,0.8745291829109192,1.0,0.0,18.42772970098078,18.45185589520533,0.05966566503047943,18.45185589520533
carpet,6,texture,0.0126495361328125,motion,4,wiener_nsr_1e-05,classical,0.3905225396156311,0.013071777452605052,-1.0804139059183115,12.052690522996523,12.015138012563371,0.03530242666602135,18.45185589520533
carpet,6,texture,0.0126495361328125,motion,4,wiener_nsr_0.0001,classical,0.42371687293052673,0.03572554663134413,-0.5719015240621734,14.396215535119058,14.339317924197983,0.07041778415441513,18.45185589520533
carpet,6,texture,0.0126495361328125,motion,4,wiener_nsr_0.001,classical,0.4202808737754822,0.06179349203373998,-0.31629373175989417,15.958281141826179,15.899374484380878,0.1176370158791542,18.45185589520533
carpet,6,texture,0.0126495361328125,motion,4,wiener_nsr_0.01,classical,0.4066682457923889,0.09061044383304517,-0.12044742018749677,17.422143327821097,17.351156989633317,0.15309858322143555,18.45185589520533
carpet,6,texture,0.0126495361328125,motion,4,wiener_nsr_0.1,classical,0.3640442192554474,0.09218492766300836,-0.06962323436949336,17.87602314764739,17.775330741500724,0.10953757166862488,18.45185589520533
carpet,6,texture,0.0126495361328125,motion,4,wiener_nsr_1,classical,0.19596412777900696,0.09506771994417643,-0.9062493863736019,13.406919843319951,13.302053924445493,0.06125297024846077,18.45185589520533
carpet,7,scratch,0.01239013671875,defocus,2,identity,classical,0.8805534243583679,1.0,0.0,22.01386013719609,21.973386538654363,0.6463621258735657,21.973386538654363
carpet,7,scratch,0.01239013671875,defocus,2,wiener_nsr_1e-05,classical,0.0048112813383340836,0.014305869619292064,-1.7171172824302183,13.398029522134651,13.27081706913669,-0.046306952834129333,21.973386538654363
carpet,7,scratch,0.01239013671875,defocus,2,wiener_nsr_0.0001,classical,0.012229198589920998,0.01903936700130022,-1.4673077151709837,14.226925927995413,14.071230048133287,-0.052066877484321594,21.973386538654363
carpet,7,scratch,0.01239013671875,defocus,2,wiener_nsr_0.001,classical,0.02047089859843254,0.021268423400878558,-1.3440081747674788,14.676763999172069,14.500059456994933,-0.05353407934308052,21.973386538654363
carpet,7,scratch,0.01239013671875,defocus,2,wiener_nsr_0.01,classical,0.014614056795835495,0.022946290629357817,-1.2115990862110602,15.19494816874717,14.992202019514512,-0.05563977360725403,21.973386538654363
carpet,7,scratch,0.01239013671875,defocus,2,wiener_nsr_0.1,classical,0.004565667826682329,0.033656177481157845,-1.0001801350220072,16.13442027858547,15.841171380589884,-0.023777181282639503,21.973386538654363
carpet,7,scratch,0.01239013671875,defocus,2,wiener_nsr_1,classical,0.0006756313960067928,0.0684007749162246,-1.978212188728183,13.228201481657237,12.951371507555038,0.037140872329473495,21.973386538654363
carpet,7,scratch,0.01239013671875,defocus,3,identity,classical,0.807586669921875,1.0,0.0,19.561340999196617,19.523798336314623,0.3130258619785309,19.523798336314623
carpet,7,scratch,0.01239013671875,defocus,3,wiener_nsr_1e-05,classical,0.003678724402561784,0.002736347417577442,-1.2694284957414643,12.528248883434117,12.425283191300139,-0.04859929904341698,19.523798336314623
carpet,7,scratch,0.01239013671875,defocus,3,wiener_nsr_0.0001,classical,0.007385448552668095,0.0005640691912260109,-0.9327510244735242,13.92291582671097,13.772424033613671,-0.08224862068891525,19.523798336314623
carpet,7,scratch,0.01239013671875,defocus,3,wiener_nsr_0.001,classical,0.010926506482064724,0.0005051442719979889,-0.771309392630585,14.71019805853924,14.523372125326892,-0.12839986383914948,19.523798336314623
carpet,7,scratch,0.01239013671875,defocus,3,wiener_nsr_0.01,classical,0.011565840803086758,0.006122206241557039,-0.6274602633653183,15.436990284321372,15.211923000714778,-0.19955889880657196,19.523798336314623
carpet,7,scratch,0.01239013671875,defocus,3,wiener_nsr_0.1,classical,0.005025126039981842,0.01641774925783037,-0.4249106714019466,16.602859439272414,16.260734371971658,-0.09562186151742935,19.523798336314623
carpet,7,scratch,0.01239013671875,defocus,3,wiener_nsr_1,classical,0.0005626286147162318,0.02170925356961122,-1.2311360082340963,13.258517894541278,12.974541727404674,0.031027942895889282,19.523798336314623
carpet,7,scratch,0.01239013671875,defocus,4,identity,classical,0.6919266581535339,1.0,0.0,18.182376519079835,18.129290519126315,0.030685653910040855,18.129290519126315
carpet,7,scratch,0.01239013671875,defocus,4,wiener_nsr_1e-05,classical,0.006492013577371836,0.00805911346601447,-0.8539777780850073,12.806525930756745,12.687326194088255,0.10096418857574463,18.129290519126315
carpet,7,scratch,0.01239013671875,defocus,4,wiener_nsr_0.0001,classical,0.013512898236513138,0.007572433536109258,-0.443923997548308,14.813754238595557,14.61661818564733,0.16433919966220856,18.129290519126315
carpet,7,scratch,0.01239013671875,defocus,4,wiener_nsr_0.001,classical,0.021909596398472786,0.0074940180133138265,-0.2414348235503756,16.163465541372155,15.891078966209967,0.1952611804008484,18.129290519126315
carpet,7,scratch,0.01239013671875,defocus,4,wiener_nsr_0.01,classical,0.022190488874912262,0.01305388682232215,-0.10306630475023004,17.29184837543653,16.927958955303183,0.14986659586429596,18.129290519126315
carpet,7,scratch,0.01239013671875,defocus,4,wiener_nsr_0.1,classical,0.005692496430128813,0.019531020804068586,-0.08769714537642526,17.524682233426095,17.079395981293086,0.07826400548219681,18.129290519126315
carpet,7,scratch,0.01239013671875,defocus,4,wiener_nsr_1,classical,0.00040189456194639206,0.014132533054555857,-0.8871321501922489,13.31283803485868,13.018743360648585,0.05380919203162193,18.129290519126315
carpet,7,scratch,0.01239013671875,motion,2,identity,classical,0.9623532295227051,1.0,0.0,21.09022034960645,21.077491206020774,0.6084420084953308,21.077491206020774
carpet,7,scratch,0.01239013671875,motion,2,wiener_nsr_1e-05,classical,0.03802557289600372,0.11305233618185956,-1.4204898267415715,13.520944233446691,13.390032357197528,0.16456124186515808,21.077491206020774
carpet,7,scratch,0.01239013671875,motion,2,wiener_nsr_0.0001,classical,0.028829259797930717,0.12872898149537626,-1.0096501354205585,15.125248211991803,14.938682032792103,0.2267507165670395,21.077491206020774
carpet,7,scratch,0.01239013671875,motion,2,wiener_nsr_0.001,classical,0.01733451522886753,0.14128120031814,-0.765091618799238,16.264362135487772,16.01788202536913,0.23068416118621826,21.077491206020774
carpet,7,scratch,0.01239013671875,motion,2,wiener_nsr_0.01,classical,0.008310738950967789,0.14823818588246807,-0.7164485718554305,16.55927874036192,16.286450922310593,0.14293734729290009,21.077491206020774
carpet,7,scratch,0.01239013671875,motion,2,wiener_nsr_0.1,classical,0.002693965332582593,0.1533499889747859,-0.693018928424282,16.786503791121817,16.445932850293968,0.10863462090492249,21.077491206020774
carpet,7,scratch,0.01239013671875,motion,2,wiener_nsr_1,classical,0.0007956461631692946,0.15958601170144399,-1.7216950288859674,13.255893290393042,12.977482041134484,0.07706377655267715,21.077491206020774
carpet,7,scratch,0.01239013671875,motion,3,identity,classical,0.9280546307563782,1.0,0.0,19.82360574705157,19.80634948101078,0.46449121832847595,19.80634948101078
carpet,7,scratch,0.01239013671875,motion,3,wiener_nsr_1e-05,classical,0.1003253310918808,0.002498278650990865,-1.7497572551907257,11.141859910125362,11.060188206348618,-0.03120710887014866,19.80634948101078
carpet,7,scratch,0.01239013671875,motion,3,wiener_nsr_0.0001,classical,0.03972433879971504,0.000377800333173226,-1.0262215847776948,13.768290738059788,13.620113944815703,-0.06790043413639069,19.80634948101078
carpet,7,scratch,0.01239013671875,motion,3,wiener_nsr_0.001,classical,0.022931203246116638,0.0009500864892165032,-0.8544244012817037,14.606097816977497,14.422795225569478,-0.0842796042561531,19.80634948101078
carpet,7,scratch,0.01239013671875,motion,3,wiener_nsr_0.01,classical,0.006920496001839638,0.00020470159623658,-0.6693927492670413,15.535311668059018,15.302278641015548,-0.04480075463652611,19.80634948101078
carpet,7,scratch,0.01239013671875,motion,3,wiener_nsr_0.1,classical,0.00042536601540632546,0.005441381460138792,-0.413965055786635,16.932541915458867,16.562877708137492,0.12701798975467682,19.80634948101078
carpet,7,scratch,0.01239013671875,motion,3,wiener_nsr_1,classical,4.202932814223459e-06,0.005585746176573197,-1.2775185703638128,13.364408290901812,13.0740279000263,0.13245688378810883,19.80634948101078
carpet,7,scratch,0.01239013671875,motion,4,identity,classical,0.7671189904212952,1.0,0.0,18.070673189720495,18.034250923269507,0.03972058370709419,18.034250923269507
carpet,7,scratch,0.01239013671875,motion,4,wiener_nsr_1e-05,classical,0.0755155086517334,0.02811883839971263,-0.9393711273402969,12.325850798200438,12.220196942823664,0.09015357494354248,18.034250923269507
carpet,7,scratch,0.01239013671875,motion,4,wiener_nsr_0.0001,classical,0.05555106699466705,0.009868790130663194,-0.4858145424182392,14.49555575108831,14.3070700978498,0.152570441365242,18.034250923269507
carpet,7,scratch,0.01239013671875,motion,4,wiener_nsr_0.001,classical,0.037025950849056244,0.0085479401463787,-0.2618606742033909,15.89519173621633,15.637119680518897,0.20492781698703766,18.034250923269507
carpet,7,scratch,0.01239013671875,motion,4,wiener_nsr_0.01,classical,0.020086688920855522,0.014392903327196803,-0.1026865470423961,17.094833137523757,16.74961684011677,0.20974142849445343,18.034250923269507
carpet,7,scratch,0.01239013671875,motion,4,wiener_nsr_0.1,classical,0.00434244517236948,0.007848755668806969,-0.06025978761511941,17.53475138169472,17.090666484059522,0.1209779754281044,18.034250923269507
carpet,7,scratch,0.01239013671875,motion,4,wiener_nsr_1,classical,0.00020444425172172487,0.0066854519330070495,-0.8484469700568353,13.31708397132601,13.02258331244633,0.06196298077702522,18.034250923269507
carpet,8,blob,0.011199951171875,defocus,2,identity,classical,0.9907336831092834,1.0,0.0,22.347548748195546,22.35283288631074,0.6419286727905273,22.35283288631074
carpet,8,blob,0.011199951171875,defocus,2,wiener_nsr_1e-05,classical,0.8053981065750122,0.055286940891294184,-1.8608871092593717,13.27030791545871,13.261025130886468,-0.03272639214992523,22.35283288631074
carpet,8,blob,0.011199951171875,defocus,2,wiener_nsr_0.0001,classical,0.7811621427536011,0.05927211995701526,-1.4892301175736211,14.453718243433498,14.439909913830709,-0.04454859718680382,22.35283288631074
carpet,8,blob,0.011199951171875,defocus,2,wiener_nsr_0.001,classical,0.7494518160820007,0.05500736771331814,-1.3274271156254143,15.08283283096177,15.075817714466691,-0.04887666925787926,22.35283288631074
carpet,8,blob,0.011199951171875,defocus,2,wiener_nsr_0.01,classical,0.6894676089286804,0.07556886845778683,-1.1783304372381282,15.686975283118525,15.688343093796691,-0.05296565964818001,22.35283288631074
carpet,8,blob,0.011199951171875,defocus,2,wiener_nsr_0.1,classical,0.605283796787262,0.09777793916206526,-0.9689863501645386,16.605714178491226,16.612063657428763,-0.016342338174581528,22.35283288631074
carpet,8,blob,0.011199951171875,defocus,2,wiener_nsr_1,classical,0.32614201307296753,0.09545239901647805,-1.9846563513659126,13.490605505653955,13.50663448604206,0.04578450322151184,22.35283288631074
carpet,8,blob,0.011199951171875,defocus,3,identity,classical,0.9814645051956177,1.0,0.0,19.928968603209473,19.934996296591393,0.311820924282074,19.934996296591393
carpet,8,blob,0.011199951171875,defocus,3,wiener_nsr_1e-05,classical,1.0785472393035889,0.007300259569855668,-1.3771652617721482,12.46892815171253,12.468172096719435,-0.07138261198997498,19.934996296591393
carpet,8,blob,0.011199951171875,defocus,3,wiener_nsr_0.0001,classical,0.8557142615318298,0.016812541003479946,-0.972078324410977,14.099168402299657,14.089767869413503,-0.12328386306762695,19.934996296591393
carpet,8,blob,0.011199951171875,defocus,3,wiener_nsr_0.001,classical,0.65663081407547,0.03556741685207371,-0.7898693047680554,15.002491496866938,14.997411714815536,-0.1737629771232605,19.934996296591393
carpet,8,blob,0.011199951171875,defocus,3,wiener_nsr_0.01,classical,0.5807874798774719,0.061885233042386904,-0.6299062461802307,15.839399220274244,15.838433822930764,-0.22708864510059357,19.934996296591393
carpet,8,blob,0.011199951171875,defocus,3,wiener_nsr_0.1,classical,0.5044558644294739,0.0899942951680073,-0.41927266443213584,17.02499225116939,17.027735360384355,-0.10023605823516846,19.934996296591393
carpet,8,blob,0.011199951171875,defocus,3,wiener_nsr_1,classical,0.26947689056396484,0.10745197244566147,-1.2495989974115722,13.50373635217646,13.520527897352569,0.03328508138656616,19.934996296591393
carpet,8,blob,0.011199951171875,defocus,4,identity,classical,0.9616327881813049,1.0,0.0,18.57928120170046,18.584271298204612,0.03453879803419113,18.584271298204612
carpet,8,blob,0.011199951171875,defocus,4,wiener_nsr_1e-05,classical,0.7818582653999329,0.00864259347711108,-0.9376642381030162,12.805183723912293,12.813402445917042,0.04063257575035095,18.584271298204612
carpet,8,blob,0.011199951171875,defocus,4,wiener_nsr_0.0001,classical,0.6284438967704773,0.01892965523482622,-0.5257442876865015,14.853627743849279,14.850786848815215,0.06919299811124802,18.584271298204612
carpet,8,blob,0.011199951171875,defocus,4,wiener_nsr_0.001,classical,0.4801337718963623,0.02259412294559296,-0.31737937599349975,16.200237804444907,16.198365855179343,0.08676449209451675,18.584271298204612
carpet,8,blob,0.011199951171875,defocus,4,wiener_nsr_0.01,classical,0.3760802745819092,0.01659723654577833,-0.14929449336271094,17.4278068379963,17.4250740893585,0.050667956471443176,18.584271298204612
carpet,8,blob,0.011199951171875,defocus,4,wiener_nsr_0.1,classical,0.3115479350090027,0.046373230908127346,-0.09578351783832373,17.881614636872403,17.88650172799001,0.05790417268872261,18.584271298204612
carpet,8,blob,0.011199951171875,defocus,4,wiener_nsr_1,classical,0.16213741898536682,0.10087490420577705,-0.9130316791547026,13.551998549122189,13.571117050221652,0.05634409189224243,18.584271298204612
carpet,8,blob,0.011199951171875,motion,2,identity,classical,0.9818477034568787,1.0,0.0,21.12486075677662,21.13247449793242,0.5931121706962585,21.13247449793242
carpet,8,blob,0.011199951171875,motion,2,wiener_nsr_1e-05,classical,0.7315688729286194,0.1175923483607274,-1.4342287851371478,13.258500764225452,13.270415787840005,0.18277478218078613,21.13247449793242
carpet,8,blob,0.011199951171875,motion,2,wiener_nsr_0.0001,classical,0.7639121413230896,0.1859240196334595,-0.9134761452665845,15.312173226784804,15.323709829381098,0.28028130531311035,21.13247449793242
carpet,8,blob,0.011199951171875,motion,2,wiener_nsr_0.001,classical,0.7649526596069336,0.20760558034302987,-0.6075563672765292,16.90999657704448,16.915007856208167,0.35012009739875793,21.13247449793242
carpet,8,blob,0.011199951171875,motion,2,wiener_nsr_0.01,classical,0.7580113410949707,0.21283261175033555,-0.47277737520141905,17.78642594749381,17.787385242412363,0.35985422134399414,21.13247449793242
carpet,8,blob,0.011199951171875,motion,2,wiener_nsr_0.1,classical,0.6949747800827026,0.20069743939877316,-0.42547629510943885,18.106758198059,18.110368087730752,0.3260965645313263,21.13247449793242
carpet,8,blob,0.011199951171875,motion,2,wiener_nsr_1,classical,0.3792835772037506,0.21351717048126562,-1.5453229703574238,13.711095859853636,13.726135135131258,0.19958443939685822,21.13247449793242
carpet,8,blob,0.011199951171875,motion,3,identity,classical,0.9642074108123779,1.0,0.0,18.587721790411848,18.590939637292113,0.07761884480714798,18.590939637292113
carpet,8,blob,0.011199951171875,motion,3,wiener_nsr_1e-05,classical,0.9093494415283203,0.010753622952504045,-1.1517441518211569,11.95790183121792,11.952393260149293,-0.049685556441545486,18.590939637292113
carpet,8,blob,0.011199951171875,motion,3,wiener_nsr_0.0001,classical,0.8113561272621155,0.03358116341876355,-0.7117065401914628,13.905295152346897,13.89993807181503,-0.09010197967290878,18.590939637292113
carpet,8,blob,0.011199951171875,motion,3,wiener_nsr_0.001,classical,0.672089159488678,0.011243854998454534,-0.5163036232218401,15.02837848451954,15.023448896662778,-0.11224475502967834,18.590939637292113
carpet,8,blob,0.011199951171875,motion,3,wiener_nsr_0.01,classical,0.5856034159660339,0.04684896402138319,-0.33020815268667003,16.178617674244006,16.17840291817759,-0.11084163933992386,18.590939637292113
carpet,8,blob,0.011199951171875,motion,3,wiener_nsr_0.1,classical,0.5068830251693726,0.12839148604730768,-0.15597371004360983,17.37965322685266,17.386049353773092,-0.014540874399244785,18.590939637292113
carpet,8,blob,0.011199951171875,motion,3,wiener_nsr_1,classical,0.26508569717407227,0.1256719501594079,-0.9110917714218436,13.514113216857524,13.53164144256253,0.04105637967586517,18.590939637292113
carpet,8,blob,0.011199951171875,motion,4,identity,classical,0.9560940861701965,1.0,0.0,18.508776181913134,18.513203617700064,0.053312886506319046,18.513203617700064
carpet,8,blob,0.011199951171875,motion,4,wiener_nsr_1e-05,classical,0.6854680776596069,0.09184757559532998,-1.2232496194074396,11.612812136377322,11.62134057595968,0.052367452532052994,18.513203617700064
carpet,8,blob,0.011199951171875,motion,4,wiener_nsr_0.0001,classical,0.6130836009979248,0.1289290865989006,-0.6338913779561262,14.174775402357476,14.178464953064456,0.09841075539588928,18.513203617700064
carpet,8,blob,0.011199951171875,motion,4,wiener_nsr_0.001,classical,0.5068871378898621,0.1060542170181386,-0.3709174815364775,15.747406466414,15.750674659740248,0.11360273510217667,18.513203617700064
carpet,8,blob,0.011199951171875,motion,4,wiener_nsr_0.01,classical,0.4204199016094208,0.11207852394338806,-0.1942732999771586,16.96928453388683,16.972522011566546,0.03277278319001198,18.513203617700064
carpet,8,blob,0.011199951171875,motion,4,wiener_nsr_0.1,classical,0.3323761224746704,0.16003258846459006,-0.12154566144205825,17.585111648386693,17.590366188711254,0.01369332056492567,18.513203617700064
carpet,8,blob,0.011199951171875,motion,4,wiener_nsr_1,classical,0.16747316718101501,0.18147432734212943,-0.896451208605751,13.526155448845428,13.545270434949064,0.044216033071279526,18.513203617700064
carpet,9,texture,0.008209228515625,defocus,2,identity,classical,0.751397430896759,1.0,0.0,22.12198591720856,22.136069287503094,0.6389040350914001,22.136069287503094
carpet,9,texture,0.008209228515625,defocus,2,wiener_nsr_1e-05,classical,0.22089001536369324,0.03525373128509279,-1.8507189294734356,13.072188829558584,13.078646078961711,-0.02900633215904236,22.136069287503094
carpet,9,texture,0.008209228515625,defocus,2,wiener_nsr_0.0001,classical,0.15454262495040894,0.01828892925878541,-1.4415455472924914,14.413779409800272,14.418489928462908,-0.0326911024749279,22.136069287503094
carpet,9,texture,0.008209228515625,defocus,2,wiener_nsr_0.001,classical,0.10913878679275513,0.016509589456171783,-1.2752511324040396,15.055348919905061,15.059594098049544,-0.03126315772533417,22.136069287503094
carpet,9,texture,0.008209228515625,defocus,2,wiener_nsr_0.01,classical,0.08767595887184143,0.01624827728783074,-1.1312515374364227,15.65378482781686,15.658807882941908,-0.030060788616538048,22.136069287503094
carpet,9,texture,0.008209228515625,defocus,2,wiener_nsr_0.1,classical,0.06947674602270126,0.008448945051854811,-0.9250462801810306,16.58433283931998,16.581326068202817,0.006064759101718664,22.136069287503094
carpet,9,texture,0.008209228515625,defocus,2,wiener_nsr_1,classical,0.03778788819909096,0.03742093593380147,-1.9198976908403935,13.42269181509832,13.399344056451262,0.051923226565122604,22.136069287503094
carpet,9,texture,0.008209228515625,defocus,3,identity,classical,0.6642091274261475,1.0,0.0,19.723627804997616,19.738279235485198,0.3074159324169159,19.738279235485198
carpet,9,texture,0.008209228515625,defocus,3,wiener_nsr_1e-05,classical,0.1525578498840332,0.20193847992055872,-1.1997773925398714,12.9048810002591,12.90494195295085,-0.06593615561723709,19.738279235485198
carpet,9,texture,0.008209228515625,defocus,3,wiener_nsr_0.0001,classical,0.08823259174823761,0.2627005814082564,-0.8907411059620953,14.262484598258352,14.256979890525033,-0.10166711360216141,19.738279235485198
carpet,9,texture,0.008209228515625,defocus,3,wiener_nsr_0.001,classical,0.06170874089002609,0.3213225418831515,-0.738093551793009,15.047060021177348,15.039248683318627,-0.148206427693367,19.738279235485198
carpet,9,texture,0.008209228515625,defocus,3,wiener_nsr_0.01,classical,0.040432803332805634,0.39419968209746975,-0.5854630681911046,15.842222477602888,15.833931470634086,-0.2019471377134323,19.738279235485198
carpet,9,texture,0.008209228515625,defocus,3,wiener_nsr_0.1,classical,0.020050404593348503,0.4152700449877404,-0.3829049892183025,17.008154734822845,16.98955412984372,-0.07928802818059921,19.738279235485198
carpet,9,texture,0.008209228515625,defocus,3,wiener_nsr_1,classical,0.01031592208892107,0.39433866915743093,-1.1991190860926815,13.437420099888456,13.409767544004055,0.037791330367326736,19.738279235485198
carpet,9,texture,0.008209228515625,defocus,4,identity,classical,0.5460087656974792,1.0,0.0,18.398464419927816,18.410563408364855,0.032002050429582596,18.410563408364855
carpet,9,texture,0.008209228515625,defocus,4,wiener_nsr_1e-05,classical,1.8531516790390015,0.07982689259301311,-0.7292121791529866,13.571942580528788,13.567956300368609,-0.010385928675532341,18.410563408364855
carpet,9,texture,0.008209228515625,defocus,4,wiener_nsr_0.0001,classical,1.224387288093567,0.08654701741739954,-0.387322304266996,15.4941355616942,15.494090846990646,-0.030971422791481018,18.410563408364855
carpet,9,texture,0.008209228515625,defocus,4,wiener_nsr_0.001,classical,0.8694891333580017,0.09564698733250644,-0.23941047032946972,16.532429365162233,16.533630157928854,-0.06486623734235764,18.410563408364855
carpet,9,texture,0.008209228515625,defocus,4,wiener_nsr_0.01,classical,0.5082525610923767,0.1289661411231295,-0.15940151886105758,17.150379647573907,17.150762862432565,-0.06707889586687088,18.410563408364855
carpet,9,texture,0.008209228515625,defocus,4,wiener_nsr_0.1,classical,0.32000601291656494,0.16701760402187313,-0.10047013845113817,17.626438538915533,17.614095282820696,0.007878049276769161,18.410563408364855
carpet,9,texture,0.008209228515625,defocus,4,wiener_nsr_1,classical,0.14169789850711823,0.18377238402743945,-0.8769575319292076,13.46056159315035,13.43571283284305,0.04468086361885071,18.410563408364855
carpet,9,texture,0.008209228515625,motion,2,identity,classical,0.8057853579521179,1.0,0.0,20.807873886338093,20.82759646492805,0.5379571914672852,20.82759646492805
carpet,9,texture,0.008209228515625,motion,2,wiener_nsr_1e-05,classical,0.6087965965270996,0.12182878897015613,-1.2397716482102723,13.776910621394833,13.764869281957184,0.18657857179641724,20.82759646492805
carpet,9,texture,0.008209228515625,motion,2,wiener_nsr_0.0001,classical,0.4581683278083801,0.16759370980701682,-0.767600114563687,15.768842520957275,15.753125898498634,0.2627071142196655,20.82759646492805
carpet,9,texture,0.008209228515625,motion,2,wiener_nsr_0.001,classical,0.3279480040073395,0.2100835794418982,-0.5632775115546058,16.888054423397097,16.87334367573818,0.299111008644104,20.82759646492805
carpet,9,texture,0.008209228515625,motion,2,wiener_nsr_0.01,classical,0.26310011744499207,0.2546612986591063,-0.4541512680028099,17.584304535105282,17.571215935322076,0.30463090538978577,20.82759646492805
carpet,9,texture,0.008209228515625,motion,2,wiener_nsr_0.1,classical,0.21335269510746002,0.29499818309305864,-0.3941855112827388,17.94858501044485,17.931544126525548,0.28621146082878113,20.82759646492805
carpet,9,texture,0.008209228515625,motion,2,wiener_nsr_1,classical,0.11117104440927505,0.3019309384154246,-1.4570554801572664,13.598918866738618,13.576799521468349,0.16561493277549744,20.82759646492805
carpet,9,texture,0.008209228515625,motion,3,identity,classical,0.6796413660049438,1.0,0.0,19.246141320092264,19.25951292834201,0.23856933414936066,19.25951292834201
carpet,9,texture,0.008209228515625,motion,3,wiener_nsr_1e-05,classical,0.17563748359680176,0.14906980891442545,-1.2913023315622727,12.088536455607485,12.086530229547932,-0.06248797848820686,19.25951292834201
carpet,9,texture,0.008209228515625,motion,3,wiener_nsr_0.0001,classical,0.14216558635234833,0.2180336649731074,-0.9446424956088273,13.52268352329874,13.51834387861373,-0.11033018678426743,19.25951292834201
carpet,9,texture,0.008209228515625,motion,3,wiener_nsr_0.001,classical,0.10124723613262177,0.3231406760908939,-0.7675585352908023,14.414217506875751,14.405199386156358,-0.14331193268299103,19.25951292834201
carpet,9,texture,0.008209228515625,motion,3,wiener_nsr_0.01,classical,0.05841194465756416,0.40214790644317533,-0.5435004828922096,15.605269880629184,15.59462019882413,-0.16298113763332367,19.25951292834201
carpet,9,texture,0.008209228515625,motion,3,wiener_nsr_0.1,classical,0.024004170671105385,0.4196865385328085,-0.2833609434592046,17.138772480462716,17.11940849908664,-0.046038251370191574,19.25951292834201
carpet,9,texture,0.008209228515625,motion,3,wiener_nsr_1,classical,0.008808979764580727,0.43220586350272666,-1.0688454840686612,13.44193797450381,13.413989689866636,0.041106875985860825,19.25951292834201
carpet,9,texture,0.008209228515625,motion,4,identity,classical,0.4525409936904907,1.0,0.0,18.329305845949325,18.338710549479245,0.0509929358959198,18.338710549479245
carpet,9,texture,0.008209228515625,motion,4,wiener_nsr_1e-05,classical,0.20217794179916382,0.30618353454358055,-1.4150326164864642,10.811883506517301,10.80948434690246,0.11626084893941879,18.338710549479245
carpet,9,texture,0.008209228515625,motion,4,wiener_nsr_0.0001,classical,0.17620234191417694,0.4905648585153596,-0.8224875412794486,13.119154939942659,13.11304472974884,0.17223167419433594,18.338710549479245
carpet,9,texture,0.008209228515625,motion,4,wiener_nsr_0.001,classical,0.13551290333271027,0.38359125321769827,-0.3859840814710154,15.421402910840655,15.417885423024039,0.166115403175354,18.338710549479245
carpet,9,texture,0.008209228515625,motion,4,wiener_nsr_0.01,classical,0.09303762763738632,0.06387380704073138,-0.1615309487183978,16.99776463116782,16.990261983192333,0.057507146149873734,18.338710549479245
carpet,9,texture,0.008209228515625,motion,4,wiener_nsr_0.1,classical,0.044397465884685516,0.2674588543117229,-0.08233001500177117,17.66375530856542,17.644802392009343,0.054579392075538635,18.338710549479245
carpet,9,texture,0.008209228515625,motion,4,wiener_nsr_1,classical,0.010790185071527958,0.18798888301023625,-0.8550484201134949,13.465006608880588,13.4383305835283,0.05431322380900383,18.338710549479245
bottle,0,texture,0.0123291015625,defocus,2,identity,classical,0.9080094695091248,1.0,0.0,35.236106280302614,35.008563344205335,0.9475024342536926,35.008563344205335
bottle,0,texture,0.0123291015625,defocus,2,wiener_nsr_1e-05,classical,0.3906700313091278,0.45773109114590893,-9.208827953504285,14.353123456236458,14.342837317220411,0.4769152104854584,35.008563344205335
bottle,0,texture,0.0123291015625,defocus,2,wiener_nsr_0.0001,classical,0.39403486251831055,0.45522063672796775,-9.205939142039053,14.355946914975119,14.345807677355204,0.4776443541049957,35.008563344205335
bottle,0,texture,0.0123291015625,defocus,2,wiener_nsr_0.001,classical,0.39941638708114624,0.45130574243295885,-9.209386098267549,14.36571241787037,14.35582737795145,0.48030534386634827,35.008563344205335
bottle,0,texture,0.0123291015625,defocus,2,wiener_nsr_0.01,classical,0.40078720450401306,0.4518109231241084,-9.43748935982293,14.41343745656968,14.403101729217525,0.48575249314308167,35.008563344205335
bottle,0,texture,0.0123291015625,defocus,2,wiener_nsr_0.1,classical,0.3616849184036255,0.4548484941598085,-12.119030338488107,14.40611494762059,14.387746977756734,0.49705612659454346,35.008563344205335
bottle,0,texture,0.0123291015625,defocus,2,wiener_nsr_1,classical,0.191446915268898,0.44859069495633014,-31.03584278936969,9.156488432377126,9.124201468650613,0.43224063515663147,35.008563344205335
bottle,0,texture,0.0123291015625,defocus,3,identity,classical,0.860062301158905,1.0,0.0,32.12168240260694,31.964515468137385,0.9040997624397278,31.964515468137385
bottle,0,texture,0.0123291015625,defocus,3,wiener_nsr_1e-05,classical,0.2650078237056732,0.3447483363705091,-6.371090123528673,13.522096280378102,13.511212994718091,0.5070092678070068,31.964515468137385
bottle,0,texture,0.0123291015625,defocus,3,wiener_nsr_0.0001,classical,0.26972517371177673,0.3444511421379461,-6.3703212699552925,13.527084728911447,13.516408176616988,0.5079272389411926,31.964515468137385
bottle,0,texture,0.0123291015625,defocus,3,wiener_nsr_0.001,classical,0.27476444840431213,0.3436643737399952,-6.361619194401399,13.540569983620241,13.530258534800772,0.5127378106117249,31.964515468137385
bottle,0,texture,0.0123291015625,defocus,3,wiener_nsr_0.01,classical,0.2760430574417114,0.34587331968014684,-6.486770597524095,13.590586357028007,13.579982949075244,0.5225608944892883,31.964515468137385
bottle,0,texture,0.0123291015625,defocus,3,wiener_nsr_0.1,classical,0.24634765088558197,0.3428014996408046,-8.105483483327593,13.666219518452273,13.647922668426238,0.5355632305145264,31.964515468137385
bottle,0,texture,0.0123291015625,defocus,3,wiener_nsr_1,classical,0.12629689276218414,0.3328234251350274,-19.869417937157444,9.02631271114187,8.993521867642016,0.4587380588054657,31.964515468137385
bottle,0,texture,0.0123291015625,defocus,4,identity,classical,0.7838484048843384,1.0,0.0,28.583152171129868,28.48978537364086,0.8310341835021973,28.48978537364086
bottle,0,texture,0.0123291015625,defocus,4,wiener_nsr_1e-05,classical,0.07070823013782501,0.21774002166964007,-5.125077829283557,11.998987340121925,11.991634106052949,0.4426300525665283,28.48978537364086
bottle,0,texture,0.0123291015625,defocus,4,wiener_nsr_0.0001,classical,0.07560329884290695,0.22139782403787514,-5.126184734649694,12.010739194878786,12.003454842670354,0.443560391664505,28.48978537364086
bottle,0,texture,0.0123291015625,defocus,4,wiener_nsr_0.001,classical,0.0804765596985817,0.2297148863950702,-5.119365659711883,12.034451940151747,12.027323841123676,0.4511999189853668,28.48978537364086
bottle,0,texture,0.0123291015625,defocus,4,wiener_nsr_0.01,classical,0.08581023663282394,0.2387100983588078,-5.166130288211193,12.088970631967086,12.081688546771453,0.4623223841190338,28.48978537364086
bottle,0,texture,0.0123291015625,defocus,4,wiener_nsr_0.1,classical,0.07666346430778503,0.24673972774764535,-5.95634818897295,12.289470868869177,12.27617408544142,0.48286914825439453,28.48978537364086
bottle,0,texture,0.0123291015625,defocus,4,wiener_nsr_1,classical,0.03870828077197075,0.26836314124249655,-12.435447476579556,8.736453239711114,8.70508612275421,0.43416717648506165,28.48978537364086
bottle,0,texture,0.0123291015625,motion,2,identity,classical,0.8992623090744019,1.0,0.0,33.11538617443061,32.943428776770226,0.9274362921714783,32.943428776770226
bottle,0,texture,0.0123291015625,motion,2,wiener_nsr_1e-05,classical,0.8369541764259338,0.950294571511729,-1.9873231391465986,23.229841839817343,23.201421599477513,0.770804226398468,32.943428776770226
bottle,0,texture,0.0123291015625,motion,2,wiener_nsr_0.0001,classical,0.8368789553642273,0.9502950439979135,-1.98990299275588,23.230046906884976,23.201607153512835,0.7708067297935486,32.943428776770226
bottle,0,texture,0.0123291015625,motion,2,wiener_nsr_0.001,classical,0.836126446723938,0.9502944533901829,-2.0158101138361713,23.231760999564305,23.203124006306886,0.7708044052124023,32.943428776770226
bottle,0,texture,0.0123291015625,motion,2,wiener_nsr_0.01,classical,0.8286757469177246,0.950294571511729,-2.2822511378729073,23.215856759282243,23.18529477458398,0.7707376480102539,32.943428776770226
bottle,0,texture,0.0123291015625,motion,2,wiener_nsr_0.1,classical,0.7608750462532043,0.9502946896332751,-5.1220725696864235,21.005465309318655,20.966341820837062,0.7664098739624023,32.943428776770226
bottle,0,texture,0.0123291015625,motion,2,wiener_nsr_1,classical,0.4184812903404236,0.9502941580863176,-23.733975858519695,9.720146169313322,9.689658323138865,0.5924262404441833,32.943428776770226
bottle,0,texture,0.0123291015625,motion,3,identity,classical,0.901548445224762,1.0,0.0,28.849970277729167,28.8198144085218,0.8523290157318115,28.8198144085218
bottle,0,texture,0.0123291015625,motion,3,wiener_nsr_1e-05,classical,0.30309295654296875,0.30113627479467797,-4.657049746113418,13.443317348313048,13.432722895748899,0.3775564730167389,28.8198144085218
bottle,0,texture,0.0123291015625,motion,3,wiener_nsr_0.0001,classical,0.2898695170879364,0.30406001518442605,-4.4363560700881735,13.474901220359719,13.46436676058083,0.46441027522087097,28.8198144085218
bottle,0,texture,0.0123291015625,motion,3,wiener_nsr_0.001,classical,0.278670996427536,0.3061602252298621,-4.3355762659316675,13.498626178921182,13.487972318781749,0.4987504482269287,28.8198144085218
bottle,0,texture,0.0123291015625,motion,3,wiener_nsr_0.01,classical,0.27235788106918335,0.31373281165100664,-4.368613205545972,13.571867458881604,13.560282621680262,0.5140836238861084,28.8198144085218
bottle,0,texture,0.0123291015625,motion,3,wiener_nsr_0.1,classical,0.24540090560913086,0.3241201198423009,-5.47633573633716,13.701160621286913,13.681231562795578,0.5283958315849304,28.8198144085218
bottle,0,texture,0.0123291015625,motion,3,wiener_nsr_1,classical,0.12895339727401733,0.3282697224889776,-13.870588668698907,9.034296142296238,9.00146241951093,0.4495086371898651,28.8198144085218
bottle,0,texture,0.0123291015625,motion,4,identity,classical,0.8098669052124023,1.0,0.0,25.90147972677663,25.891345695817304,0.7666597366333008,25.891345695817304
bottle,0,texture,0.0123291015625,motion,4,wiener_nsr_1e-05,classical,0.7338740229606628,0.9487458682840759,-0.5203286528986479,22.193639724192483,22.1747424780244,0.6614121198654175,25.891345695817304
bottle,0,texture,0.0123291015625,motion,4,wiener_nsr_0.0001,classical,0.7338080406188965,0.9487469516221309,-0.5213605212796071,22.193605540664677,22.174693761184034,0.6614141464233398,25.891345695817304
bottle,0,texture,0.0123291015625,motion,4,wiener_nsr_0.001,classical,0.7331482768058777,0.9487455432826595,-0.5316978125518048,22.193006702307834,22.17394105535146,0.6614235043525696,25.891345695817304
bottle,0,texture,0.0123291015625,motion,4,wiener_nsr_0.01,classical,0.7266152501106262,0.9487472766235473,-0.6365032179633061,22.16154985420531,22.14093526032852,0.6614755988121033,25.891345695817304
bottle,0,texture,0.0123291015625,motion,4,wiener_nsr_0.1,classical,0.6671649217605591,0.9487459766178814,-1.7163746234808133,20.244337420949453,20.213149244497117,0.6591163277626038,25.891345695817304
bottle,0,texture,0.0123291015625,motion,4,wiener_nsr_1,classical,0.3669406771659851,0.9487458682840759,-8.987033417875118,9.65087169975115,9.620866721060956,0.5262322425842285,25.891345695817304
bottle,1,scratch,0.001251220703125,defocus,2,identity,classical,0.451081246137619,1.0,0.0,35.231419194019026,34.96561052697575,0.9493157267570496,34.96561052697575
bottle,1,scratch,0.001251220703125,defocus,2,wiener_nsr_1e-05,classical,0.00578345637768507,0.06500752370063922,-9.025136814586594,14.54905494841501,14.542545048119521,0.490960031747818,34.96561052697575
bottle,1,scratch,0.001251220703125,defocus,2,wiener_nsr_0.0001,classical,0.013999195769429207,0.06576681831932707,-9.02116232468389,14.551963063101365,14.54543820764544,0.49166813492774963,34.96561052697575
bottle,1,scratch,0.001251220703125,defocus,2,wiener_nsr_0.001,classical,0.02406635694205761,0.07049980334046196,-9.023605708161535,14.560939099712996,14.554471399520859,0.49402692914009094,34.96561052697575
bottle,1,scratch,0.001251220703125,defocus,2,wiener_nsr_0.01,classical,0.016037600114941597,0.0866871478517401,-9.26386772241662,14.607538603961688,14.601476318592386,0.4983230531215668,34.96561052697575
bottle,1,scratch,0.001251220703125,defocus,2,wiener_nsr_0.1,classical,0.0029282155446708202,0.13828131786773043,-12.052485491062036,14.564053702572483,14.560761995757316,0.5080344080924988,34.96561052697575
bottle,1,scratch,0.001251220703125,defocus,2,wiener_nsr_1,classical,0.00021173869026824832,0.18945374484723634,-31.497749407332783,9.083873174574414,9.088747953571096,0.4405862092971802,34.96561052697575
bottle,1,scratch,0.001251220703125,defocus,3,identity,classical,0.3184151351451874,1.0,0.0,32.01300676278521,31.81857901907735,0.905354917049408,31.81857901907735
bottle,1,scratch,0.001251220703125,defocus,3,wiener_nsr_1e-05,classical,0.008439038880169392,0.6879083062327156,-6.356853582673504,13.656075789981038,13.653881088959086,0.5041053295135498,31.81857901907735
bottle,1,scratch,0.001251220703125,defocus,3,wiener_nsr_0.0001,classical,0.017001774162054062,0.6863807508048039,-6.355175783806727,13.66118265754708,13.658948556317586,0.5052873492240906,31.81857901907735
bottle,1,scratch,0.001251220703125,defocus,3,wiener_nsr_0.001,classical,0.019422480836510658,0.6545772161449225,-6.3484590327142305,13.673874749026343,13.67154518759235,0.5105229020118713,31.81857901907735
bottle,1,scratch,0.001251220703125,defocus,3,wiener_nsr_0.01,classical,0.019247956573963165,0.5976174204761557,-6.474549506490325,13.725504469352188,13.72301703689702,0.5197615623474121,31.81857901907735
bottle,1,scratch,0.001251220703125,defocus,3,wiener_nsr_0.1,classical,0.004466858226805925,0.6363170710669666,-8.12873529868674,13.777782007483875,13.776767401865069,0.5320629477500916,31.81857901907735
bottle,1,scratch,0.001251220703125,defocus,3,wiener_nsr_1,classical,0.00029792106943205,0.6211322576497043,-20.047562333943226,8.951614996753197,8.956516256906708,0.45840850472450256,31.81857901907735
bottle,1,scratch,0.001251220703125,defocus,4,identity,classical,0.21486850082874298,1.0,0.0,28.441217856621744,28.324326221336854,0.830695629119873,28.324326221336854
bottle,1,scratch,0.001251220703125,defocus,4,wiener_nsr_1e-05,classical,0.003336819354444742,0.6700826917112226,-5.0748986194709484,12.094972416004538,12.091104720179246,0.4556397497653961,28.324326221336854
bottle,1,scratch,0.001251220703125,defocus,4,wiener_nsr_0.0001,classical,0.005379446316510439,0.6337580212808015,-5.077297782189169,12.104645457159798,12.100694610231928,0.4547557830810547,28.324326221336854
bottle,1,scratch,0.001251220703125,defocus,4,wiener_nsr_0.001,classical,0.00934644229710102,0.6014409277767332,-5.074629390252936,12.122406900620582,12.118440924147071,0.46035099029541016,28.324326221336854
bottle,1,scratch,0.001251220703125,defocus,4,wiener_nsr_0.01,classical,0.011490869335830212,0.5779945512341482,-5.124483893124787,12.180820953057632,12.177034455444355,0.4688394367694855,28.324326221336854
bottle,1,scratch,0.001251220703125,defocus,4,wiener_nsr_0.1,classical,0.005143675487488508,0.5443680986450805,-5.96715517769348,12.371412694862293,12.369361371831433,0.48886027932167053,28.324326221336854
bottle,1,scratch,0.001251220703125,defocus,4,wiener_nsr_1,classical,0.00024254576419480145,0.4947051611809382,-12.604502454475966,8.66426760959887,8.66898732774556,0.43682003021240234,28.324326221336854
bottle,1,scratch,0.001251220703125,motion,2,identity,classical,0.2789195775985718,1.0,0.0,32.972123436115496,32.71075565785071,0.9268729090690613,32.71075565785071
bottle,1,scratch,0.001251220703125,motion,2,wiener_nsr_1e-05,classical,0.23761709034442902,0.6156044925616375,-2.028024903933065,23.265052812308028,23.226746163419207,0.7608122229576111,32.71075565785071
bottle,1,scratch,0.001251220703125,motion,2,wiener_nsr_0.0001,classical,0.23759570717811584,0.6156056116578646,-2.030727553605851,23.265229095279683,23.226931527174592,0.7608106136322021,32.71075565785071
bottle,1,scratch,0.001251220703125,motion,2,wiener_nsr_0.001,classical,0.23738209903240204,0.6156051871730889,-2.057816488936115,23.266646910740597,23.228443642636787,0.7608089447021484,32.71075565785071
bottle,1,scratch,0.001251220703125,motion,2,wiener_nsr_0.01,classical,0.2352668195962906,0.6156048398673631,-2.335083997797208,23.246751935329613,23.20980437498234,0.7607676982879639,32.71075565785071
bottle,1,scratch,0.001251220703125,motion,2,wiener_nsr_0.1,classical,0.2160177081823349,0.6156045311511625,-5.263571304927548,20.963141645503228,20.9487805342963,0.7567267417907715,32.71075565785071
bottle,1,scratch,0.001251220703125,motion,2,wiener_nsr_1,classical,0.11880972981452942,0.6156049556359384,-24.428241520536936,9.613345065306847,9.618469386362316,0.5868807435035706,32.71075565785071
bottle,1,scratch,0.001251220703125,motion,3,identity,classical,0.29629841446876526,1.0,0.0,28.848327172885995,28.754001676845412,0.8520548939704895,28.754001676845412
bottle,1,scratch,0.001251220703125,motion,3,wiener_nsr_1e-05,classical,0.03954773768782616,0.6191708257186876,-5.456254300372196,13.332289922204957,13.329710568736166,0.23615284264087677,28.754001676845412
bottle,1,scratch,0.001251220703125,motion,3,wiener_nsr_0.0001,classical,0.038927141577005386,0.6938853112339533,-4.830384065989337,13.545059628729863,13.542905307424851,0.3803456723690033,28.754001676845412
bottle,1,scratch,0.001251220703125,motion,3,wiener_nsr_0.001,classical,0.03127487748861313,0.7122461373866551,-4.5166128156121115,13.617241068362924,13.614937217182852,0.47705522179603577,28.754001676845412
bottle,1,scratch,0.001251220703125,motion,3,wiener_nsr_0.01,classical,0.020238567143678665,0.7566880605108842,-4.462965094054924,13.69733865521259,13.6950824722544,0.5113608837127686,28.754001676845412
bottle,1,scratch,0.001251220703125,motion,3,wiener_nsr_0.1,classical,0.011022251099348068,0.8317194214125764,-5.613751936424907,13.787035578790922,13.786134866829515,0.5219793915748596,28.754001676845412
bottle,1,scratch,0.001251220703125,motion,3,wiener_nsr_1,classical,0.0005593565292656422,0.7262089284070374,-14.222896690473796,8.962396314401436,8.9672577244114,0.44788941740989685,28.754001676845412
bottle,1,scratch,0.001251220703125,motion,4,identity,classical,0.7212936282157898,1.0,0.0,25.89566220829607,25.878382304893194,0.7663952708244324,25.878382304893194
bottle,1,scratch,0.001251220703125,motion,4,wiener_nsr_1e-05,classical,0.05272418260574341,0.15460877371149823,-0.44830824207653697,22.4948546051614,22.437119599644596,0.6828649640083313,25.878382304893194
bottle,1,scratch,0.001251220703125,motion,4,wiener_nsr_0.0001,classical,0.05271948501467705,0.15460889153612012,-0.44938015173405366,22.494766960523652,22.43704764499778,0.6828629374504089,25.878382304893194
bottle,1,scratch,0.001251220703125,motion,4,wiener_nsr_0.001,classical,0.052672043442726135,0.15460873836411163,-0.46011795333514804,22.49360619512338,22.43604784690142,0.6828628182411194,25.878382304893194
bottle,1,scratch,0.001251220703125,motion,4,wiener_nsr_0.01,classical,0.05220268666744232,0.15460876192903603,-0.5689489590094712,22.45413574690346,22.398550737210652,0.6828444004058838,25.878382304893194
bottle,1,scratch,0.001251220703125,motion,4,wiener_nsr_0.1,classical,0.04793156683444977,0.1546087854939604,-1.6878572276080601,20.362769267295278,20.337860318276974,0.6796219944953918,25.878382304893194
bottle,1,scratch,0.001251220703125,motion,4,wiener_nsr_1,classical,0.02636236697435379,0.1546089268835067,-9.177097510416885,9.5528193819928,9.557705867430933,0.5371719002723694,25.878382304893194
bottle,2,blob,0.0081939697265625,defocus,2,identity,classical,0.9854157567024231,1.0,0.0,33.854173918284246,33.8610354726169,0.9299927353858948,33.8610354726169
bottle,2,blob,0.0081939697265625,defocus,2,wiener_nsr_1e-05,classical,0.451313316822052,0.17727158696977788,-8.28954106675631,14.138406198034247,14.158701931895086,0.49147191643714905,33.8610354726169
bottle,2,blob,0.0081939697265625,defocus,2,wiener_nsr_0.0001,classical,0.4512726068496704,0.17763032744828816,-8.287229301162816,14.142009540224024,14.162374893733066,0.4925099313259125,33.8610354726169
bottle,2,blob,0.0081939697265625,defocus,2,wiener_nsr_0.001,classical,0.45086559653282166,0.1771988174967957,-8.283988479235378,14.153808774798017,14.174468680558089,0.4964509904384613,33.8610354726169
bottle,2,blob,0.0081939697265625,defocus,2,wiener_nsr_0.01,classical,0.4468359053134918,0.17385241677765242,-8.485306286608052,14.2045149831199,14.2259506195634,0.5029879212379456,33.8610354726169
bottle,2,blob,0.0081939697265625,defocus,2,wiener_nsr_0.1,classical,0.41017603874206543,0.16260687732831586,-10.936347989080481,14.203050262252885,14.22831605681032,0.5127037167549133,33.8610354726169
bottle,2,blob,0.0081939697265625,defocus,2,wiener_nsr_1,classical,0.2253158837556839,0.12437202856765914,-28.10660164049132,9.086896030953369,9.118657254341604,0.4353426396846771,33.8610354726169
bottle,2,blob,0.0081939697265625,defocus,3,identity,classical,0.9709394574165344,1.0,0.0,31.176319098165102,31.175880965213967,0.8832530379295349,31.175880965213967
bottle,2,blob,0.0081939697265625,defocus,3,wiener_nsr_1e-05,classical,0.29052606225013733,0.09938724196429449,-6.133601089936147,13.253172405261802,13.279873273707475,0.4936459958553314,31.175880965213967
bottle,2,blob,0.0081939697265625,defocus,3,wiener_nsr_0.0001,classical,0.2905004322528839,0.10040495155942833,-6.128753894387814,13.257732710298244,13.284605442697625,0.4949439764022827,31.175880965213967
bottle,2,blob,0.0081939697265625,defocus,3,wiener_nsr_0.001,classical,0.2902428209781647,0.10359955624611106,-6.113812051673479,13.272701663171048,13.299955239280417,0.5015263557434082,31.175880965213967
bottle,2,blob,0.0081939697265625,defocus,3,wiener_nsr_0.01,classical,0.2876814901828766,0.10546035138580687,-6.217819799412354,13.328290557736436,13.356290875924532,0.5143697261810303,31.175880965213967
bottle,2,blob,0.0081939697265625,defocus,3,wiener_nsr_0.1,classical,0.2643600106239319,0.12061316164048748,-7.7633229920717,13.414300763399456,13.445332328745502,0.5260488390922546,31.175880965213967
bottle,2,blob,0.0081939697265625,defocus,3,wiener_nsr_1,classical,0.14609871804714203,0.19551781036779278,-18.890190640337487,8.943330131472786,8.97613999012156,0.4462093412876129,31.175880965213967
bottle,2,blob,0.0081939697265625,defocus,4,identity,classical,0.9403043389320374,1.0,0.0,28.19040041715394,28.174084104493996,0.8172013759613037,28.174084104493996
bottle,2,blob,0.0081939697265625,defocus,4,wiener_nsr_1e-05,classical,0.0638183131814003,0.5529443339248523,-5.151631403529356,11.779196035422315,11.801462810992707,0.4465774595737457,28.174084104493996
bottle,2,blob,0.0081939697265625,defocus,4,wiener_nsr_0.0001,classical,0.06397239863872528,0.5622464888740224,-5.1514763587062795,11.790194211254386,11.81270325636393,0.44694972038269043,28.174084104493996
bottle,2,blob,0.0081939697265625,defocus,4,wiener_nsr_0.001,classical,0.06420109421014786,0.5744659509696446,-5.142019319766911,11.81575999131762,11.838668112911481,0.45490026473999023,28.174084104493996
bottle,2,blob,0.0081939697265625,defocus,4,wiener_nsr_0.01,classical,0.06401237100362778,0.5820438118652489,-5.184721306061435,11.871581502706164,11.895113139723914,0.4675496518611908,28.174084104493996
bottle,2,blob,0.0081939697265625,defocus,4,wiener_nsr_0.1,classical,0.061282310634851456,0.5874984885064981,-6.000558821867925,12.066244092418664,12.09324824095431,0.48830828070640564,28.174084104493996
bottle,2,blob,0.0081939697265625,defocus,4,wiener_nsr_1,classical,0.03930220380425453,0.5881405476710365,-12.453739891451242,8.646009345951652,8.678267468202925,0.4326972961425781,28.174084104493996
bottle,2,blob,0.0081939697265625,motion,2,identity,classical,0.9766998887062073,1.0,0.0,32.138822583071864,32.143887944154365,0.9114876389503479,32.143887944154365
bottle,2,blob,0.0081939697265625,motion,2,wiener_nsr_1e-05,classical,0.924006462097168,0.8197981470615577,-2.009303021180435,22.623554813305958,22.60292051941923,0.7173212170600891,32.143887944154365
bottle,2,blob,0.0081939697265625,motion,2,wiener_nsr_0.0001,classical,0.9239233136177063,0.8197978561837083,-2.011734966129134,22.62374981136661,22.60312453646906,0.7173189520835876,32.143887944154365
bottle,2,blob,0.0081939697265625,motion,2,wiener_nsr_0.001,classical,0.9230927228927612,0.8197975653058587,-2.036073473226964,22.625407093229665,22.604875647280345,0.7173221707344055,32.143887944154365
bottle,2,blob,0.0081939697265625,motion,2,wiener_nsr_0.01,classical,0.9148670434951782,0.8197977980081383,-2.284272367497923,22.61303531485254,22.593751127451668,0.717339813709259,32.143887944154365
bottle,2,blob,0.0081939697265625,motion,2,wiener_nsr_0.1,classical,0.8400143384933472,0.8197977980081383,-4.882147734599189,20.632097416834526,20.636900543113846,0.7141950726509094,32.143887944154365
bottle,2,blob,0.0081939697265625,motion,2,wiener_nsr_1,classical,0.46200791001319885,0.8197974489547188,-22.107204552120304,9.669791206343781,9.699574735708365,0.5619164109230042,32.143887944154365
bottle,2,blob,0.0081939697265625,motion,3,identity,classical,0.9414470791816711,1.0,0.0,28.726971763179428,28.664848118544114,0.8416730761528015,28.664848118544114
bottle,2,blob,0.0081939697265625,motion,3,wiener_nsr_1e-05,classical,0.290576696395874,0.09119621325367029,-4.486475187212108,13.255801870554043,13.282479686494398,0.49426722526550293,28.664848118544114
bottle,2,blob,0.0081939697265625,motion,3,wiener_nsr_0.0001,classical,0.29062366485595703,0.08993464400804846,-4.486116348658276,13.264434634606532,13.291283408419037,0.4954746663570404,28.664848118544114
bottle,2,blob,0.0081939697265625,motion,3,wiener_nsr_0.001,classical,0.2905552089214325,0.09637793180831615,-4.479707306411091,13.286259489981036,13.31350902826916,0.5000262260437012,28.664848118544114
bottle,2,blob,0.0081939697265625,motion,3,wiener_nsr_0.01,classical,0.28877952694892883,0.12123572443319192,-4.549076974603494,13.352511622731974,13.380615132871931,0.5105412006378174,28.664848118544114
bottle,2,blob,0.0081939697265625,motion,3,wiener_nsr_0.1,classical,0.2678912580013275,0.2263266126445287,-5.713504449002694,13.461956589709029,13.492918086679104,0.5207672119140625,28.664848118544114
bottle,2,blob,0.0081939697265625,motion,3,wiener_nsr_1,classical,0.1528865247964859,0.34878431692950024,-14.244225459191751,8.958361511606377,8.990902862689422,0.4389522075653076,28.664848118544114
bottle,2,blob,0.0081939697265625,motion,4,identity,classical,0.9338482022285461,1.0,0.0,25.516777025018527,25.550766688211304,0.7626516222953796,25.550766688211304
bottle,2,blob,0.0081939697265625,motion,4,wiener_nsr_1e-05,classical,0.8848670125007629,0.7596858611350625,-0.5291217337399003,21.961293916759136,21.94146262019239,0.6504879593849182,25.550766688211304
bottle,2,blob,0.0081939697265625,motion,4,wiener_nsr_0.0001,classical,0.8847874402999878,0.7596856673561535,-0.5301568649739465,21.96121608693838,21.94139874254933,0.6504912972450256,25.550766688211304
bottle,2,blob,0.0081939697265625,motion,4,wiener_nsr_0.001,classical,0.8839918971061707,0.7596859257280322,-0.5405262424319317,21.96019299273628,21.940508980405372,0.6505043506622314,25.550766688211304
bottle,2,blob,0.0081939697265625,motion,4,wiener_nsr_0.01,classical,0.8761147260665894,0.7596854735772446,-0.6457661131468337,21.925779170563565,21.907676683710232,0.6506059765815735,25.550766688211304
bottle,2,blob,0.0081939697265625,motion,4,wiener_nsr_0.1,classical,0.8044325709342957,0.7596854735772446,-1.7317815026814887,20.057527150216238,20.062898837217528,0.6487855315208435,25.550766688211304
bottle,2,blob,0.0081939697265625,motion,4,wiener_nsr_1,classical,0.44243794679641724,0.7596856027631839,-8.953326128593899,9.602948562445196,9.632872987649838,0.521467387676239,25.550766688211304
bottle,3,texture,0.005035400390625,defocus,2,identity,classical,0.9150198698043823,1.0,0.0,34.046287462063205,33.88445706339201,0.9375231862068176,33.88445706339201
bottle,3,texture,0.005035400390625,defocus,2,wiener_nsr_1e-05,classical,0.5722062587738037,0.25740548344389524,-9.871106345739943,13.794126694316036,13.767892764766245,0.39665547013282776,33.88445706339201
bottle,3,texture,0.005035400390625,defocus,2,wiener_nsr_0.0001,classical,0.5110095739364624,0.21452906387665321,-8.757272490756144,14.1390758535061,14.117538842789081,0.4571196734905243,33.88445706339201
bottle,3,texture,0.005035400390625,defocus,2,wiener_nsr_0.001,classical,0.4692074656486511,0.10942063503869491,-8.533761165553726,14.243969193750646,14.232526844266859,0.4746641218662262,33.88445706339201
bottle,3,texture,0.005035400390625,defocus,2,wiener_nsr_0.01,classical,0.46404221653938293,0.06016922093794085,-8.660008987630183,14.337659444137552,14.328755784106955,0.48596981167793274,33.88445706339201
bottle,3,texture,0.005035400390625,defocus,2,wiener_nsr_0.1,classical,0.4217766523361206,0.059192551069860204,-11.064642347505933,14.340518136114667,14.334444017316887,0.49841347336769104,33.88445706339201
bottle,3,texture,0.005035400390625,defocus,2,wiener_nsr_1,classical,0.22550958395004272,0.0854503717826992,-28.198785881536725,9.149962534893103,9.151148235788211,0.43286851048469543,33.88445706339201
bottle,3,texture,0.005035400390625,defocus,3,identity,classical,0.8765609860420227,1.0,0.0,31.291164261866925,31.170935978942794,0.8942718505859375,31.170935978942794
bottle,3,texture,0.005035400390625,defocus,3,wiener_nsr_1e-05,classical,0.5839263796806335,0.48517239526578443,-7.602468643505317,12.711127050519302,12.688430847182687,0.3496570885181427,31.170935978942794
bottle,3,texture,0.005035400390625,defocus,3,wiener_nsr_0.0001,classical,0.4569433033466339,0.43946130088297114,-6.491624189033557,13.210652861559522,13.196243065040143,0.4451923668384552,31.170935978942794
bottle,3,texture,0.005035400390625,defocus,3,wiener_nsr_0.001,classical,0.38896292448043823,0.37778914708522715,-6.169325333634153,13.389019667993832,13.381939562664744,0.48443475365638733,31.170935978942794
bottle,3,texture,0.005035400390625,defocus,3,wiener_nsr_0.01,classical,0.36063557863235474,0.35119430914090854,-6.224171718947167,13.47743136622158,13.471909021378352,0.5008665323257446,31.170935978942794
bottle,3,texture,0.005035400390625,defocus,3,wiener_nsr_0.1,classical,0.3280206322669983,0.3606637559261235,-7.693623239353483,13.566735750816939,13.56279760629622,0.5149929523468018,31.170935978942794
bottle,3,texture,0.005035400390625,defocus,3,wiener_nsr_1,classical,0.17136742174625397,0.4021568240097036,-18.587526135877706,9.01248382906504,9.013161802157727,0.44572627544403076,31.170935978942794
bottle,3,texture,0.005035400390625,defocus,4,identity,classical,0.8212924003601074,1.0,0.0,28.168384895030396,28.092574917789165,0.8254629969596863,28.092574917789165
bottle,3,texture,0.005035400390625,defocus,4,wiener_nsr_1e-05,classical,0.38361212611198425,0.8076532958617971,-6.087232914407786,11.363274276018041,11.35904756152076,0.2650930881500244,28.092574917789165
bottle,3,texture,0.005035400390625,defocus,4,wiener_nsr_0.0001,classical,0.2780456840991974,0.8772700108639583,-5.284187565016449,11.752717969208291,11.749683484992545,0.3956993520259857,28.092574917789165
bottle,3,texture,0.005035400390625,defocus,4,wiener_nsr_0.001,classical,0.20322124660015106,0.8786946373116407,-5.03108554177314,11.921731541715857,11.920975092647723,0.44781264662742615,28.092574917789165
bottle,3,texture,0.005035400390625,defocus,4,wiener_nsr_0.01,classical,0.17799705266952515,0.7717179256541277,-5.021409023663282,12.021740996445768,12.02198375893009,0.4669821262359619,28.092574917789165
bottle,3,texture,0.005035400390625,defocus,4,wiener_nsr_0.1,classical,0.16686584055423737,0.7984531309657241,-5.770021572957349,12.231822871298718,12.230817633019518,0.48818644881248474,28.092574917789165
bottle,3,texture,0.005035400390625,defocus,4,wiener_nsr_1,classical,0.08287964016199112,0.8687353940628806,-12.025776697610429,8.727851893867273,8.725994863759656,0.4351906478404999,28.092574917789165
bottle,3,texture,0.005035400390625,motion,2,identity,classical,0.9460135102272034,1.0,0.0,32.48146720146996,32.43193093468914,0.9198763370513916,32.43193093468914
bottle,3,texture,0.005035400390625,motion,2,wiener_nsr_1e-05,classical,1.0371127128601074,0.203110303497053,-8.869392071196831,14.06551428032838,13.997355192432783,0.18252110481262207,32.43193093468914
bottle,3,texture,0.005035400390625,motion,2,wiener_nsr_0.0001,classical,0.8857414722442627,0.1495624139485154,-6.963775072308059,14.987038863218615,14.925216629031468,0.33744511008262634,32.43193093468914
bottle,3,texture,0.005035400390625,motion,2,wiener_nsr_0.001,classical,0.6805493831634521,0.11158590672970413,-6.197328880163063,15.312298845469194,15.282084024233688,0.43948426842689514,32.43193093468914
bottle,3,texture,0.005035400390625,motion,2,wiener_nsr_0.01,classical,0.5908629894256592,0.15142929621464588,-6.174721630679153,15.452436776650075,15.4391772708985,0.4610065519809723,32.43193093468914
bottle,3,texture,0.005035400390625,motion,2,wiener_nsr_0.1,classical,0.5209800004959106,0.14214042176452318,-8.165661650113421,15.432905050481207,15.425687250353473,0.4762958288192749,32.43193093468914
bottle,3,texture,0.005035400390625,motion,2,wiener_nsr_1,classical,0.28220486640930176,0.13800974984979203,-22.81173338218521,9.330890158375242,9.332620197998128,0.43341460824012756,32.43193093468914
bottle,3,texture,0.005035400390625,motion,3,identity,classical,0.9123749136924744,1.0,0.0,28.40361790820119,28.374515157690876,0.8474476337432861,28.374515157690876
bottle,3,texture,0.005035400390625,motion,3,wiener_nsr_1e-05,classical,0.47055330872535706,0.3797768763584222,-6.212165086584102,12.340126521619867,12.320785505943853,0.24337095022201538,28.374515157690876
bottle,3,texture,0.005035400390625,motion,3,wiener_nsr_0.0001,classical,0.4116325080394745,0.3906107511901234,-4.842838448208633,13.090807831628089,13.071649271540567,0.3936912715435028,28.374515157690876
bottle,3,texture,0.005035400390625,motion,3,wiener_nsr_0.001,classical,0.3681069016456604,0.37770849843009857,-4.374118760550864,13.347579725062452,13.331287471182122,0.465069979429245,28.374515157690876
bottle,3,texture,0.005035400390625,motion,3,wiener_nsr_0.01,classical,0.34391453862190247,0.3220953637594545,-4.329973383955628,13.476041116446266,13.467649271891784,0.4928896427154541,28.374515157690876
bottle,3,texture,0.005035400390625,motion,3,wiener_nsr_0.1,classical,0.30994200706481934,0.29490468741023906,-5.348605772067771,13.622413838595884,13.618842542601183,0.5115985870361328,28.374515157690876
bottle,3,texture,0.005035400390625,motion,3,wiener_nsr_1,classical,0.16509301960468292,0.3344126128158587,-13.373574174916124,9.02397261750958,9.024854528606795,0.44434165954589844,28.374515157690876
bottle,3,texture,0.005035400390625,motion,4,identity,classical,0.7632887959480286,1.0,0.0,25.58945558529213,25.53519961301062,0.7661582827568054,25.53519961301062
bottle,3,texture,0.005035400390625,motion,4,wiener_nsr_1e-05,classical,0.6799017786979675,0.4214888918476619,-0.5480707010132533,21.820966144678174,21.801720820127265,0.6544418334960938,25.53519961301062
bottle,3,texture,0.005035400390625,motion,4,wiener_nsr_0.0001,classical,0.6798406839370728,0.42149125115961605,-0.5490588642980485,21.820887713756424,21.80167396947776,0.6544458866119385,25.53519961301062
bottle,3,texture,0.005035400390625,motion,4,wiener_nsr_0.001,classical,0.6792294979095459,0.4214900004400259,-0.5589573012499727,21.81986670316026,21.80096361632977,0.6544570922851562,25.53519961301062
bottle,3,texture,0.005035400390625,motion,4,wiener_nsr_0.01,classical,0.6731768846511841,0.42148946035656654,-0.6595794561221962,21.786514193936632,21.770745209260728,0.6545233130455017,25.53519961301062
bottle,3,texture,0.005035400390625,motion,4,wiener_nsr_0.1,classical,0.6180987358093262,0.42148914767666895,-1.6990571463175002,19.981284076816678,19.987549014921527,0.6523382663726807,25.53519961301062
bottle,3,texture,0.005035400390625,motion,4,wiener_nsr_1,classical,0.3399542570114136,0.42148994358913544,-8.717760318966485,9.64099484538636,9.645960139879469,0.5225091576576233,25.53519961301062
bottle,4,scratch,0.0060577392578125,defocus,2,identity,classical,0.8421359658241272,1.0,0.0,34.446795429791116,34.37074697088421,0.9417223334312439,34.37074697088421
bottle,4,scratch,0.0060577392578125,defocus,2,wiener_nsr_1e-05,classical,0.004221795126795769,0.31490343843124435,-8.214257904189985,14.658857522352653,14.653851223009262,0.4931109845638275,34.37074697088421
bottle,4,scratch,0.0060577392578125,defocus,2,wiener_nsr_0.0001,classical,0.008265857584774494,0.3156516480945153,-8.212406530039367,14.662860188128143,14.657804354139987,0.49405336380004883,34.37074697088421
bottle,4,scratch,0.0060577392578125,defocus,2,wiener_nsr_0.001,classical,0.012380310334265232,0.31805008076359764,-8.210521509106261,14.673502520930302,14.668321950716553,0.4971528947353363,34.37074697088421
bottle,4,scratch,0.0060577392578125,defocus,2,wiener_nsr_0.01,classical,0.009871475398540497,0.3205406051712892,-8.430264639955395,14.723754696937586,14.71796822482877,0.5030279755592346,34.37074697088421
bottle,4,scratch,0.0060577392578125,defocus,2,wiener_nsr_0.1,classical,0.0038449654821306467,0.32538604009238126,-11.017264003870983,14.676508024615682,14.66668980788896,0.5138332843780518,34.37074697088421
bottle,4,scratch,0.0060577392578125,defocus,2,wiener_nsr_1,classical,0.0005850223242305219,0.3385598013942137,-29.08585056662784,9.088775236056225,9.082935447280395,0.44166097044944763,34.37074697088421
bottle,4,scratch,0.0060577392578125,defocus,3,identity,classical,0.7427284717559814,1.0,0.0,31.47873593420721,31.39066618525534,0.895129382610321,31.39066618525534
bottle,4,scratch,0.0060577392578125,defocus,3,wiener_nsr_1e-05,classical,0.007352964021265507,0.1828780756650757,-5.814641088344553,13.804216161492134,13.802742527293585,0.5170056819915771,31.39066618525534
bottle,4,scratch,0.0060577392578125,defocus,3,wiener_nsr_0.0001,classical,0.013890060596168041,0.18319521745764902,-5.8118595180871715,13.809979942791548,13.808481020256087,0.5180922746658325,31.39066618525534
bottle,4,scratch,0.0060577392578125,defocus,3,wiener_nsr_0.001,classical,0.021889224648475647,0.18425695494230593,-5.795560105071031,13.824884883554025,13.823294186198398,0.5242941975593567,31.39066618525534
bottle,4,scratch,0.0060577392578125,defocus,3,wiener_nsr_0.01,classical,0.024208789691329002,0.18175658640192466,-5.912389735206811,13.883430793221097,13.881405647811981,0.5365755558013916,31.39066618525534
bottle,4,scratch,0.0060577392578125,defocus,3,wiener_nsr_0.1,classical,0.007690652273595333,0.17787476497829877,-7.515748433986984,13.923747926351368,13.919254725936842,0.5482128858566284,31.39066618525534
bottle,4,scratch,0.0060577392578125,defocus,3,wiener_nsr_1,classical,0.0008539213449694216,0.1939835091562137,-18.879094202565277,8.962656226937682,8.95870570654581,0.46318456530570984,31.39066618525534
bottle,4,scratch,0.0060577392578125,defocus,4,identity,classical,0.5868707895278931,1.0,0.0,28.259020073910897,28.163767303533838,0.8233882784843445,28.163767303533838
bottle,4,scratch,0.0060577392578125,defocus,4,wiener_nsr_1e-05,classical,0.0067559643648564816,0.316422362606168,-4.901598378451668,12.153796063327036,12.159834962923687,0.44911301136016846,28.163767303533838
bottle,4,scratch,0.0060577392578125,defocus,4,wiener_nsr_0.0001,classical,0.016178114339709282,0.3078468650276247,-4.901260613092184,12.16373083287112,12.169761708000632,0.4494909942150116,28.163767303533838
bottle,4,scratch,0.0060577392578125,defocus,4,wiener_nsr_0.001,classical,0.032054267823696136,0.27972421537117287,-4.8923276804547475,12.18441651769453,12.190387796792969,0.4563128650188446,28.163767303533838
bottle,4,scratch,0.0060577392578125,defocus,4,wiener_nsr_0.01,classical,0.03538072854280472,0.24576694614964592,-4.936800805968561,12.244304265808656,12.250337871055683,0.46861132979393005,28.163767303533838
bottle,4,scratch,0.0060577392578125,defocus,4,wiener_nsr_0.1,classical,0.010446809232234955,0.24772932398024836,-5.766108816053466,12.436409604764451,12.442900565364354,0.48896798491477966,28.163767303533838
bottle,4,scratch,0.0060577392578125,defocus,4,wiener_nsr_1,classical,0.0007822818588465452,0.09776943279433899,-12.302171961699331,8.667186241026261,8.667933825166216,0.4364173412322998,28.163767303533838
bottle,4,scratch,0.0060577392578125,motion,2,identity,classical,0.9319612383842468,1.0,0.0,32.378804833231875,32.362027430274374,0.9184281229972839,32.362027430274374
bottle,4,scratch,0.0060577392578125,motion,2,wiener_nsr_1e-05,classical,0.8458862900733948,0.3438724013852308,-2.027908569866457,22.82287488669184,22.78487843094605,0.7252621650695801,32.362027430274374
bottle,4,scratch,0.0060577392578125,motion,2,wiener_nsr_0.0001,classical,0.8185938000679016,0.34387252297349447,-2.0304109567990474,22.823095701315076,22.785079272706625,0.7252650856971741,32.362027430274374
bottle,4,scratch,0.0060577392578125,motion,2,wiener_nsr_0.001,classical,0.8037064075469971,0.3438726445617582,-2.0554759125038062,22.824987031642834,22.786774701172057,0.7252650856971741,32.362027430274374
bottle,4,scratch,0.0060577392578125,motion,2,wiener_nsr_0.01,classical,0.7958989143371582,0.3438723608558095,-2.3109610451792455,22.81287755601777,22.77301951822269,0.7252373099327087,32.362027430274374
bottle,4,scratch,0.0060577392578125,motion,2,wiener_nsr_0.1,classical,0.7201762795448303,0.34387248244407326,-4.972990235110332,20.726237961650202,20.692303735052718,0.7216809391975403,32.362027430274374
bottle,4,scratch,0.0060577392578125,motion,2,wiener_nsr_1,classical,0.3813595771789551,0.34387187450275464,-22.49776981032732,9.587780216359313,9.58291652543074,0.5643646717071533,32.362027430274374
bottle,4,scratch,0.0060577392578125,motion,3,identity,classical,0.4606940448284149,1.0,0.0,28.56226142703763,28.41063830387587,0.8446758389472961,28.41063830387587
bottle,4,scratch,0.0060577392578125,motion,3,wiener_nsr_1e-05,classical,0.12661491334438324,0.4416721028411041,-4.692579029154052,13.66142022757854,13.657257867173433,0.3367626667022705,28.41063830387587
bottle,4,scratch,0.0060577392578125,motion,3,wiener_nsr_0.0001,classical,0.09853905439376831,0.9141972681069004,-4.3250089016866005,13.738336859508413,13.733671672368999,0.4514315128326416,28.41063830387587
bottle,4,scratch,0.0060577392578125,motion,3,wiener_nsr_0.001,classical,0.0951915979385376,1.2112776115442931,-4.1643656769766935,13.778143044969596,13.773363564573502,0.5074211955070496,28.41063830387587
bottle,4,scratch,0.0060577392578125,motion,3,wiener_nsr_0.01,classical,0.10502614080905914,1.3126711350366622,-4.199646517844307,13.862738159980319,13.857971702028482,0.5252417922019958,28.41063830387587
bottle,4,scratch,0.0060577392578125,motion,3,wiener_nsr_0.1,classical,0.06833235174417496,1.1510352582700796,-5.34809727183381,13.958189571552417,13.95401646863063,0.5382492542266846,28.41063830387587
bottle,4,scratch,0.0060577392578125,motion,3,wiener_nsr_1,classical,0.012441751547157764,0.8582196263219828,-13.790147781707534,8.969218819409555,8.965856974221596,0.45619186758995056,28.41063830387587
bottle,4,scratch,0.0060577392578125,motion,4,identity,classical,0.4429168701171875,1.0,0.0,25.628436808493294,25.50400131423131,0.763749897480011,25.50400131423131
bottle,4,scratch,0.0060577392578125,motion,4,wiener_nsr_1e-05,classical,0.04656946659088135,1.0106644171180394,-4.057200505190739,12.19863106012255,12.206629148826515,0.32620781660079956,25.50400131423131
bottle,4,scratch,0.0060577392578125,motion,4,wiener_nsr_0.0001,classical,0.032100092619657516,0.9784420384501832,-3.8985069796951217,12.224032616504875,12.231937283622855,0.39467886090278625,25.50400131423131
bottle,4,scratch,0.0060577392578125,motion,4,wiener_nsr_0.001,classical,0.028544383123517036,1.1596633582756022,-3.802621403710546,12.258787540560995,12.26731340146793,0.43380308151245117,25.50400131423131
bottle,4,scratch,0.0060577392578125,motion,4,wiener_nsr_0.01,classical,0.03275346755981445,1.1847798792052446,-3.7762724036874715,12.340368892609423,12.350092072794885,0.458005428314209,25.50400131423131
bottle,4,scratch,0.0060577392578125,motion,4,wiener_nsr_0.1,classical,0.027646232396364212,0.3659768767564704,-4.439897896648939,12.506953305360344,12.516659999737222,0.4890255928039551,25.50400131423131
bottle,4,scratch,0.0060577392578125,motion,4,wiener_nsr_1,classical,0.003849511034786701,0.4443880201730091,-9.80927934193866,8.658517954297258,8.65892472561518,0.42800870537757874,25.50400131423131
bottle,5,blob,0.017852783203125,defocus,2,identity,classical,0.9939306378364563,1.0,0.0,35.72881048254835,35.764780815932234,0.9520977139472961,35.764780815932234
bottle,5,blob,0.017852783203125,defocus,2,wiener_nsr_1e-05,classical,0.7610299587249756,0.9897887844210915,-9.864486276493427,14.321355747679194,14.378905100266001,0.4840683937072754,35.764780815932234
bottle,5,blob,0.017852783203125,defocus,2,wiener_nsr_0.0001,classical,0.7465041875839233,0.992841419522421,-9.844498062701835,14.322616226397857,14.380878857059482,0.4883502423763275,35.764780815932234
bottle,5,blob,0.017852783203125,defocus,2,wiener_nsr_0.001,classical,0.7473128437995911,0.9917927742789543,-9.845413496364596,14.328403804131005,14.38694278992891,0.4928017556667328,35.764780815932234
bottle,5,blob,0.017852783203125,defocus,2,wiener_nsr_0.01,classical,0.741966187953949,0.991253694009642,-10.074050526567017,14.37429045470651,14.432483411012171,0.4987024962902069,35.764780815932234
bottle,5,blob,0.017852783203125,defocus,2,wiener_nsr_0.1,classical,0.6808778643608093,1.0004289137572944,-12.920698924260359,14.373309388865682,14.418634473496743,0.5085511207580566,35.764780815932234
bottle,5,blob,0.017852783203125,defocus,2,wiener_nsr_1,classical,0.3735085427761078,1.0387842640953253,-32.70778073075193,9.246536639974991,9.202033834375117,0.437397837638855,35.764780815932234
bottle,5,blob,0.017852783203125,defocus,3,identity,classical,0.987781822681427,1.0,0.0,32.575738730362374,32.588854692169264,0.9106931686401367,32.588854692169264
bottle,5,blob,0.017852783203125,defocus,3,wiener_nsr_1e-05,classical,0.6871110200881958,1.0247680578582163,-7.027308026728866,13.375206715982458,13.430286019968003,0.48898255825042725,32.588854692169264
bottle,5,blob,0.017852783203125,defocus,3,wiener_nsr_0.0001,classical,0.6513831615447998,1.0270201869929725,-7.002717831888072,13.376666796661315,13.433188678270984,0.49647414684295654,32.588854692169264
bottle,5,blob,0.017852783203125,defocus,3,wiener_nsr_0.001,classical,0.6446848511695862,1.0205500080266374,-6.992544513546552,13.386283269413951,13.443141104339967,0.5047463774681091,32.588854692169264
bottle,5,blob,0.017852783203125,defocus,3,wiener_nsr_0.01,classical,0.6437274217605591,1.016549057977232,-7.112892884695002,13.435641458496871,13.492343893499568,0.515381932258606,32.588854692169264
bottle,5,blob,0.017852783203125,defocus,3,wiener_nsr_0.1,classical,0.5905793905258179,1.0389320455193374,-8.808655284048875,13.525731690265822,13.57256680329524,0.5270562767982483,32.588854692169264
bottle,5,blob,0.017852783203125,defocus,3,wiener_nsr_1,classical,0.32341116666793823,1.1105126980019209,-21.021713998719513,9.093023950724888,9.052014787314485,0.4513271152973175,32.588854692169264
bottle,5,blob,0.017852783203125,defocus,4,identity,classical,0.9743726253509521,1.0,0.0,29.113995113073805,29.09625299549421,0.8437573313713074,29.09625299549421
bottle,5,blob,0.017852783203125,defocus,4,wiener_nsr_1e-05,classical,0.5434568524360657,1.0595459231731057,-5.691487996978112,11.86250302921694,11.917587797108807,0.4504118859767914,29.09625299549421
bottle,5,blob,0.017852783203125,defocus,4,wiener_nsr_0.0001,classical,0.4605961740016937,1.0711102331830107,-5.67219730588093,11.868143446333587,11.924443149358536,0.46007081866264343,29.09625299549421
bottle,5,blob,0.017852783203125,defocus,4,wiener_nsr_0.001,classical,0.4393686354160309,1.0799051028086637,-5.6633101248817415,11.884304756775819,11.941021124707527,0.47010138630867004,29.09625299549421
bottle,5,blob,0.017852783203125,defocus,4,wiener_nsr_0.01,classical,0.4435952603816986,1.0956920221027395,-5.712008060931658,11.93474928878661,11.991601348143725,0.4829586446285248,29.09625299549421
bottle,5,blob,0.017852783203125,defocus,4,wiener_nsr_0.1,classical,0.41090869903564453,1.1480889209836376,-6.558725921976752,12.134994974990011,12.18599929556632,0.5058338046073914,29.09625299549421
bottle,5,blob,0.017852783203125,defocus,4,wiener_nsr_1,classical,0.22457309067249298,1.2495852801681304,-13.357736346066151,8.781663511440698,8.74839681031814,0.450129896402359,29.09625299549421
bottle,5,blob,0.017852783203125,motion,2,identity,classical,0.9891594052314758,1.0,0.0,33.65083445841382,33.71452696166144,0.9308673739433289,33.71452696166144
bottle,5,blob,0.017852783203125,motion,2,wiener_nsr_1e-05,classical,0.9699715375900269,0.9147074998434712,-2.1958903659678155,23.26641436585307,23.33059630848764,0.7645376324653625,33.71452696166144
bottle,5,blob,0.017852783203125,motion,2,wiener_nsr_0.0001,classical,0.9698846936225891,0.9147061619904542,-2.1984147037973196,23.266623312444487,23.330789206364525,0.7645379900932312,33.71452696166144
bottle,5,blob,0.017852783203125,motion,2,wiener_nsr_0.001,classical,0.9690124988555908,0.914708034984678,-2.2242464417743655,23.268383238980547,23.332384970194827,0.7645419239997864,33.71452696166144
bottle,5,blob,0.017852783203125,motion,2,wiener_nsr_0.01,classical,0.9603776335716248,0.9147064295610575,-2.495303333200642,23.25354685794852,23.315006907567913,0.7645403742790222,33.71452696166144
bottle,5,blob,0.017852783203125,motion,2,wiener_nsr_0.1,classical,0.8818014860153198,0.9147058944198507,-5.415093778529257,21.07989914881224,21.08221190607335,0.7608671188354492,33.71452696166144
bottle,5,blob,0.017852783203125,motion,2,wiener_nsr_1,classical,0.4849906265735626,0.9147063403708564,-24.934497272907702,9.83803711554315,9.779822912291259,0.5933213233947754,33.71452696166144
bottle,5,blob,0.017852783203125,motion,3,identity,classical,0.9741045236587524,1.0,0.0,29.336245083925114,29.407740923240418,0.8624189496040344,29.407740923240418
bottle,5,blob,0.017852783203125,motion,3,wiener_nsr_1e-05,classical,0.5752527117729187,1.015353430477047,-5.434587180503982,13.252058391982919,13.308530395646601,0.31454017758369446,29.407740923240418
bottle,5,blob,0.017852783203125,motion,3,wiener_nsr_0.0001,classical,0.6242671012878418,0.9871780119300929,-5.043091944698846,13.314211010819907,13.370633589783667,0.4347337782382965,29.407740923240418
bottle,5,blob,0.017852783203125,motion,3,wiener_nsr_0.001,classical,0.638793408870697,0.9822500449797508,-4.880445054958231,13.3446208262975,13.400956009766583,0.4913690984249115,29.407740923240418
bottle,5,blob,0.017852783203125,motion,3,wiener_nsr_0.01,classical,0.6436977982521057,0.9860266329745591,-4.898099183589204,13.417789437642709,13.473878989859694,0.5104179978370667,29.407740923240418
bottle,5,blob,0.017852783203125,motion,3,wiener_nsr_0.1,classical,0.5912769436836243,1.0062270967942848,-6.0391854945761185,13.575090756345814,13.621207685733145,0.5292448401451111,29.407740923240418
bottle,5,blob,0.017852783203125,motion,3,wiener_nsr_1,classical,0.3237203061580658,1.0727305673146459,-14.874540143522092,9.108316201732231,9.067338221516554,0.4525585174560547,29.407740923240418
bottle,5,blob,0.017852783203125,motion,4,identity,classical,0.9669287204742432,1.0,0.0,26.40728317803593,26.396400019880048,0.7818990349769592,26.396400019880048
bottle,5,blob,0.017852783203125,motion,4,wiener_nsr_1e-05,classical,0.9475412964820862,0.9360352493518421,-0.4208745211242535,23.08890777219417,23.117326761319678,0.7256593108177185,26.396400019880048
bottle,5,blob,0.017852783203125,motion,4,wiener_nsr_0.0001,classical,0.9474565386772156,0.9360354836892932,-0.42191710083254863,23.088784629045456,23.117180009651655,0.7256599068641663,26.396400019880048
bottle,5,blob,0.017852783203125,motion,4,wiener_nsr_0.001,classical,0.946604311466217,0.9360368116015161,-0.43255028128378115,23.087244193282324,23.115397828730174,0.7256518006324768,26.396400019880048
bottle,5,blob,0.017852783203125,motion,4,wiener_nsr_0.01,classical,0.9381687045097351,0.936036030476679,-0.5430785762573134,23.041590537554736,23.066773070920167,0.7255347371101379,26.396400019880048
bottle,5,blob,0.017852783203125,motion,4,wiener_nsr_0.1,classical,0.861409604549408,0.936036030476679,-1.7114219871979417,20.793785192737673,20.774097756316372,0.7211746573448181,26.396400019880048
bottle,5,blob,0.017852783203125,motion,4,wiener_nsr_1,classical,0.4737754166126251,0.9360350931268747,-9.546802446909474,9.789602625229929,9.730253242641794,0.564085841178894,26.396400019880048
bottle,6,texture,0.0126495361328125,defocus,2,identity,classical,0.9358956217765808,1.0,0.0,34.60576577178866,34.414332919840625,0.9323363900184631,34.414332919840625
bottle,6,texture,0.0126495361328125,defocus,2,wiener_nsr_1e-05,classical,0.6099242568016052,1.790589068626788,-8.686254239139547,14.23821741895798,14.276695133381253,0.48129162192344666,34.414332919840625
bottle,6,texture,0.0126495361328125,defocus,2,wiener_nsr_0.0001,classical,0.6123242974281311,1.7905858321193542,-8.682218197244781,14.241236913427649,14.279915317073202,0.48241662979125977,34.414332919840625
bottle,6,texture,0.0126495361328125,defocus,2,wiener_nsr_0.001,classical,0.6154495477676392,1.7881846903720031,-8.681855644438121,14.251794360817666,14.290961879544959,0.48672136664390564,34.414332919840625
bottle,6,texture,0.0126495361328125,defocus,2,wiener_nsr_0.01,classical,0.6139175295829773,1.790707316737679,-8.89227527797324,14.299846227598263,14.340331776079008,0.49552807211875916,34.414332919840625
bottle,6,texture,0.0126495361328125,defocus,2,wiener_nsr_0.1,classical,0.5580164194107056,1.7896599598141367,-11.375379941217265,14.290678561621245,14.331711261714029,0.5084823966026306,34.414332919840625
bottle,6,texture,0.0126495361328125,defocus,2,wiener_nsr_1,classical,0.30273717641830444,1.7846077717097117,-29.1427248871468,9.139354868718101,9.112636313539236,0.43587207794189453,34.414332919840625
bottle,6,texture,0.0126495361328125,defocus,3,identity,classical,0.90753173828125,1.0,0.0,31.6319000054327,31.501014210655157,0.8877463936805725,31.501014210655157
bottle,6,texture,0.0126495361328125,defocus,3,wiener_nsr_1e-05,classical,0.5322744250297546,1.6947421855320484,-6.2678614762505696,13.400123057119757,13.441902235993714,0.49030598998069763,31.501014210655157
bottle,6,texture,0.0126495361328125,defocus,3,wiener_nsr_0.0001,classical,0.5342783331871033,1.6934533703425438,-6.262873341431335,13.40489319108714,13.44694069289416,0.49200376868247986,31.501014210655157
bottle,6,texture,0.0126495361328125,defocus,3,wiener_nsr_0.001,classical,0.5364208221435547,1.6919457038727703,-6.249104534081977,13.418391179775979,13.460901147037074,0.4990445077419281,31.501014210655157
bottle,6,texture,0.0126495361328125,defocus,3,wiener_nsr_0.01,classical,0.5377506017684937,1.6944120483757623,-6.354618948985629,13.471739170091773,13.515373949766396,0.512507975101471,31.501014210655157
bottle,6,texture,0.0126495361328125,defocus,3,wiener_nsr_0.1,classical,0.4891720116138458,1.7005232515259954,-7.879417834931052,13.5452374958028,13.590346713286213,0.5254905223846436,31.501014210655157
bottle,6,texture,0.0126495361328125,defocus,3,wiener_nsr_1,classical,0.263794869184494,1.7064753497954726,-19.182534575416884,9.003535228810719,8.980683644076397,0.44918355345726013,31.501014210655157
bottle,6,texture,0.0126495361328125,defocus,4,identity,classical,0.8646976351737976,1.0,0.0,28.294629370960052,28.21842076978829,0.823589026927948,28.21842076978829
bottle,6,texture,0.0126495361328125,defocus,4,wiener_nsr_1e-05,classical,0.3811931014060974,1.6482200937280667,-5.2332496213926545,11.898634243974715,11.943284666988864,0.43919506669044495,28.21842076978829
bottle,6,texture,0.0126495361328125,defocus,4,wiener_nsr_0.0001,classical,0.38388222455978394,1.648616042505825,-5.234778151606508,11.9080396769555,11.952895457085198,0.4400169849395752,28.21842076978829
bottle,6,texture,0.0126495361328125,defocus,4,wiener_nsr_0.001,classical,0.3879159688949585,1.6479159204772245,-5.2275155179658706,11.931434528087564,11.976673105238586,0.44925180077552795,28.21842076978829
bottle,6,texture,0.0126495361328125,defocus,4,wiener_nsr_0.01,classical,0.3910987675189972,1.6467517879545956,-5.271560172481379,11.987876236225553,12.034162993954705,0.4631737470626831,28.21842076978829
bottle,6,texture,0.0126495361328125,defocus,4,wiener_nsr_0.1,classical,0.356393426656723,1.6618391096993694,-6.05347458607007,12.183756550671848,12.233065068961084,0.48422011733055115,28.21842076978829
bottle,6,texture,0.0126495361328125,defocus,4,wiener_nsr_1,classical,0.18996144831180573,1.6642103881067951,-12.463914560237345,8.706706478571999,8.691405200979945,0.43469253182411194,28.21842076978829
bottle,6,texture,0.0126495361328125,motion,2,identity,classical,0.9206339716911316,1.0,0.0,32.36744947851313,32.216274232891095,0.9087819457054138,32.216274232891095
bottle,6,texture,0.0126495361328125,motion,2,wiener_nsr_1e-05,classical,0.8618564605712891,1.2486958002252604,-2.038749421218044,22.62416388751694,22.631576197831237,0.7262332439422607,32.216274232891095
bottle,6,texture,0.0126495361328125,motion,2,wiener_nsr_0.0001,classical,0.8617791533470154,1.248693303409592,-2.0411696107716955,22.62435743262578,22.631779341261257,0.7262368202209473,32.216274232891095
bottle,6,texture,0.0126495361328125,motion,2,wiener_nsr_0.001,classical,0.8610042929649353,1.2486950868493552,-2.065428544501674,22.625999397348316,22.633517940718274,0.7262394428253174,32.216274232891095
bottle,6,texture,0.0126495361328125,motion,2,wiener_nsr_0.01,classical,0.8533316850662231,1.2486947301614024,-2.3137210455363104,22.613799812758955,22.621891580412736,0.7262160181999207,32.216274232891095
bottle,6,texture,0.0126495361328125,motion,2,wiener_nsr_0.1,classical,0.7835137844085693,1.2486941356814814,-4.9419131560723955,20.650918034867733,20.642088322267924,0.7226848602294922,32.216274232891095
bottle,6,texture,0.0126495361328125,motion,2,wiener_nsr_1,classical,0.43093255162239075,1.2486958002252604,-22.293467241965686,9.717088553972577,9.672242851570616,0.5663332939147949,32.216274232891095
bottle,6,texture,0.0126495361328125,motion,3,identity,classical,0.8931066393852234,1.0,0.0,28.720428201676246,28.678649464359825,0.8491020798683167,28.678649464359825
bottle,6,texture,0.0126495361328125,motion,3,wiener_nsr_1e-05,classical,0.5240294933319092,1.5926204725742066,-5.430416931664319,13.11053470502487,13.153083992890316,0.24717800319194794,28.678649464359825
bottle,6,texture,0.0126495361328125,motion,3,wiener_nsr_0.0001,classical,0.5391481518745422,1.5208567852967252,-4.856691294490499,13.279177507575202,13.321603807729947,0.3894306421279907,28.678649464359825
bottle,6,texture,0.0126495361328125,motion,3,wiener_nsr_0.001,classical,0.5493911504745483,1.4922753114291347,-4.608458299847957,13.335128842033587,13.377794224644934,0.47183477878570557,28.678649464359825
bottle,6,texture,0.0126495361328125,motion,3,wiener_nsr_0.01,classical,0.5514918565750122,1.503153884732015,-4.57409840559999,13.418947856601458,13.462569869454493,0.4991507828235626,28.678649464359825
bottle,6,texture,0.0126495361328125,motion,3,wiener_nsr_0.1,classical,0.4992985427379608,1.5305946227526872,-5.680380333134699,13.546602117635382,13.592038555487026,0.5085581541061401,28.678649464359825
bottle,6,texture,0.0126495361328125,motion,3,wiener_nsr_1,classical,0.2687201499938965,1.5092624257235885,-14.10146651269974,9.014912132235523,8.992709417156576,0.4403019845485687,28.678649464359825
bottle,6,texture,0.0126495361328125,motion,4,identity,classical,0.8567333221435547,1.0,0.0,25.775895965085525,25.76891908827956,0.7719414234161377,25.76891908827956
bottle,6,texture,0.0126495361328125,motion,4,wiener_nsr_1e-05,classical,0.3786773979663849,1.3175758238212896,-5.036551010719173,11.613860677808525,11.658926002590253,0.18508093059062958,25.76891908827956
bottle,6,texture,0.0126495361328125,motion,4,wiener_nsr_0.0001,classical,0.3798525631427765,1.3500649219570202,-4.547802351095997,11.810584311762307,11.855759066473047,0.27771076560020447,25.76891908827956
bottle,6,texture,0.0126495361328125,motion,4,wiener_nsr_0.001,classical,0.39351633191108704,1.3805343434067412,-4.186271297533137,11.93619839746605,11.981831076354785,0.3878650665283203,25.76891908827956
bottle,6,texture,0.0126495361328125,motion,4,wiener_nsr_0.01,classical,0.415182501077652,1.3799405697441642,-4.032917819482026,12.04667531163555,12.092863670350877,0.4581146240234375,25.76891908827956
bottle,6,texture,0.0126495361328125,motion,4,wiener_nsr_0.1,classical,0.37521353363990784,1.396765890453343,-4.644397975360541,12.222109903341957,12.271569514561097,0.4844333827495575,25.76891908827956
bottle,6,texture,0.0126495361328125,motion,4,wiener_nsr_1,classical,0.20039469003677368,1.3820165738307657,-9.826884277801339,8.721739289554623,8.707631019977665,0.4330524504184723,25.76891908827956
bottle,7,scratch,0.01239013671875,defocus,2,identity,classical,0.8806498050689697,1.0,0.0,34.673006971036486,34.0414815077642,0.9453816413879395,34.0414815077642
bottle,7,scratch,0.01239013671875,defocus,2,wiener_nsr_1e-05,classical,0.004845810122787952,0.08211597752556478,-9.241713750626737,14.06299999188854,13.95050705478404,0.44388461112976074,34.0414815077642
bottle,7,scratch,0.01239013671875,defocus,2,wiener_nsr_0.0001,classical,0.01220342144370079,0.08395019972919812,-9.243074751934842,14.066164536654973,13.95321071270445,0.44377949833869934,34.0414815077642
bottle,7,scratch,0.01239013671875,defocus,2,wiener_nsr_0.001,classical,0.02044772543013096,0.08701569705984655,-9.254672672445748,14.077479137533373,13.963638782475696,0.44532808661460876,34.0414815077642
bottle,7,scratch,0.01239013671875,defocus,2,wiener_nsr_0.01,classical,0.014587929472327232,0.08846355202795768,-9.479074502771937,14.129497778435722,14.013000792515871,0.4497772753238678,34.0414815077642
bottle,7,scratch,0.01239013671875,defocus,2,wiener_nsr_0.1,classical,0.0045618037693202496,0.09476585336732239,-11.979475716317822,14.163022939293363,14.031952728568244,0.4587669372558594,34.0414815077642
bottle,7,scratch,0.01239013671875,defocus,2,wiener_nsr_1,classical,0.0006742883124388754,0.11898302608651719,-29.553907517673718,9.058429952239846,9.028071972190393,0.3999742567539215,34.0414815077642
bottle,7,scratch,0.01239013671875,defocus,3,identity,classical,0.807654619216919,1.0,0.0,31.48198846759029,30.94880613596051,0.899094820022583,30.94880613596051
bottle,7,scratch,0.01239013671875,defocus,3,wiener_nsr_1e-05,classical,0.0036880555562675,0.016668116318806034,-6.355676256681613,13.246130122149538,13.16633062284204,0.4550696313381195,30.94880613596051
bottle,7,scratch,0.01239013671875,defocus,3,wiener_nsr_0.0001,classical,0.007292897440493107,0.016134067978436865,-6.3552057436054,13.251529883052735,13.171670631286412,0.455818772315979,30.94880613596051
bottle,7,scratch,0.01239013671875,defocus,3,wiener_nsr_0.001,classical,0.010850335471332073,0.015551585023667361,-6.351259184480597,13.265107454974878,13.184931381590815,0.45962977409362793,30.94880613596051
bottle,7,scratch,0.01239013671875,defocus,3,wiener_nsr_0.01,classical,0.011552980169653893,0.013864588316346474,-6.468409098572751,13.322469815603794,13.239388825245177,0.46731218695640564,30.94880613596051
bottle,7,scratch,0.01239013671875,defocus,3,wiener_nsr_0.1,classical,0.005026879720389843,0.01463195373827392,-7.932124045021828,13.43945663375694,13.340880341963029,0.47851333022117615,30.94880613596051
bottle,7,scratch,0.01239013671875,defocus,3,wiener_nsr_1,classical,0.0005620911833830178,0.05264154697169954,-18.687548995441514,8.92704018179458,8.900333770764789,0.41806045174598694,30.94880613596051
bottle,7,scratch,0.01239013671875,defocus,4,identity,classical,0.6919785141944885,1.0,0.0,27.942749837484993,27.484574475872073,0.8193080425262451,27.484574475872073
bottle,7,scratch,0.01239013671875,defocus,4,wiener_nsr_1e-05,classical,0.006624175701290369,0.06611377451978456,-4.947270150241881,11.786390795163431,11.750526399819233,0.4135158360004425,27.484574475872073
bottle,7,scratch,0.01239013671875,defocus,4,wiener_nsr_0.0001,classical,0.013494350016117096,0.06623289078752183,-4.951434243890435,11.796218010085163,11.760244557453053,0.4109208583831787,27.484574475872073
bottle,7,scratch,0.01239013671875,defocus,4,wiener_nsr_0.001,classical,0.021933920681476593,0.06944067513056035,-4.953685919568907,11.821667287772264,11.785181160212419,0.41319453716278076,27.484574475872073
bottle,7,scratch,0.01239013671875,defocus,4,wiener_nsr_0.01,classical,0.022224949672818184,0.09047152908904799,-5.002079918276879,11.889609092498645,11.850071780347669,0.4198683798313141,27.484574475872073
bottle,7,scratch,0.01239013671875,defocus,4,wiener_nsr_0.1,classical,0.005695495754480362,0.08236814894378305,-5.713779061528364,12.12036546253014,12.066904928125442,0.43886688351631165,27.484574475872073
bottle,7,scratch,0.01239013671875,defocus,4,wiener_nsr_1,classical,0.0004019920888822526,0.05396318680399194,-11.581721852396209,8.638881496415214,8.619567943970665,0.40646323561668396,27.484574475872073
bottle,7,scratch,0.01239013671875,motion,2,identity,classical,0.9624230861663818,1.0,0.0,32.91323718487498,32.797417730771116,0.9277029037475586,32.797417730771116
bottle,7,scratch,0.01239013671875,motion,2,wiener_nsr_1e-05,classical,0.04069488123059273,0.1390538483620182,-6.866910773729189,15.209015300037027,15.039714375689242,0.3956369459629059,32.797417730771116
bottle,7,scratch,0.01239013671875,motion,2,wiener_nsr_0.0001,classical,0.030219001695513725,0.14006483295902827,-6.7709029176002415,15.220924259641562,15.051603328306706,0.4132489264011383,32.797417730771116
bottle,7,scratch,0.01239013671875,motion,2,wiener_nsr_0.001,classical,0.017844688147306442,0.14082935734170743,-6.7152029081750255,15.235063497605154,15.065448811511665,0.4234088361263275,32.797417730771116
bottle,7,scratch,0.01239013671875,motion,2,wiener_nsr_0.01,classical,0.008288316428661346,0.14174958682659056,-6.895249544455071,15.292597814757979,15.118830450892823,0.4280569553375244,32.797417730771116
bottle,7,scratch,0.01239013671875,motion,2,wiener_nsr_0.1,classical,0.002682562917470932,0.14378097231188874,-9.103874505445628,15.245590345703183,15.05690943546597,0.4380899965763092,32.797417730771116
bottle,7,scratch,0.01239013671875,motion,2,wiener_nsr_1,classical,0.0007940834038890898,0.1484122070289117,-24.474564635640373,9.223893731846161,9.189157633353277,0.3916126787662506,32.797417730771116
bottle,7,scratch,0.01239013671875,motion,3,identity,classical,0.9281759858131409,1.0,0.0,28.387814730549707,28.3208390285497,0.8495769500732422,28.3208390285497
bottle,7,scratch,0.01239013671875,motion,3,wiener_nsr_1e-05,classical,0.10720506310462952,0.006689764968729803,-4.804772578034719,13.213966740164443,13.131903320870059,0.38146457076072693,28.3208390285497
bottle,7,scratch,0.01239013671875,motion,3,wiener_nsr_0.0001,classical,0.039446745067834854,0.01264898113520381,-4.565547045205102,13.263507747383203,13.182706041800428,0.44293081760406494,28.3208390285497
bottle,7,scratch,0.01239013671875,motion,3,wiener_nsr_0.001,classical,0.022974330931901932,0.014548839849529973,-4.524239069804661,13.279353418122215,13.198325327541836,0.4550040066242218,28.3208390285497
bottle,7,scratch,0.01239013671875,motion,3,wiener_nsr_0.01,classical,0.0069206273183226585,0.016726617797594427,-4.567638588263352,13.35260089986583,13.268396201826517,0.46526670455932617,28.3208390285497
bottle,7,scratch,0.01239013671875,motion,3,wiener_nsr_0.1,classical,0.0004244280862621963,0.01907956288287315,-5.6226451508131206,13.50064199562466,13.399666116113822,0.48203977942466736,28.3208390285497
bottle,7,scratch,0.01239013671875,motion,3,wiener_nsr_1,classical,4.194254415779142e-06,0.022498596336213067,-13.781375695579282,8.930886099103892,8.904095761240782,0.4143636226654053,28.3208390285497
bottle,7,scratch,0.01239013671875,motion,4,identity,classical,0.7672398686408997,1.0,0.0,25.246692670791298,25.09432690864716,0.75700443983078,25.09432690864716
bottle,7,scratch,0.01239013671875,motion,4,wiener_nsr_1e-05,classical,0.04760979861021042,0.0253081231340007,-4.838738185054889,11.418767880318159,11.386692541349472,0.15530408918857574,25.09432690864716
bottle,7,scratch,0.01239013671875,motion,4,wiener_nsr_0.0001,classical,0.03822126239538193,0.04212324102125044,-4.4197664561522485,11.625949133021184,11.590136082266298,0.2272493988275528,25.09432690864716
bottle,7,scratch,0.01239013671875,motion,4,wiener_nsr_0.001,classical,0.02893986739218235,0.05811366679838426,-4.043643771457636,11.763206304663305,11.725461975326112,0.32285448908805847,25.09432690864716
bottle,7,scratch,0.01239013671875,motion,4,wiener_nsr_0.01,classical,0.01719929836690426,0.06690928499297506,-3.8481488153265797,11.897940414198105,11.857811827954754,0.3993837535381317,25.09432690864716
bottle,7,scratch,0.01239013671875,motion,4,wiener_nsr_0.1,classical,0.003919957205653191,0.06582460704250089,-4.375400542533803,12.16174360365823,12.107471645326884,0.43876564502716064,25.09432690864716
bottle,7,scratch,0.01239013671875,motion,4,wiener_nsr_1,classical,0.0001793890551198274,0.05750134461714085,-9.190759971177892,8.63321918519379,8.613864896546412,0.3948187828063965,25.09432690864716
bottle,8,blob,0.011199951171875,defocus,2,identity,classical,0.9907363057136536,1.0,0.0,34.227829517320416,34.25960875143034,0.9351498484611511,34.25960875143034
bottle,8,blob,0.011199951171875,defocus,2,wiener_nsr_1e-05,classical,0.7683221697807312,0.9984744349227501,-8.276956722925943,14.255914615114818,14.281862797414373,0.46875667572021484,34.25960875143034
bottle,8,blob,0.011199951171875,defocus,2,wiener_nsr_0.0001,classical,0.7418521046638489,1.0135965755463614,-8.211386646577491,14.27085316687285,14.297683061392997,0.47758403420448303,34.25960875143034
bottle,8,blob,0.011199951171875,defocus,2,wiener_nsr_0.001,classical,0.7130369544029236,1.0235141222624757,-8.195957661983552,14.283456721927204,14.31153742227485,0.48386430740356445,34.25960875143034
bottle,8,blob,0.011199951171875,defocus,2,wiener_nsr_0.01,classical,0.6762861013412476,1.0272644357105936,-8.384296019553533,14.332453516539719,14.362102443992166,0.4918021261692047,34.25960875143034
bottle,8,blob,0.011199951171875,defocus,2,wiener_nsr_0.1,classical,0.6052400469779968,1.0356599815803518,-10.78751966406836,14.321397320136063,14.353145497063405,0.502694308757782,34.25960875143034
bottle,8,blob,0.011199951171875,defocus,2,wiener_nsr_1,classical,0.3261164724826813,1.0536551150685955,-27.63422482290197,9.164096777112329,9.136868465684227,0.42999187111854553,34.25960875143034
bottle,8,blob,0.011199951171875,defocus,3,identity,classical,0.9814708232879639,1.0,0.0,31.383351404874848,31.40533071446044,0.885491669178009,31.40533071446044
bottle,8,blob,0.011199951171875,defocus,3,wiener_nsr_1e-05,classical,0.8603021502494812,0.8880060553533835,-5.9876079005912075,13.377795633232717,13.400029612135963,0.46716800332069397,31.40533071446044
bottle,8,blob,0.011199951171875,defocus,3,wiener_nsr_0.0001,classical,0.719510018825531,0.9103503656700836,-5.901281761016981,13.404286230115368,13.42950622332371,0.48204848170280457,31.40533071446044
bottle,8,blob,0.011199951171875,defocus,3,wiener_nsr_0.001,classical,0.5994818210601807,0.9507514824297579,-5.870077295111546,13.42271316352784,13.450694547514534,0.49461039900779724,31.40533071446044
bottle,8,blob,0.011199951171875,defocus,3,wiener_nsr_0.01,classical,0.5640504956245422,0.9566617818746024,-5.9661469099083995,13.476969821677384,13.506657339376405,0.5111925601959229,31.40533071446044
bottle,8,blob,0.011199951171875,defocus,3,wiener_nsr_0.1,classical,0.5043572187423706,0.9826425951743215,-7.4475744727543045,13.550708818337052,13.583705192136648,0.526073157787323,31.40533071446044
bottle,8,blob,0.011199951171875,defocus,3,wiener_nsr_1,classical,0.2694299817085266,1.0474204821646287,-18.169525599288892,9.023146699066494,8.999568438654467,0.44574713706970215,31.40533071446044
bottle,8,blob,0.011199951171875,defocus,4,identity,classical,0.96164870262146,1.0,0.0,28.263640458712935,28.273745651487175,0.814487636089325,28.273745651487175
bottle,8,blob,0.011199951171875,defocus,4,wiener_nsr_1e-05,classical,0.5669233798980713,0.666667654818284,-5.106693726472356,11.830082695302654,11.859946994753578,0.4106978178024292,28.273745651487175
bottle,8,blob,0.011199951171875,defocus,4,wiener_nsr_0.0001,classical,0.47250738739967346,0.6743872434764577,-5.02757988970632,11.864165308394334,11.895057574132279,0.4317530393600464,28.273745651487175
bottle,8,blob,0.011199951171875,defocus,4,wiener_nsr_0.001,classical,0.39025387167930603,0.7538762841092028,-5.001799295468901,11.89555668876175,11.92782117106669,0.4450359046459198,28.273745651487175
bottle,8,blob,0.011199951171875,defocus,4,wiener_nsr_0.01,classical,0.3526540696620941,0.8322835210549665,-5.036438116869076,11.953365241332222,11.986477778128368,0.46125340461730957,28.273745651487175
bottle,8,blob,0.011199951171875,defocus,4,wiener_nsr_0.1,classical,0.3114433288574219,0.9061425431435642,-5.806482775763994,12.149605460215845,12.18612428332845,0.4828166961669922,28.273745651487175
bottle,8,blob,0.011199951171875,defocus,4,wiener_nsr_1,classical,0.16208426654338837,1.13135306761047,-11.96401102596277,8.715934278795828,8.699460645878624,0.42988237738609314,28.273745651487175
bottle,8,blob,0.011199951171875,motion,2,identity,classical,0.9818570613861084,1.0,0.0,32.64435434810018,32.685832283840966,0.9156973958015442,32.685832283840966
bottle,8,blob,0.011199951171875,motion,2,wiener_nsr_1e-05,classical,0.7449019551277161,1.0485173422465721,-7.160435336408483,15.119097306828406,15.150871230276707,0.2886243760585785,32.685832283840966
bottle,8,blob,0.011199951171875,motion,2,wiener_nsr_0.0001,classical,0.7571938633918762,1.0459356466869583,-6.25019942074297,15.406672109595974,15.437328347813889,0.40231016278266907,32.685832283840966
bottle,8,blob,0.011199951171875,motion,2,wiener_nsr_0.001,classical,0.7623307704925537,1.045133226807617,-6.067999899517478,15.446643785005962,15.47726126856462,0.44104185700416565,32.685832283840966
bottle,8,blob,0.011199951171875,motion,2,wiener_nsr_0.01,classical,0.7589709758758545,1.0451137555717198,-6.141120866060504,15.511591649188697,15.543085170378578,0.4583336114883423,32.685832283840966
bottle,8,blob,0.011199951171875,motion,2,wiener_nsr_0.1,classical,0.6957305073738098,1.0455585927918216,-8.20208591832171,15.43843466419723,15.469230664289865,0.47393763065338135,32.685832283840966
bottle,8,blob,0.011199951171875,motion,2,wiener_nsr_1,classical,0.3792664110660553,1.0499549928970249,-22.91479806925305,9.339564487904692,9.307932354227702,0.4239110052585602,32.685832283840966
bottle,8,blob,0.011199951171875,motion,3,identity,classical,0.9642244577407837,1.0,0.0,28.42004627121613,28.382571602601665,0.8361746668815613,28.382571602601665
bottle,8,blob,0.011199951171875,motion,3,wiener_nsr_1e-05,classical,0.800520658493042,0.8860054617879051,-4.415148585475014,13.374691158670258,13.401000971806077,0.42676904797554016,28.382571602601665
bottle,8,blob,0.011199951171875,motion,3,wiener_nsr_0.0001,classical,0.7025692462921143,0.9537844526912783,-4.2633678958343655,13.40762219723856,13.434517824020219,0.47111740708351135,28.382571602601665
bottle,8,blob,0.011199951171875,motion,3,wiener_nsr_0.001,classical,0.5914435386657715,1.0153673754440473,-4.219573604789429,13.433433715622304,13.461341601619502,0.4879728853702545,28.382571602601665
bottle,8,blob,0.011199951171875,motion,3,wiener_nsr_0.01,classical,0.5539436340332031,1.0513370722840907,-4.25186855511794,13.506834366103435,13.536457514005246,0.5004006028175354,28.382571602601665
bottle,8,blob,0.011199951171875,motion,3,wiener_nsr_0.1,classical,0.506777822971344,1.1246410961227218,-5.3225177807668596,13.620710496623573,13.655847147000873,0.5223878026008606,28.382571602601665
bottle,8,blob,0.011199951171875,motion,3,wiener_nsr_1,classical,0.2650340497493744,1.2422614493536055,-13.497873951844415,9.028665450311008,9.005010972310645,0.44844427704811096,28.382571602601665
bottle,8,blob,0.011199951171875,motion,4,identity,classical,0.9560961723327637,1.0,0.0,25.779067607992122,25.81501857363131,0.7590405941009521,25.81501857363131
bottle,8,blob,0.011199951171875,motion,4,wiener_nsr_1e-05,classical,0.45852017402648926,0.5797350388973672,-4.436937747652092,11.773386589057566,11.803628775184677,0.24368774890899658,25.81501857363131
bottle,8,blob,0.011199951171875,motion,4,wiener_nsr_0.0001,classical,0.43849489092826843,0.6811673513350925,-4.072981181790569,11.855249127796498,11.886508447216134,0.35375794768333435,25.81501857363131
bottle,8,blob,0.011199951171875,motion,4,wiener_nsr_0.001,classical,0.3720521926879883,0.7457235933218784,-3.9194961754857873,11.917739260360696,11.950007856980502,0.42163681983947754,25.81501857363131
bottle,8,blob,0.011199951171875,motion,4,wiener_nsr_0.01,classical,0.35667285323143005,0.7971402288738388,-3.834865547022871,12.034148004426067,12.06663178092336,0.46699491143226624,25.81501857363131
bottle,8,blob,0.011199951171875,motion,4,wiener_nsr_0.1,classical,0.33226314187049866,0.9331595256423575,-4.447962448390778,12.217230687771272,12.253474975679543,0.4909006357192993,25.81501857363131
bottle,8,blob,0.011199951171875,motion,4,wiener_nsr_1,classical,0.16742657124996185,1.2119832260220076,-9.476948698317054,8.734939265823634,8.718285606647207,0.42906638979911804,25.81501857363131
bottle,9,texture,0.008209228515625,defocus,2,identity,classical,0.8852717280387878,1.0,0.0,34.68584882292144,34.27415694656649,0.9455573558807373,34.27415694656649
bottle,9,texture,0.008209228515625,defocus,2,wiener_nsr_1e-05,classical,0.30297383666038513,2.0674066863688405,-10.041275585682966,13.926573223561515,13.894616546435497,0.38990381360054016,34.27415694656649
bottle,9,texture,0.008209228515625,defocus,2,wiener_nsr_0.0001,classical,0.16142746806144714,2.2854231510415426,-9.470051344387414,14.06378060182611,14.030705898515784,0.441485732793808,34.27415694656649
bottle,9,texture,0.008209228515625,defocus,2,wiener_nsr_0.001,classical,0.08220405876636505,2.4373225958814637,-9.350933707814741,14.115183719552888,14.07760159638443,0.454754501581192,34.27415694656649
bottle,9,texture,0.008209228515625,defocus,2,wiener_nsr_0.01,classical,0.07757405936717987,2.4742481886516643,-9.537403469741374,14.177203711229788,14.140075074093751,0.46164026856422424,34.27415694656649
bottle,9,texture,0.008209228515625,defocus,2,wiener_nsr_0.1,classical,0.06426163762807846,2.442321243951326,-12.06442481157436,14.170395777121886,14.16085599403332,0.4730616807937622,34.27415694656649
bottle,9,texture,0.008209228515625,defocus,2,wiener_nsr_1,classical,0.03593175485730171,2.3936069935070874,-30.01095299394278,9.128630345623002,9.150493878321496,0.4162653982639313,34.27415694656649
bottle,9,texture,0.008209228515625,defocus,3,identity,classical,0.8309420347213745,1.0,0.0,31.599406116931142,31.30026257390682,0.9008800387382507,31.30026257390682
bottle,9,texture,0.008209228515625,defocus,3,wiener_nsr_1e-05,classical,0.2503785192966461,2.5068312268483868,-7.265326858147574,12.959191619587976,12.937549226855252,0.36141422390937805,31.30026257390682
bottle,9,texture,0.008209228515625,defocus,3,wiener_nsr_0.0001,classical,0.1327923983335495,2.525823165737422,-6.610791203513031,13.203605045521167,13.179189178624862,0.46137189865112305,31.30026257390682
bottle,9,texture,0.008209228515625,defocus,3,wiener_nsr_0.001,classical,0.04369044303894043,2.578791303017057,-6.444139569303794,13.285391708840319,13.255708740711796,0.49111685156822205,31.30026257390682
bottle,9,texture,0.008209228515625,defocus,3,wiener_nsr_0.01,classical,0.02615833282470703,2.632913032826172,-6.518307903124324,13.353016500327676,13.321678546683069,0.5060644149780273,31.30026257390682
bottle,9,texture,0.008209228515625,defocus,3,wiener_nsr_0.1,classical,0.018838711082935333,2.583214166456179,-8.020637752912041,13.428899732427977,13.42216596524693,0.5192897915840149,31.30026257390682
bottle,9,texture,0.008209228515625,defocus,3,wiener_nsr_1,classical,0.009854080155491829,2.5583477374328103,-19.267787109975647,8.989630875345378,9.0129040052411,0.44515934586524963,31.30026257390682
bottle,9,texture,0.008209228515625,defocus,4,identity,classical,0.7501135468482971,1.0,0.0,28.320191994845775,28.124951453667578,0.8304844498634338,28.124951453667578
bottle,9,texture,0.008209228515625,defocus,4,wiener_nsr_1e-05,classical,0.14948496222496033,2.9158304351803874,-5.919823097306374,11.572965280594183,11.565640553690617,0.2598536014556885,28.124951453667578
bottle,9,texture,0.008209228515625,defocus,4,wiener_nsr_0.0001,classical,0.09935388714075089,2.951616099241975,-5.428439176633325,11.771334415555806,11.760159633014066,0.3843524754047394,28.124951453667578
bottle,9,texture,0.008209228515625,defocus,4,wiener_nsr_0.001,classical,0.0490240603685379,2.9074476879536637,-5.296626552579912,11.855623639175974,11.842691205839461,0.42521825432777405,28.124951453667578
bottle,9,texture,0.008209228515625,defocus,4,wiener_nsr_0.01,classical,0.022467264905571938,2.8688421687723333,-5.30947081078417,11.924876599218386,11.911151216139297,0.4415476322174072,28.124951453667578
bottle,9,texture,0.008209228515625,defocus,4,wiener_nsr_0.1,classical,0.010213807225227356,2.880559578537946,-6.078984746830584,12.112203240694779,12.115824319407045,0.4636940062046051,28.124951453667578
bottle,9,texture,0.008209228515625,defocus,4,wiener_nsr_1,classical,0.00220495299436152,3.1360216783288557,-12.344357871568448,8.696821296154873,8.72163466518469,0.4243484437465668,28.124951453667578
bottle,9,texture,0.008209228515625,motion,2,identity,classical,0.9346166849136353,1.0,0.0,32.62291918781622,32.46045126274297,0.9274795651435852,32.46045126274297
bottle,9,texture,0.008209228515625,motion,2,wiener_nsr_1e-05,classical,0.766788125038147,1.0416106871344841,-7.579812766074111,14.9050561874236,14.81924334923619,0.29851630330085754,32.46045126274297
bottle,9,texture,0.008209228515625,motion,2,wiener_nsr_0.0001,classical,0.5273242592811584,1.2799298125799794,-6.65102077359294,15.254285782874566,15.19453080667111,0.41565537452697754,32.46045126274297
bottle,9,texture,0.008209228515625,motion,2,wiener_nsr_0.001,classical,0.31946519017219543,1.5771508246952246,-6.406683498928635,15.376454482930741,15.330940250931446,0.44124138355255127,32.46045126274297
bottle,9,texture,0.008209228515625,motion,2,wiener_nsr_0.01,classical,0.25707578659057617,1.7182589216151976,-6.540308926553479,15.459261583952165,15.418145671360971,0.45073962211608887,32.46045126274297
bottle,9,texture,0.008209228515625,motion,2,wiener_nsr_0.1,classical,0.2242761254310608,1.696602884720464,-8.69463717965084,15.357576559451411,15.347446476362887,0.4623902142047882,32.46045126274297
bottle,9,texture,0.008209228515625,motion,2,wiener_nsr_1,classical,0.11942291259765625,1.727218497324567,-23.955620573285024,9.312296409553287,9.330823312110523,0.4142637550830841,32.46045126274297
bottle,9,texture,0.008209228515625,motion,3,identity,classical,0.8286423683166504,1.0,0.0,28.44736640903725,28.30016383930171,0.8519101738929749,28.30016383930171
bottle,9,texture,0.008209228515625,motion,3,wiener_nsr_1e-05,classical,0.20263485610485077,1.7443414715059251,-5.300441936631026,12.978502097410857,12.948328232589345,0.328775018453598,28.30016383930171
bottle,9,texture,0.008209228515625,motion,3,wiener_nsr_0.0001,classical,0.16342444717884064,1.8518485790879446,-4.797018260807161,13.189909519793783,13.155811462407115,0.42141473293304443,28.30016383930171
bottle,9,texture,0.008209228515625,motion,3,wiener_nsr_0.001,classical,0.10578353703022003,2.0348875013836847,-4.586830344524544,13.258022513084658,13.22822631805936,0.4695124924182892,28.30016383930171
bottle,9,texture,0.008209228515625,motion,3,wiener_nsr_0.01,classical,0.05515933781862259,2.26043226690979,-4.579729209072551,13.344076739831232,13.315968373204548,0.49090754985809326,28.30016383930171
bottle,9,texture,0.008209228515625,motion,3,wiener_nsr_0.1,classical,0.02425558678805828,2.390631874677382,-5.607369993934046,13.484832141868214,13.478322527366922,0.5136101841926575,28.30016383930171
bottle,9,texture,0.008209228515625,motion,3,wiener_nsr_1,classical,0.008975970558822155,2.38192898338547,-13.939999975944662,8.99535672749665,9.018536226603718,0.44886741042137146,28.30016383930171
bottle,9,texture,0.008209228515625,motion,4,identity,classical,0.6353980302810669,1.0,0.0,25.541665772155696,25.38804033720718,0.769245445728302,25.38804033720718
bottle,9,texture,0.008209228515625,motion,4,wiener_nsr_1e-05,classical,0.15120205283164978,24.605974849976405,-5.310106050658315,11.299267034757793,11.294417664879862,0.13364869356155396,25.38804033720718
bottle,9,texture,0.008209228515625,motion,4,wiener_nsr_0.0001,classical,0.12265334278345108,24.820386904511643,-4.734744665155395,11.613508790044992,11.605436811244036,0.21295464038848877,25.38804033720718
bottle,9,texture,0.008209228515625,motion,4,wiener_nsr_0.001,classical,0.08689448982477188,25.809360700381838,-4.238273715071831,11.803147955463729,11.793548591342763,0.3329126834869385,25.38804033720718
bottle,9,texture,0.008209228515625,motion,4,wiener_nsr_0.01,classical,0.05491624027490616,29.663577342089198,-4.0165671475938005,11.94541315899119,11.93390672405825,0.4252752363681793,25.38804033720718
bottle,9,texture,0.008209228515625,motion,4,wiener_nsr_0.1,classical,0.046045705676078796,37.94917188180309,-4.574107817448925,12.172741866768328,12.174341481283227,0.46676477789878845,25.38804033720718
bottle,9,texture,0.008209228515625,motion,4,wiener_nsr_1,classical,0.009634253568947315,39.933758687480655,-9.627809914411321,8.695887070733747,8.720582293857966,0.4186387062072754,25.38804033720718
screw,0,texture,0.0123291015625,defocus,2,identity,classical,0.9240555167198181,1.0,0.0,38.648240414952085,38.43478083962284,0.9668661952018738,38.43478083962284
screw,0,texture,0.0123291015625,defocus,2,wiener_nsr_1e-05,classical,0.49607136845588684,0.5094298540239356,-7.719128021365572,21.59760482031443,21.465150997946164,0.5513370633125305,38.43478083962284
screw,0,texture,0.0123291015625,defocus,2,wiener_nsr_0.0001,classical,0.501862108707428,0.5238016842237656,-6.869900761144319,21.852872167682598,21.712643409128077,0.7046566605567932,38.43478083962284
screw,0,texture,0.0123291015625,defocus,2,wiener_nsr_0.001,classical,0.5085679292678833,0.5330965638061971,-6.447613870331996,21.949206361008255,21.805866193695884,0.7615055441856384,38.43478083962284
screw,0,texture,0.0123291015625,defocus,2,wiener_nsr_0.01,classical,0.5065785050392151,0.5362320174025021,-6.392197044695306,22.026145689001506,21.875248945644422,0.788642168045044,38.43478083962284
screw,0,texture,0.0123291015625,defocus,2,wiener_nsr_0.1,classical,0.45849353075027466,0.5394157973871949,-13.243271266448723,20.158893673025805,20.023539518106084,0.8004391193389893,38.43478083962284
screw,0,texture,0.0123291015625,defocus,2,wiener_nsr_1,classical,0.24747803807258606,0.5428232544079741,-60.05455418986798,8.96916471539814,8.940542946657676,0.6604401469230652,38.43478083962284
screw,0,texture,0.0123291015625,defocus,3,identity,classical,0.8930631279945374,1.0,0.0,36.23478768796348,36.04245697136242,0.949360191822052,36.04245697136242
screw,0,texture,0.0123291015625,defocus,3,wiener_nsr_1e-05,classical,0.3659909665584564,0.5007496693128891,-7.724897602031282,20.164030626012092,20.05833219287011,0.4300823211669922,36.04245697136242
screw,0,texture,0.0123291015625,defocus,3,wiener_nsr_0.0001,classical,0.37375760078430176,0.5095632154759391,-6.557899473094685,20.612950898591727,20.494244864502875,0.6384190917015076,36.04245697136242
screw,0,texture,0.0123291015625,defocus,3,wiener_nsr_0.001,classical,0.38052308559417725,0.5122673490104057,-5.986584341816713,20.798795407608527,20.67367123860102,0.7350711822509766,36.04245697136242
screw,0,texture,0.0123291015625,defocus,3,wiener_nsr_0.01,classical,0.3772803843021393,0.5152151896943167,-5.889885266926432,20.909930202511152,20.776653203885118,0.7773690223693848,36.04245697136242
screw,0,texture,0.0123291015625,defocus,3,wiener_nsr_0.1,classical,0.33974799513816833,0.5180054869027587,-11.046371476777825,19.481147508478,19.347766073727286,0.793012797832489,36.04245697136242
screw,0,texture,0.0123291015625,defocus,3,wiener_nsr_1,classical,0.1808817833662033,0.5179338350054528,-47.60813806112229,8.94014745844251,8.909149041016475,0.6573787331581116,36.04245697136242
screw,0,texture,0.0123291015625,defocus,4,identity,classical,0.8495938777923584,1.0,0.0,34.11799068395687,33.92285677675352,0.9278003573417664,33.92285677675352
screw,0,texture,0.0123291015625,defocus,4,wiener_nsr_1e-05,classical,0.13282272219657898,0.45729317348287024,-7.953681518172914,18.32429707248377,18.24219250567297,0.34246721863746643,33.92285677675352
screw,0,texture,0.0123291015625,defocus,4,wiener_nsr_0.0001,classical,0.14078618586063385,0.46164841466771794,-6.763165231812663,18.79883790378573,18.705650092192215,0.5807632803916931,33.92285677675352
screw,0,texture,0.0123291015625,defocus,4,wiener_nsr_0.001,classical,0.14819274842739105,0.4542858585060734,-6.286128070940153,18.983493069206293,18.88546325319653,0.6999163627624512,33.92285677675352
screw,0,texture,0.0123291015625,defocus,4,wiener_nsr_0.01,classical,0.15043692290782928,0.4516508123311879,-6.125306810640207,19.097983283275568,18.99327427996623,0.758478581905365,33.92285677675352
screw,0,texture,0.0123291015625,defocus,4,wiener_nsr_0.1,classical,0.1337900459766388,0.46181157730268,-9.896408909378088,18.225113253958252,18.103998641079244,0.7800766825675964,33.92285677675352
screw,0,texture,0.0123291015625,defocus,4,wiener_nsr_1,classical,0.07047998160123825,0.4764485883464208,-38.55916007508393,8.872339787671581,8.837691519356731,0.6518540978431702,33.92285677675352
screw,0,texture,0.0123291015625,motion,2,identity,classical,0.9052563905715942,1.0,0.0,37.26204367607225,37.06631340312323,0.960107147693634,37.06631340312323
screw,0,texture,0.0123291015625,motion,2,wiener_nsr_1e-05,classical,0.6412308812141418,0.5125929672176722,-9.226484680133527,20.23358750920692,20.128233063666112,0.26153692603111267,37.06631340312323
screw,0,texture,0.0123291015625,motion,2,wiener_nsr_0.0001,classical,0.6229215264320374,0.5291834950939921,-7.157471808890914,21.18784486447249,21.060456794616968,0.46965429186820984,37.06631340312323
screw,0,texture,0.0123291015625,motion,2,wiener_nsr_0.001,classical,0.587983250617981,0.5402898458806368,-5.891475954296324,21.690217437982533,21.55119315977981,0.6991543769836426,37.06631340312323
screw,0,texture,0.0123291015625,motion,2,wiener_nsr_0.01,classical,0.5467206239700317,0.550951089067397,-5.677000503511029,21.918939579558888,21.77020192596167,0.7779555320739746,37.06631340312323
screw,0,texture,0.0123291015625,motion,2,wiener_nsr_0.1,classical,0.47669142484664917,0.5496091862970648,-11.760626211694378,20.153689456723562,20.01801765232587,0.8000758290290833,37.06631340312323
screw,0,texture,0.0123291015625,motion,2,wiener_nsr_1,classical,0.2503353953361511,0.5511621507657715,-53.676264442444165,8.969914575391762,8.941398439884084,0.6614601612091064,37.06631340312323
screw,0,texture,0.0123291015625,motion,3,identity,classical,0.9199740290641785,1.0,0.0,34.526550270837845,34.434317554660765,0.9389141201972961,34.434317554660765
screw,0,texture,0.0123291015625,motion,3,wiener_nsr_1e-05,classical,0.4498252868652344,0.4619861415478677,-6.420705483726667,20.174098812299288,20.061650264481695,0.40177175402641296,34.434317554660765
screw,0,texture,0.0123291015625,motion,3,wiener_nsr_0.0001,classical,0.4212879240512848,0.4779354602987114,-5.450516927793271,20.587980236940222,20.46701574861484,0.6063008308410645,34.434317554660765
screw,0,texture,0.0123291015625,motion,3,wiener_nsr_0.001,classical,0.39838531613349915,0.4858582400595866,-5.008938538370859,20.76419287604884,20.63868159125141,0.7231199145317078,34.434317554660765
screw,0,texture,0.0123291015625,motion,3,wiener_nsr_0.01,classical,0.38264888525009155,0.4904719382198216,-4.916449910963601,20.9076934141892,20.77279136001774,0.7724226117134094,34.434317554660765
screw,0,texture,0.0123291015625,motion,3,wiener_nsr_0.1,classical,0.33911609649658203,0.4872425557371807,-9.310547357438653,19.510087347921235,19.374196289973437,0.7954517006874084,34.434317554660765
screw,0,texture,0.0123291015625,motion,3,wiener_nsr_1,classical,0.18053355813026428,0.4734222990312626,-40.640321954168805,8.940943541948444,8.909869476314597,0.659553050994873,34.434317554660765
screw,0,texture,0.0123291015625,motion,4,identity,classical,0.9040501117706299,1.0,0.0,33.202753833520504,33.088000445612174,0.9233147501945496,33.088000445612174
screw,0,texture,0.0123291015625,motion,4,wiener_nsr_1e-05,classical,0.8599422574043274,0.8128330709627976,-0.646256134071723,29.823984909239737,29.63859717011406,0.8877430558204651,33.088000445612174
screw,0,texture,0.0123291015625,motion,4,wiener_nsr_0.0001,classical,0.8598645925521851,0.8128325733158382,-0.6462045683289146,29.82410385938512,29.638589261457845,0.8877436518669128,33.088000445612174
screw,0,texture,0.0123291015625,motion,4,wiener_nsr_0.001,classical,0.859091579914093,0.8128319927277191,-0.648093398723842,29.823456227402318,29.636749262147436,0.8877468109130859,33.088000445612174
screw,0,texture,0.0123291015625,motion,4,wiener_nsr_0.01,classical,0.8514363765716553,0.8128316609630796,-0.8693775401200778,29.640734896137772,29.449536613571766,0.8877363204956055,33.088000445612174
screw,0,texture,0.0123291015625,motion,4,wiener_nsr_0.1,classical,0.7817733883857727,0.8128311633161203,-5.989149122684601,22.923361165287965,22.8498265381355,0.8837469220161438,33.088000445612174
screw,0,texture,0.0123291015625,motion,4,wiener_nsr_1,classical,0.42997533082962036,0.8128315780219197,-35.3265435799314,9.04187955135456,9.022910012975228,0.7013165354728699,33.088000445612174
screw,1,scratch,0.001251220703125,defocus,2,identity,classical,0.45036888122558594,1.0,0.0,37.007533637589624,36.64870144683717,0.9602228999137878,36.64870144683717
screw,1,scratch,0.001251220703125,defocus,2,wiener_nsr_1e-05,classical,0.005809356924146414,0.13895676004189636,-10.66449952182578,18.344834656725705,18.330576842507217,0.2530982196331024,36.64870144683717
screw,1,scratch,0.001251220703125,defocus,2,wiener_nsr_0.0001,classical,0.01398862898349762,0.12943341033465464,-7.894394518670481,19.733656335728945,19.714053690777362,0.5297783613204956,36.64870144683717
screw,1,scratch,0.001251220703125,defocus,2,wiener_nsr_0.001,classical,0.023940131068229675,0.009530824025239621,-6.599646736596484,20.240509188370055,20.21907860339799,0.6806077361106873,36.64870144683717
screw,1,scratch,0.001251220703125,defocus,2,wiener_nsr_0.01,classical,0.015987016260623932,0.012110101935722522,-6.175682401236964,20.49502401932294,20.473807490470037,0.7417728304862976,36.64870144683717
screw,1,scratch,0.001251220703125,defocus,2,wiener_nsr_0.1,classical,0.002909804927185178,0.049695497512075686,-12.23862953750469,18.873893821054864,18.870673355061424,0.7677693367004395,36.64870144683717
screw,1,scratch,0.001251220703125,defocus,2,wiener_nsr_1,classical,0.00021023652516305447,0.013648143119874164,-54.81211331319435,8.072940427334169,8.076964714515835,0.6411952972412109,36.64870144683717
screw,1,scratch,0.001251220703125,defocus,3,identity,classical,0.3178916573524475,1.0,0.0,34.572180602792365,34.26446094764371,0.9397031664848328,34.26446094764371
screw,1,scratch,0.001251220703125,defocus,3,wiener_nsr_1e-05,classical,0.008443664759397507,0.2643117954567552,-11.150426924168293,16.198897147819846,16.190657965950784,0.16272178292274475,34.26446094764371
screw,1,scratch,0.001251220703125,defocus,3,wiener_nsr_0.0001,classical,0.016940584406256676,0.2714683545390888,-7.5917607504922735,18.226958546825326,18.213734888057786,0.41131410002708435,34.26446094764371
screw,1,scratch,0.001251220703125,defocus,3,wiener_nsr_0.001,classical,0.019275875762104988,0.157865390584528,-5.964401059356647,19.16605148517596,19.149657381051295,0.6313231587409973,34.26446094764371
screw,1,scratch,0.001251220703125,defocus,3,wiener_nsr_0.01,classical,0.019130373373627663,0.13371556205348065,-5.544994281881734,19.492227172276902,19.47576774075031,0.7231078743934631,34.26446094764371
screw,1,scratch,0.001251220703125,defocus,3,wiener_nsr_0.1,classical,0.004446482285857201,0.08035554561202961,-10.097194252646242,18.228964148646856,18.22676898104858,0.7575591206550598,34.26446094764371
screw,1,scratch,0.001251220703125,defocus,3,wiener_nsr_1,classical,0.00029581409762613475,0.025656630067658236,-43.34261932809961,8.041176456977317,8.04522751768187,0.635962724685669,34.26446094764371
screw,1,scratch,0.001251220703125,defocus,4,identity,classical,0.21454103291034698,1.0,0.0,32.471822270539654,32.22363973131512,0.9154888987541199,32.22363973131512
screw,1,scratch,0.001251220703125,defocus,4,wiener_nsr_1e-05,classical,0.003437947016209364,0.3805528099513131,-10.978775622718063,14.574521299233648,14.56973911103267,0.11287283897399902,32.22363973131512
screw,1,scratch,0.001251220703125,defocus,4,wiener_nsr_0.0001,classical,0.005516937933862209,0.7518044485406253,-7.452721148155421,16.67063243045773,16.661248251594692,0.3341803550720215,32.22363973131512
screw,1,scratch,0.001251220703125,defocus,4,wiener_nsr_0.001,classical,0.009383205324411392,0.8437871370964588,-6.187515129225664,17.54773912098277,17.536787375798568,0.5658838152885437,32.22363973131512
screw,1,scratch,0.001251220703125,defocus,4,wiener_nsr_0.01,classical,0.011477175168693066,0.37765610890760914,-5.6330757166015095,17.927787633305257,17.917492529010005,0.6976072192192078,32.22363973131512
screw,1,scratch,0.001251220703125,defocus,4,wiener_nsr_0.1,classical,0.005114828236401081,0.03382107747737559,-8.902472725837134,17.12116579035357,17.120494634574797,0.7511608600616455,32.22363973131512
screw,1,scratch,0.001251220703125,defocus,4,wiener_nsr_1,classical,0.00024100088921841234,0.028794204687854374,-34.84584829806384,7.973727719504896,7.977818287865404,0.6331382989883423,32.22363973131512
screw,1,scratch,0.001251220703125,motion,2,identity,classical,0.27830156683921814,1.0,0.0,35.54107038834203,35.117739486312686,0.9509508013725281,35.117739486312686
screw,1,scratch,0.001251220703125,motion,2,wiener_nsr_1e-05,classical,0.17499467730522156,0.3111743548311543,-10.018344106790574,18.688730487208357,18.670505818811566,0.169070765376091,35.117739486312686
screw,1,scratch,0.001251220703125,motion,2,wiener_nsr_0.0001,classical,0.16473308205604553,0.7154249429068008,-6.68804637265159,20.551591558356872,20.520233501340158,0.4263995587825775,35.117739486312686
screw,1,scratch,0.001251220703125,motion,2,wiener_nsr_0.001,classical,0.13328900933265686,0.9036471555779416,-5.041755063756544,21.45149288340988,21.413610793338115,0.6561019420623779,35.117739486312686
screw,1,scratch,0.001251220703125,motion,2,wiener_nsr_0.01,classical,0.09160719066858292,0.9021059651708546,-4.5631635115588125,21.783638851821546,21.747504151482513,0.7501103281974792,35.117739486312686
screw,1,scratch,0.001251220703125,motion,2,wiener_nsr_0.1,classical,0.04914148896932602,0.757391981695406,-10.303551690070675,19.65932482564808,19.65313844336802,0.7793013453483582,35.117739486312686
screw,1,scratch,0.001251220703125,motion,2,wiener_nsr_1,classical,0.006939522456377745,0.45432148070952516,-49.1019937677499,8.10716482790863,8.111171536723102,0.6509293913841248,35.117739486312686
screw,1,scratch,0.001251220703125,motion,3,identity,classical,0.29530811309814453,1.0,0.0,32.96158230091654,32.73576973135416,0.9261166453361511,32.73576973135416
screw,1,scratch,0.001251220703125,motion,3,wiener_nsr_1e-05,classical,0.030248090624809265,0.009326025811002732,-11.719062277462754,15.320931252702128,15.314005915477102,0.0613856203854084,32.73576973135416
screw,1,scratch,0.001251220703125,motion,3,wiener_nsr_0.0001,classical,0.038782697170972824,0.008313375932286428,-7.366222155478708,17.71326344585152,17.70178624329486,0.22946934401988983,32.73576973135416
screw,1,scratch,0.001251220703125,motion,3,wiener_nsr_0.001,classical,0.031213318929076195,0.010235260844089298,-5.305109364991459,18.92217148782683,18.907232992952977,0.5394917130470276,32.73576973135416
screw,1,scratch,0.001251220703125,motion,3,wiener_nsr_0.01,classical,0.02020396664738655,0.07200057830490454,-4.743188609126093,19.419384845944112,19.403687312827685,0.6934609413146973,32.73576973135416
screw,1,scratch,0.001251220703125,motion,3,wiener_nsr_0.1,classical,0.01103207841515541,0.42325315744407344,-8.545721593301252,18.251179319731747,18.249154245661746,0.7542814612388611,32.73576973135416
screw,1,scratch,0.001251220703125,motion,3,wiener_nsr_1,classical,0.0005574775859713554,0.07052397502931276,-37.14464628500987,8.043918953813256,8.047968858968467,0.6393921375274658,32.73576973135416
screw,1,scratch,0.001251220703125,motion,4,identity,classical,0.7198508977890015,1.0,0.0,32.1800852087187,32.13526860382892,0.9255189299583435,32.13526860382892
screw,1,scratch,0.001251220703125,motion,4,wiener_nsr_1e-05,classical,0.05239018797874451,0.09195711292717106,-0.8281495118220232,27.938049209164696,27.808770443443706,0.866973340511322,32.13526860382892
screw,1,scratch,0.001251220703125,motion,4,wiener_nsr_0.0001,classical,0.05238552764058113,0.09195698704673533,-0.8278076753434347,27.93806650585182,27.80888217045216,0.8669745922088623,32.13526860382892
screw,1,scratch,0.001251220703125,motion,4,wiener_nsr_0.001,classical,0.0523383803665638,0.09195691711315991,-0.826792686696525,27.936794282477024,27.80858790112802,0.8669856190681458,32.13526860382892
screw,1,scratch,0.001251220703125,motion,4,wiener_nsr_0.01,classical,0.05187208205461502,0.09195697306002024,-1.022609531888199,27.784537256437098,27.66968977604659,0.8670522570610046,32.13526860382892
screw,1,scratch,0.001251220703125,motion,4,wiener_nsr_0.1,classical,0.04762796685099602,0.09195685417294204,-6.1775446422481535,21.812408616988733,21.804001802482173,0.8638116717338562,32.13526860382892
screw,1,scratch,0.001251220703125,motion,4,wiener_nsr_1,classical,0.02619539573788643,0.09195693809323253,-35.55209355228106,8.165021972690159,8.168902867295508,0.6868314146995544,32.13526860382892
screw,2,blob,0.0081939697265625,defocus,2,identity,classical,0.985415518283844,1.0,0.0,36.66568774221753,36.69738077084809,0.9653186202049255,36.69738077084809
screw,2,blob,0.0081939697265625,defocus,2,wiener_nsr_1e-05,classical,0.4513126015663147,0.027136390088357634,-6.729508244721253,21.22148994081249,21.23319043741201,0.5457744002342224,36.69738077084809
screw,2,blob,0.0081939697265625,defocus,2,wiener_nsr_0.0001,classical,0.45127198100090027,0.028260171788508863,-5.966418085510586,21.51520042051818,21.52672730564536,0.7101234793663025,36.69738077084809
screw,2,blob,0.0081939697265625,defocus,2,wiener_nsr_0.001,classical,0.45086511969566345,0.027535725073782723,-5.580743773098877,21.626103286767385,21.63760613483264,0.7728002667427063,36.69738077084809
screw,2,blob,0.0081939697265625,defocus,2,wiener_nsr_0.01,classical,0.4468354284763336,0.02756007700978066,-5.57939785925569,21.70587083111986,21.720092150986105,0.8022845387458801,36.69738077084809
screw,2,blob,0.0081939697265625,defocus,2,wiener_nsr_0.1,classical,0.4101755619049072,0.028014211107439492,-11.899456529414824,19.56965085959725,19.594317436605586,0.8138961791992188,36.69738077084809
screw,2,blob,0.0081939697265625,defocus,2,wiener_nsr_1,classical,0.2253156155347824,0.029579991249686015,-54.95827832431797,8.1254879258554,8.131043141061664,0.6637523770332336,36.69738077084809
screw,2,blob,0.0081939697265625,defocus,3,identity,classical,0.9709395170211792,1.0,0.0,34.048980928677025,34.08138918247716,0.9461129307746887,34.08138918247716
screw,2,blob,0.0081939697265625,defocus,3,wiener_nsr_1e-05,classical,0.2905266284942627,0.027030553799126132,-6.437850858644023,19.87139834586971,19.88503230714586,0.43319499492645264,34.08138918247716
screw,2,blob,0.0081939697265625,defocus,3,wiener_nsr_0.0001,classical,0.2905001938343048,0.030373150506141245,-5.40685316726692,20.41509460325401,20.427623474286868,0.6441004872322083,34.08138918247716
screw,2,blob,0.0081939697265625,defocus,3,wiener_nsr_0.001,classical,0.2902419865131378,0.031141299540742698,-4.8799336583456085,20.64486893490256,20.656825477478144,0.748356819152832,34.08138918247716
screw,2,blob,0.0081939697265625,defocus,3,wiener_nsr_0.01,classical,0.2876804769039154,0.031260167839774325,-4.822563642063652,20.77256955816335,20.787204711804467,0.7933736443519592,34.08138918247716
screw,2,blob,0.0081939697265625,defocus,3,wiener_nsr_0.1,classical,0.2643592953681946,0.03157691085627821,-9.474011163366004,19.035306213718204,19.063300168014546,0.8099299073219299,34.08138918247716
screw,2,blob,0.0081939697265625,defocus,3,wiener_nsr_1,classical,0.14609825611114502,0.0304858424183585,-42.43314684982924,8.100992213158769,8.107759173393973,0.6623260974884033,34.08138918247716
screw,2,blob,0.0081939697265625,defocus,4,identity,classical,0.9403043389320374,1.0,0.0,31.662539827074163,31.694443202386736,0.918501079082489,31.694443202386736
screw,2,blob,0.0081939697265625,defocus,4,wiener_nsr_1e-05,classical,0.06381863355636597,0.0944305706599794,-6.454637732085536,17.94626439319377,17.964822628601397,0.3225002586841583,31.694443202386736
screw,2,blob,0.0081939697265625,defocus,4,wiener_nsr_0.0001,classical,0.0639723688364029,0.1151640800645644,-5.455417076092528,18.51982146024287,18.537702390649265,0.5586661696434021,31.694443202386736
screw,2,blob,0.0081939697265625,defocus,4,wiener_nsr_0.001,classical,0.06420102715492249,0.11936779693994713,-5.001630236541438,18.747063860073144,18.764596757370967,0.6897063255310059,31.694443202386736
screw,2,blob,0.0081939697265625,defocus,4,wiener_nsr_0.01,classical,0.06401235610246658,0.1198293561550359,-4.865698733223291,18.89695816775159,18.916774735391666,0.7524788975715637,31.694443202386736
screw,2,blob,0.0081939697265625,defocus,4,wiener_nsr_0.1,classical,0.061282362788915634,0.1192550531497312,-8.158973806886513,17.83822959730504,17.8708981106771,0.781440258026123,31.694443202386736
screw,2,blob,0.0081939697265625,defocus,4,wiener_nsr_1,classical,0.03930218517780304,0.11553551508563861,-33.07856362653407,8.039167793617949,8.047698032187416,0.6511818766593933,31.694443202386736
screw,2,blob,0.0081939697265625,motion,2,identity,classical,0.9766996502876282,1.0,0.0,35.24146601278587,35.27393349581334,0.9606180191040039,35.27393349581334
screw,2,blob,0.0081939697265625,motion,2,wiener_nsr_1e-05,classical,0.6268477439880371,0.08032474467223501,-6.581861404034401,21.08372094625917,21.098189160094822,0.32800254225730896,35.27393349581334
screw,2,blob,0.0081939697265625,motion,2,wiener_nsr_0.0001,classical,0.626795768737793,0.10507296078758228,-4.925042853845058,21.936396752783285,21.952182063102935,0.5911584496498108,35.27393349581334
screw,2,blob,0.0081939697265625,motion,2,wiener_nsr_0.001,classical,0.6262344717979431,0.11226577502952971,-4.248291494555474,22.2338885724059,22.24964017675738,0.7376835942268372,35.27393349581334
screw,2,blob,0.0081939697265625,motion,2,wiener_nsr_0.01,classical,0.6205637454986572,0.11649781800103891,-4.182426730976085,22.39032171488793,22.407760301412978,0.7847914695739746,35.27393349581334
screw,2,blob,0.0081939697265625,motion,2,wiener_nsr_0.1,classical,0.5688395500183105,0.11938680398926743,-10.08972637390164,20.028728427853256,20.049953369131465,0.7998318076133728,35.27393349581334
screw,2,blob,0.0081939697265625,motion,2,wiener_nsr_1,classical,0.3099749982357025,0.12425241752098651,-48.83362786654158,8.145970425740899,8.150285323658231,0.6599755883216858,35.27393349581334
screw,2,blob,0.0081939697265625,motion,3,identity,classical,0.9414469003677368,1.0,0.0,32.11971662292793,32.151190915659555,0.9274609088897705,32.151190915659555
screw,2,blob,0.0081939697265625,motion,3,wiener_nsr_1e-05,classical,0.2905768156051636,0.05586492996276291,-5.442474905446482,19.723285102052298,19.73353955192661,0.3338814675807953,32.151190915659555
screw,2,blob,0.0081939697265625,motion,3,wiener_nsr_0.0001,classical,0.29062381386756897,0.05021177260023387,-4.443442487706976,20.373309904334178,20.385585145639137,0.584358274936676,32.151190915659555
screw,2,blob,0.0081939697265625,motion,3,wiener_nsr_0.001,classical,0.29055529832839966,0.038546256387351,-3.9377806557512294,20.660426826776984,20.67237581262914,0.7322311401367188,32.151190915659555
screw,2,blob,0.0081939697265625,motion,3,wiener_nsr_0.01,classical,0.28877970576286316,0.03618583918507294,-3.8287418514709666,20.835595853158424,20.850111284561102,0.7910344004631042,32.151190915659555
screw,2,blob,0.0081939697265625,motion,3,wiener_nsr_0.1,classical,0.26789140701293945,0.03659043558979256,-7.697731711237324,19.083974190809702,19.112181782422283,0.8099546432495117,32.151190915659555
screw,2,blob,0.0081939697265625,motion,3,wiener_nsr_1,classical,0.15288656949996948,0.026103008363831094,-35.13560517807638,8.101088338144338,8.107787637049658,0.661220133304596,32.151190915659555
screw,2,blob,0.0081939697265625,motion,4,identity,classical,0.9338481426239014,1.0,0.0,31.85191183808575,31.882767468350668,0.9269728064537048,31.882767468350668
screw,2,blob,0.0081939697265625,motion,4,wiener_nsr_1e-05,classical,0.884867250919342,0.7769088909662314,-0.6840543910533252,28.020861079955026,28.04233343636103,0.8785408139228821,31.882767468350668
screw,2,blob,0.0081939697265625,motion,4,wiener_nsr_0.0001,classical,0.8847876191139221,0.7769083976369748,-0.6841492240283138,28.02089121070367,28.04239303035685,0.8785412907600403,31.882767468350668
screw,2,blob,0.0081939697265625,motion,4,wiener_nsr_0.001,classical,0.8839921355247498,0.7769083428226129,-0.6874591727542432,28.01972267547017,28.04150500345714,0.878545343875885,31.882767468350668
screw,2,blob,0.0081939697265625,motion,4,wiener_nsr_0.01,classical,0.8761149644851685,0.7769088909662314,-0.9161468076980059,27.86662623140839,27.89040481338541,0.8785416483879089,31.882767468350668
screw,2,blob,0.0081939697265625,motion,4,wiener_nsr_0.1,classical,0.8044328093528748,0.7769079043077182,-5.964389175771182,21.85463708203011,21.867164548571473,0.8745982050895691,31.882767468350668
screw,2,blob,0.0081939697265625,motion,4,wiener_nsr_1,classical,0.442438006401062,0.7769077398646327,-34.20534343866104,8.191627158750055,8.193979153419871,0.6926698684692383,31.882767468350668
screw,3,texture,0.005035400390625,defocus,2,identity,classical,0.9087453484535217,1.0,0.0,38.844100083125774,38.5526812028682,0.9705232977867126,38.5526812028682
screw,3,texture,0.005035400390625,defocus,2,wiener_nsr_1e-05,classical,0.6070084571838379,0.07406816313346135,-10.208275883353462,19.928319665792987,19.843305345773096,0.39785099029541016,38.5526812028682
screw,3,texture,0.005035400390625,defocus,2,wiener_nsr_0.0001,classical,0.5396594405174255,0.10193096608932084,-7.99809522433687,20.903169011845137,20.814710712864862,0.6440173983573914,38.5526812028682
screw,3,texture,0.005035400390625,defocus,2,wiener_nsr_0.001,classical,0.5002281069755554,0.15761527314738297,-7.073472498128959,21.269142874765485,21.195467660943493,0.7466372847557068,38.5526812028682
screw,3,texture,0.005035400390625,defocus,2,wiener_nsr_0.01,classical,0.49455782771110535,0.18809834196875916,-6.828294069257794,21.452022867786262,21.385854195432263,0.7862499356269836,38.5526812028682
screw,3,texture,0.005035400390625,defocus,2,wiener_nsr_0.1,classical,0.4474910795688629,0.20285939585162127,-13.729333561628431,19.647624655458994,19.635739082426706,0.8029478192329407,38.5526812028682
screw,3,texture,0.005035400390625,defocus,2,wiener_nsr_1,classical,0.23908120393753052,0.21662856060820743,-62.03131610099333,8.645418543523373,8.658124524830143,0.6613792777061462,38.5526812028682
screw,3,texture,0.005035400390625,defocus,3,identity,classical,0.8683357834815979,1.0,0.0,36.16479921262468,35.93171497894973,0.9536593556404114,35.93171497894973
screw,3,texture,0.005035400390625,defocus,3,wiener_nsr_1e-05,classical,0.6595968008041382,0.036254419974399196,-10.491610260240364,17.956675006528812,17.88451124188365,0.2530921399593353,35.93171497894973
screw,3,texture,0.005035400390625,defocus,3,wiener_nsr_0.0001,classical,0.4943360984325409,0.07654481344899926,-7.636962143235326,19.464450326955316,19.39201440301262,0.5281448364257812,35.93171497894973
screw,3,texture,0.005035400390625,defocus,3,wiener_nsr_0.001,classical,0.417214035987854,0.12181917545347114,-6.40467286471413,20.062844258511237,20.00019667309749,0.6989409327507019,35.93171497894973
screw,3,texture,0.005035400390625,defocus,3,wiener_nsr_0.01,classical,0.3906826972961426,0.14565940381918818,-6.132627171640014,20.2865814812319,20.229246374965236,0.7607322335243225,35.93171497894973
screw,3,texture,0.005035400390625,defocus,3,wiener_nsr_0.1,classical,0.35380083322525024,0.1588444109317392,-11.131833875009228,18.924334972685056,18.914145019669498,0.78211909532547,35.93171497894973
screw,3,texture,0.005035400390625,defocus,3,wiener_nsr_1,classical,0.1850561946630478,0.1649782773200457,-47.78125942626413,8.610595071271455,8.624311438894933,0.6516907811164856,35.93171497894973
screw,3,texture,0.005035400390625,defocus,4,identity,classical,0.8084670901298523,1.0,0.0,33.59962063553413,33.41104228881646,0.9291079640388489,33.41104228881646
screw,3,texture,0.005035400390625,defocus,4,wiener_nsr_1e-05,classical,0.4228665232658386,0.009801101214795174,-10.08984662118989,16.31244939434849,16.27814368366684,0.17956002056598663,33.41104228881646
screw,3,texture,0.005035400390625,defocus,4,wiener_nsr_0.0001,classical,0.30447664856910706,0.001256579326167128,-7.451279915245797,17.792901654288332,17.74685533484306,0.43909311294555664,33.41104228881646
screw,3,texture,0.005035400390625,defocus,4,wiener_nsr_0.001,classical,0.22299721837043762,0.012135040294498148,-6.401977361871868,18.371000790232248,18.32480198027302,0.6562838554382324,33.41104228881646
screw,3,texture,0.005035400390625,defocus,4,wiener_nsr_0.01,classical,0.20231589674949646,0.025864491551616527,-6.03241312871277,18.617136008865295,18.57372450025367,0.7480040192604065,33.41104228881646
screw,3,texture,0.005035400390625,defocus,4,wiener_nsr_0.1,classical,0.1880309283733368,0.032331348096547384,-9.496268775705685,17.74634208182441,17.740103158280085,0.7781691551208496,33.41104228881646
screw,3,texture,0.005035400390625,defocus,4,wiener_nsr_1,classical,0.09517183899879456,0.03602123209304602,-36.97865160975114,8.537912150040025,8.553295670003306,0.647337019443512,33.41104228881646
screw,3,texture,0.005035400390625,motion,2,identity,classical,0.9444281458854675,1.0,0.0,37.50123730621632,37.37018516215061,0.9650996327400208,37.37018516215061
screw,3,texture,0.005035400390625,motion,2,wiener_nsr_1e-05,classical,0.6947183609008789,0.06619613220664598,-9.810076998934283,19.718712246026612,19.63545345146112,0.2775120437145233,37.37018516215061
screw,3,texture,0.005035400390625,motion,2,wiener_nsr_0.0001,classical,0.6387356519699097,0.0749456763829986,-7.344215455427589,20.87417225550947,20.775857638488322,0.5443801879882812,37.37018516215061
screw,3,texture,0.005035400390625,motion,2,wiener_nsr_0.001,classical,0.5519043803215027,0.09379802207125278,-6.228255428993854,21.40280501534302,21.31699417957392,0.7225490212440491,37.37018516215061
screw,3,texture,0.005035400390625,motion,2,wiener_nsr_0.01,classical,0.5035306215286255,0.11049363631894117,-5.958577492884744,21.586914849599847,21.516299919495747,0.7838017344474792,37.37018516215061
screw,3,texture,0.005035400390625,motion,2,wiener_nsr_0.1,classical,0.44488614797592163,0.12766439885137382,-12.10274081803579,19.711404389939528,19.698955258446876,0.8032848834991455,37.37018516215061
screw,3,texture,0.005035400390625,motion,2,wiener_nsr_1,classical,0.23980960249900818,0.1466337114816665,-55.160051065438125,8.646133486270626,8.65880782247999,0.661401629447937,37.37018516215061
screw,3,texture,0.005035400390625,motion,3,identity,classical,0.9092733263969421,1.0,0.0,34.34672219132339,34.244463859323474,0.9403690695762634,34.244463859323474
screw,3,texture,0.005035400390625,motion,3,wiener_nsr_1e-05,classical,0.582085132598877,0.0006644683534646616,-10.863490426651992,16.753619209563343,16.694237710580726,0.160760760307312,34.244463859323474
screw,3,texture,0.005035400390625,motion,3,wiener_nsr_0.0001,classical,0.4969803988933563,0.027582916489466102,-6.77714528351755,19.095971004044145,19.008049969129484,0.45876169204711914,34.244463859323474
screw,3,texture,0.005035400390625,motion,3,wiener_nsr_0.001,classical,0.40577927231788635,0.0623988998579787,-5.458129005143048,19.948256128706177,19.871522430377638,0.6695003509521484,34.244463859323474
screw,3,texture,0.005035400390625,motion,3,wiener_nsr_0.01,classical,0.3746088743209839,0.09815216808051823,-5.128964414615441,20.274401995061847,20.212675177353134,0.7509642243385315,34.244463859323474
screw,3,texture,0.005035400390625,motion,3,wiener_nsr_0.1,classical,0.33499279618263245,0.11466957970288436,-9.342655233820198,18.9727261076964,18.960957202858612,0.785838782787323,34.244463859323474
screw,3,texture,0.005035400390625,motion,3,wiener_nsr_1,classical,0.17865121364593506,0.11627674158144936,-40.655702630450136,8.61210109473304,8.625840148561142,0.6552861332893372,34.244463859323474
screw,3,texture,0.005035400390625,motion,4,identity,classical,0.7480844259262085,1.0,0.0,33.1843618779322,32.95091208352279,0.9335569739341736,32.95091208352279
screw,3,texture,0.005035400390625,motion,4,wiener_nsr_1e-05,classical,0.6838681101799011,0.8541864254326956,-0.9647552814989024,28.185738395600943,28.072519330202507,0.8720534443855286,32.95091208352279
screw,3,texture,0.005035400390625,motion,4,wiener_nsr_0.0001,classical,0.6838065385818481,0.8541870790652039,-0.9645348011812167,28.1857690263525,28.07267308632454,0.8720541596412659,32.95091208352279
screw,3,texture,0.005035400390625,motion,4,wiener_nsr_0.001,classical,0.68319171667099,0.8541864980585299,-0.9649832391509183,28.184730032028703,28.07290405511766,0.8720641732215881,32.95091208352279
screw,3,texture,0.005035400390625,motion,4,wiener_nsr_0.01,classical,0.6771038770675659,0.8541870064393696,-1.1948381131856225,28.04445806469012,27.948214231049917,0.8721215128898621,32.95091208352279
screw,3,texture,0.005035400390625,motion,4,wiener_nsr_0.1,classical,0.6217044591903687,0.8541869338135354,-6.619023753167131,22.303048510347857,22.309976171915693,0.8688194155693054,32.95091208352279
screw,3,texture,0.005035400390625,motion,4,wiener_nsr_1,classical,0.34193742275238037,0.8541863528068614,-37.70519811146786,8.729455651271449,8.74054699709442,0.6920859217643738,32.95091208352279
screw,4,scratch,0.0060577392578125,defocus,2,identity,classical,0.8425893187522888,1.0,0.0,38.007574578209486,37.85013832379001,0.9671289920806885,37.85013832379001
screw,4,scratch,0.0060577392578125,defocus,2,wiener_nsr_1e-05,classical,0.0039040078409016132,0.04456744696667086,-10.297745666995956,18.764209971743103,18.743651044520597,0.36619138717651367,37.85013832379001
screw,4,scratch,0.0060577392578125,defocus,2,wiener_nsr_0.0001,classical,0.0076652346178889275,0.05167936385200323,-6.873523079590355,21.054957713784166,21.002768601517605,0.607250452041626,37.85013832379001
screw,4,scratch,0.0060577392578125,defocus,2,wiener_nsr_0.001,classical,0.011249071918427944,0.05215285601498035,-5.640682738705618,22.006690160820263,21.934757434881934,0.7142718434333801,37.85013832379001
screw,4,scratch,0.0060577392578125,defocus,2,wiener_nsr_0.01,classical,0.008960166946053505,0.05293348475335465,-5.399107569594029,22.449158111889705,22.357324365998842,0.7536790370941162,37.85013832379001
screw,4,scratch,0.0060577392578125,defocus,2,wiener_nsr_0.1,classical,0.004383949097245932,0.057469355537557165,-12.33713317620616,20.34453040320177,20.231426638205917,0.7709593176841736,37.85013832379001
screw,4,scratch,0.0060577392578125,defocus,2,wiener_nsr_1,classical,0.0009195462916977704,0.07331142354498113,-57.968316895608325,8.66815336316892,8.637500928937351,0.6427775621414185,37.85013832379001
screw,4,scratch,0.0060577392578125,defocus,3,identity,classical,0.742302417755127,1.0,0.0,35.23325765658606,35.050287049313674,0.9464110732078552,35.050287049313674
screw,4,scratch,0.0060577392578125,defocus,3,wiener_nsr_1e-05,classical,0.00707141263410449,0.00041197026591492387,-10.245565104757093,16.592237193037523,16.590379197236665,0.28389444947242737,35.050287049313674
screw,4,scratch,0.0060577392578125,defocus,3,wiener_nsr_0.0001,classical,0.01320437341928482,0.004756340059748036,-6.065936940703559,19.901271679025857,19.86832563675674,0.5391284227371216,35.050287049313674
screw,4,scratch,0.0060577392578125,defocus,3,wiener_nsr_0.001,classical,0.02041243202984333,0.010623877009318336,-4.498406572247254,21.620932625136838,21.558676762779363,0.7109047770500183,35.050287049313674
screw,4,scratch,0.0060577392578125,defocus,3,wiener_nsr_0.01,classical,0.020214123651385307,0.011953183743043732,-4.247651337927823,22.207241635095883,22.12279099704634,0.7716953158378601,35.050287049313674
screw,4,scratch,0.0060577392578125,defocus,3,wiener_nsr_0.1,classical,0.0072881863452494144,0.011730229267297117,-9.347270621585302,20.223964458999106,20.11562914202852,0.7930614352226257,35.050287049313674
screw,4,scratch,0.0060577392578125,defocus,3,wiener_nsr_1,classical,0.0009992803679779172,0.04601488556861105,-44.297584240030886,8.661516411250433,8.631028663512064,0.6552754640579224,35.050287049313674
screw,4,scratch,0.0060577392578125,defocus,4,identity,classical,0.5854489207267761,1.0,0.0,32.6949257628092,32.464404299400364,0.9152409434318542,32.464404299400364
screw,4,scratch,0.0060577392578125,defocus,4,wiener_nsr_1e-05,classical,0.006486779078841209,0.058184330771217485,-9.692139908843718,15.085793692764245,15.092532531362608,0.2071319967508316,32.464404299400364
screw,4,scratch,0.0060577392578125,defocus,4,wiener_nsr_0.0001,classical,0.01553814671933651,0.05263863423462919,-5.558835400782286,18.531726108858585,18.515349345087976,0.46500086784362793,32.464404299400364
screw,4,scratch,0.0060577392578125,defocus,4,wiener_nsr_0.001,classical,0.031275730580091476,0.019085261315233863,-4.29397409874621,20.131997742899156,20.095310168632523,0.655188262462616,32.464404299400364
screw,4,scratch,0.0060577392578125,defocus,4,wiener_nsr_0.01,classical,0.03253306448459625,0.049618958055243745,-3.8946843942088867,20.901444393537055,20.844905451939646,0.7501043677330017,32.464404299400364
screw,4,scratch,0.0060577392578125,defocus,4,wiener_nsr_0.1,classical,0.008927801623940468,0.03759484713918424,-7.4732767528185615,19.481238316507927,19.394127158056055,0.7844783663749695,32.464404299400364
screw,4,scratch,0.0060577392578125,defocus,4,wiener_nsr_1,classical,0.0007665422745049,0.027452552334824187,-33.99198752069542,8.628942602603622,8.598930751838974,0.6547808051109314,32.464404299400364
screw,4,scratch,0.0060577392578125,motion,2,identity,classical,0.9175988435745239,1.0,0.0,36.84096511878667,36.790501669682364,0.9623448848724365,36.790501669682364
screw,4,scratch,0.0060577392578125,motion,2,wiener_nsr_1e-05,classical,0.05759118124842644,0.05636629081058873,-16.178505137779517,16.40978876002852,16.40214359656587,0.06787503510713577,36.790501669682364
screw,4,scratch,0.0060577392578125,motion,2,wiener_nsr_0.0001,classical,0.04792682081460953,0.07912219587689887,-7.699870183032942,20.095662436204712,20.056826753342673,0.4054008424282074,36.790501669682364
screw,4,scratch,0.0060577392578125,motion,2,wiener_nsr_0.001,classical,0.029399694874882698,0.08293643871578735,-5.053080393524159,22.1359168279379,22.060342171973698,0.6654634475708008,36.790501669682364
screw,4,scratch,0.0060577392578125,motion,2,wiener_nsr_0.01,classical,0.012038461863994598,0.08411426616668581,-4.509804063581053,22.958760725214077,22.85176815492836,0.7415309548377991,36.790501669682364
screw,4,scratch,0.0060577392578125,motion,2,wiener_nsr_0.1,classical,0.00724914250895381,0.08552596349025629,-11.288800309868842,20.67397118267617,20.549671883054643,0.767014741897583,36.790501669682364
screw,4,scratch,0.0060577392578125,motion,2,wiener_nsr_1,classical,0.004783334210515022,0.08775738916684946,-54.69989075211275,8.680584635098949,8.649819511579329,0.6402990818023682,36.790501669682364
screw,4,scratch,0.0060577392578125,motion,3,identity,classical,0.4742242097854614,1.0,0.0,32.46864611524094,32.13837460910684,0.9124158024787903,32.13837460910684
screw,4,scratch,0.0060577392578125,motion,3,wiener_nsr_1e-05,classical,0.12089584022760391,0.03535790465392542,-7.093818014764393,18.81351557482438,18.784709530965916,0.17449362576007843,32.13837460910684
screw,4,scratch,0.0060577392578125,motion,3,wiener_nsr_0.0001,classical,0.09322352707386017,0.012952901314437285,-4.596262136842362,20.764244480847374,20.716612763227257,0.41826948523521423,32.13837460910684
screw,4,scratch,0.0060577392578125,motion,3,wiener_nsr_0.001,classical,0.09176550060510635,0.1846270678590025,-3.3589423038470176,21.737949853358522,21.667722288947395,0.6432240009307861,32.13837460910684
screw,4,scratch,0.0060577392578125,motion,3,wiener_nsr_0.01,classical,0.09688529372215271,0.546765910263662,-3.0654350945370368,22.200023352993323,22.101072263780818,0.7440549731254578,32.13837460910684
screw,4,scratch,0.0060577392578125,motion,3,wiener_nsr_0.1,classical,0.0628185048699379,0.5940571360938651,-6.9289969954142725,20.272659562243703,20.15193320466837,0.7842373847961426,32.13837460910684
screw,4,scratch,0.0060577392578125,motion,3,wiener_nsr_1,classical,0.013361291959881783,0.37492150023487064,-33.858825459350314,8.662992157288548,8.632406702414709,0.6570950746536255,32.13837460910684
screw,4,scratch,0.0060577392578125,motion,4,identity,classical,0.42841625213623047,1.0,0.0,31.45206023186524,31.1569469951117,0.8934633135795593,31.1569469951117
screw,4,scratch,0.0060577392578125,motion,4,wiener_nsr_1e-05,classical,0.6679778695106506,0.006355303570058035,-9.257661264959879,15.479047294409241,15.469048841176052,0.10273536294698715,31.1569469951117
screw,4,scratch,0.0060577392578125,motion,4,wiener_nsr_0.0001,classical,0.2801615595817566,0.08914644736037586,-5.630393837822841,18.380893577516662,18.361149899679045,0.29733899235725403,31.1569469951117
screw,4,scratch,0.0060577392578125,motion,4,wiener_nsr_0.001,classical,0.08460593968629837,0.20645095309011907,-3.7526518249432472,20.141433980689506,20.10541612425125,0.5915754437446594,31.1569469951117
screw,4,scratch,0.0060577392578125,motion,4,wiener_nsr_0.01,classical,0.06403536349534988,0.22592253441031385,-3.232035710623757,20.88484912338773,20.831301654709037,0.7316097617149353,31.1569469951117
screw,4,scratch,0.0060577392578125,motion,4,wiener_nsr_0.1,classical,0.04229769855737686,0.10554228152213929,-6.287918744811085,19.500121995133075,19.412726192744373,0.7802113890647888,31.1569469951117
screw,4,scratch,0.0060577392578125,motion,4,wiener_nsr_1,classical,0.017474496737122536,0.10830567712989912,-29.12456404105246,8.629357469041597,8.599262137324125,0.65489262342453,31.1569469951117
screw,5,blob,0.017852783203125,defocus,2,identity,classical,0.9939330816268921,1.0,0.0,38.496381565564064,38.3271981533215,0.9660932421684265,38.3271981533215
screw,5,blob,0.017852783203125,defocus,2,wiener_nsr_1e-05,classical,0.7646036148071289,0.541812644813938,-9.593034043208748,19.641837767374625,19.61855325739609,0.3698786795139313,38.3271981533215
screw,5,blob,0.017852783203125,defocus,2,wiener_nsr_0.0001,classical,0.7502346038818359,0.5477281428336317,-7.839688407978542,20.225479130210033,20.1938338875523,0.6090033650398254,38.3271981533215
screw,5,blob,0.017852783203125,defocus,2,wiener_nsr_0.001,classical,0.7486466765403748,0.5475938615654906,-7.03118933677073,20.422659658095323,20.388787442439554,0.7133963704109192,38.3271981533215
screw,5,blob,0.017852783203125,defocus,2,wiener_nsr_0.01,classical,0.7419686317443848,0.550105321219859,-6.821761688621381,20.534090631410006,20.503610319690267,0.7562601566314697,38.3271981533215
screw,5,blob,0.017852783203125,defocus,2,wiener_nsr_0.1,classical,0.6808801889419556,0.5482093310743839,-13.639149859182128,18.888538762833157,18.90858079451473,0.776675283908844,38.3271981533215
screw,5,blob,0.017852783203125,defocus,2,wiener_nsr_1,classical,0.37350982427597046,0.5292318432111971,-60.563262571289144,8.173083820884973,8.20137724042705,0.646579921245575,38.3271981533215
screw,5,blob,0.017852783203125,defocus,3,identity,classical,0.9877846240997314,1.0,0.0,36.06318700410305,35.87748796178014,0.9491135478019714,35.87748796178014
screw,5,blob,0.017852783203125,defocus,3,wiener_nsr_1e-05,classical,0.70170658826828,0.4049369046343637,-9.848491177032894,18.037017979032235,18.020124095649077,0.2547209560871124,35.87748796178014
screw,5,blob,0.017852783203125,defocus,3,wiener_nsr_0.0001,classical,0.6581015586853027,0.44782126664858296,-7.457192840981294,19.0935292673469,19.062857159815255,0.521554172039032,35.87748796178014
screw,5,blob,0.017852783203125,defocus,3,wiener_nsr_0.001,classical,0.6500523090362549,0.4414055358889084,-6.348249921042661,19.49836026351577,19.46057842193163,0.6881268620491028,35.87748796178014
screw,5,blob,0.017852783203125,defocus,3,wiener_nsr_0.01,classical,0.6438031196594238,0.43597857652478567,-6.100511149863871,19.649287570701684,19.614398328782638,0.7528724670410156,35.87748796178014
screw,5,blob,0.017852783203125,defocus,3,wiener_nsr_0.1,classical,0.5905815362930298,0.4588237489770937,-11.258655505448255,18.314718802057175,18.33337263645455,0.7773732542991638,35.87748796178014
screw,5,blob,0.017852783203125,defocus,3,wiener_nsr_1,classical,0.32341232895851135,0.5057470805856381,-48.041379266942286,8.142169449795993,8.172467722595421,0.6464359164237976,35.87748796178014
screw,5,blob,0.017852783203125,defocus,4,identity,classical,0.9743725657463074,1.0,0.0,33.86264304629517,33.668286038290624,0.9287921786308289,33.668286038290624
screw,5,blob,0.017852783203125,defocus,4,wiener_nsr_1e-05,classical,0.561820387840271,0.36340384710916096,-9.938944079301166,16.32928871098885,16.313337145271912,0.17751431465148926,33.668286038290624
screw,5,blob,0.017852783203125,defocus,4,wiener_nsr_0.0001,classical,0.4720672369003296,0.44272953474700744,-7.453960972431261,17.520033867310552,17.488379207846517,0.4346836507320404,33.668286038290624
screw,5,blob,0.017852783203125,defocus,4,wiener_nsr_0.001,classical,0.4563320577144623,0.5335902488451174,-6.496362273891744,17.959342494068444,17.920091453114214,0.6421064734458923,33.668286038290624
screw,5,blob,0.017852783203125,defocus,4,wiener_nsr_0.01,classical,0.44822606444358826,0.5446946227408493,-6.144602316349905,18.13877259782776,18.101858407413648,0.7357341647148132,33.668286038290624
screw,5,blob,0.017852783203125,defocus,4,wiener_nsr_0.1,classical,0.41090893745422363,0.5438966999448722,-9.850070840264282,17.24592814916386,17.262597345113342,0.7706771492958069,33.668286038290624
screw,5,blob,0.017852783203125,defocus,4,wiener_nsr_1,classical,0.22457319498062134,0.6369161034352543,-38.44334555124413,8.07355087202846,8.10744441128699,0.643430233001709,33.668286038290624
screw,5,blob,0.017852783203125,motion,2,identity,classical,0.9891591668128967,1.0,0.0,37.405775989516684,37.096824490911146,0.9617330431938171,37.096824490911146
screw,5,blob,0.017852783203125,motion,2,wiener_nsr_1e-05,classical,0.8433604836463928,0.37450647631621936,-7.027641870915021,21.063420526027052,21.030702498042032,0.40897905826568604,37.096824490911146
screw,5,blob,0.017852783203125,motion,2,wiener_nsr_0.0001,classical,0.8432837724685669,0.3632003455642177,-5.865465811362802,21.524194664930896,21.481592061384262,0.5993865132331848,37.096824490911146
screw,5,blob,0.017852783203125,motion,2,wiener_nsr_0.001,classical,0.8425168395042419,0.35811566514639837,-5.158026805343564,21.74681711652431,21.699323831051135,0.7238717079162598,37.096824490911146
screw,5,blob,0.017852783203125,motion,2,wiener_nsr_0.01,classical,0.8349235653877258,0.35361034710858896,-5.028156354872744,21.848044090459933,21.804378354809653,0.7704142928123474,37.096824490911146
screw,5,blob,0.017852783203125,motion,2,wiener_nsr_0.1,classical,0.765886664390564,0.3219820933282271,-11.61746602905067,19.69874015663542,19.709343384199652,0.7893772125244141,37.096824490911146
screw,5,blob,0.017852783203125,motion,2,wiener_nsr_1,classical,0.419148325920105,0.2360215156351963,-55.01924854484356,8.211614388532917,8.237090162301797,0.6561375856399536,37.096824490911146
screw,5,blob,0.017852783203125,motion,3,identity,classical,0.9741054177284241,1.0,0.0,34.14437320728641,33.85871020329502,0.9386168122291565,33.85871020329502
screw,5,blob,0.017852783203125,motion,3,wiener_nsr_1e-05,classical,0.6535364985466003,0.48022470606293094,-8.656948721449927,17.888822462048196,17.85430584368515,0.15994741022586823,33.85871020329502
screw,5,blob,0.017852783203125,motion,3,wiener_nsr_0.0001,classical,0.6508850455284119,0.45682797998168806,-6.24941294915351,19.073875029800544,19.03738811376434,0.4202396869659424,33.85871020329502
screw,5,blob,0.017852783203125,motion,3,wiener_nsr_0.001,classical,0.6502981781959534,0.4426841589704026,-5.269210655568984,19.43793729945319,19.400497668487947,0.6384541392326355,33.85871020329502
screw,5,blob,0.017852783203125,motion,3,wiener_nsr_0.01,classical,0.6444218754768372,0.5003071015357573,-4.960982568839125,19.617426838661324,19.581866901190008,0.7404768466949463,33.85871020329502
screw,5,blob,0.017852783203125,motion,3,wiener_nsr_0.1,classical,0.5912774205207825,0.5640902357762232,-9.217231435192073,18.354744105211644,18.371605676402794,0.7781320214271545,33.85871020329502
screw,5,blob,0.017852783203125,motion,3,wiener_nsr_1,classical,0.3237204849720001,0.5206035644941165,-39.87790279880898,8.146531673357364,8.176511772722947,0.6498231887817383,33.85871020329502
screw,5,blob,0.017852783203125,motion,4,identity,classical,0.9669287204742432,1.0,0.0,32.790802075756595,32.64913997603197,0.9230718016624451,32.64913997603197
screw,5,blob,0.017852783203125,motion,4,wiener_nsr_1e-05,classical,0.9475416541099548,0.5939675283638799,-0.6246293068257556,29.12895533952584,28.982312201978996,0.8931363224983215,32.64913997603197
screw,5,blob,0.017852783203125,motion,4,wiener_nsr_0.0001,classical,0.9474564790725708,0.5939676578113386,-0.6245869763377037,29.128822128798536,28.98227180535904,0.8931365013122559,32.64913997603197
screw,5,blob,0.017852783203125,motion,4,wiener_nsr_0.001,classical,0.9466046094894409,0.5939667516791277,-0.6266247338827784,29.125629190229052,28.9800797523164,0.8931353092193604,32.64913997603197
screw,5,blob,0.017852783203125,motion,4,wiener_nsr_0.01,classical,0.9381694793701172,0.5939670105740451,-0.8496229952070993,28.916652288767636,28.78704052350431,0.8930781483650208,32.64913997603197
screw,5,blob,0.017852783203125,motion,4,wiener_nsr_0.1,classical,0.8614102005958557,0.5939665575079397,-5.937583338148352,22.131151279913077,22.135026980953157,0.8885774612426758,32.64913997603197
screw,5,blob,0.017852783203125,motion,4,wiener_nsr_1,classical,0.47377556562423706,0.5939680461537147,-34.575348045470086,8.278422103220214,8.3002981260801,0.701179027557373,32.64913997603197
screw,6,texture,0.0126495361328125,defocus,2,identity,classical,0.6593921184539795,1.0,0.0,38.828587601869444,38.383667827478305,0.964724600315094,38.383667827478305
screw,6,texture,0.0126495361328125,defocus,2,wiener_nsr_1e-05,classical,0.6068025827407837,0.01785290223746638,-11.344723284245081,18.882165096800588,18.902529816892574,0.3305477201938629,38.383667827478305
screw,6,texture,0.0126495361328125,defocus,2,wiener_nsr_0.0001,classical,0.6074516177177429,0.0257855078447564,-7.505706265102617,20.999576103364856,21.00909125063474,0.5970351099967957,38.383667827478305
screw,6,texture,0.0126495361328125,defocus,2,wiener_nsr_0.001,classical,0.5907804369926453,0.029155880083283587,-6.113006324373262,21.838949714386224,21.842648856950984,0.715695321559906,38.383667827478305
screw,6,texture,0.0126495361328125,defocus,2,wiener_nsr_0.01,classical,0.5404216051101685,0.02882339054053211,-5.7929604710388,22.21941311523581,22.222634225916515,0.7591955065727234,38.383667827478305
screw,6,texture,0.0126495361328125,defocus,2,wiener_nsr_0.1,classical,0.4416769742965698,0.030695105425289172,-13.103530837018752,20.119625706143225,20.123952223160696,0.7790411114692688,38.383667827478305
screw,6,texture,0.0126495361328125,defocus,2,wiener_nsr_1,classical,0.2030302882194519,0.04722969754579661,-61.33019871949353,8.6185762675192,8.611502665203952,0.6502202153205872,38.383667827478305
screw,6,texture,0.0126495361328125,defocus,3,identity,classical,0.5488830208778381,1.0,0.0,36.30757285718716,35.96728119724482,0.9469764828681946,35.96728119724482
screw,6,texture,0.0126495361328125,defocus,3,wiener_nsr_1e-05,classical,0.7392146587371826,0.044286004158434325,-10.984729490125309,18.17540798848806,18.20411304784624,0.18438799679279327,35.96728119724482
screw,6,texture,0.0126495361328125,defocus,3,wiener_nsr_0.0001,classical,0.6846436262130737,0.05838649612106201,-6.499788625405436,21.086098066636467,21.097960257460056,0.41038385033607483,35.96728119724482
screw,6,texture,0.0126495361328125,defocus,3,wiener_nsr_0.001,classical,0.608741819858551,0.04854368238164054,-4.122880085472387,22.901807709416314,22.898177952770943,0.679887592792511,35.96728119724482
screw,6,texture,0.0126495361328125,defocus,3,wiener_nsr_0.01,classical,0.50881028175354,0.01741999098397335,-3.5677172432835897,23.59122676626057,23.583578265926597,0.7747630476951599,35.96728119724482
screw,6,texture,0.0126495361328125,defocus,3,wiener_nsr_0.1,classical,0.40887144207954407,0.005202993216189606,-9.626721485335267,20.882414579797278,20.87918797602391,0.803246796131134,35.96728119724482
screw,6,texture,0.0126495361328125,defocus,3,wiener_nsr_1,classical,0.19609059393405914,0.02538393569905837,-48.2797912873982,8.645101618486295,8.637497145867895,0.6650984883308411,35.96728119724482
screw,6,texture,0.0126495361328125,defocus,4,identity,classical,0.4182664155960083,1.0,0.0,34.04672165496102,33.7868880468477,0.9245462417602539,33.7868880468477
screw,6,texture,0.0126495361328125,defocus,4,wiener_nsr_1e-05,classical,0.3768119513988495,0.007055439932956941,-11.37678169363871,15.043072762718936,15.08040711761925,0.1818036437034607,33.7868880468477
screw,6,texture,0.0126495361328125,defocus,4,wiener_nsr_0.0001,classical,0.3783671259880066,0.015104287229283878,-6.742942592069289,18.150374989967663,18.18558477898161,0.4335486888885498,33.7868880468477
screw,6,texture,0.0126495361328125,defocus,4,wiener_nsr_0.001,classical,0.35190048813819885,0.025788419650978906,-5.282471128285627,19.484135478897038,19.517263326672804,0.6458215117454529,33.7868880468477
screw,6,texture,0.0126495361328125,defocus,4,wiener_nsr_0.01,classical,0.2917765974998474,0.142114682008431,-4.787130692451366,20.07418138628978,20.10673413536604,0.7446772456169128,33.7868880468477
screw,6,texture,0.0126495361328125,defocus,4,wiener_nsr_0.1,classical,0.22078824043273926,0.26900211588889844,-8.78700541801694,18.84405506283043,18.86762262035605,0.779034435749054,33.7868880468477
screw,6,texture,0.0126495361328125,defocus,4,wiener_nsr_1,classical,0.09348780661821365,0.4411414752857344,-38.238821892198686,8.560624379258577,8.55482556327539,0.6520370841026306,33.7868880468477
screw,6,texture,0.0126495361328125,motion,2,identity,classical,0.6064284443855286,1.0,0.0,37.335825967484865,36.9406013833638,0.9575493335723877,36.9406013833638
screw,6,texture,0.0126495361328125,motion,2,wiener_nsr_1e-05,classical,1.0082045793533325,0.008111746703519012,-9.604794207153454,20.107389145006405,20.11046445052411,0.22387593984603882,36.9406013833638
screw,6,texture,0.0126495361328125,motion,2,wiener_nsr_0.0001,classical,0.9034392833709717,0.016381803445403388,-6.4955893917377585,21.840357995715472,21.83270213366947,0.45520663261413574,36.9406013833638
screw,6,texture,0.0126495361328125,motion,2,wiener_nsr_0.001,classical,0.7838776707649231,0.01941920735497178,-4.596893415451693,22.930217263975123,22.913742007906173,0.6837294697761536,36.9406013833638
screw,6,texture,0.0126495361328125,motion,2,wiener_nsr_0.01,classical,0.6546469926834106,0.019294116445327757,-4.138567228812657,23.41528313500803,23.400318183099706,0.7673757672309875,36.9406013833638
screw,6,texture,0.0126495361328125,motion,2,wiener_nsr_0.1,classical,0.4895024001598358,0.008951169352668787,-10.880392158411286,20.810912393080017,20.806426287409025,0.7960676550865173,36.9406013833638
screw,6,texture,0.0126495361328125,motion,2,wiener_nsr_1,classical,0.21988171339035034,0.033707310756096544,-53.9225906211008,8.644276016570142,8.636651712507799,0.6629538536071777,36.9406013833638
screw,6,texture,0.0126495361328125,motion,3,identity,classical,0.5377605557441711,1.0,0.0,34.890740264038264,34.63749353301795,0.9374394416809082,34.63749353301795
screw,6,texture,0.0126495361328125,motion,3,wiener_nsr_1e-05,classical,0.753852367401123,0.043901353323360086,-14.83131264633423,15.568480276268467,15.584379926108909,0.0573190301656723,34.63749353301795
screw,6,texture,0.0126495361328125,motion,3,wiener_nsr_0.0001,classical,0.6841440796852112,0.0965736129019879,-8.240335534174092,18.865036816973625,18.886558604873503,0.24115848541259766,34.63749353301795
screw,6,texture,0.0126495361328125,motion,3,wiener_nsr_0.001,classical,0.5856257677078247,0.2435286337321045,-5.287552060912273,20.554813891702032,20.57580737869035,0.5885198712348938,34.63749353301795
screw,6,texture,0.0126495361328125,motion,3,wiener_nsr_0.01,classical,0.480571448802948,0.19875806441850874,-4.5508588657139315,21.182583928908265,21.20423385095675,0.7278997302055359,34.63749353301795
screw,6,texture,0.0126495361328125,motion,3,wiener_nsr_0.1,classical,0.3459928631782532,0.14794194185286885,-9.333934969510997,19.603233318632824,19.618099839649908,0.7698092460632324,34.63749353301795
screw,6,texture,0.0126495361328125,motion,3,wiener_nsr_1,classical,0.1359550505876541,0.1937773414999461,-43.00828607696821,8.600126108335271,8.59352809621644,0.6504524350166321,34.63749353301795
screw,6,texture,0.0126495361328125,motion,4,identity,classical,0.43821603059768677,1.0,0.0,33.304739478332834,33.10156523114668,0.9213011264801025,33.10156523114668
screw,6,texture,0.0126495361328125,motion,4,wiener_nsr_1e-05,classical,0.5691554546356201,0.2910821870564553,-13.75040654236607,14.637628375008319,14.651285787875008,0.06126407906413078,33.10156523114668
screw,6,texture,0.0126495361328125,motion,4,wiener_nsr_0.0001,classical,0.5315597057342529,0.197712624188057,-7.360419300595224,18.07284378145878,18.099627311249037,0.2877061367034912,33.10156523114668
screw,6,texture,0.0126495361328125,motion,4,wiener_nsr_0.001,classical,0.4416782557964325,0.19815595682067857,-5.149239553779253,19.494630836232368,19.525380415141868,0.5800440311431885,33.10156523114668
screw,6,texture,0.0126495361328125,motion,4,wiener_nsr_0.01,classical,0.33168089389801025,0.32073137962757736,-4.477768665519997,20.052552641847868,20.085010301129994,0.728466808795929,33.10156523114668
screw,6,texture,0.0126495361328125,motion,4,wiener_nsr_0.1,classical,0.22269368171691895,0.49546875560919146,-8.200747995650472,18.84369863634636,18.86701808987062,0.7747125029563904,33.10156523114668
screw,6,texture,0.0126495361328125,motion,4,wiener_nsr_1,classical,0.09074250608682632,0.6885955504388319,-35.86539750969366,8.560709399474325,8.554784734381819,0.6508734226226807,33.10156523114668
screw,7,scratch,0.01239013671875,defocus,2,identity,classical,0.8761351108551025,1.0,0.0,37.87713527233396,36.99234200781773,0.9654856324195862,36.99234200781773
screw,7,scratch,0.01239013671875,defocus,2,wiener_nsr_1e-05,classical,0.004550284706056118,0.07941454575039426,-6.8300523137794835,22.13391154035092,21.52224403872504,0.45035994052886963,36.99234200781773
screw,7,scratch,0.01239013671875,defocus,2,wiener_nsr_0.0001,classical,0.01117358822375536,0.08423668772840667,-5.0018927984439925,22.89676236178826,22.17525036694639,0.6629581451416016,36.99234200781773
screw,7,scratch,0.01239013671875,defocus,2,wiener_nsr_0.001,classical,0.01898377574980259,0.08571502226477247,-4.30245478728591,23.201159977530423,22.42496908737142,0.7475422024726868,36.99234200781773
screw,7,scratch,0.01239013671875,defocus,2,wiener_nsr_0.01,classical,0.014654573053121567,0.08247481673069701,-4.172588482491921,23.420913147956675,22.579533242188926,0.7852579951286316,36.99234200781773
screw,7,scratch,0.01239013671875,defocus,2,wiener_nsr_0.1,classical,0.004825036972761154,0.08659994290720126,-11.41156373007521,20.959353577656895,20.303263286455852,0.8023505806922913,36.99234200781773
screw,7,scratch,0.01239013671875,defocus,2,wiener_nsr_1,classical,0.0007480838685296476,0.11702516009161337,-57.36259451899256,8.714058753092052,8.625113449260665,0.6587255001068115,36.99234200781773
screw,7,scratch,0.01239013671875,defocus,3,identity,classical,0.8047217130661011,1.0,0.0,35.297154834991645,34.445560451361686,0.9458070397377014,34.445560451361686
screw,7,scratch,0.01239013671875,defocus,3,wiener_nsr_1e-05,classical,0.005006652791053057,0.0419779778633373,-6.880981072367573,20.44411818103552,20.030508049579737,0.3451656401157379,34.445560451361686
screw,7,scratch,0.01239013671875,defocus,3,wiener_nsr_0.0001,classical,0.009322276338934898,0.047819035405909656,-4.600250612885361,21.866469511535005,21.297043025906845,0.5864489674568176,34.445560451361686
screw,7,scratch,0.01239013671875,defocus,3,wiener_nsr_0.001,classical,0.013439161702990532,0.05036493948139365,-3.615116226140306,22.508836793594927,21.847768645335748,0.7193112373352051,34.445560451361686
screw,7,scratch,0.01239013671875,defocus,3,wiener_nsr_0.01,classical,0.013399574905633926,0.05294571210880401,-3.435904388392223,22.812959879914835,22.079184793451205,0.7765713334083557,34.445560451361686
screw,7,scratch,0.01239013671875,defocus,3,wiener_nsr_0.1,classical,0.00536124873906374,0.05180923556960905,-8.836292776319826,20.66526988980209,20.054363761728247,0.7981399893760681,34.445560451361686
screw,7,scratch,0.01239013671875,defocus,3,wiener_nsr_1,classical,0.0005812672316096723,0.007426095272358375,-44.35587131140495,8.703983012619016,8.615402635864823,0.6577473878860474,34.445560451361686
screw,7,scratch,0.01239013671875,defocus,4,identity,classical,0.6921198964118958,1.0,0.0,33.037334450852704,32.074870641789275,0.9208223223686218,32.074870641789275
screw,7,scratch,0.01239013671875,defocus,4,wiener_nsr_1e-05,classical,0.006796650588512421,0.16862359486082396,-6.632497196389813,18.99120636108714,18.626245108643488,0.25712713599205017,32.074870641789275
screw,7,scratch,0.01239013671875,defocus,4,wiener_nsr_0.0001,classical,0.013469859957695007,0.1938038751732509,-4.356036163054211,20.70750865368207,20.16698617142529,0.5171202421188354,32.074870641789275
screw,7,scratch,0.01239013671875,defocus,4,wiener_nsr_0.001,classical,0.020731691271066666,0.20487363528817384,-3.4827978674716915,21.45877424238426,20.812692624747523,0.6779530644416809,32.074870641789275
screw,7,scratch,0.01239013671875,defocus,4,wiener_nsr_0.01,classical,0.02118314988911152,0.22622879159222595,-3.1954702421694128,21.839850109221544,21.109878699053635,0.7565717697143555,32.074870641789275
screw,7,scratch,0.01239013671875,defocus,4,wiener_nsr_0.1,classical,0.005486407782882452,0.205528283340683,-7.095689007327014,20.14859150068199,19.513694105899955,0.7881371378898621,32.074870641789275
screw,7,scratch,0.01239013671875,defocus,4,wiener_nsr_1,classical,0.0004158826486673206,0.14949624221823934,-34.89432610860983,8.683536718878992,8.591124964808756,0.6576969027519226,32.074870641789275
screw,7,scratch,0.01239013671875,motion,2,identity,classical,0.9600675106048584,1.0,0.0,37.48024980667075,37.223149158887225,0.9642329216003418,37.223149158887225
screw,7,scratch,0.01239013671875,motion,2,wiener_nsr_1e-05,classical,0.9713823199272156,0.06724316995310017,-30.80273953014147,11.805331922736482,11.69496997923761,0.024716893211007118,37.223149158887225
screw,7,scratch,0.01239013671875,motion,2,wiener_nsr_0.0001,classical,0.62965327501297,0.03210326827915348,-15.574061536356258,16.0486881000432,15.827976857140744,0.13282528519630432,37.223149158887225
screw,7,scratch,0.01239013671875,motion,2,wiener_nsr_0.001,classical,0.3620184361934662,0.005993075204486352,-8.095853666291056,19.592488361902422,19.20362682128726,0.45264431834220886,37.223149158887225
screw,7,scratch,0.01239013671875,motion,2,wiener_nsr_0.01,classical,0.19296720623970032,0.0035799081950689234,-5.536274944028356,21.602896067349278,21.032793206122324,0.7014290690422058,37.223149158887225
screw,7,scratch,0.01239013671875,motion,2,wiener_nsr_0.1,classical,0.1379452794790268,0.0010079000453320438,-11.500591106863535,20.13269702472615,19.57419548847881,0.7829552292823792,37.223149158887225
screw,7,scratch,0.01239013671875,motion,2,wiener_nsr_1,classical,0.07132793962955475,0.006732254699470298,-54.71130015525987,8.691668064568018,8.60195634434051,0.6541061997413635,37.223149158887225
screw,7,scratch,0.01239013671875,motion,3,identity,classical,0.9279574155807495,1.0,0.0,34.26799221265394,34.00824461825333,0.9392582774162292,34.00824461825333
screw,7,scratch,0.01239013671875,motion,3,wiener_nsr_1e-05,classical,0.08358097821474075,0.05531887583192673,-5.321374407805465,21.21202263432184,20.712139095429585,0.3706115186214447,34.00824461825333
screw,7,scratch,0.01239013671875,motion,3,wiener_nsr_0.0001,classical,0.031111055985093117,0.04270264943661098,-3.4795696886888976,22.41975607500654,21.773378375024286,0.6401887536048889,34.00824461825333
screw,7,scratch,0.01239013671875,motion,3,wiener_nsr_0.001,classical,0.0197066068649292,0.03924815056082184,-3.0568045761233824,22.64673087941294,21.96432623554677,0.7347579598426819,34.00824461825333
screw,7,scratch,0.01239013671875,motion,3,wiener_nsr_0.01,classical,0.0062200529500842094,0.03824316916217945,-2.955039528011511,22.83399619470682,22.096788190757543,0.7802632451057434,34.00824461825333
screw,7,scratch,0.01239013671875,motion,3,wiener_nsr_0.1,classical,0.000407774728955701,0.039682263354148886,-7.792935197622985,20.666523586410598,20.054622203731576,0.7991617321968079,34.00824461825333
screw,7,scratch,0.01239013671875,motion,3,wiener_nsr_1,classical,4.035956408188213e-06,0.037050387858094856,-39.575022121259074,8.700796276906079,8.612569365757295,0.6552909016609192,34.00824461825333
screw,7,scratch,0.01239013671875,motion,4,identity,classical,0.7619874477386475,1.0,0.0,31.531596168648175,30.982349068264064,0.9131900668144226,30.982349068264064
screw,7,scratch,0.01239013671875,motion,4,wiener_nsr_1e-05,classical,0.0579083077609539,0.11313943872790269,-6.229354466352344,18.674681293866247,18.332034706168162,0.1567932665348053,30.982349068264064
screw,7,scratch,0.01239013671875,motion,4,wiener_nsr_0.0001,classical,0.043930534273386,0.14701253004674844,-4.26987299041715,20.295306155841285,19.794644340551393,0.35261425375938416,30.982349068264064
screw,7,scratch,0.01239013671875,motion,4,wiener_nsr_0.001,classical,0.0312991663813591,0.15363654371060181,-3.1076561283638275,21.226216995291413,20.61209162208661,0.6023365259170532,30.982349068264064
screw,7,scratch,0.01239013671875,motion,4,wiener_nsr_0.01,classical,0.017974797636270523,0.16432563810800307,-2.658684180136974,21.76846582079747,21.055995901524234,0.7348256707191467,30.982349068264064
screw,7,scratch,0.01239013671875,motion,4,wiener_nsr_0.1,classical,0.003989384975284338,0.16850747358329435,-5.911666629039732,20.208234797901635,19.56611630175122,0.7879254221916199,30.982349068264064
screw,7,scratch,0.01239013671875,motion,4,wiener_nsr_1,classical,0.00017861412197817117,0.149304474493132,-29.869591161969012,8.68206018727654,8.58930676943582,0.6558539271354675,30.982349068264064
screw,8,blob,0.011199951171875,defocus,2,identity,classical,0.9907386302947998,1.0,0.0,38.50330362202781,38.54367980330742,0.9673420786857605,38.54367980330742
screw,8,blob,0.011199951171875,defocus,2,wiener_nsr_1e-05,classical,0.881309986114502,0.0452159170669037,-8.724601053178217,20.896085223279744,20.883941772903917,0.3998456299304962,38.54367980330742
screw,8,blob,0.011199951171875,defocus,2,wiener_nsr_0.0001,classical,0.834543764591217,0.05519644755522861,-6.438795134544773,22.152978841238237,22.13922385475604,0.6339791417121887,38.54367980330742
screw,8,blob,0.011199951171875,defocus,2,wiener_nsr_0.001,classical,0.7724916338920593,0.06831908769215825,-5.491312014355403,22.593230077048197,22.59716264884925,0.7390605807304382,38.54367980330742
screw,8,blob,0.011199951171875,defocus,2,wiener_nsr_0.01,classical,0.691241979598999,0.07936467777251273,-5.291565521565887,22.808059496080272,22.831937505204152,0.7813408970832825,38.54367980330742
screw,8,blob,0.011199951171875,defocus,2,wiener_nsr_0.1,classical,0.6052417159080505,0.08232306072216428,-12.415005016902324,20.420503361724585,20.452794662493027,0.7994497418403625,38.54367980330742
screw,8,blob,0.011199951171875,defocus,2,wiener_nsr_1,classical,0.3261173367500305,0.08303105954915926,-59.227504315831496,8.674651663469023,8.680357781771164,0.6617414355278015,38.54367980330742
screw,8,blob,0.011199951171875,defocus,3,identity,classical,0.981473445892334,1.0,0.0,36.17868976881027,36.2210985692493,0.9515511393547058,36.2210985692493
screw,8,blob,0.011199951171875,defocus,3,wiener_nsr_1e-05,classical,1.1106399297714233,0.012027280155225943,-9.323142845733452,18.706267102084464,18.66647329897455,0.28328749537467957,36.2210985692493
screw,8,blob,0.011199951171875,defocus,3,wiener_nsr_0.0001,classical,0.8587489128112793,0.02096223702116809,-6.293913660480736,20.687556490037082,20.65329622003198,0.5349833965301514,36.2210985692493
screw,8,blob,0.011199951171875,defocus,3,wiener_nsr_0.001,classical,0.6534493565559387,0.03197019573238331,-5.005142422862233,21.535391799468538,21.53713109626195,0.703728199005127,36.2210985692493
screw,8,blob,0.011199951171875,defocus,3,wiener_nsr_0.01,classical,0.5806604623794556,0.03786083188547791,-4.775792059248042,21.823426211156253,21.846554109752702,0.7673675417900085,36.2210985692493
screw,8,blob,0.011199951171875,defocus,3,wiener_nsr_0.1,classical,0.504359245300293,0.039944618387657234,-10.23556046985663,19.886426154423447,19.9225527214243,0.7905899882316589,36.2210985692493
screw,8,blob,0.011199951171875,defocus,3,wiener_nsr_1,classical,0.2694309949874878,0.0397594113268144,-47.28179297650267,8.653395707519639,8.660432392710206,0.6582720875740051,36.2210985692493
screw,8,blob,0.011199951171875,defocus,4,identity,classical,0.9616484642028809,1.0,0.0,34.08366753875831,34.12691329728513,0.9326489567756653,34.12691329728513
screw,8,blob,0.011199951171875,defocus,4,wiener_nsr_1e-05,classical,0.7019886374473572,0.008147126123821118,-9.368753709490722,17.027551344499592,17.02450988783523,0.20670552551746368,34.12691329728513
screw,8,blob,0.011199951171875,defocus,4,wiener_nsr_0.0001,classical,0.5670101642608643,0.004246696570318381,-6.192952541472516,19.18766112305286,19.17374543430213,0.4591926038265228,34.12691329728513
screw,8,blob,0.011199951171875,defocus,4,wiener_nsr_0.001,classical,0.4666019380092621,0.009349014925289691,-5.045095930299285,20.117710287509865,20.12068561822342,0.6595547795295715,34.12691329728513
screw,8,blob,0.011199951171875,defocus,4,wiener_nsr_0.01,classical,0.37595313787460327,0.016714974586355277,-4.683355412659323,20.46694413764426,20.488889749102373,0.7522046566009521,34.12691329728513
screw,8,blob,0.011199951171875,defocus,4,wiener_nsr_0.1,classical,0.31144317984580994,0.020190811046399092,-8.775230275346683,19.06196280562537,19.10330939709141,0.7864012122154236,34.12691329728513
screw,8,blob,0.011199951171875,defocus,4,wiener_nsr_1,classical,0.1620841920375824,0.022037445145540027,-38.16908063654041,8.613603878313103,8.623126375491214,0.6577383875846863,34.12691329728513
screw,8,blob,0.011199951171875,motion,2,identity,classical,0.9818565249443054,1.0,0.0,37.27279954338264,37.3152861598648,0.963114321231842,37.3152861598648
screw,8,blob,0.011199951171875,motion,2,wiener_nsr_1e-05,classical,0.7666893005371094,0.1146243249257439,-8.377426537857207,20.461036922709592,20.49653332116252,0.4347709119319916,37.3152861598648
screw,8,blob,0.011199951171875,motion,2,wiener_nsr_0.0001,classical,0.7666221261024475,0.13952513792253884,-5.209778534613157,22.960731676912957,22.99162309834027,0.6441225409507751,37.3152861598648
screw,8,blob,0.011199951171875,motion,2,wiener_nsr_0.001,classical,0.7659225463867188,0.1441756036020104,-4.439860930470327,23.64826379412896,23.677281923391845,0.7415434718132019,37.3152861598648
screw,8,blob,0.011199951171875,motion,2,wiener_nsr_0.01,classical,0.7589702606201172,0.14427959700366919,-4.2395938950007155,24.019869859780787,24.05010766618198,0.7915544509887695,37.3152861598648
screw,8,blob,0.011199951171875,motion,2,wiener_nsr_0.1,classical,0.6957299113273621,0.14578007158965392,-11.49200382607853,21.07100019973508,21.09846104647623,0.8141005635261536,37.3152861598648
screw,8,blob,0.011199951171875,motion,2,wiener_nsr_1,classical,0.37926626205444336,0.14786279456847623,-57.78380388060894,8.69813933191558,8.702555676467448,0.6714015007019043,37.3152861598648
screw,8,blob,0.011199951171875,motion,3,identity,classical,0.9642243385314941,1.0,0.0,34.054298935703414,34.09813047215255,0.9376757740974426,34.09813047215255
screw,8,blob,0.011199951171875,motion,3,wiener_nsr_1e-05,classical,0.9885860085487366,0.014955287746881662,-8.694611048072842,18.296258677813043,18.266515722017253,0.14019262790679932,34.09813047215255
screw,8,blob,0.011199951171875,motion,3,wiener_nsr_0.0001,classical,0.8558421730995178,0.019394374808491457,-5.366395741986318,20.55279861961153,20.51927066258536,0.4700969457626343,34.09813047215255
screw,8,blob,0.011199951171875,motion,3,wiener_nsr_0.001,classical,0.6758913397789001,0.03093446441306199,-4.1517126321344175,21.470045748120988,21.468771555584393,0.6650519967079163,34.09813047215255
screw,8,blob,0.011199951171875,motion,3,wiener_nsr_0.01,classical,0.585464596748352,0.04162341694387721,-3.788869204883059,21.831483787309725,21.853071711146526,0.7520904541015625,34.09813047215255
screw,8,blob,0.011199951171875,motion,3,wiener_nsr_0.1,classical,0.5067775249481201,0.045889951521189,-8.224390806021907,19.970875947078365,20.006739720426253,0.7906532883644104,34.09813047215255
screw,8,blob,0.011199951171875,motion,3,wiener_nsr_1,classical,0.26503390073776245,0.04108321493000113,-38.847880442805504,8.65766081798315,8.66472631214821,0.6640729308128357,34.09813047215255
screw,8,blob,0.011199951171875,motion,4,identity,classical,0.9560960531234741,1.0,0.0,32.98235715283346,33.025833799717155,0.9238741993904114,33.025833799717155
screw,8,blob,0.011199951171875,motion,4,wiener_nsr_1e-05,classical,0.6059311032295227,9.702291487493531e-05,-9.570396856031703,16.59719068807391,16.57649138969386,0.12001430988311768,33.025833799717155
screw,8,blob,0.011199951171875,motion,4,wiener_nsr_0.0001,classical,0.5643842816352844,0.0016922205792668512,-5.799737893034856,19.1143810258084,19.098737512177493,0.4063355028629303,33.025833799717155
screw,8,blob,0.011199951171875,motion,4,wiener_nsr_0.001,classical,0.47717684507369995,0.011350365309361338,-4.542526160916651,20.04612339317907,20.052688562229505,0.6202184557914734,33.025833799717155
screw,8,blob,0.011199951171875,motion,4,wiener_nsr_0.01,classical,0.42027968168258667,0.022863110557974207,-4.103161231405851,20.413308156296154,20.432777068880476,0.737293541431427,33.025833799717155
screw,8,blob,0.011199951171875,motion,4,wiener_nsr_0.1,classical,0.3322634994983673,0.027552040764077555,-7.704404979009338,19.079851925355655,19.120813994290895,0.7835027575492859,33.025833799717155
screw,8,blob,0.011199951171875,motion,4,wiener_nsr_1,classical,0.1674266755580902,0.024346065375738482,-33.90645130588566,8.615826562471447,8.625297824138292,0.6587991714477539,33.025833799717155
screw,9,texture,0.008209228515625,defocus,2,identity,classical,0.8796579837799072,1.0,0.0,38.06712711869595,37.3644659562651,0.9638175964355469,37.3644659562651
screw,9,texture,0.008209228515625,defocus,2,wiener_nsr_1e-05,classical,0.44963884353637695,0.011094211618621917,-34.11226656964135,11.531181541903567,11.515236999110744,0.0236939936876297,37.3644659562651
screw,9,texture,0.008209228515625,defocus,2,wiener_nsr_0.0001,classical,0.4982202351093292,0.007994884708299854,-19.624033361547006,15.718809757382866,15.661556329434294,0.07737327367067337,37.3644659562651
screw,9,texture,0.008209228515625,defocus,2,wiener_nsr_0.001,classical,0.39301490783691406,0.03581703765137524,-10.952872434883473,19.07035461535327,18.941970870106832,0.2916582524776459,37.3644659562651
screw,9,texture,0.008209228515625,defocus,2,wiener_nsr_0.01,classical,0.17886982858181,0.059359394498142225,-6.068891948038177,21.693067406812677,21.4886682378186,0.6493396162986755,37.3644659562651
screw,9,texture,0.008209228515625,defocus,2,wiener_nsr_0.1,classical,0.037265654653310776,0.0916506604216856,-11.712417793900853,20.551981474111322,20.491518696452115,0.7965461611747742,37.3644659562651
screw,9,texture,0.008209228515625,defocus,2,wiener_nsr_1,classical,0.007225444540381432,0.1135424661962507,-57.49799916012137,8.727524550956389,8.750721615211004,0.6683123111724854,37.3644659562651
screw,9,texture,0.008209228515625,defocus,3,identity,classical,0.8265154957771301,1.0,0.0,35.68753583035526,35.06377299867114,0.9452939033508301,35.06377299867114
screw,9,texture,0.008209228515625,defocus,3,wiener_nsr_1e-05,classical,0.30240634083747864,0.048768489816803845,-7.520410741541735,20.157874728887492,19.964026839011737,0.2991691529750824,35.06377299867114
screw,9,texture,0.008209228515625,defocus,3,wiener_nsr_0.0001,classical,0.17429599165916443,0.06581195024024927,-4.729112088558852,22.187263122324307,21.91674459308647,0.5705645680427551,35.06377299867114
screw,9,texture,0.008209228515625,defocus,3,wiener_nsr_0.001,classical,0.06632915884256363,0.09167352297465817,-3.5634975307253747,23.115171999871635,22.80897920021058,0.7291150093078613,35.06377299867114
screw,9,texture,0.008209228515625,defocus,3,wiener_nsr_0.01,classical,0.030250756070017815,0.12116951643552312,-3.356577496697869,23.455358182893864,23.153498070618927,0.7917544841766357,35.06377299867114
screw,9,texture,0.008209228515625,defocus,3,wiener_nsr_0.1,classical,0.0159717109054327,0.1355872535375699,-8.949305906571862,20.747240411276408,20.684410797467496,0.8144538402557373,35.06377299867114
screw,9,texture,0.008209228515625,defocus,3,wiener_nsr_1,classical,0.0069680893793702126,0.14611818773500854,-45.17286705509843,8.726986757913092,8.750142117216754,0.6677270531654358,35.06377299867114
screw,9,texture,0.008209228515625,defocus,4,identity,classical,0.7452178001403809,1.0,0.0,33.55335836493527,32.983225287938325,0.9227640628814697,32.983225287938325
screw,9,texture,0.008209228515625,defocus,4,wiener_nsr_1e-05,classical,0.1811337172985077,0.0009766108385315675,-7.355913181577554,18.646755544302763,18.52820077148069,0.20840980112552643,32.983225287938325
screw,9,texture,0.008209228515625,defocus,4,wiener_nsr_0.0001,classical,0.12340445071458817,0.00020524704594714524,-4.6644364039028465,20.744923070370035,20.564878506826048,0.4858827590942383,32.983225287938325
screw,9,texture,0.008209228515625,defocus,4,wiener_nsr_0.001,classical,0.06687667965888977,0.009763743420949456,-3.562563950636471,21.725401257142764,21.51746738460996,0.6868457198143005,32.983225287938325
screw,9,texture,0.008209228515625,defocus,4,wiener_nsr_0.01,classical,0.025005925446748734,0.022374077466167284,-3.254621007183064,22.111979062616168,21.9054531964581,0.7722470164299011,32.983225287938325
screw,9,texture,0.008209228515625,defocus,4,wiener_nsr_0.1,classical,0.007415043190121651,0.016901735619275098,-7.366894769816563,20.068916137781123,20.022696986858158,0.8028184771537781,32.983225287938325
screw,9,texture,0.008209228515625,defocus,4,wiener_nsr_1,classical,0.0016450118273496628,0.08365867147846816,-36.00103331212573,8.70068831732968,8.723789857353774,0.6630793213844299,32.983225287938325
screw,9,texture,0.008209228515625,motion,2,identity,classical,0.9412372708320618,1.0,0.0,36.75628674750923,36.33902733028688,0.9591745734214783,36.33902733028688
screw,9,texture,0.008209228515625,motion,2,wiener_nsr_1e-05,classical,0.6806392669677734,0.10544696480117854,-0.9046916045158404,30.611366492398734,30.089216990249703,0.8977842926979065,36.33902733028688
screw,9,texture,0.008209228515625,motion,2,wiener_nsr_0.0001,classical,0.6805780529975891,0.10544697772193255,-0.9044749303927289,30.611163957335087,30.08935117285209,0.8977850079536438,36.33902733028688
screw,9,texture,0.008209228515625,motion,2,wiener_nsr_0.001,classical,0.679966151714325,0.1054470035634406,-0.9063460135435508,30.60681289929095,30.088625088020137,0.897790253162384,36.33902733028688
screw,9,texture,0.008209228515625,motion,2,wiener_nsr_0.01,classical,0.6739070415496826,0.10544704878607966,-1.2674293274381334,30.34350494147651,29.883904615000034,0.8978018760681152,36.33902733028688
screw,9,texture,0.008209228515625,motion,2,wiener_nsr_0.1,classical,0.6187691688537598,0.10544696480117854,-9.276695974866936,22.809900644062026,22.781838137894944,0.8938063979148865,36.33902733028688
screw,9,texture,0.008209228515625,motion,2,wiener_nsr_1,classical,0.3403230607509613,0.1054470035634406,-52.84281625311168,8.790962973645174,8.805829189734805,0.7052364945411682,36.33902733028688
screw,9,texture,0.008209228515625,motion,3,identity,classical,0.8426775336265564,1.0,0.0,33.69900473491841,33.27807920674491,0.9301519989967346,33.27807920674491
screw,9,texture,0.008209228515625,motion,3,wiener_nsr_1e-05,classical,0.3319647014141083,0.03859923619741514,-6.587694524226523,19.773972549139444,19.594955178782122,0.22646276652812958,33.27807920674491
screw,9,texture,0.008209228515625,motion,3,wiener_nsr_0.0001,classical,0.2767261862754822,0.05295496786929188,-4.145529683738114,21.93035035668275,21.62768513444874,0.4719402492046356,33.27807920674491
screw,9,texture,0.008209228515625,motion,3,wiener_nsr_0.001,classical,0.1717689335346222,0.07877329769912654,-3.0296441459897645,22.955201286718186,22.629101798919923,0.6797356605529785,33.27807920674491
screw,9,texture,0.008209228515625,motion,3,wiener_nsr_0.01,classical,0.07565777003765106,0.10346606982077393,-2.6978783900502354,23.43055112212934,23.125343449965797,0.7750100493431091,33.27807920674491
screw,9,texture,0.008209228515625,motion,3,wiener_nsr_0.1,classical,0.018279124051332474,0.12676628627531375,-7.289458627448671,20.813899364820205,20.749665217082942,0.8151337504386902,33.27807920674491
screw,9,texture,0.008209228515625,motion,3,wiener_nsr_1,classical,0.006328767165541649,0.13954726123493774,-37.64049011394816,8.726966000629561,8.750129984500587,0.6689093708992004,33.27807920674491
screw,9,texture,0.008209228515625,motion,4,identity,classical,0.6297558546066284,1.0,0.0,31.734413634328394,31.202044778229137,0.9097493290901184,31.202044778229137
screw,9,texture,0.008209228515625,motion,4,wiener_nsr_1e-05,classical,0.237972691655159,0.1921116961935673,-6.605761385230064,18.379798835942466,18.279820753068307,0.14897774159908295,31.202044778229137
screw,9,texture,0.008209228515625,motion,4,wiener_nsr_0.0001,classical,0.19039247930049896,0.09958168773165114,-4.355378862227228,20.376452433431453,20.20943116046277,0.3505716323852539,31.202044778229137
screw,9,texture,0.008209228515625,motion,4,wiener_nsr_0.001,classical,0.13634997606277466,0.06771280701937664,-3.114537762811282,21.49719853433244,21.291827926506926,0.6013686656951904,31.202044778229137
screw,9,texture,0.008209228515625,motion,4,wiener_nsr_0.01,classical,0.08622143417596817,0.013493758821368895,-2.6031446429708627,22.101224161152054,21.883138432204984,0.7437750697135925,31.202044778229137
screw,9,texture,0.008209228515625,motion,4,wiener_nsr_0.1,classical,0.037024568766355515,0.1819957338526681,-5.881997919036122,20.171337431606354,20.116627418968903,0.801531970500946,31.202044778229137
screw,9,texture,0.008209228515625,motion,4,wiener_nsr_1,classical,0.0074893091805279255,0.2689243414523375,-29.743361913292205,8.699699052765995,8.722831969296415,0.6641555428504944,31.202044778229137
